ISO-10303-21;
HEADER;
/* Generated by software containing ST-Developer
 * from STEP Tools, Inc. (www.steptools.com) 
 */

FILE_DESCRIPTION(
/* description */ (''),
/* implementation_level */ '2;1');

FILE_NAME(
/* name */ 
'C:/Users/Michal-Dell/Downloads/DP_box__front_cover_v24_Front_Cover.st
ep',
/* time_stamp */ '2020-05-03T15:52:53+02:00',
/* author */ (''),
/* organization */ (''),
/* preprocessor_version */ 'ST-DEVELOPER v18.1',
/* originating_system */ 'Autodesk Translation Framework v9.2.0.1227',
/* authorisation */ '');

FILE_SCHEMA (('AUTOMOTIVE_DESIGN { 1 0 10303 214 3 1 1 }'));
ENDSEC;

DATA;
#10=MECHANICAL_DESIGN_GEOMETRIC_PRESENTATION_REPRESENTATION('',(#13),#13484);
#11=SHAPE_REPRESENTATION_RELATIONSHIP('SRR','None',#13491,#12);
#12=ADVANCED_BREP_SHAPE_REPRESENTATION('',(#14),#13483);
#13=STYLED_ITEM('',(#13500),#14);
#14=MANIFOLD_SOLID_BREP('Body1',#8022);
#15=B_SPLINE_CURVE_WITH_KNOTS('',3,(#10428,#10429,#10430,#10431,#10432),
 .UNSPECIFIED.,.F.,.F.,(4,1,4),(0.,0.047942291538915,0.0946316931176505),
 .UNSPECIFIED.);
#16=B_SPLINE_CURVE_WITH_KNOTS('',3,(#10436,#10437,#10438,#10439,#10440),
 .UNSPECIFIED.,.F.,.F.,(4,1,4),(0.,0.047942291538915,0.0946316931176505),
 .UNSPECIFIED.);
#17=B_SPLINE_CURVE_WITH_KNOTS('',3,(#10453,#10454,#10455,#10456,#10457),
 .UNSPECIFIED.,.F.,.F.,(4,1,4),(0.,0.062702268342039,0.116289363523402),
 .UNSPECIFIED.);
#18=B_SPLINE_CURVE_WITH_KNOTS('',3,(#10460,#10461,#10462,#10463,#10464),
 .UNSPECIFIED.,.F.,.F.,(4,1,4),(0.,0.062702268342039,0.116289363523402),
 .UNSPECIFIED.);
#19=B_SPLINE_CURVE_WITH_KNOTS('',3,(#10476,#10477,#10478,#10479,#10480),
 .UNSPECIFIED.,.F.,.F.,(4,1,4),(0.,0.0479109432062434,0.099117657513175),
 .UNSPECIFIED.);
#20=B_SPLINE_CURVE_WITH_KNOTS('',3,(#10483,#10484,#10485,#10486,#10487),
 .UNSPECIFIED.,.F.,.F.,(4,1,4),(0.,0.0479109432062434,0.099117657513175),
 .UNSPECIFIED.);
#21=B_SPLINE_CURVE_WITH_KNOTS('',3,(#10499,#10500,#10501,#10502,#10503),
 .UNSPECIFIED.,.F.,.F.,(4,1,4),(0.,0.0420377254047042,0.086673638806088),
 .UNSPECIFIED.);
#22=B_SPLINE_CURVE_WITH_KNOTS('',3,(#10506,#10507,#10508,#10509,#10510),
 .UNSPECIFIED.,.F.,.F.,(4,1,4),(0.,0.0420377254047042,0.086673638806088),
 .UNSPECIFIED.);
#23=B_SPLINE_CURVE_WITH_KNOTS('',3,(#10522,#10523,#10524,#10525,#10526),
 .UNSPECIFIED.,.F.,.F.,(4,1,4),(0.,0.0392564041584033,0.0796221919855128),
 .UNSPECIFIED.);
#24=B_SPLINE_CURVE_WITH_KNOTS('',3,(#10529,#10530,#10531,#10532,#10533),
 .UNSPECIFIED.,.F.,.F.,(4,1,4),(0.,0.0392564041584033,0.0796221919855128),
 .UNSPECIFIED.);
#25=B_SPLINE_CURVE_WITH_KNOTS('',3,(#10545,#10546,#10547,#10548,#10549),
 .UNSPECIFIED.,.F.,.F.,(4,1,4),(0.,0.0367728669958839,0.0751110497886427),
 .UNSPECIFIED.);
#26=B_SPLINE_CURVE_WITH_KNOTS('',3,(#10552,#10553,#10554,#10555,#10556),
 .UNSPECIFIED.,.F.,.F.,(4,1,4),(0.,0.0367728669958839,0.0751110497886427),
 .UNSPECIFIED.);
#27=B_SPLINE_CURVE_WITH_KNOTS('',3,(#10568,#10569,#10570,#10571,#10572),
 .UNSPECIFIED.,.F.,.F.,(4,1,4),(0.,0.0443662822194185,0.0831447248898129),
 .UNSPECIFIED.);
#28=B_SPLINE_CURVE_WITH_KNOTS('',3,(#10575,#10576,#10577,#10578,#10579),
 .UNSPECIFIED.,.F.,.F.,(4,1,4),(0.,0.0443662822194185,0.0831447248898129),
 .UNSPECIFIED.);
#29=B_SPLINE_CURVE_WITH_KNOTS('',3,(#10591,#10592,#10593,#10594,#10595),
 .UNSPECIFIED.,.F.,.F.,(4,1,4),(0.,0.0702664275968246,0.115530506123816),
 .UNSPECIFIED.);
#30=B_SPLINE_CURVE_WITH_KNOTS('',3,(#10598,#10599,#10600,#10601,#10602),
 .UNSPECIFIED.,.F.,.F.,(4,1,4),(0.,0.0702664275968246,0.115530506123816),
 .UNSPECIFIED.);
#31=B_SPLINE_CURVE_WITH_KNOTS('',3,(#10614,#10615,#10616,#10617,#10618),
 .UNSPECIFIED.,.F.,.F.,(4,1,4),(0.,0.0388077349137032,0.106669827938391),
 .UNSPECIFIED.);
#32=B_SPLINE_CURVE_WITH_KNOTS('',3,(#10621,#10622,#10623,#10624,#10625),
 .UNSPECIFIED.,.F.,.F.,(4,1,4),(0.,0.0388077349137032,0.106669827938391),
 .UNSPECIFIED.);
#33=B_SPLINE_CURVE_WITH_KNOTS('',3,(#10637,#10638,#10639,#10640,#10641),
 .UNSPECIFIED.,.F.,.F.,(4,1,4),(0.,0.025086744533464,0.0497140501291916),
 .UNSPECIFIED.);
#34=B_SPLINE_CURVE_WITH_KNOTS('',3,(#10644,#10645,#10646,#10647,#10648),
 .UNSPECIFIED.,.F.,.F.,(4,1,4),(0.,0.025086744533464,0.0497140501291916),
 .UNSPECIFIED.);
#35=B_SPLINE_CURVE_WITH_KNOTS('',3,(#10660,#10661,#10662,#10663,#10664),
 .UNSPECIFIED.,.F.,.F.,(4,1,4),(0.,0.0318878412121147,0.0615359489697934),
 .UNSPECIFIED.);
#36=B_SPLINE_CURVE_WITH_KNOTS('',3,(#10667,#10668,#10669,#10670,#10671),
 .UNSPECIFIED.,.F.,.F.,(4,1,4),(0.,0.0318878412121147,0.0615359489697934),
 .UNSPECIFIED.);
#37=B_SPLINE_CURVE_WITH_KNOTS('',3,(#10683,#10684,#10685,#10686,#10687),
 .UNSPECIFIED.,.F.,.F.,(4,1,4),(0.,0.0522871465235942,0.0916075675879305),
 .UNSPECIFIED.);
#38=B_SPLINE_CURVE_WITH_KNOTS('',3,(#10690,#10691,#10692,#10693,#10694),
 .UNSPECIFIED.,.F.,.F.,(4,1,4),(0.,0.0522871465235942,0.0916075675879305),
 .UNSPECIFIED.);
#39=B_SPLINE_CURVE_WITH_KNOTS('',3,(#10706,#10707,#10708,#10709,#10710),
 .UNSPECIFIED.,.F.,.F.,(4,1,4),(0.,0.0408891409566647,0.0919648623160193),
 .UNSPECIFIED.);
#40=B_SPLINE_CURVE_WITH_KNOTS('',3,(#10713,#10714,#10715,#10716,#10717),
 .UNSPECIFIED.,.F.,.F.,(4,1,4),(0.,0.0408891409566647,0.0919648623160193),
 .UNSPECIFIED.);
#41=B_SPLINE_CURVE_WITH_KNOTS('',3,(#10729,#10730,#10731,#10732,#10733),
 .UNSPECIFIED.,.F.,.F.,(4,1,4),(0.,0.0431866187992464,0.0813293660570732),
 .UNSPECIFIED.);
#42=B_SPLINE_CURVE_WITH_KNOTS('',3,(#10736,#10737,#10738,#10739,#10740),
 .UNSPECIFIED.,.F.,.F.,(4,1,4),(0.,0.0431866187992464,0.0813293660570732),
 .UNSPECIFIED.);
#43=B_SPLINE_CURVE_WITH_KNOTS('',3,(#10758,#10759,#10760,#10761,#10762),
 .UNSPECIFIED.,.F.,.F.,(4,1,4),(0.,0.0411277104005573,0.0834957945933784),
 .UNSPECIFIED.);
#44=B_SPLINE_CURVE_WITH_KNOTS('',3,(#10765,#10766,#10767,#10768,#10769),
 .UNSPECIFIED.,.F.,.F.,(4,1,4),(0.,0.0411277104005573,0.0834957945933784),
 .UNSPECIFIED.);
#45=B_SPLINE_CURVE_WITH_KNOTS('',3,(#10781,#10782,#10783,#10784,#10785),
 .UNSPECIFIED.,.F.,.F.,(4,1,4),(0.,0.0436862463577014,0.0850627787375737),
 .UNSPECIFIED.);
#46=B_SPLINE_CURVE_WITH_KNOTS('',3,(#10788,#10789,#10790,#10791,#10792),
 .UNSPECIFIED.,.F.,.F.,(4,1,4),(0.,0.0436862463577014,0.0850627787375737),
 .UNSPECIFIED.);
#47=B_SPLINE_CURVE_WITH_KNOTS('',3,(#10804,#10805,#10806,#10807,#10808),
 .UNSPECIFIED.,.F.,.F.,(4,1,4),(0.,0.0526147166897479,0.100392843370523),
 .UNSPECIFIED.);
#48=B_SPLINE_CURVE_WITH_KNOTS('',3,(#10811,#10812,#10813,#10814,#10815),
 .UNSPECIFIED.,.F.,.F.,(4,1,4),(0.,0.0526147166897479,0.100392843370523),
 .UNSPECIFIED.);
#49=B_SPLINE_CURVE_WITH_KNOTS('',3,(#10827,#10828,#10829,#10830,#10831),
 .UNSPECIFIED.,.F.,.F.,(4,1,4),(0.,0.0455068981207087,0.0939743849721477),
 .UNSPECIFIED.);
#50=B_SPLINE_CURVE_WITH_KNOTS('',3,(#10834,#10835,#10836,#10837,#10838),
 .UNSPECIFIED.,.F.,.F.,(4,1,4),(0.,0.0455068981207087,0.0939743849721477),
 .UNSPECIFIED.);
#51=B_SPLINE_CURVE_WITH_KNOTS('',3,(#10850,#10851,#10852,#10853,#10854),
 .UNSPECIFIED.,.F.,.F.,(4,1,4),(0.,0.0392843686339986,0.0813405099812714),
 .UNSPECIFIED.);
#52=B_SPLINE_CURVE_WITH_KNOTS('',3,(#10857,#10858,#10859,#10860,#10861),
 .UNSPECIFIED.,.F.,.F.,(4,1,4),(0.,0.0392843686339986,0.0813405099812714),
 .UNSPECIFIED.);
#53=B_SPLINE_CURVE_WITH_KNOTS('',3,(#10873,#10874,#10875,#10876,#10877),
 .UNSPECIFIED.,.F.,.F.,(4,1,4),(0.,0.0370931727380828,0.0749348371343219),
 .UNSPECIFIED.);
#54=B_SPLINE_CURVE_WITH_KNOTS('',3,(#10880,#10881,#10882,#10883,#10884),
 .UNSPECIFIED.,.F.,.F.,(4,1,4),(0.,0.0370931727380828,0.0749348371343219),
 .UNSPECIFIED.);
#55=B_SPLINE_CURVE_WITH_KNOTS('',3,(#10896,#10897,#10898,#10899,#10900),
 .UNSPECIFIED.,.F.,.F.,(4,1,4),(0.,0.0323400831482523,0.0654886966038487),
 .UNSPECIFIED.);
#56=B_SPLINE_CURVE_WITH_KNOTS('',3,(#10903,#10904,#10905,#10906,#10907),
 .UNSPECIFIED.,.F.,.F.,(4,1,4),(0.,0.0323400831482523,0.0654886966038487),
 .UNSPECIFIED.);
#57=B_SPLINE_CURVE_WITH_KNOTS('',3,(#10919,#10920,#10921,#10922,#10923),
 .UNSPECIFIED.,.F.,.F.,(4,1,4),(0.,0.0377415362574727,0.0716036325628214),
 .UNSPECIFIED.);
#58=B_SPLINE_CURVE_WITH_KNOTS('',3,(#10926,#10927,#10928,#10929,#10930),
 .UNSPECIFIED.,.F.,.F.,(4,1,4),(0.,0.0377415362574727,0.0716036325628214),
 .UNSPECIFIED.);
#59=B_SPLINE_CURVE_WITH_KNOTS('',3,(#10942,#10943,#10944,#10945,#10946),
 .UNSPECIFIED.,.F.,.F.,(4,1,4),(0.,0.060873260100193,0.101811484977255),
 .UNSPECIFIED.);
#60=B_SPLINE_CURVE_WITH_KNOTS('',3,(#10949,#10950,#10951,#10952,#10953),
 .UNSPECIFIED.,.F.,.F.,(4,1,4),(0.,0.060873260100193,0.101811484977255),
 .UNSPECIFIED.);
#61=B_SPLINE_CURVE_WITH_KNOTS('',3,(#10965,#10966,#10967,#10968,#10969),
 .UNSPECIFIED.,.F.,.F.,(4,1,4),(0.,0.0339059337496194,0.092525419799561),
 .UNSPECIFIED.);
#62=B_SPLINE_CURVE_WITH_KNOTS('',3,(#10972,#10973,#10974,#10975,#10976),
 .UNSPECIFIED.,.F.,.F.,(4,1,4),(0.,0.0339059337496194,0.092525419799561),
 .UNSPECIFIED.);
#63=B_SPLINE_CURVE_WITH_KNOTS('',3,(#10988,#10989,#10990,#10991,#10992),
 .UNSPECIFIED.,.F.,.F.,(4,1,4),(0.,0.0242974071961407,0.0544294163463264),
 .UNSPECIFIED.);
#64=B_SPLINE_CURVE_WITH_KNOTS('',3,(#10995,#10996,#10997,#10998,#10999),
 .UNSPECIFIED.,.F.,.F.,(4,1,4),(0.,0.0242974071961407,0.0544294163463264),
 .UNSPECIFIED.);
#65=B_SPLINE_CURVE_WITH_KNOTS('',3,(#11011,#11012,#11013,#11014,#11015),
 .UNSPECIFIED.,.F.,.F.,(4,1,4),(0.,0.0223515286222465,0.044028037260102),
 .UNSPECIFIED.);
#66=B_SPLINE_CURVE_WITH_KNOTS('',3,(#11018,#11019,#11020,#11021,#11022),
 .UNSPECIFIED.,.F.,.F.,(4,1,4),(0.,0.0223515286222465,0.044028037260102),
 .UNSPECIFIED.);
#67=B_SPLINE_CURVE_WITH_KNOTS('',3,(#11034,#11035,#11036,#11037,#11038),
 .UNSPECIFIED.,.F.,.F.,(4,1,4),(0.,0.0231409072978263,0.0457654870359022),
 .UNSPECIFIED.);
#68=B_SPLINE_CURVE_WITH_KNOTS('',3,(#11041,#11042,#11043,#11044,#11045),
 .UNSPECIFIED.,.F.,.F.,(4,1,4),(0.,0.0231409072978263,0.0457654870359022),
 .UNSPECIFIED.);
#69=B_SPLINE_CURVE_WITH_KNOTS('',3,(#11057,#11058,#11059,#11060,#11061),
 .UNSPECIFIED.,.F.,.F.,(4,1,4),(0.,0.0286483660150708,0.05372456649764),
 .UNSPECIFIED.);
#70=B_SPLINE_CURVE_WITH_KNOTS('',3,(#11064,#11065,#11066,#11067,#11068),
 .UNSPECIFIED.,.F.,.F.,(4,1,4),(0.,0.0286483660150708,0.05372456649764),
 .UNSPECIFIED.);
#71=B_SPLINE_CURVE_WITH_KNOTS('',3,(#11080,#11081,#11082,#11083,#11084),
 .UNSPECIFIED.,.F.,.F.,(4,1,4),(0.,0.0358289222104914,0.0682272381601821),
 .UNSPECIFIED.);
#72=B_SPLINE_CURVE_WITH_KNOTS('',3,(#11087,#11088,#11089,#11090,#11091),
 .UNSPECIFIED.,.F.,.F.,(4,1,4),(0.,0.0358289222104914,0.0682272381601821),
 .UNSPECIFIED.);
#73=B_SPLINE_CURVE_WITH_KNOTS('',3,(#11103,#11104,#11105,#11106,#11107),
 .UNSPECIFIED.,.F.,.F.,(4,1,4),(0.,0.0379893894263011,0.0787476110544211),
 .UNSPECIFIED.);
#74=B_SPLINE_CURVE_WITH_KNOTS('',3,(#11110,#11111,#11112,#11113,#11114),
 .UNSPECIFIED.,.F.,.F.,(4,1,4),(0.,0.0379893894263011,0.0787476110544211),
 .UNSPECIFIED.);
#75=B_SPLINE_CURVE_WITH_KNOTS('',3,(#11126,#11127,#11128,#11129,#11130),
 .UNSPECIFIED.,.F.,.F.,(4,1,4),(0.,0.0300692935462735,0.0643723650173498),
 .UNSPECIFIED.);
#76=B_SPLINE_CURVE_WITH_KNOTS('',3,(#11133,#11134,#11135,#11136,#11137),
 .UNSPECIFIED.,.F.,.F.,(4,1,4),(0.,0.0300692935462735,0.0643723650173498),
 .UNSPECIFIED.);
#77=B_SPLINE_CURVE_WITH_KNOTS('',3,(#11149,#11150,#11151,#11152,#11153),
 .UNSPECIFIED.,.F.,.F.,(4,1,4),(0.,0.035011520377723,0.0655280564377981),
 .UNSPECIFIED.);
#78=B_SPLINE_CURVE_WITH_KNOTS('',3,(#11156,#11157,#11158,#11159,#11160),
 .UNSPECIFIED.,.F.,.F.,(4,1,4),(0.,0.035011520377723,0.0655280564377981),
 .UNSPECIFIED.);
#79=B_SPLINE_CURVE_WITH_KNOTS('',3,(#11177,#11178,#11179,#11180,#11181),
 .UNSPECIFIED.,.F.,.F.,(4,1,4),(0.,0.0468830679073986,0.095117505932108),
 .UNSPECIFIED.);
#80=B_SPLINE_CURVE_WITH_KNOTS('',3,(#11182,#11183,#11184,#11185,#11186),
 .UNSPECIFIED.,.F.,.F.,(4,1,4),(0.,0.0468830679073986,0.095117505932108),
 .UNSPECIFIED.);
#81=B_SPLINE_CURVE_WITH_KNOTS('',3,(#11294,#11295,#11296,#11297,#11298),
 .UNSPECIFIED.,.F.,.F.,(4,1,4),(0.,0.038818359375,0.0636691888283165),
 .UNSPECIFIED.);
#82=B_SPLINE_CURVE_WITH_KNOTS('',3,(#11301,#11302,#11303,#11304,#11305),
 .UNSPECIFIED.,.F.,.F.,(4,1,4),(0.,0.038818359375,0.0636691888283165),
 .UNSPECIFIED.);
#83=B_SPLINE_CURVE_WITH_KNOTS('',3,(#11317,#11318,#11319,#11320,#11321),
 .UNSPECIFIED.,.F.,.F.,(4,1,4),(0.,0.0276267529099762,0.0571556599066665),
 .UNSPECIFIED.);
#84=B_SPLINE_CURVE_WITH_KNOTS('',3,(#11324,#11325,#11326,#11327,#11328),
 .UNSPECIFIED.,.F.,.F.,(4,1,4),(0.,0.0276267529099762,0.0571556599066665),
 .UNSPECIFIED.);
#85=B_SPLINE_CURVE_WITH_KNOTS('',3,(#11376,#11377,#11378,#11379,#11380),
 .UNSPECIFIED.,.F.,.F.,(4,1,4),(0.,0.0477051343497782,0.0993195170293887),
 .UNSPECIFIED.);
#86=B_SPLINE_CURVE_WITH_KNOTS('',3,(#11383,#11384,#11385,#11386,#11387),
 .UNSPECIFIED.,.F.,.F.,(4,1,4),(0.,0.0477051343497782,0.0993195170293887),
 .UNSPECIFIED.);
#87=B_SPLINE_CURVE_WITH_KNOTS('',3,(#11399,#11400,#11401,#11402,#11403),
 .UNSPECIFIED.,.F.,.F.,(4,1,4),(0.,0.0612851326280011,0.105125203006394),
 .UNSPECIFIED.);
#88=B_SPLINE_CURVE_WITH_KNOTS('',3,(#11406,#11407,#11408,#11409,#11410),
 .UNSPECIFIED.,.F.,.F.,(4,1,4),(0.,0.0612851326280011,0.105125203006394),
 .UNSPECIFIED.);
#89=B_SPLINE_CURVE_WITH_KNOTS('',3,(#11507,#11508,#11509,#11510,#11511),
 .UNSPECIFIED.,.F.,.F.,(4,1,4),(0.,0.0506862338339522,0.120903832176401),
 .UNSPECIFIED.);
#90=B_SPLINE_CURVE_WITH_KNOTS('',3,(#11514,#11515,#11516,#11517,#11518),
 .UNSPECIFIED.,.F.,.F.,(4,1,4),(0.,0.0506862338339522,0.120903832176401),
 .UNSPECIFIED.);
#91=B_SPLINE_CURVE_WITH_KNOTS('',3,(#11530,#11531,#11532,#11533,#11534),
 .UNSPECIFIED.,.F.,.F.,(4,1,4),(0.,0.0651225381997278,0.111334979368948),
 .UNSPECIFIED.);
#92=B_SPLINE_CURVE_WITH_KNOTS('',3,(#11537,#11538,#11539,#11540,#11541),
 .UNSPECIFIED.,.F.,.F.,(4,1,4),(0.,0.0651225381997278,0.111334979368948),
 .UNSPECIFIED.);
#93=B_SPLINE_CURVE_WITH_KNOTS('',3,(#11657,#11658,#11659,#11660,#11661),
 .UNSPECIFIED.,.F.,.F.,(4,1,4),(0.,0.0535040251140189,0.122896381061349),
 .UNSPECIFIED.);
#94=B_SPLINE_CURVE_WITH_KNOTS('',3,(#11664,#11665,#11666,#11667,#11668),
 .UNSPECIFIED.,.F.,.F.,(4,1,4),(0.,0.0535040251140189,0.122896381061349),
 .UNSPECIFIED.);
#95=B_SPLINE_CURVE_WITH_KNOTS('',3,(#11680,#11681,#11682,#11683,#11684),
 .UNSPECIFIED.,.F.,.F.,(4,1,4),(0.,0.0471737007149185,0.0935487329727482),
 .UNSPECIFIED.);
#96=B_SPLINE_CURVE_WITH_KNOTS('',3,(#11687,#11688,#11689,#11690,#11691),
 .UNSPECIFIED.,.F.,.F.,(4,1,4),(0.,0.0471737007149185,0.0935487329727482),
 .UNSPECIFIED.);
#97=B_SPLINE_CURVE_WITH_KNOTS('',3,(#11703,#11704,#11705,#11706,#11707),
 .UNSPECIFIED.,.F.,.F.,(4,1,4),(0.,0.0339709310138511,0.0676948846831398),
 .UNSPECIFIED.);
#98=B_SPLINE_CURVE_WITH_KNOTS('',3,(#11710,#11711,#11712,#11713,#11714),
 .UNSPECIFIED.,.F.,.F.,(4,1,4),(0.,0.0339709310138511,0.0676948846831398),
 .UNSPECIFIED.);
#99=B_SPLINE_CURVE_WITH_KNOTS('',3,(#11726,#11727,#11728,#11729,#11730),
 .UNSPECIFIED.,.F.,.F.,(4,1,4),(0.,0.0366505822030073,0.0712946874499099),
 .UNSPECIFIED.);
#100=B_SPLINE_CURVE_WITH_KNOTS('',3,(#11733,#11734,#11735,#11736,#11737),
 .UNSPECIFIED.,.F.,.F.,(4,1,4),(0.,0.0366505822030073,0.0712946874499099),
 .UNSPECIFIED.);
#101=B_SPLINE_CURVE_WITH_KNOTS('',3,(#11749,#11750,#11751,#11752,#11753),
 .UNSPECIFIED.,.F.,.F.,(4,1,4),(0.,0.0579586257216453,0.102805180233937),
 .UNSPECIFIED.);
#102=B_SPLINE_CURVE_WITH_KNOTS('',3,(#11756,#11757,#11758,#11759,#11760),
 .UNSPECIFIED.,.F.,.F.,(4,1,4),(0.,0.0579586257216453,0.102805180233937),
 .UNSPECIFIED.);
#103=B_SPLINE_CURVE_WITH_KNOTS('',3,(#11796,#11797,#11798,#11799,#11800),
 .UNSPECIFIED.,.F.,.F.,(4,1,4),(0.,0.0213943676791678,0.0529000981199269),
 .UNSPECIFIED.);
#104=B_SPLINE_CURVE_WITH_KNOTS('',3,(#11803,#11804,#11805,#11806,#11807),
 .UNSPECIFIED.,.F.,.F.,(4,1,4),(0.,0.0213943676791678,0.0529000981199269),
 .UNSPECIFIED.);
#105=B_SPLINE_CURVE_WITH_KNOTS('',3,(#11819,#11820,#11821,#11822,#11823),
 .UNSPECIFIED.,.F.,.F.,(4,1,4),(0.,0.0243606746588694,0.0473874361344),
 .UNSPECIFIED.);
#106=B_SPLINE_CURVE_WITH_KNOTS('',3,(#11826,#11827,#11828,#11829,#11830),
 .UNSPECIFIED.,.F.,.F.,(4,1,4),(0.,0.0243606746588694,0.0473874361344),
 .UNSPECIFIED.);
#107=B_SPLINE_CURVE_WITH_KNOTS('',3,(#11842,#11843,#11844,#11845,#11846),
 .UNSPECIFIED.,.F.,.F.,(4,1,4),(0.,0.0386244531271777,0.0680548561289018),
 .UNSPECIFIED.);
#108=B_SPLINE_CURVE_WITH_KNOTS('',3,(#11849,#11850,#11851,#11852,#11853),
 .UNSPECIFIED.,.F.,.F.,(4,1,4),(0.,0.0386244531271777,0.0680548561289018),
 .UNSPECIFIED.);
#109=B_SPLINE_CURVE_WITH_KNOTS('',3,(#11865,#11866,#11867,#11868,#11869),
 .UNSPECIFIED.,.F.,.F.,(4,1,4),(0.,0.0683218716879151,0.120034752022438),
 .UNSPECIFIED.);
#110=B_SPLINE_CURVE_WITH_KNOTS('',3,(#11872,#11873,#11874,#11875,#11876),
 .UNSPECIFIED.,.F.,.F.,(4,1,4),(0.,0.0683218716879151,0.120034752022438),
 .UNSPECIFIED.);
#111=B_SPLINE_CURVE_WITH_KNOTS('',3,(#11906,#11907,#11908,#11909,#11910),
 .UNSPECIFIED.,.F.,.F.,(4,1,4),(0.,0.0588933279905489,0.12371829592943),
 .UNSPECIFIED.);
#112=B_SPLINE_CURVE_WITH_KNOTS('',3,(#11913,#11914,#11915,#11916,#11917),
 .UNSPECIFIED.,.F.,.F.,(4,1,4),(0.,0.0588933279905489,0.12371829592943),
 .UNSPECIFIED.);
#113=B_SPLINE_CURVE_WITH_KNOTS('',3,(#11929,#11930,#11931,#11932,#11933),
 .UNSPECIFIED.,.F.,.F.,(4,1,4),(0.,0.0376344970934277,0.0674941032340432),
 .UNSPECIFIED.);
#114=B_SPLINE_CURVE_WITH_KNOTS('',3,(#11936,#11937,#11938,#11939,#11940),
 .UNSPECIFIED.,.F.,.F.,(4,1,4),(0.,0.0376344970934277,0.0674941032340432),
 .UNSPECIFIED.);
#115=B_SPLINE_CURVE_WITH_KNOTS('',3,(#11952,#11953,#11954,#11955,#11956),
 .UNSPECIFIED.,.F.,.F.,(4,1,4),(0.,0.0759092842082977,0.168585657156554),
 .UNSPECIFIED.);
#116=B_SPLINE_CURVE_WITH_KNOTS('',3,(#11959,#11960,#11961,#11962,#11963),
 .UNSPECIFIED.,.F.,.F.,(4,1,4),(0.,0.0759092842082977,0.168585657156554),
 .UNSPECIFIED.);
#117=B_SPLINE_CURVE_WITH_KNOTS('',3,(#11975,#11976,#11977,#11978,#11979),
 .UNSPECIFIED.,.F.,.F.,(4,1,4),(0.,0.0712650206276145,0.140246953141287),
 .UNSPECIFIED.);
#118=B_SPLINE_CURVE_WITH_KNOTS('',3,(#11982,#11983,#11984,#11985,#11986),
 .UNSPECIFIED.,.F.,.F.,(4,1,4),(0.,0.0712650206276145,0.140246953141287),
 .UNSPECIFIED.);
#119=B_SPLINE_CURVE_WITH_KNOTS('',3,(#11998,#11999,#12000,#12001,#12002),
 .UNSPECIFIED.,.F.,.F.,(4,1,4),(0.,0.0560367887943226,0.113043755427939),
 .UNSPECIFIED.);
#120=B_SPLINE_CURVE_WITH_KNOTS('',3,(#12005,#12006,#12007,#12008,#12009),
 .UNSPECIFIED.,.F.,.F.,(4,1,4),(0.,0.0560367887943226,0.113043755427939),
 .UNSPECIFIED.);
#121=B_SPLINE_CURVE_WITH_KNOTS('',3,(#12021,#12022,#12023,#12024,#12025),
 .UNSPECIFIED.,.F.,.F.,(4,1,4),(0.,0.0521386369503952,0.106248325384755),
 .UNSPECIFIED.);
#122=B_SPLINE_CURVE_WITH_KNOTS('',3,(#12028,#12029,#12030,#12031,#12032),
 .UNSPECIFIED.,.F.,.F.,(4,1,4),(0.,0.0521386369503952,0.106248325384755),
 .UNSPECIFIED.);
#123=B_SPLINE_CURVE_WITH_KNOTS('',3,(#12044,#12045,#12046,#12047,#12048),
 .UNSPECIFIED.,.F.,.F.,(4,1,4),(0.,0.0843664173776721,0.14732988342163),
 .UNSPECIFIED.);
#124=B_SPLINE_CURVE_WITH_KNOTS('',3,(#12051,#12052,#12053,#12054,#12055),
 .UNSPECIFIED.,.F.,.F.,(4,1,4),(0.,0.0843664173776721,0.14732988342163),
 .UNSPECIFIED.);
#125=B_SPLINE_CURVE_WITH_KNOTS('',3,(#12226,#12227,#12228,#12229,#12230),
 .UNSPECIFIED.,.F.,.F.,(4,1,4),(0.,0.0354803673586225,0.0846326785718994),
 .UNSPECIFIED.);
#126=B_SPLINE_CURVE_WITH_KNOTS('',3,(#12233,#12234,#12235,#12236,#12237),
 .UNSPECIFIED.,.F.,.F.,(4,1,4),(0.,0.0354803673586225,0.0846326785718994),
 .UNSPECIFIED.);
#127=B_SPLINE_CURVE_WITH_KNOTS('',3,(#12249,#12250,#12251,#12252,#12253),
 .UNSPECIFIED.,.F.,.F.,(4,1,4),(0.,0.0455857635560022,0.0779344969045218),
 .UNSPECIFIED.);
#128=B_SPLINE_CURVE_WITH_KNOTS('',3,(#12256,#12257,#12258,#12259,#12260),
 .UNSPECIFIED.,.F.,.F.,(4,1,4),(0.,0.0455857635560022,0.0779344969045218),
 .UNSPECIFIED.);
#129=B_SPLINE_SURFACE_WITH_KNOTS('',3,1,((#10416,#10417),(#10418,#10419),
(#10420,#10421),(#10422,#10423),(#10424,#10425)),.UNSPECIFIED.,.F.,.F.,
 .F.,(4,1,4),(2,2),(0.,0.047942291538915,0.0946316931176505),(0.,0.05),
 .UNSPECIFIED.);
#130=B_SPLINE_SURFACE_WITH_KNOTS('',3,1,((#10442,#10443),(#10444,#10445),
(#10446,#10447),(#10448,#10449),(#10450,#10451)),.UNSPECIFIED.,.F.,.F.,
 .F.,(4,1,4),(2,2),(0.,0.062702268342039,0.116289363523402),(0.,0.05),
 .UNSPECIFIED.);
#131=B_SPLINE_SURFACE_WITH_KNOTS('',3,1,((#10465,#10466),(#10467,#10468),
(#10469,#10470),(#10471,#10472),(#10473,#10474)),.UNSPECIFIED.,.F.,.F.,
 .F.,(4,1,4),(2,2),(0.,0.0479109432062434,0.099117657513175),(0.,0.05),
 .UNSPECIFIED.);
#132=B_SPLINE_SURFACE_WITH_KNOTS('',3,1,((#10488,#10489),(#10490,#10491),
(#10492,#10493),(#10494,#10495),(#10496,#10497)),.UNSPECIFIED.,.F.,.F.,
 .F.,(4,1,4),(2,2),(0.,0.0420377254047042,0.086673638806088),(0.,0.05),
 .UNSPECIFIED.);
#133=B_SPLINE_SURFACE_WITH_KNOTS('',3,1,((#10511,#10512),(#10513,#10514),
(#10515,#10516),(#10517,#10518),(#10519,#10520)),.UNSPECIFIED.,.F.,.F.,
 .F.,(4,1,4),(2,2),(0.,0.0392564041584033,0.0796221919855128),(0.,0.05),
 .UNSPECIFIED.);
#134=B_SPLINE_SURFACE_WITH_KNOTS('',3,1,((#10534,#10535),(#10536,#10537),
(#10538,#10539),(#10540,#10541),(#10542,#10543)),.UNSPECIFIED.,.F.,.F.,
 .F.,(4,1,4),(2,2),(0.,0.0367728669958839,0.0751110497886427),(0.,0.05),
 .UNSPECIFIED.);
#135=B_SPLINE_SURFACE_WITH_KNOTS('',3,1,((#10557,#10558),(#10559,#10560),
(#10561,#10562),(#10563,#10564),(#10565,#10566)),.UNSPECIFIED.,.F.,.F.,
 .F.,(4,1,4),(2,2),(0.,0.0443662822194185,0.0831447248898129),(0.,0.05),
 .UNSPECIFIED.);
#136=B_SPLINE_SURFACE_WITH_KNOTS('',3,1,((#10580,#10581),(#10582,#10583),
(#10584,#10585),(#10586,#10587),(#10588,#10589)),.UNSPECIFIED.,.F.,.F.,
 .F.,(4,1,4),(2,2),(0.,0.0702664275968246,0.115530506123816),(0.,0.05),
 .UNSPECIFIED.);
#137=B_SPLINE_SURFACE_WITH_KNOTS('',3,1,((#10603,#10604),(#10605,#10606),
(#10607,#10608),(#10609,#10610),(#10611,#10612)),.UNSPECIFIED.,.F.,.F.,
 .F.,(4,1,4),(2,2),(0.,0.0388077349137032,0.106669827938391),(0.,0.05),
 .UNSPECIFIED.);
#138=B_SPLINE_SURFACE_WITH_KNOTS('',3,1,((#10626,#10627),(#10628,#10629),
(#10630,#10631),(#10632,#10633),(#10634,#10635)),.UNSPECIFIED.,.F.,.F.,
 .F.,(4,1,4),(2,2),(0.,0.025086744533464,0.0497140501291916),(0.,0.05),
 .UNSPECIFIED.);
#139=B_SPLINE_SURFACE_WITH_KNOTS('',3,1,((#10649,#10650),(#10651,#10652),
(#10653,#10654),(#10655,#10656),(#10657,#10658)),.UNSPECIFIED.,.F.,.F.,
 .F.,(4,1,4),(2,2),(0.,0.0318878412121147,0.0615359489697934),(0.,0.05),
 .UNSPECIFIED.);
#140=B_SPLINE_SURFACE_WITH_KNOTS('',3,1,((#10672,#10673),(#10674,#10675),
(#10676,#10677),(#10678,#10679),(#10680,#10681)),.UNSPECIFIED.,.F.,.F.,
 .F.,(4,1,4),(2,2),(0.,0.0522871465235942,0.0916075675879305),(0.,0.05),
 .UNSPECIFIED.);
#141=B_SPLINE_SURFACE_WITH_KNOTS('',3,1,((#10695,#10696),(#10697,#10698),
(#10699,#10700),(#10701,#10702),(#10703,#10704)),.UNSPECIFIED.,.F.,.F.,
 .F.,(4,1,4),(2,2),(0.,0.0408891409566647,0.0919648623160193),(0.,0.05),
 .UNSPECIFIED.);
#142=B_SPLINE_SURFACE_WITH_KNOTS('',3,1,((#10718,#10719),(#10720,#10721),
(#10722,#10723),(#10724,#10725),(#10726,#10727)),.UNSPECIFIED.,.F.,.F.,
 .F.,(4,1,4),(2,2),(0.,0.0431866187992464,0.0813293660570732),(0.,0.05),
 .UNSPECIFIED.);
#143=B_SPLINE_SURFACE_WITH_KNOTS('',3,1,((#10747,#10748),(#10749,#10750),
(#10751,#10752),(#10753,#10754),(#10755,#10756)),.UNSPECIFIED.,.F.,.F.,
 .F.,(4,1,4),(2,2),(0.,0.0411277104005573,0.0834957945933784),(0.,0.05),
 .UNSPECIFIED.);
#144=B_SPLINE_SURFACE_WITH_KNOTS('',3,1,((#10770,#10771),(#10772,#10773),
(#10774,#10775),(#10776,#10777),(#10778,#10779)),.UNSPECIFIED.,.F.,.F.,
 .F.,(4,1,4),(2,2),(0.,0.0436862463577014,0.0850627787375737),(0.,0.05),
 .UNSPECIFIED.);
#145=B_SPLINE_SURFACE_WITH_KNOTS('',3,1,((#10793,#10794),(#10795,#10796),
(#10797,#10798),(#10799,#10800),(#10801,#10802)),.UNSPECIFIED.,.F.,.F.,
 .F.,(4,1,4),(2,2),(0.,0.0526147166897479,0.100392843370523),(0.,0.05),
 .UNSPECIFIED.);
#146=B_SPLINE_SURFACE_WITH_KNOTS('',3,1,((#10816,#10817),(#10818,#10819),
(#10820,#10821),(#10822,#10823),(#10824,#10825)),.UNSPECIFIED.,.F.,.F.,
 .F.,(4,1,4),(2,2),(0.,0.0455068981207087,0.0939743849721477),(0.,0.05),
 .UNSPECIFIED.);
#147=B_SPLINE_SURFACE_WITH_KNOTS('',3,1,((#10839,#10840),(#10841,#10842),
(#10843,#10844),(#10845,#10846),(#10847,#10848)),.UNSPECIFIED.,.F.,.F.,
 .F.,(4,1,4),(2,2),(0.,0.0392843686339986,0.0813405099812714),(0.,0.05),
 .UNSPECIFIED.);
#148=B_SPLINE_SURFACE_WITH_KNOTS('',3,1,((#10862,#10863),(#10864,#10865),
(#10866,#10867),(#10868,#10869),(#10870,#10871)),.UNSPECIFIED.,.F.,.F.,
 .F.,(4,1,4),(2,2),(0.,0.0370931727380828,0.0749348371343219),(0.,0.05),
 .UNSPECIFIED.);
#149=B_SPLINE_SURFACE_WITH_KNOTS('',3,1,((#10885,#10886),(#10887,#10888),
(#10889,#10890),(#10891,#10892),(#10893,#10894)),.UNSPECIFIED.,.F.,.F.,
 .F.,(4,1,4),(2,2),(0.,0.0323400831482523,0.0654886966038487),(0.,0.05),
 .UNSPECIFIED.);
#150=B_SPLINE_SURFACE_WITH_KNOTS('',3,1,((#10908,#10909),(#10910,#10911),
(#10912,#10913),(#10914,#10915),(#10916,#10917)),.UNSPECIFIED.,.F.,.F.,
 .F.,(4,1,4),(2,2),(0.,0.0377415362574727,0.0716036325628214),(0.,0.05),
 .UNSPECIFIED.);
#151=B_SPLINE_SURFACE_WITH_KNOTS('',3,1,((#10931,#10932),(#10933,#10934),
(#10935,#10936),(#10937,#10938),(#10939,#10940)),.UNSPECIFIED.,.F.,.F.,
 .F.,(4,1,4),(2,2),(0.,0.060873260100193,0.101811484977255),(0.,0.05),
 .UNSPECIFIED.);
#152=B_SPLINE_SURFACE_WITH_KNOTS('',3,1,((#10954,#10955),(#10956,#10957),
(#10958,#10959),(#10960,#10961),(#10962,#10963)),.UNSPECIFIED.,.F.,.F.,
 .F.,(4,1,4),(2,2),(0.,0.0339059337496194,0.092525419799561),(0.,0.05),
 .UNSPECIFIED.);
#153=B_SPLINE_SURFACE_WITH_KNOTS('',3,1,((#10977,#10978),(#10979,#10980),
(#10981,#10982),(#10983,#10984),(#10985,#10986)),.UNSPECIFIED.,.F.,.F.,
 .F.,(4,1,4),(2,2),(0.,0.0242974071961407,0.0544294163463264),(0.,0.05),
 .UNSPECIFIED.);
#154=B_SPLINE_SURFACE_WITH_KNOTS('',3,1,((#11000,#11001),(#11002,#11003),
(#11004,#11005),(#11006,#11007),(#11008,#11009)),.UNSPECIFIED.,.F.,.F.,
 .F.,(4,1,4),(2,2),(0.,0.0223515286222465,0.044028037260102),(0.,0.05),
 .UNSPECIFIED.);
#155=B_SPLINE_SURFACE_WITH_KNOTS('',3,1,((#11023,#11024),(#11025,#11026),
(#11027,#11028),(#11029,#11030),(#11031,#11032)),.UNSPECIFIED.,.F.,.F.,
 .F.,(4,1,4),(2,2),(0.,0.0231409072978263,0.0457654870359022),(0.,0.05),
 .UNSPECIFIED.);
#156=B_SPLINE_SURFACE_WITH_KNOTS('',3,1,((#11046,#11047),(#11048,#11049),
(#11050,#11051),(#11052,#11053),(#11054,#11055)),.UNSPECIFIED.,.F.,.F.,
 .F.,(4,1,4),(2,2),(0.,0.0286483660150708,0.05372456649764),(0.,0.05),
 .UNSPECIFIED.);
#157=B_SPLINE_SURFACE_WITH_KNOTS('',3,1,((#11069,#11070),(#11071,#11072),
(#11073,#11074),(#11075,#11076),(#11077,#11078)),.UNSPECIFIED.,.F.,.F.,
 .F.,(4,1,4),(2,2),(0.,0.0358289222104914,0.0682272381601821),(0.,0.05),
 .UNSPECIFIED.);
#158=B_SPLINE_SURFACE_WITH_KNOTS('',3,1,((#11092,#11093),(#11094,#11095),
(#11096,#11097),(#11098,#11099),(#11100,#11101)),.UNSPECIFIED.,.F.,.F.,
 .F.,(4,1,4),(2,2),(0.,0.0379893894263011,0.0787476110544211),(0.,0.05),
 .UNSPECIFIED.);
#159=B_SPLINE_SURFACE_WITH_KNOTS('',3,1,((#11115,#11116),(#11117,#11118),
(#11119,#11120),(#11121,#11122),(#11123,#11124)),.UNSPECIFIED.,.F.,.F.,
 .F.,(4,1,4),(2,2),(0.,0.0300692935462735,0.0643723650173498),(0.,0.05),
 .UNSPECIFIED.);
#160=B_SPLINE_SURFACE_WITH_KNOTS('',3,1,((#11138,#11139),(#11140,#11141),
(#11142,#11143),(#11144,#11145),(#11146,#11147)),.UNSPECIFIED.,.F.,.F.,
 .F.,(4,1,4),(2,2),(0.,0.035011520377723,0.0655280564377981),(0.,0.05),
 .UNSPECIFIED.);
#161=B_SPLINE_SURFACE_WITH_KNOTS('',3,1,((#11167,#11168),(#11169,#11170),
(#11171,#11172),(#11173,#11174),(#11175,#11176)),.UNSPECIFIED.,.F.,.F.,
 .F.,(4,1,4),(2,2),(0.,0.0468830679073986,0.095117505932108),(0.,0.05),
 .UNSPECIFIED.);
#162=B_SPLINE_SURFACE_WITH_KNOTS('',3,1,((#11283,#11284),(#11285,#11286),
(#11287,#11288),(#11289,#11290),(#11291,#11292)),.UNSPECIFIED.,.F.,.F.,
 .F.,(4,1,4),(2,2),(0.,0.038818359375,0.0636691888283165),(0.,0.05),
 .UNSPECIFIED.);
#163=B_SPLINE_SURFACE_WITH_KNOTS('',3,1,((#11306,#11307),(#11308,#11309),
(#11310,#11311),(#11312,#11313),(#11314,#11315)),.UNSPECIFIED.,.F.,.F.,
 .F.,(4,1,4),(2,2),(0.,0.0276267529099762,0.0571556599066665),(0.,0.05),
 .UNSPECIFIED.);
#164=B_SPLINE_SURFACE_WITH_KNOTS('',3,1,((#11365,#11366),(#11367,#11368),
(#11369,#11370),(#11371,#11372),(#11373,#11374)),.UNSPECIFIED.,.F.,.F.,
 .F.,(4,1,4),(2,2),(0.,0.0477051343497782,0.0993195170293887),(0.,0.05),
 .UNSPECIFIED.);
#165=B_SPLINE_SURFACE_WITH_KNOTS('',3,1,((#11388,#11389),(#11390,#11391),
(#11392,#11393),(#11394,#11395),(#11396,#11397)),.UNSPECIFIED.,.F.,.F.,
 .F.,(4,1,4),(2,2),(0.,0.0612851326280011,0.105125203006394),(0.,0.05),
 .UNSPECIFIED.);
#166=B_SPLINE_SURFACE_WITH_KNOTS('',3,1,((#11496,#11497),(#11498,#11499),
(#11500,#11501),(#11502,#11503),(#11504,#11505)),.UNSPECIFIED.,.F.,.F.,
 .F.,(4,1,4),(2,2),(0.,0.0506862338339522,0.120903832176401),(0.,0.05),
 .UNSPECIFIED.);
#167=B_SPLINE_SURFACE_WITH_KNOTS('',3,1,((#11519,#11520),(#11521,#11522),
(#11523,#11524),(#11525,#11526),(#11527,#11528)),.UNSPECIFIED.,.F.,.F.,
 .F.,(4,1,4),(2,2),(0.,0.0651225381997278,0.111334979368948),(0.,0.05),
 .UNSPECIFIED.);
#168=B_SPLINE_SURFACE_WITH_KNOTS('',3,1,((#11646,#11647),(#11648,#11649),
(#11650,#11651),(#11652,#11653),(#11654,#11655)),.UNSPECIFIED.,.F.,.F.,
 .F.,(4,1,4),(2,2),(0.,0.0535040251140189,0.122896381061349),(0.,0.05),
 .UNSPECIFIED.);
#169=B_SPLINE_SURFACE_WITH_KNOTS('',3,1,((#11669,#11670),(#11671,#11672),
(#11673,#11674),(#11675,#11676),(#11677,#11678)),.UNSPECIFIED.,.F.,.F.,
 .F.,(4,1,4),(2,2),(0.,0.0471737007149185,0.0935487329727482),(0.,0.05),
 .UNSPECIFIED.);
#170=B_SPLINE_SURFACE_WITH_KNOTS('',3,1,((#11692,#11693),(#11694,#11695),
(#11696,#11697),(#11698,#11699),(#11700,#11701)),.UNSPECIFIED.,.F.,.F.,
 .F.,(4,1,4),(2,2),(0.,0.0339709310138511,0.0676948846831398),(0.,0.05),
 .UNSPECIFIED.);
#171=B_SPLINE_SURFACE_WITH_KNOTS('',3,1,((#11715,#11716),(#11717,#11718),
(#11719,#11720),(#11721,#11722),(#11723,#11724)),.UNSPECIFIED.,.F.,.F.,
 .F.,(4,1,4),(2,2),(0.,0.0366505822030073,0.0712946874499099),(0.,0.05),
 .UNSPECIFIED.);
#172=B_SPLINE_SURFACE_WITH_KNOTS('',3,1,((#11738,#11739),(#11740,#11741),
(#11742,#11743),(#11744,#11745),(#11746,#11747)),.UNSPECIFIED.,.F.,.F.,
 .F.,(4,1,4),(2,2),(0.,0.0579586257216453,0.102805180233937),(0.,0.05),
 .UNSPECIFIED.);
#173=B_SPLINE_SURFACE_WITH_KNOTS('',3,1,((#11785,#11786),(#11787,#11788),
(#11789,#11790),(#11791,#11792),(#11793,#11794)),.UNSPECIFIED.,.F.,.F.,
 .F.,(4,1,4),(2,2),(0.,0.0213943676791678,0.0529000981199269),(0.,0.05),
 .UNSPECIFIED.);
#174=B_SPLINE_SURFACE_WITH_KNOTS('',3,1,((#11808,#11809),(#11810,#11811),
(#11812,#11813),(#11814,#11815),(#11816,#11817)),.UNSPECIFIED.,.F.,.F.,
 .F.,(4,1,4),(2,2),(0.,0.0243606746588694,0.0473874361344),(0.,0.05),
 .UNSPECIFIED.);
#175=B_SPLINE_SURFACE_WITH_KNOTS('',3,1,((#11831,#11832),(#11833,#11834),
(#11835,#11836),(#11837,#11838),(#11839,#11840)),.UNSPECIFIED.,.F.,.F.,
 .F.,(4,1,4),(2,2),(0.,0.0386244531271777,0.0680548561289018),(0.,0.05),
 .UNSPECIFIED.);
#176=B_SPLINE_SURFACE_WITH_KNOTS('',3,1,((#11854,#11855),(#11856,#11857),
(#11858,#11859),(#11860,#11861),(#11862,#11863)),.UNSPECIFIED.,.F.,.F.,
 .F.,(4,1,4),(2,2),(0.,0.0683218716879151,0.120034752022438),(0.,0.05),
 .UNSPECIFIED.);
#177=B_SPLINE_SURFACE_WITH_KNOTS('',3,1,((#11895,#11896),(#11897,#11898),
(#11899,#11900),(#11901,#11902),(#11903,#11904)),.UNSPECIFIED.,.F.,.F.,
 .F.,(4,1,4),(2,2),(0.,0.0588933279905489,0.12371829592943),(0.,0.05),
 .UNSPECIFIED.);
#178=B_SPLINE_SURFACE_WITH_KNOTS('',3,1,((#11918,#11919),(#11920,#11921),
(#11922,#11923),(#11924,#11925),(#11926,#11927)),.UNSPECIFIED.,.F.,.F.,
 .F.,(4,1,4),(2,2),(0.,0.0376344970934277,0.0674941032340432),(0.,0.05),
 .UNSPECIFIED.);
#179=B_SPLINE_SURFACE_WITH_KNOTS('',3,1,((#11941,#11942),(#11943,#11944),
(#11945,#11946),(#11947,#11948),(#11949,#11950)),.UNSPECIFIED.,.F.,.F.,
 .F.,(4,1,4),(2,2),(0.,0.0759092842082977,0.168585657156554),(0.,0.05),
 .UNSPECIFIED.);
#180=B_SPLINE_SURFACE_WITH_KNOTS('',3,1,((#11964,#11965),(#11966,#11967),
(#11968,#11969),(#11970,#11971),(#11972,#11973)),.UNSPECIFIED.,.F.,.F.,
 .F.,(4,1,4),(2,2),(0.,0.0712650206276145,0.140246953141287),(0.,0.05),
 .UNSPECIFIED.);
#181=B_SPLINE_SURFACE_WITH_KNOTS('',3,1,((#11987,#11988),(#11989,#11990),
(#11991,#11992),(#11993,#11994),(#11995,#11996)),.UNSPECIFIED.,.F.,.F.,
 .F.,(4,1,4),(2,2),(0.,0.0560367887943226,0.113043755427939),(0.,0.05),
 .UNSPECIFIED.);
#182=B_SPLINE_SURFACE_WITH_KNOTS('',3,1,((#12010,#12011),(#12012,#12013),
(#12014,#12015),(#12016,#12017),(#12018,#12019)),.UNSPECIFIED.,.F.,.F.,
 .F.,(4,1,4),(2,2),(0.,0.0521386369503952,0.106248325384755),(0.,0.05),
 .UNSPECIFIED.);
#183=B_SPLINE_SURFACE_WITH_KNOTS('',3,1,((#12033,#12034),(#12035,#12036),
(#12037,#12038),(#12039,#12040),(#12041,#12042)),.UNSPECIFIED.,.F.,.F.,
 .F.,(4,1,4),(2,2),(0.,0.0843664173776721,0.14732988342163),(0.,0.05),
 .UNSPECIFIED.);
#184=B_SPLINE_SURFACE_WITH_KNOTS('',3,1,((#12215,#12216),(#12217,#12218),
(#12219,#12220),(#12221,#12222),(#12223,#12224)),.UNSPECIFIED.,.F.,.F.,
 .F.,(4,1,4),(2,2),(0.,0.0354803673586225,0.0846326785718994),(0.,0.05),
 .UNSPECIFIED.);
#185=B_SPLINE_SURFACE_WITH_KNOTS('',3,1,((#12238,#12239),(#12240,#12241),
(#12242,#12243),(#12244,#12245),(#12246,#12247)),.UNSPECIFIED.,.F.,.F.,
 .F.,(4,1,4),(2,2),(0.,0.0455857635560022,0.0779344969045218),(0.,0.05),
 .UNSPECIFIED.);
#186=CYLINDRICAL_SURFACE('',#8043,1.85);
#187=CYLINDRICAL_SURFACE('',#8048,1.85);
#188=CYLINDRICAL_SURFACE('',#8054,1.85);
#189=CYLINDRICAL_SURFACE('',#8060,1.85);
#190=CYLINDRICAL_SURFACE('',#8065,1.85);
#191=CYLINDRICAL_SURFACE('',#8069,1.85);
#192=CYLINDRICAL_SURFACE('',#8074,1.85);
#193=CYLINDRICAL_SURFACE('',#8080,1.85);
#194=CYLINDRICAL_SURFACE('',#8086,1.85);
#195=CYLINDRICAL_SURFACE('',#8091,1.85);
#196=CYLINDRICAL_SURFACE('',#8248,1.65);
#197=CYLINDRICAL_SURFACE('',#8250,1.65);
#198=CYLINDRICAL_SURFACE('',#8252,1.65);
#199=CYLINDRICAL_SURFACE('',#8254,3.);
#200=CYLINDRICAL_SURFACE('',#8257,3.);
#201=CYLINDRICAL_SURFACE('',#8260,3.);
#202=CYLINDRICAL_SURFACE('',#8263,3.);
#203=FACE_BOUND('',#1024,.T.);
#204=FACE_BOUND('',#1025,.T.);
#205=FACE_BOUND('',#1026,.T.);
#206=FACE_BOUND('',#1027,.T.);
#207=FACE_BOUND('',#1028,.T.);
#208=FACE_BOUND('',#1033,.T.);
#209=FACE_BOUND('',#1037,.T.);
#210=FACE_BOUND('',#1041,.T.);
#211=FACE_BOUND('',#1049,.T.);
#212=FACE_BOUND('',#1053,.T.);
#213=FACE_BOUND('',#1057,.T.);
#214=FACE_BOUND('',#1190,.T.);
#215=FACE_BOUND('',#1229,.T.);
#216=FACE_BOUND('',#1230,.T.);
#217=FACE_BOUND('',#1231,.T.);
#218=FACE_BOUND('',#1232,.T.);
#219=FACE_BOUND('',#1233,.T.);
#220=FACE_BOUND('',#1234,.T.);
#221=FACE_BOUND('',#1235,.T.);
#222=FACE_BOUND('',#1236,.T.);
#223=FACE_BOUND('',#1237,.T.);
#224=FACE_BOUND('',#1238,.T.);
#225=FACE_BOUND('',#1239,.T.);
#226=FACE_BOUND('',#1240,.T.);
#227=FACE_BOUND('',#1241,.T.);
#228=FACE_BOUND('',#1242,.T.);
#229=FACE_BOUND('',#1243,.T.);
#230=FACE_BOUND('',#1244,.T.);
#231=FACE_BOUND('',#1245,.T.);
#232=FACE_BOUND('',#1246,.T.);
#233=FACE_BOUND('',#1247,.T.);
#234=FACE_BOUND('',#1248,.T.);
#235=FACE_BOUND('',#1249,.T.);
#236=FACE_BOUND('',#1250,.T.);
#237=FACE_BOUND('',#1251,.T.);
#238=FACE_BOUND('',#1252,.T.);
#239=FACE_BOUND('',#1253,.T.);
#240=FACE_BOUND('',#1254,.T.);
#241=FACE_BOUND('',#1255,.T.);
#242=FACE_BOUND('',#1309,.T.);
#243=FACE_BOUND('',#1310,.T.);
#244=FACE_BOUND('',#1311,.T.);
#245=FACE_BOUND('',#1312,.T.);
#246=FACE_BOUND('',#1313,.T.);
#247=FACE_BOUND('',#1314,.T.);
#248=FACE_BOUND('',#1315,.T.);
#249=FACE_BOUND('',#1316,.T.);
#250=FACE_BOUND('',#1317,.T.);
#251=FACE_BOUND('',#1318,.T.);
#252=FACE_BOUND('',#1319,.T.);
#253=FACE_BOUND('',#1320,.T.);
#254=FACE_BOUND('',#1321,.T.);
#255=FACE_BOUND('',#1322,.T.);
#256=FACE_BOUND('',#1323,.T.);
#257=FACE_BOUND('',#1324,.T.);
#258=FACE_BOUND('',#1325,.T.);
#259=FACE_BOUND('',#1326,.T.);
#260=FACE_BOUND('',#1327,.T.);
#261=FACE_BOUND('',#1328,.T.);
#262=FACE_BOUND('',#1329,.T.);
#263=FACE_BOUND('',#1330,.T.);
#264=FACE_BOUND('',#1331,.T.);
#265=FACE_BOUND('',#1332,.T.);
#266=PLANE('',#8039);
#267=PLANE('',#8050);
#268=PLANE('',#8056);
#269=PLANE('',#8062);
#270=PLANE('',#8076);
#271=PLANE('',#8082);
#272=PLANE('',#8088);
#273=PLANE('',#8093);
#274=PLANE('',#8094);
#275=PLANE('',#8095);
#276=PLANE('',#8096);
#277=PLANE('',#8097);
#278=PLANE('',#8098);
#279=PLANE('',#8099);
#280=PLANE('',#8100);
#281=PLANE('',#8101);
#282=PLANE('',#8102);
#283=PLANE('',#8103);
#284=PLANE('',#8104);
#285=PLANE('',#8105);
#286=PLANE('',#8106);
#287=PLANE('',#8107);
#288=PLANE('',#8108);
#289=PLANE('',#8109);
#290=PLANE('',#8110);
#291=PLANE('',#8111);
#292=PLANE('',#8112);
#293=PLANE('',#8113);
#294=PLANE('',#8114);
#295=PLANE('',#8115);
#296=PLANE('',#8116);
#297=PLANE('',#8117);
#298=PLANE('',#8118);
#299=PLANE('',#8119);
#300=PLANE('',#8120);
#301=PLANE('',#8121);
#302=PLANE('',#8122);
#303=PLANE('',#8123);
#304=PLANE('',#8124);
#305=PLANE('',#8125);
#306=PLANE('',#8126);
#307=PLANE('',#8127);
#308=PLANE('',#8128);
#309=PLANE('',#8129);
#310=PLANE('',#8130);
#311=PLANE('',#8131);
#312=PLANE('',#8132);
#313=PLANE('',#8133);
#314=PLANE('',#8134);
#315=PLANE('',#8135);
#316=PLANE('',#8136);
#317=PLANE('',#8137);
#318=PLANE('',#8138);
#319=PLANE('',#8139);
#320=PLANE('',#8140);
#321=PLANE('',#8141);
#322=PLANE('',#8142);
#323=PLANE('',#8143);
#324=PLANE('',#8144);
#325=PLANE('',#8145);
#326=PLANE('',#8146);
#327=PLANE('',#8147);
#328=PLANE('',#8148);
#329=PLANE('',#8149);
#330=PLANE('',#8150);
#331=PLANE('',#8151);
#332=PLANE('',#8152);
#333=PLANE('',#8153);
#334=PLANE('',#8154);
#335=PLANE('',#8155);
#336=PLANE('',#8156);
#337=PLANE('',#8157);
#338=PLANE('',#8158);
#339=PLANE('',#8159);
#340=PLANE('',#8160);
#341=PLANE('',#8161);
#342=PLANE('',#8162);
#343=PLANE('',#8163);
#344=PLANE('',#8164);
#345=PLANE('',#8165);
#346=PLANE('',#8166);
#347=PLANE('',#8167);
#348=PLANE('',#8168);
#349=PLANE('',#8169);
#350=PLANE('',#8170);
#351=PLANE('',#8171);
#352=PLANE('',#8172);
#353=PLANE('',#8173);
#354=PLANE('',#8174);
#355=PLANE('',#8175);
#356=PLANE('',#8176);
#357=PLANE('',#8177);
#358=PLANE('',#8178);
#359=PLANE('',#8179);
#360=PLANE('',#8180);
#361=PLANE('',#8181);
#362=PLANE('',#8182);
#363=PLANE('',#8183);
#364=PLANE('',#8184);
#365=PLANE('',#8185);
#366=PLANE('',#8186);
#367=PLANE('',#8187);
#368=PLANE('',#8188);
#369=PLANE('',#8189);
#370=PLANE('',#8190);
#371=PLANE('',#8191);
#372=PLANE('',#8192);
#373=PLANE('',#8193);
#374=PLANE('',#8194);
#375=PLANE('',#8195);
#376=PLANE('',#8196);
#377=PLANE('',#8197);
#378=PLANE('',#8198);
#379=PLANE('',#8199);
#380=PLANE('',#8200);
#381=PLANE('',#8201);
#382=PLANE('',#8202);
#383=PLANE('',#8203);
#384=PLANE('',#8211);
#385=PLANE('',#8212);
#386=PLANE('',#8213);
#387=PLANE('',#8214);
#388=PLANE('',#8215);
#389=PLANE('',#8216);
#390=PLANE('',#8217);
#391=PLANE('',#8218);
#392=PLANE('',#8219);
#393=PLANE('',#8220);
#394=PLANE('',#8221);
#395=PLANE('',#8222);
#396=PLANE('',#8223);
#397=PLANE('',#8224);
#398=PLANE('',#8225);
#399=PLANE('',#8226);
#400=PLANE('',#8227);
#401=PLANE('',#8228);
#402=PLANE('',#8229);
#403=PLANE('',#8230);
#404=PLANE('',#8231);
#405=PLANE('',#8232);
#406=PLANE('',#8233);
#407=PLANE('',#8234);
#408=PLANE('',#8235);
#409=PLANE('',#8236);
#410=PLANE('',#8237);
#411=PLANE('',#8238);
#412=PLANE('',#8239);
#413=PLANE('',#8240);
#414=PLANE('',#8241);
#415=PLANE('',#8242);
#416=PLANE('',#8243);
#417=PLANE('',#8244);
#418=PLANE('',#8245);
#419=PLANE('',#8246);
#420=PLANE('',#8247);
#421=PLANE('',#8256);
#422=PLANE('',#8259);
#423=PLANE('',#8262);
#424=PLANE('',#8265);
#425=PLANE('',#8266);
#426=PLANE('',#8267);
#427=PLANE('',#8268);
#428=PLANE('',#8269);
#429=PLANE('',#8270);
#430=PLANE('',#8271);
#431=PLANE('',#8272);
#432=PLANE('',#8273);
#433=PLANE('',#8274);
#434=PLANE('',#8275);
#435=PLANE('',#8276);
#436=PLANE('',#8277);
#437=PLANE('',#8278);
#438=PLANE('',#8279);
#439=PLANE('',#8280);
#440=PLANE('',#8281);
#441=PLANE('',#8282);
#442=PLANE('',#8283);
#443=PLANE('',#8284);
#444=PLANE('',#8285);
#445=PLANE('',#8286);
#446=PLANE('',#8287);
#447=PLANE('',#8288);
#448=PLANE('',#8289);
#449=PLANE('',#8290);
#450=PLANE('',#8291);
#451=PLANE('',#8292);
#452=PLANE('',#8293);
#453=PLANE('',#8294);
#454=PLANE('',#8295);
#455=PLANE('',#8296);
#456=PLANE('',#8297);
#457=PLANE('',#8298);
#458=PLANE('',#8299);
#459=PLANE('',#8300);
#460=PLANE('',#8301);
#461=PLANE('',#8302);
#462=PLANE('',#8303);
#463=PLANE('',#8304);
#464=PLANE('',#8305);
#465=PLANE('',#8306);
#466=PLANE('',#8307);
#467=PLANE('',#8308);
#468=PLANE('',#8309);
#469=PLANE('',#8310);
#470=PLANE('',#8311);
#471=PLANE('',#8312);
#472=PLANE('',#8313);
#473=PLANE('',#8314);
#474=PLANE('',#8315);
#475=PLANE('',#8316);
#476=PLANE('',#8317);
#477=PLANE('',#8318);
#478=PLANE('',#8319);
#479=PLANE('',#8320);
#480=PLANE('',#8321);
#481=PLANE('',#8322);
#482=PLANE('',#8323);
#483=PLANE('',#8324);
#484=PLANE('',#8325);
#485=PLANE('',#8326);
#486=PLANE('',#8327);
#487=PLANE('',#8328);
#488=PLANE('',#8329);
#489=PLANE('',#8330);
#490=PLANE('',#8331);
#491=PLANE('',#8332);
#492=PLANE('',#8333);
#493=PLANE('',#8334);
#494=PLANE('',#8335);
#495=PLANE('',#8336);
#496=PLANE('',#8337);
#497=PLANE('',#8338);
#498=PLANE('',#8339);
#499=PLANE('',#8340);
#500=PLANE('',#8341);
#501=PLANE('',#8342);
#502=PLANE('',#8343);
#503=PLANE('',#8344);
#504=PLANE('',#8345);
#505=PLANE('',#8346);
#506=PLANE('',#8347);
#507=PLANE('',#8348);
#508=PLANE('',#8349);
#509=PLANE('',#8350);
#510=PLANE('',#8351);
#511=PLANE('',#8352);
#512=PLANE('',#8353);
#513=PLANE('',#8354);
#514=PLANE('',#8355);
#515=PLANE('',#8356);
#516=PLANE('',#8357);
#517=PLANE('',#8358);
#518=PLANE('',#8359);
#519=PLANE('',#8360);
#520=PLANE('',#8361);
#521=PLANE('',#8362);
#522=PLANE('',#8363);
#523=PLANE('',#8364);
#524=PLANE('',#8365);
#525=PLANE('',#8366);
#526=PLANE('',#8367);
#527=PLANE('',#8368);
#528=PLANE('',#8369);
#529=PLANE('',#8370);
#530=PLANE('',#8371);
#531=PLANE('',#8372);
#532=PLANE('',#8373);
#533=PLANE('',#8374);
#534=PLANE('',#8375);
#535=PLANE('',#8376);
#536=PLANE('',#8377);
#537=PLANE('',#8378);
#538=PLANE('',#8379);
#539=PLANE('',#8380);
#540=PLANE('',#8381);
#541=PLANE('',#8382);
#542=PLANE('',#8383);
#543=PLANE('',#8384);
#544=PLANE('',#8385);
#545=PLANE('',#8386);
#546=PLANE('',#8387);
#547=PLANE('',#8388);
#548=PLANE('',#8389);
#549=PLANE('',#8390);
#550=PLANE('',#8391);
#551=PLANE('',#8392);
#552=PLANE('',#8393);
#553=PLANE('',#8394);
#554=PLANE('',#8395);
#555=PLANE('',#8396);
#556=PLANE('',#8397);
#557=PLANE('',#8398);
#558=PLANE('',#8399);
#559=PLANE('',#8400);
#560=PLANE('',#8401);
#561=PLANE('',#8402);
#562=PLANE('',#8403);
#563=PLANE('',#8404);
#564=PLANE('',#8405);
#565=PLANE('',#8406);
#566=PLANE('',#8407);
#567=PLANE('',#8408);
#568=PLANE('',#8409);
#569=PLANE('',#8410);
#570=PLANE('',#8411);
#571=PLANE('',#8412);
#572=PLANE('',#8413);
#573=PLANE('',#8414);
#574=PLANE('',#8415);
#575=PLANE('',#8416);
#576=PLANE('',#8417);
#577=PLANE('',#8418);
#578=PLANE('',#8419);
#579=PLANE('',#8420);
#580=PLANE('',#8421);
#581=PLANE('',#8422);
#582=PLANE('',#8423);
#583=PLANE('',#8424);
#584=PLANE('',#8425);
#585=PLANE('',#8426);
#586=PLANE('',#8427);
#587=PLANE('',#8428);
#588=PLANE('',#8429);
#589=PLANE('',#8430);
#590=PLANE('',#8431);
#591=PLANE('',#8432);
#592=PLANE('',#8433);
#593=PLANE('',#8434);
#594=PLANE('',#8435);
#595=PLANE('',#8436);
#596=PLANE('',#8437);
#597=PLANE('',#8438);
#598=PLANE('',#8439);
#599=PLANE('',#8440);
#600=PLANE('',#8441);
#601=PLANE('',#8442);
#602=FACE_OUTER_BOUND('',#1022,.T.);
#603=FACE_OUTER_BOUND('',#1023,.T.);
#604=FACE_OUTER_BOUND('',#1029,.T.);
#605=FACE_OUTER_BOUND('',#1030,.T.);
#606=FACE_OUTER_BOUND('',#1031,.T.);
#607=FACE_OUTER_BOUND('',#1032,.T.);
#608=FACE_OUTER_BOUND('',#1034,.T.);
#609=FACE_OUTER_BOUND('',#1035,.T.);
#610=FACE_OUTER_BOUND('',#1036,.T.);
#611=FACE_OUTER_BOUND('',#1038,.T.);
#612=FACE_OUTER_BOUND('',#1039,.T.);
#613=FACE_OUTER_BOUND('',#1040,.T.);
#614=FACE_OUTER_BOUND('',#1042,.T.);
#615=FACE_OUTER_BOUND('',#1043,.T.);
#616=FACE_OUTER_BOUND('',#1044,.T.);
#617=FACE_OUTER_BOUND('',#1045,.T.);
#618=FACE_OUTER_BOUND('',#1046,.T.);
#619=FACE_OUTER_BOUND('',#1047,.T.);
#620=FACE_OUTER_BOUND('',#1048,.T.);
#621=FACE_OUTER_BOUND('',#1050,.T.);
#622=FACE_OUTER_BOUND('',#1051,.T.);
#623=FACE_OUTER_BOUND('',#1052,.T.);
#624=FACE_OUTER_BOUND('',#1054,.T.);
#625=FACE_OUTER_BOUND('',#1055,.T.);
#626=FACE_OUTER_BOUND('',#1056,.T.);
#627=FACE_OUTER_BOUND('',#1058,.T.);
#628=FACE_OUTER_BOUND('',#1059,.T.);
#629=FACE_OUTER_BOUND('',#1060,.T.);
#630=FACE_OUTER_BOUND('',#1061,.T.);
#631=FACE_OUTER_BOUND('',#1062,.T.);
#632=FACE_OUTER_BOUND('',#1063,.T.);
#633=FACE_OUTER_BOUND('',#1064,.T.);
#634=FACE_OUTER_BOUND('',#1065,.T.);
#635=FACE_OUTER_BOUND('',#1066,.T.);
#636=FACE_OUTER_BOUND('',#1067,.T.);
#637=FACE_OUTER_BOUND('',#1068,.T.);
#638=FACE_OUTER_BOUND('',#1069,.T.);
#639=FACE_OUTER_BOUND('',#1070,.T.);
#640=FACE_OUTER_BOUND('',#1071,.T.);
#641=FACE_OUTER_BOUND('',#1072,.T.);
#642=FACE_OUTER_BOUND('',#1073,.T.);
#643=FACE_OUTER_BOUND('',#1074,.T.);
#644=FACE_OUTER_BOUND('',#1075,.T.);
#645=FACE_OUTER_BOUND('',#1076,.T.);
#646=FACE_OUTER_BOUND('',#1077,.T.);
#647=FACE_OUTER_BOUND('',#1078,.T.);
#648=FACE_OUTER_BOUND('',#1079,.T.);
#649=FACE_OUTER_BOUND('',#1080,.T.);
#650=FACE_OUTER_BOUND('',#1081,.T.);
#651=FACE_OUTER_BOUND('',#1082,.T.);
#652=FACE_OUTER_BOUND('',#1083,.T.);
#653=FACE_OUTER_BOUND('',#1084,.T.);
#654=FACE_OUTER_BOUND('',#1085,.T.);
#655=FACE_OUTER_BOUND('',#1086,.T.);
#656=FACE_OUTER_BOUND('',#1087,.T.);
#657=FACE_OUTER_BOUND('',#1088,.T.);
#658=FACE_OUTER_BOUND('',#1089,.T.);
#659=FACE_OUTER_BOUND('',#1090,.T.);
#660=FACE_OUTER_BOUND('',#1091,.T.);
#661=FACE_OUTER_BOUND('',#1092,.T.);
#662=FACE_OUTER_BOUND('',#1093,.T.);
#663=FACE_OUTER_BOUND('',#1094,.T.);
#664=FACE_OUTER_BOUND('',#1095,.T.);
#665=FACE_OUTER_BOUND('',#1096,.T.);
#666=FACE_OUTER_BOUND('',#1097,.T.);
#667=FACE_OUTER_BOUND('',#1098,.T.);
#668=FACE_OUTER_BOUND('',#1099,.T.);
#669=FACE_OUTER_BOUND('',#1100,.T.);
#670=FACE_OUTER_BOUND('',#1101,.T.);
#671=FACE_OUTER_BOUND('',#1102,.T.);
#672=FACE_OUTER_BOUND('',#1103,.T.);
#673=FACE_OUTER_BOUND('',#1104,.T.);
#674=FACE_OUTER_BOUND('',#1105,.T.);
#675=FACE_OUTER_BOUND('',#1106,.T.);
#676=FACE_OUTER_BOUND('',#1107,.T.);
#677=FACE_OUTER_BOUND('',#1108,.T.);
#678=FACE_OUTER_BOUND('',#1109,.T.);
#679=FACE_OUTER_BOUND('',#1110,.T.);
#680=FACE_OUTER_BOUND('',#1111,.T.);
#681=FACE_OUTER_BOUND('',#1112,.T.);
#682=FACE_OUTER_BOUND('',#1113,.T.);
#683=FACE_OUTER_BOUND('',#1114,.T.);
#684=FACE_OUTER_BOUND('',#1115,.T.);
#685=FACE_OUTER_BOUND('',#1116,.T.);
#686=FACE_OUTER_BOUND('',#1117,.T.);
#687=FACE_OUTER_BOUND('',#1118,.T.);
#688=FACE_OUTER_BOUND('',#1119,.T.);
#689=FACE_OUTER_BOUND('',#1120,.T.);
#690=FACE_OUTER_BOUND('',#1121,.T.);
#691=FACE_OUTER_BOUND('',#1122,.T.);
#692=FACE_OUTER_BOUND('',#1123,.T.);
#693=FACE_OUTER_BOUND('',#1124,.T.);
#694=FACE_OUTER_BOUND('',#1125,.T.);
#695=FACE_OUTER_BOUND('',#1126,.T.);
#696=FACE_OUTER_BOUND('',#1127,.T.);
#697=FACE_OUTER_BOUND('',#1128,.T.);
#698=FACE_OUTER_BOUND('',#1129,.T.);
#699=FACE_OUTER_BOUND('',#1130,.T.);
#700=FACE_OUTER_BOUND('',#1131,.T.);
#701=FACE_OUTER_BOUND('',#1132,.T.);
#702=FACE_OUTER_BOUND('',#1133,.T.);
#703=FACE_OUTER_BOUND('',#1134,.T.);
#704=FACE_OUTER_BOUND('',#1135,.T.);
#705=FACE_OUTER_BOUND('',#1136,.T.);
#706=FACE_OUTER_BOUND('',#1137,.T.);
#707=FACE_OUTER_BOUND('',#1138,.T.);
#708=FACE_OUTER_BOUND('',#1139,.T.);
#709=FACE_OUTER_BOUND('',#1140,.T.);
#710=FACE_OUTER_BOUND('',#1141,.T.);
#711=FACE_OUTER_BOUND('',#1142,.T.);
#712=FACE_OUTER_BOUND('',#1143,.T.);
#713=FACE_OUTER_BOUND('',#1144,.T.);
#714=FACE_OUTER_BOUND('',#1145,.T.);
#715=FACE_OUTER_BOUND('',#1146,.T.);
#716=FACE_OUTER_BOUND('',#1147,.T.);
#717=FACE_OUTER_BOUND('',#1148,.T.);
#718=FACE_OUTER_BOUND('',#1149,.T.);
#719=FACE_OUTER_BOUND('',#1150,.T.);
#720=FACE_OUTER_BOUND('',#1151,.T.);
#721=FACE_OUTER_BOUND('',#1152,.T.);
#722=FACE_OUTER_BOUND('',#1153,.T.);
#723=FACE_OUTER_BOUND('',#1154,.T.);
#724=FACE_OUTER_BOUND('',#1155,.T.);
#725=FACE_OUTER_BOUND('',#1156,.T.);
#726=FACE_OUTER_BOUND('',#1157,.T.);
#727=FACE_OUTER_BOUND('',#1158,.T.);
#728=FACE_OUTER_BOUND('',#1159,.T.);
#729=FACE_OUTER_BOUND('',#1160,.T.);
#730=FACE_OUTER_BOUND('',#1161,.T.);
#731=FACE_OUTER_BOUND('',#1162,.T.);
#732=FACE_OUTER_BOUND('',#1163,.T.);
#733=FACE_OUTER_BOUND('',#1164,.T.);
#734=FACE_OUTER_BOUND('',#1165,.T.);
#735=FACE_OUTER_BOUND('',#1166,.T.);
#736=FACE_OUTER_BOUND('',#1167,.T.);
#737=FACE_OUTER_BOUND('',#1168,.T.);
#738=FACE_OUTER_BOUND('',#1169,.T.);
#739=FACE_OUTER_BOUND('',#1170,.T.);
#740=FACE_OUTER_BOUND('',#1171,.T.);
#741=FACE_OUTER_BOUND('',#1172,.T.);
#742=FACE_OUTER_BOUND('',#1173,.T.);
#743=FACE_OUTER_BOUND('',#1174,.T.);
#744=FACE_OUTER_BOUND('',#1175,.T.);
#745=FACE_OUTER_BOUND('',#1176,.T.);
#746=FACE_OUTER_BOUND('',#1177,.T.);
#747=FACE_OUTER_BOUND('',#1178,.T.);
#748=FACE_OUTER_BOUND('',#1179,.T.);
#749=FACE_OUTER_BOUND('',#1180,.T.);
#750=FACE_OUTER_BOUND('',#1181,.T.);
#751=FACE_OUTER_BOUND('',#1182,.T.);
#752=FACE_OUTER_BOUND('',#1183,.T.);
#753=FACE_OUTER_BOUND('',#1184,.T.);
#754=FACE_OUTER_BOUND('',#1185,.T.);
#755=FACE_OUTER_BOUND('',#1186,.T.);
#756=FACE_OUTER_BOUND('',#1187,.T.);
#757=FACE_OUTER_BOUND('',#1188,.T.);
#758=FACE_OUTER_BOUND('',#1189,.T.);
#759=FACE_OUTER_BOUND('',#1191,.T.);
#760=FACE_OUTER_BOUND('',#1192,.T.);
#761=FACE_OUTER_BOUND('',#1193,.T.);
#762=FACE_OUTER_BOUND('',#1194,.T.);
#763=FACE_OUTER_BOUND('',#1195,.T.);
#764=FACE_OUTER_BOUND('',#1196,.T.);
#765=FACE_OUTER_BOUND('',#1197,.T.);
#766=FACE_OUTER_BOUND('',#1198,.T.);
#767=FACE_OUTER_BOUND('',#1199,.T.);
#768=FACE_OUTER_BOUND('',#1200,.T.);
#769=FACE_OUTER_BOUND('',#1201,.T.);
#770=FACE_OUTER_BOUND('',#1202,.T.);
#771=FACE_OUTER_BOUND('',#1203,.T.);
#772=FACE_OUTER_BOUND('',#1204,.T.);
#773=FACE_OUTER_BOUND('',#1205,.T.);
#774=FACE_OUTER_BOUND('',#1206,.T.);
#775=FACE_OUTER_BOUND('',#1207,.T.);
#776=FACE_OUTER_BOUND('',#1208,.T.);
#777=FACE_OUTER_BOUND('',#1209,.T.);
#778=FACE_OUTER_BOUND('',#1210,.T.);
#779=FACE_OUTER_BOUND('',#1211,.T.);
#780=FACE_OUTER_BOUND('',#1212,.T.);
#781=FACE_OUTER_BOUND('',#1213,.T.);
#782=FACE_OUTER_BOUND('',#1214,.T.);
#783=FACE_OUTER_BOUND('',#1215,.T.);
#784=FACE_OUTER_BOUND('',#1216,.T.);
#785=FACE_OUTER_BOUND('',#1217,.T.);
#786=FACE_OUTER_BOUND('',#1218,.T.);
#787=FACE_OUTER_BOUND('',#1219,.T.);
#788=FACE_OUTER_BOUND('',#1220,.T.);
#789=FACE_OUTER_BOUND('',#1221,.T.);
#790=FACE_OUTER_BOUND('',#1222,.T.);
#791=FACE_OUTER_BOUND('',#1223,.T.);
#792=FACE_OUTER_BOUND('',#1224,.T.);
#793=FACE_OUTER_BOUND('',#1225,.T.);
#794=FACE_OUTER_BOUND('',#1226,.T.);
#795=FACE_OUTER_BOUND('',#1227,.T.);
#796=FACE_OUTER_BOUND('',#1228,.T.);
#797=FACE_OUTER_BOUND('',#1256,.T.);
#798=FACE_OUTER_BOUND('',#1257,.T.);
#799=FACE_OUTER_BOUND('',#1258,.T.);
#800=FACE_OUTER_BOUND('',#1259,.T.);
#801=FACE_OUTER_BOUND('',#1260,.T.);
#802=FACE_OUTER_BOUND('',#1261,.T.);
#803=FACE_OUTER_BOUND('',#1262,.T.);
#804=FACE_OUTER_BOUND('',#1263,.T.);
#805=FACE_OUTER_BOUND('',#1264,.T.);
#806=FACE_OUTER_BOUND('',#1265,.T.);
#807=FACE_OUTER_BOUND('',#1266,.T.);
#808=FACE_OUTER_BOUND('',#1267,.T.);
#809=FACE_OUTER_BOUND('',#1268,.T.);
#810=FACE_OUTER_BOUND('',#1269,.T.);
#811=FACE_OUTER_BOUND('',#1270,.T.);
#812=FACE_OUTER_BOUND('',#1271,.T.);
#813=FACE_OUTER_BOUND('',#1272,.T.);
#814=FACE_OUTER_BOUND('',#1273,.T.);
#815=FACE_OUTER_BOUND('',#1274,.T.);
#816=FACE_OUTER_BOUND('',#1275,.T.);
#817=FACE_OUTER_BOUND('',#1276,.T.);
#818=FACE_OUTER_BOUND('',#1277,.T.);
#819=FACE_OUTER_BOUND('',#1278,.T.);
#820=FACE_OUTER_BOUND('',#1279,.T.);
#821=FACE_OUTER_BOUND('',#1280,.T.);
#822=FACE_OUTER_BOUND('',#1281,.T.);
#823=FACE_OUTER_BOUND('',#1282,.T.);
#824=FACE_OUTER_BOUND('',#1283,.T.);
#825=FACE_OUTER_BOUND('',#1284,.T.);
#826=FACE_OUTER_BOUND('',#1285,.T.);
#827=FACE_OUTER_BOUND('',#1286,.T.);
#828=FACE_OUTER_BOUND('',#1287,.T.);
#829=FACE_OUTER_BOUND('',#1288,.T.);
#830=FACE_OUTER_BOUND('',#1289,.T.);
#831=FACE_OUTER_BOUND('',#1290,.T.);
#832=FACE_OUTER_BOUND('',#1291,.T.);
#833=FACE_OUTER_BOUND('',#1292,.T.);
#834=FACE_OUTER_BOUND('',#1293,.T.);
#835=FACE_OUTER_BOUND('',#1294,.T.);
#836=FACE_OUTER_BOUND('',#1295,.T.);
#837=FACE_OUTER_BOUND('',#1296,.T.);
#838=FACE_OUTER_BOUND('',#1297,.T.);
#839=FACE_OUTER_BOUND('',#1298,.T.);
#840=FACE_OUTER_BOUND('',#1299,.T.);
#841=FACE_OUTER_BOUND('',#1300,.T.);
#842=FACE_OUTER_BOUND('',#1301,.T.);
#843=FACE_OUTER_BOUND('',#1302,.T.);
#844=FACE_OUTER_BOUND('',#1303,.T.);
#845=FACE_OUTER_BOUND('',#1304,.T.);
#846=FACE_OUTER_BOUND('',#1305,.T.);
#847=FACE_OUTER_BOUND('',#1306,.T.);
#848=FACE_OUTER_BOUND('',#1307,.T.);
#849=FACE_OUTER_BOUND('',#1308,.T.);
#850=FACE_OUTER_BOUND('',#1333,.T.);
#851=FACE_OUTER_BOUND('',#1334,.T.);
#852=FACE_OUTER_BOUND('',#1335,.T.);
#853=FACE_OUTER_BOUND('',#1336,.T.);
#854=FACE_OUTER_BOUND('',#1337,.T.);
#855=FACE_OUTER_BOUND('',#1338,.T.);
#856=FACE_OUTER_BOUND('',#1339,.T.);
#857=FACE_OUTER_BOUND('',#1340,.T.);
#858=FACE_OUTER_BOUND('',#1341,.T.);
#859=FACE_OUTER_BOUND('',#1342,.T.);
#860=FACE_OUTER_BOUND('',#1343,.T.);
#861=FACE_OUTER_BOUND('',#1344,.T.);
#862=FACE_OUTER_BOUND('',#1345,.T.);
#863=FACE_OUTER_BOUND('',#1346,.T.);
#864=FACE_OUTER_BOUND('',#1347,.T.);
#865=FACE_OUTER_BOUND('',#1348,.T.);
#866=FACE_OUTER_BOUND('',#1349,.T.);
#867=FACE_OUTER_BOUND('',#1350,.T.);
#868=FACE_OUTER_BOUND('',#1351,.T.);
#869=FACE_OUTER_BOUND('',#1352,.T.);
#870=FACE_OUTER_BOUND('',#1353,.T.);
#871=FACE_OUTER_BOUND('',#1354,.T.);
#872=FACE_OUTER_BOUND('',#1355,.T.);
#873=FACE_OUTER_BOUND('',#1356,.T.);
#874=FACE_OUTER_BOUND('',#1357,.T.);
#875=FACE_OUTER_BOUND('',#1358,.T.);
#876=FACE_OUTER_BOUND('',#1359,.T.);
#877=FACE_OUTER_BOUND('',#1360,.T.);
#878=FACE_OUTER_BOUND('',#1361,.T.);
#879=FACE_OUTER_BOUND('',#1362,.T.);
#880=FACE_OUTER_BOUND('',#1363,.T.);
#881=FACE_OUTER_BOUND('',#1364,.T.);
#882=FACE_OUTER_BOUND('',#1365,.T.);
#883=FACE_OUTER_BOUND('',#1366,.T.);
#884=FACE_OUTER_BOUND('',#1367,.T.);
#885=FACE_OUTER_BOUND('',#1368,.T.);
#886=FACE_OUTER_BOUND('',#1369,.T.);
#887=FACE_OUTER_BOUND('',#1370,.T.);
#888=FACE_OUTER_BOUND('',#1371,.T.);
#889=FACE_OUTER_BOUND('',#1372,.T.);
#890=FACE_OUTER_BOUND('',#1373,.T.);
#891=FACE_OUTER_BOUND('',#1374,.T.);
#892=FACE_OUTER_BOUND('',#1375,.T.);
#893=FACE_OUTER_BOUND('',#1376,.T.);
#894=FACE_OUTER_BOUND('',#1377,.T.);
#895=FACE_OUTER_BOUND('',#1378,.T.);
#896=FACE_OUTER_BOUND('',#1379,.T.);
#897=FACE_OUTER_BOUND('',#1380,.T.);
#898=FACE_OUTER_BOUND('',#1381,.T.);
#899=FACE_OUTER_BOUND('',#1382,.T.);
#900=FACE_OUTER_BOUND('',#1383,.T.);
#901=FACE_OUTER_BOUND('',#1384,.T.);
#902=FACE_OUTER_BOUND('',#1385,.T.);
#903=FACE_OUTER_BOUND('',#1386,.T.);
#904=FACE_OUTER_BOUND('',#1387,.T.);
#905=FACE_OUTER_BOUND('',#1388,.T.);
#906=FACE_OUTER_BOUND('',#1389,.T.);
#907=FACE_OUTER_BOUND('',#1390,.T.);
#908=FACE_OUTER_BOUND('',#1391,.T.);
#909=FACE_OUTER_BOUND('',#1392,.T.);
#910=FACE_OUTER_BOUND('',#1393,.T.);
#911=FACE_OUTER_BOUND('',#1394,.T.);
#912=FACE_OUTER_BOUND('',#1395,.T.);
#913=FACE_OUTER_BOUND('',#1396,.T.);
#914=FACE_OUTER_BOUND('',#1397,.T.);
#915=FACE_OUTER_BOUND('',#1398,.T.);
#916=FACE_OUTER_BOUND('',#1399,.T.);
#917=FACE_OUTER_BOUND('',#1400,.T.);
#918=FACE_OUTER_BOUND('',#1401,.T.);
#919=FACE_OUTER_BOUND('',#1402,.T.);
#920=FACE_OUTER_BOUND('',#1403,.T.);
#921=FACE_OUTER_BOUND('',#1404,.T.);
#922=FACE_OUTER_BOUND('',#1405,.T.);
#923=FACE_OUTER_BOUND('',#1406,.T.);
#924=FACE_OUTER_BOUND('',#1407,.T.);
#925=FACE_OUTER_BOUND('',#1408,.T.);
#926=FACE_OUTER_BOUND('',#1409,.T.);
#927=FACE_OUTER_BOUND('',#1410,.T.);
#928=FACE_OUTER_BOUND('',#1411,.T.);
#929=FACE_OUTER_BOUND('',#1412,.T.);
#930=FACE_OUTER_BOUND('',#1413,.T.);
#931=FACE_OUTER_BOUND('',#1414,.T.);
#932=FACE_OUTER_BOUND('',#1415,.T.);
#933=FACE_OUTER_BOUND('',#1416,.T.);
#934=FACE_OUTER_BOUND('',#1417,.T.);
#935=FACE_OUTER_BOUND('',#1418,.T.);
#936=FACE_OUTER_BOUND('',#1419,.T.);
#937=FACE_OUTER_BOUND('',#1420,.T.);
#938=FACE_OUTER_BOUND('',#1421,.T.);
#939=FACE_OUTER_BOUND('',#1422,.T.);
#940=FACE_OUTER_BOUND('',#1423,.T.);
#941=FACE_OUTER_BOUND('',#1424,.T.);
#942=FACE_OUTER_BOUND('',#1425,.T.);
#943=FACE_OUTER_BOUND('',#1426,.T.);
#944=FACE_OUTER_BOUND('',#1427,.T.);
#945=FACE_OUTER_BOUND('',#1428,.T.);
#946=FACE_OUTER_BOUND('',#1429,.T.);
#947=FACE_OUTER_BOUND('',#1430,.T.);
#948=FACE_OUTER_BOUND('',#1431,.T.);
#949=FACE_OUTER_BOUND('',#1432,.T.);
#950=FACE_OUTER_BOUND('',#1433,.T.);
#951=FACE_OUTER_BOUND('',#1434,.T.);
#952=FACE_OUTER_BOUND('',#1435,.T.);
#953=FACE_OUTER_BOUND('',#1436,.T.);
#954=FACE_OUTER_BOUND('',#1437,.T.);
#955=FACE_OUTER_BOUND('',#1438,.T.);
#956=FACE_OUTER_BOUND('',#1439,.T.);
#957=FACE_OUTER_BOUND('',#1440,.T.);
#958=FACE_OUTER_BOUND('',#1441,.T.);
#959=FACE_OUTER_BOUND('',#1442,.T.);
#960=FACE_OUTER_BOUND('',#1443,.T.);
#961=FACE_OUTER_BOUND('',#1444,.T.);
#962=FACE_OUTER_BOUND('',#1445,.T.);
#963=FACE_OUTER_BOUND('',#1446,.T.);
#964=FACE_OUTER_BOUND('',#1447,.T.);
#965=FACE_OUTER_BOUND('',#1448,.T.);
#966=FACE_OUTER_BOUND('',#1449,.T.);
#967=FACE_OUTER_BOUND('',#1450,.T.);
#968=FACE_OUTER_BOUND('',#1451,.T.);
#969=FACE_OUTER_BOUND('',#1452,.T.);
#970=FACE_OUTER_BOUND('',#1453,.T.);
#971=FACE_OUTER_BOUND('',#1454,.T.);
#972=FACE_OUTER_BOUND('',#1455,.T.);
#973=FACE_OUTER_BOUND('',#1456,.T.);
#974=FACE_OUTER_BOUND('',#1457,.T.);
#975=FACE_OUTER_BOUND('',#1458,.T.);
#976=FACE_OUTER_BOUND('',#1459,.T.);
#977=FACE_OUTER_BOUND('',#1460,.T.);
#978=FACE_OUTER_BOUND('',#1461,.T.);
#979=FACE_OUTER_BOUND('',#1462,.T.);
#980=FACE_OUTER_BOUND('',#1463,.T.);
#981=FACE_OUTER_BOUND('',#1464,.T.);
#982=FACE_OUTER_BOUND('',#1465,.T.);
#983=FACE_OUTER_BOUND('',#1466,.T.);
#984=FACE_OUTER_BOUND('',#1467,.T.);
#985=FACE_OUTER_BOUND('',#1468,.T.);
#986=FACE_OUTER_BOUND('',#1469,.T.);
#987=FACE_OUTER_BOUND('',#1470,.T.);
#988=FACE_OUTER_BOUND('',#1471,.T.);
#989=FACE_OUTER_BOUND('',#1472,.T.);
#990=FACE_OUTER_BOUND('',#1473,.T.);
#991=FACE_OUTER_BOUND('',#1474,.T.);
#992=FACE_OUTER_BOUND('',#1475,.T.);
#993=FACE_OUTER_BOUND('',#1476,.T.);
#994=FACE_OUTER_BOUND('',#1477,.T.);
#995=FACE_OUTER_BOUND('',#1478,.T.);
#996=FACE_OUTER_BOUND('',#1479,.T.);
#997=FACE_OUTER_BOUND('',#1480,.T.);
#998=FACE_OUTER_BOUND('',#1481,.T.);
#999=FACE_OUTER_BOUND('',#1482,.T.);
#1000=FACE_OUTER_BOUND('',#1483,.T.);
#1001=FACE_OUTER_BOUND('',#1484,.T.);
#1002=FACE_OUTER_BOUND('',#1485,.T.);
#1003=FACE_OUTER_BOUND('',#1486,.T.);
#1004=FACE_OUTER_BOUND('',#1487,.T.);
#1005=FACE_OUTER_BOUND('',#1488,.T.);
#1006=FACE_OUTER_BOUND('',#1489,.T.);
#1007=FACE_OUTER_BOUND('',#1490,.T.);
#1008=FACE_OUTER_BOUND('',#1491,.T.);
#1009=FACE_OUTER_BOUND('',#1492,.T.);
#1010=FACE_OUTER_BOUND('',#1493,.T.);
#1011=FACE_OUTER_BOUND('',#1494,.T.);
#1012=FACE_OUTER_BOUND('',#1495,.T.);
#1013=FACE_OUTER_BOUND('',#1496,.T.);
#1014=FACE_OUTER_BOUND('',#1497,.T.);
#1015=FACE_OUTER_BOUND('',#1498,.T.);
#1016=FACE_OUTER_BOUND('',#1499,.T.);
#1017=FACE_OUTER_BOUND('',#1500,.T.);
#1018=FACE_OUTER_BOUND('',#1501,.T.);
#1019=FACE_OUTER_BOUND('',#1502,.T.);
#1020=FACE_OUTER_BOUND('',#1503,.T.);
#1021=FACE_OUTER_BOUND('',#1504,.T.);
#1022=EDGE_LOOP('',(#5346,#5347,#5348,#5349));
#1023=EDGE_LOOP('',(#5350,#5351,#5352,#5353));
#1024=EDGE_LOOP('',(#5354));
#1025=EDGE_LOOP('',(#5355));
#1026=EDGE_LOOP('',(#5356,#5357,#5358,#5359,#5360,#5361,#5362,#5363,#5364,
#5365,#5366,#5367));
#1027=EDGE_LOOP('',(#5368));
#1028=EDGE_LOOP('',(#5369));
#1029=EDGE_LOOP('',(#5370,#5371,#5372,#5373));
#1030=EDGE_LOOP('',(#5374,#5375,#5376,#5377));
#1031=EDGE_LOOP('',(#5378,#5379,#5380,#5381));
#1032=EDGE_LOOP('',(#5382,#5383,#5384,#5385));
#1033=EDGE_LOOP('',(#5386));
#1034=EDGE_LOOP('',(#5387,#5388,#5389,#5390));
#1035=EDGE_LOOP('',(#5391,#5392,#5393,#5394));
#1036=EDGE_LOOP('',(#5395,#5396,#5397,#5398));
#1037=EDGE_LOOP('',(#5399));
#1038=EDGE_LOOP('',(#5400,#5401,#5402,#5403));
#1039=EDGE_LOOP('',(#5404,#5405,#5406,#5407));
#1040=EDGE_LOOP('',(#5408,#5409,#5410,#5411));
#1041=EDGE_LOOP('',(#5412));
#1042=EDGE_LOOP('',(#5413,#5414,#5415,#5416));
#1043=EDGE_LOOP('',(#5417,#5418,#5419,#5420));
#1044=EDGE_LOOP('',(#5421,#5422,#5423,#5424));
#1045=EDGE_LOOP('',(#5425,#5426,#5427,#5428));
#1046=EDGE_LOOP('',(#5429,#5430,#5431,#5432));
#1047=EDGE_LOOP('',(#5433,#5434,#5435,#5436));
#1048=EDGE_LOOP('',(#5437,#5438,#5439,#5440));
#1049=EDGE_LOOP('',(#5441));
#1050=EDGE_LOOP('',(#5442,#5443,#5444,#5445));
#1051=EDGE_LOOP('',(#5446,#5447,#5448,#5449));
#1052=EDGE_LOOP('',(#5450,#5451,#5452,#5453));
#1053=EDGE_LOOP('',(#5454));
#1054=EDGE_LOOP('',(#5455,#5456,#5457,#5458));
#1055=EDGE_LOOP('',(#5459,#5460,#5461,#5462));
#1056=EDGE_LOOP('',(#5463,#5464,#5465,#5466));
#1057=EDGE_LOOP('',(#5467));
#1058=EDGE_LOOP('',(#5468,#5469,#5470,#5471));
#1059=EDGE_LOOP('',(#5472,#5473,#5474,#5475));
#1060=EDGE_LOOP('',(#5476));
#1061=EDGE_LOOP('',(#5477));
#1062=EDGE_LOOP('',(#5478));
#1063=EDGE_LOOP('',(#5479));
#1064=EDGE_LOOP('',(#5480,#5481,#5482,#5483));
#1065=EDGE_LOOP('',(#5484,#5485,#5486,#5487));
#1066=EDGE_LOOP('',(#5488,#5489,#5490,#5491));
#1067=EDGE_LOOP('',(#5492,#5493,#5494,#5495));
#1068=EDGE_LOOP('',(#5496,#5497,#5498,#5499));
#1069=EDGE_LOOP('',(#5500,#5501,#5502,#5503));
#1070=EDGE_LOOP('',(#5504,#5505,#5506,#5507));
#1071=EDGE_LOOP('',(#5508,#5509,#5510,#5511));
#1072=EDGE_LOOP('',(#5512,#5513,#5514,#5515));
#1073=EDGE_LOOP('',(#5516,#5517,#5518,#5519));
#1074=EDGE_LOOP('',(#5520,#5521,#5522,#5523));
#1075=EDGE_LOOP('',(#5524,#5525,#5526,#5527));
#1076=EDGE_LOOP('',(#5528,#5529,#5530,#5531));
#1077=EDGE_LOOP('',(#5532,#5533,#5534,#5535));
#1078=EDGE_LOOP('',(#5536,#5537,#5538,#5539));
#1079=EDGE_LOOP('',(#5540,#5541,#5542,#5543));
#1080=EDGE_LOOP('',(#5544,#5545,#5546,#5547));
#1081=EDGE_LOOP('',(#5548,#5549,#5550,#5551));
#1082=EDGE_LOOP('',(#5552,#5553,#5554,#5555));
#1083=EDGE_LOOP('',(#5556,#5557,#5558,#5559));
#1084=EDGE_LOOP('',(#5560,#5561,#5562,#5563));
#1085=EDGE_LOOP('',(#5564,#5565,#5566,#5567));
#1086=EDGE_LOOP('',(#5568,#5569,#5570,#5571));
#1087=EDGE_LOOP('',(#5572,#5573,#5574,#5575));
#1088=EDGE_LOOP('',(#5576,#5577,#5578,#5579));
#1089=EDGE_LOOP('',(#5580,#5581,#5582,#5583));
#1090=EDGE_LOOP('',(#5584,#5585,#5586,#5587));
#1091=EDGE_LOOP('',(#5588,#5589,#5590,#5591));
#1092=EDGE_LOOP('',(#5592,#5593,#5594,#5595));
#1093=EDGE_LOOP('',(#5596,#5597,#5598,#5599));
#1094=EDGE_LOOP('',(#5600,#5601,#5602,#5603));
#1095=EDGE_LOOP('',(#5604,#5605,#5606,#5607));
#1096=EDGE_LOOP('',(#5608,#5609,#5610,#5611));
#1097=EDGE_LOOP('',(#5612,#5613,#5614,#5615));
#1098=EDGE_LOOP('',(#5616,#5617,#5618,#5619));
#1099=EDGE_LOOP('',(#5620,#5621,#5622,#5623,#5624,#5625,#5626,#5627,#5628,
#5629,#5630,#5631,#5632,#5633,#5634,#5635,#5636,#5637,#5638,#5639,#5640,
#5641,#5642,#5643,#5644,#5645,#5646,#5647,#5648,#5649,#5650,#5651,#5652,
#5653,#5654));
#1100=EDGE_LOOP('',(#5655,#5656,#5657,#5658));
#1101=EDGE_LOOP('',(#5659,#5660,#5661,#5662));
#1102=EDGE_LOOP('',(#5663,#5664,#5665,#5666));
#1103=EDGE_LOOP('',(#5667,#5668,#5669,#5670));
#1104=EDGE_LOOP('',(#5671,#5672,#5673,#5674));
#1105=EDGE_LOOP('',(#5675,#5676,#5677,#5678));
#1106=EDGE_LOOP('',(#5679,#5680,#5681,#5682));
#1107=EDGE_LOOP('',(#5683,#5684,#5685,#5686,#5687,#5688,#5689));
#1108=EDGE_LOOP('',(#5690,#5691,#5692,#5693));
#1109=EDGE_LOOP('',(#5694,#5695,#5696,#5697));
#1110=EDGE_LOOP('',(#5698,#5699,#5700,#5701));
#1111=EDGE_LOOP('',(#5702,#5703,#5704,#5705));
#1112=EDGE_LOOP('',(#5706,#5707,#5708,#5709));
#1113=EDGE_LOOP('',(#5710,#5711,#5712,#5713));
#1114=EDGE_LOOP('',(#5714,#5715,#5716,#5717));
#1115=EDGE_LOOP('',(#5718,#5719,#5720,#5721,#5722,#5723,#5724));
#1116=EDGE_LOOP('',(#5725,#5726,#5727,#5728));
#1117=EDGE_LOOP('',(#5729,#5730,#5731,#5732));
#1118=EDGE_LOOP('',(#5733,#5734,#5735,#5736));
#1119=EDGE_LOOP('',(#5737,#5738,#5739,#5740));
#1120=EDGE_LOOP('',(#5741,#5742,#5743,#5744));
#1121=EDGE_LOOP('',(#5745,#5746,#5747,#5748));
#1122=EDGE_LOOP('',(#5749,#5750,#5751,#5752));
#1123=EDGE_LOOP('',(#5753,#5754,#5755,#5756));
#1124=EDGE_LOOP('',(#5757,#5758,#5759,#5760));
#1125=EDGE_LOOP('',(#5761,#5762,#5763,#5764));
#1126=EDGE_LOOP('',(#5765,#5766,#5767,#5768));
#1127=EDGE_LOOP('',(#5769,#5770,#5771,#5772));
#1128=EDGE_LOOP('',(#5773,#5774,#5775,#5776));
#1129=EDGE_LOOP('',(#5777,#5778,#5779,#5780));
#1130=EDGE_LOOP('',(#5781,#5782,#5783,#5784));
#1131=EDGE_LOOP('',(#5785,#5786,#5787,#5788));
#1132=EDGE_LOOP('',(#5789,#5790,#5791,#5792,#5793,#5794,#5795,#5796,#5797,
#5798,#5799,#5800,#5801,#5802,#5803,#5804));
#1133=EDGE_LOOP('',(#5805,#5806,#5807,#5808));
#1134=EDGE_LOOP('',(#5809,#5810,#5811,#5812));
#1135=EDGE_LOOP('',(#5813,#5814,#5815,#5816));
#1136=EDGE_LOOP('',(#5817,#5818,#5819,#5820));
#1137=EDGE_LOOP('',(#5821,#5822,#5823,#5824));
#1138=EDGE_LOOP('',(#5825,#5826,#5827,#5828));
#1139=EDGE_LOOP('',(#5829,#5830,#5831,#5832));
#1140=EDGE_LOOP('',(#5833,#5834,#5835,#5836));
#1141=EDGE_LOOP('',(#5837,#5838,#5839,#5840));
#1142=EDGE_LOOP('',(#5841,#5842,#5843,#5844));
#1143=EDGE_LOOP('',(#5845,#5846,#5847,#5848));
#1144=EDGE_LOOP('',(#5849,#5850,#5851,#5852));
#1145=EDGE_LOOP('',(#5853,#5854,#5855,#5856));
#1146=EDGE_LOOP('',(#5857,#5858,#5859,#5860));
#1147=EDGE_LOOP('',(#5861,#5862,#5863,#5864));
#1148=EDGE_LOOP('',(#5865,#5866,#5867,#5868,#5869,#5870,#5871,#5872,#5873,
#5874,#5875,#5876,#5877,#5878,#5879));
#1149=EDGE_LOOP('',(#5880,#5881,#5882,#5883));
#1150=EDGE_LOOP('',(#5884,#5885,#5886,#5887));
#1151=EDGE_LOOP('',(#5888,#5889,#5890,#5891));
#1152=EDGE_LOOP('',(#5892,#5893,#5894,#5895));
#1153=EDGE_LOOP('',(#5896,#5897,#5898,#5899));
#1154=EDGE_LOOP('',(#5900,#5901,#5902,#5903));
#1155=EDGE_LOOP('',(#5904,#5905,#5906,#5907));
#1156=EDGE_LOOP('',(#5908,#5909,#5910,#5911));
#1157=EDGE_LOOP('',(#5912,#5913,#5914,#5915));
#1158=EDGE_LOOP('',(#5916,#5917,#5918,#5919));
#1159=EDGE_LOOP('',(#5920,#5921,#5922,#5923));
#1160=EDGE_LOOP('',(#5924,#5925,#5926,#5927));
#1161=EDGE_LOOP('',(#5928,#5929,#5930,#5931,#5932,#5933,#5934,#5935,#5936,
#5937,#5938,#5939));
#1162=EDGE_LOOP('',(#5940,#5941,#5942,#5943));
#1163=EDGE_LOOP('',(#5944,#5945,#5946,#5947));
#1164=EDGE_LOOP('',(#5948,#5949,#5950,#5951));
#1165=EDGE_LOOP('',(#5952,#5953,#5954,#5955));
#1166=EDGE_LOOP('',(#5956,#5957,#5958,#5959));
#1167=EDGE_LOOP('',(#5960,#5961,#5962,#5963));
#1168=EDGE_LOOP('',(#5964,#5965,#5966,#5967));
#1169=EDGE_LOOP('',(#5968,#5969,#5970,#5971));
#1170=EDGE_LOOP('',(#5972,#5973,#5974,#5975));
#1171=EDGE_LOOP('',(#5976,#5977,#5978,#5979));
#1172=EDGE_LOOP('',(#5980,#5981,#5982,#5983));
#1173=EDGE_LOOP('',(#5984,#5985,#5986,#5987));
#1174=EDGE_LOOP('',(#5988,#5989,#5990,#5991));
#1175=EDGE_LOOP('',(#5992,#5993,#5994,#5995));
#1176=EDGE_LOOP('',(#5996,#5997,#5998,#5999));
#1177=EDGE_LOOP('',(#6000,#6001,#6002,#6003));
#1178=EDGE_LOOP('',(#6004,#6005,#6006,#6007));
#1179=EDGE_LOOP('',(#6008,#6009,#6010,#6011));
#1180=EDGE_LOOP('',(#6012,#6013,#6014,#6015));
#1181=EDGE_LOOP('',(#6016,#6017,#6018,#6019));
#1182=EDGE_LOOP('',(#6020,#6021,#6022,#6023));
#1183=EDGE_LOOP('',(#6024,#6025,#6026,#6027));
#1184=EDGE_LOOP('',(#6028,#6029,#6030,#6031));
#1185=EDGE_LOOP('',(#6032,#6033,#6034,#6035));
#1186=EDGE_LOOP('',(#6036,#6037,#6038,#6039));
#1187=EDGE_LOOP('',(#6040,#6041,#6042,#6043));
#1188=EDGE_LOOP('',(#6044,#6045,#6046,#6047));
#1189=EDGE_LOOP('',(#6048,#6049,#6050,#6051,#6052,#6053,#6054,#6055,#6056,
#6057,#6058,#6059,#6060,#6061,#6062,#6063,#6064,#6065,#6066));
#1190=EDGE_LOOP('',(#6067,#6068,#6069,#6070,#6071,#6072,#6073,#6074));
#1191=EDGE_LOOP('',(#6075,#6076,#6077,#6078));
#1192=EDGE_LOOP('',(#6079,#6080,#6081,#6082));
#1193=EDGE_LOOP('',(#6083,#6084,#6085,#6086));
#1194=EDGE_LOOP('',(#6087,#6088,#6089,#6090));
#1195=EDGE_LOOP('',(#6091,#6092,#6093,#6094));
#1196=EDGE_LOOP('',(#6095,#6096,#6097,#6098));
#1197=EDGE_LOOP('',(#6099,#6100,#6101,#6102));
#1198=EDGE_LOOP('',(#6103,#6104,#6105,#6106,#6107,#6108,#6109));
#1199=EDGE_LOOP('',(#6110,#6111,#6112,#6113));
#1200=EDGE_LOOP('',(#6114,#6115,#6116,#6117));
#1201=EDGE_LOOP('',(#6118,#6119,#6120,#6121));
#1202=EDGE_LOOP('',(#6122,#6123,#6124,#6125));
#1203=EDGE_LOOP('',(#6126,#6127,#6128,#6129));
#1204=EDGE_LOOP('',(#6130,#6131,#6132,#6133));
#1205=EDGE_LOOP('',(#6134,#6135,#6136,#6137));
#1206=EDGE_LOOP('',(#6138,#6139,#6140,#6141,#6142,#6143,#6144));
#1207=EDGE_LOOP('',(#6145,#6146,#6147,#6148));
#1208=EDGE_LOOP('',(#6149,#6150,#6151,#6152));
#1209=EDGE_LOOP('',(#6153,#6154,#6155,#6156));
#1210=EDGE_LOOP('',(#6157,#6158,#6159,#6160));
#1211=EDGE_LOOP('',(#6161,#6162,#6163,#6164));
#1212=EDGE_LOOP('',(#6165,#6166,#6167,#6168));
#1213=EDGE_LOOP('',(#6169,#6170,#6171,#6172));
#1214=EDGE_LOOP('',(#6173,#6174,#6175,#6176));
#1215=EDGE_LOOP('',(#6177,#6178,#6179,#6180));
#1216=EDGE_LOOP('',(#6181,#6182,#6183,#6184));
#1217=EDGE_LOOP('',(#6185,#6186,#6187,#6188));
#1218=EDGE_LOOP('',(#6189,#6190,#6191,#6192));
#1219=EDGE_LOOP('',(#6193,#6194,#6195,#6196));
#1220=EDGE_LOOP('',(#6197,#6198,#6199,#6200));
#1221=EDGE_LOOP('',(#6201,#6202,#6203,#6204));
#1222=EDGE_LOOP('',(#6205,#6206,#6207,#6208,#6209,#6210,#6211,#6212,#6213,
#6214,#6215,#6216,#6217,#6218,#6219));
#1223=EDGE_LOOP('',(#6220,#6221,#6222,#6223));
#1224=EDGE_LOOP('',(#6224,#6225,#6226,#6227));
#1225=EDGE_LOOP('',(#6228,#6229,#6230,#6231));
#1226=EDGE_LOOP('',(#6232,#6233,#6234,#6235));
#1227=EDGE_LOOP('',(#6236,#6237,#6238,#6239));
#1228=EDGE_LOOP('',(#6240,#6241,#6242,#6243));
#1229=EDGE_LOOP('',(#6244,#6245,#6246,#6247));
#1230=EDGE_LOOP('',(#6248));
#1231=EDGE_LOOP('',(#6249));
#1232=EDGE_LOOP('',(#6250));
#1233=EDGE_LOOP('',(#6251));
#1234=EDGE_LOOP('',(#6252));
#1235=EDGE_LOOP('',(#6253));
#1236=EDGE_LOOP('',(#6254));
#1237=EDGE_LOOP('',(#6255,#6256,#6257,#6258,#6259,#6260,#6261,#6262,#6263,
#6264,#6265,#6266,#6267,#6268,#6269,#6270));
#1238=EDGE_LOOP('',(#6271,#6272,#6273,#6274,#6275,#6276,#6277,#6278,#6279,
#6280,#6281,#6282,#6283,#6284,#6285,#6286));
#1239=EDGE_LOOP('',(#6287,#6288,#6289,#6290,#6291,#6292,#6293,#6294,#6295,
#6296,#6297,#6298,#6299,#6300,#6301,#6302));
#1240=EDGE_LOOP('',(#6303,#6304,#6305,#6306,#6307,#6308,#6309,#6310,#6311,
#6312,#6313,#6314,#6315,#6316,#6317,#6318));
#1241=EDGE_LOOP('',(#6319,#6320,#6321,#6322,#6323,#6324,#6325,#6326,#6327,
#6328,#6329,#6330,#6331,#6332,#6333,#6334));
#1242=EDGE_LOOP('',(#6335,#6336,#6337,#6338,#6339,#6340,#6341,#6342,#6343,
#6344,#6345,#6346,#6347,#6348,#6349,#6350));
#1243=EDGE_LOOP('',(#6351,#6352,#6353,#6354,#6355,#6356,#6357,#6358,#6359,
#6360,#6361,#6362,#6363,#6364,#6365,#6366));
#1244=EDGE_LOOP('',(#6367,#6368,#6369,#6370,#6371,#6372,#6373,#6374,#6375,
#6376,#6377,#6378,#6379,#6380,#6381,#6382));
#1245=EDGE_LOOP('',(#6383,#6384,#6385,#6386));
#1246=EDGE_LOOP('',(#6387,#6388,#6389,#6390,#6391,#6392,#6393,#6394,#6395,
#6396,#6397,#6398,#6399,#6400,#6401));
#1247=EDGE_LOOP('',(#6402,#6403,#6404,#6405,#6406,#6407,#6408));
#1248=EDGE_LOOP('',(#6409,#6410,#6411,#6412,#6413,#6414,#6415));
#1249=EDGE_LOOP('',(#6416,#6417,#6418,#6419,#6420,#6421,#6422,#6423,#6424,
#6425,#6426,#6427,#6428,#6429,#6430,#6431,#6432,#6433,#6434));
#1250=EDGE_LOOP('',(#6435,#6436,#6437,#6438,#6439,#6440,#6441,#6442,#6443,
#6444,#6445,#6446));
#1251=EDGE_LOOP('',(#6447,#6448,#6449,#6450,#6451,#6452,#6453,#6454,#6455,
#6456,#6457,#6458,#6459,#6460,#6461));
#1252=EDGE_LOOP('',(#6462,#6463,#6464,#6465,#6466,#6467,#6468,#6469,#6470,
#6471,#6472,#6473,#6474,#6475,#6476,#6477));
#1253=EDGE_LOOP('',(#6478,#6479,#6480,#6481,#6482,#6483,#6484));
#1254=EDGE_LOOP('',(#6485,#6486,#6487,#6488,#6489,#6490,#6491));
#1255=EDGE_LOOP('',(#6492,#6493,#6494,#6495,#6496,#6497,#6498,#6499,#6500,
#6501,#6502,#6503,#6504,#6505,#6506,#6507,#6508,#6509,#6510,#6511,#6512,
#6513,#6514,#6515,#6516,#6517,#6518,#6519,#6520,#6521,#6522,#6523,#6524,
#6525,#6526));
#1256=EDGE_LOOP('',(#6527,#6528,#6529,#6530));
#1257=EDGE_LOOP('',(#6531,#6532,#6533,#6534));
#1258=EDGE_LOOP('',(#6535,#6536,#6537,#6538));
#1259=EDGE_LOOP('',(#6539,#6540,#6541,#6542));
#1260=EDGE_LOOP('',(#6543,#6544,#6545,#6546));
#1261=EDGE_LOOP('',(#6547,#6548,#6549,#6550));
#1262=EDGE_LOOP('',(#6551,#6552,#6553,#6554));
#1263=EDGE_LOOP('',(#6555,#6556,#6557,#6558));
#1264=EDGE_LOOP('',(#6559,#6560,#6561,#6562));
#1265=EDGE_LOOP('',(#6563,#6564,#6565,#6566));
#1266=EDGE_LOOP('',(#6567,#6568,#6569,#6570));
#1267=EDGE_LOOP('',(#6571,#6572,#6573,#6574));
#1268=EDGE_LOOP('',(#6575,#6576,#6577,#6578));
#1269=EDGE_LOOP('',(#6579,#6580,#6581,#6582));
#1270=EDGE_LOOP('',(#6583,#6584,#6585,#6586));
#1271=EDGE_LOOP('',(#6587,#6588,#6589,#6590));
#1272=EDGE_LOOP('',(#6591,#6592,#6593,#6594));
#1273=EDGE_LOOP('',(#6595,#6596,#6597,#6598));
#1274=EDGE_LOOP('',(#6599,#6600,#6601,#6602));
#1275=EDGE_LOOP('',(#6603,#6604,#6605,#6606));
#1276=EDGE_LOOP('',(#6607,#6608,#6609,#6610));
#1277=EDGE_LOOP('',(#6611,#6612,#6613,#6614));
#1278=EDGE_LOOP('',(#6615,#6616,#6617,#6618));
#1279=EDGE_LOOP('',(#6619,#6620,#6621,#6622));
#1280=EDGE_LOOP('',(#6623,#6624,#6625,#6626));
#1281=EDGE_LOOP('',(#6627,#6628,#6629,#6630));
#1282=EDGE_LOOP('',(#6631,#6632,#6633,#6634));
#1283=EDGE_LOOP('',(#6635,#6636,#6637,#6638));
#1284=EDGE_LOOP('',(#6639,#6640,#6641,#6642));
#1285=EDGE_LOOP('',(#6643,#6644,#6645,#6646));
#1286=EDGE_LOOP('',(#6647,#6648,#6649,#6650));
#1287=EDGE_LOOP('',(#6651,#6652,#6653,#6654));
#1288=EDGE_LOOP('',(#6655,#6656,#6657,#6658));
#1289=EDGE_LOOP('',(#6659,#6660,#6661,#6662));
#1290=EDGE_LOOP('',(#6663,#6664,#6665,#6666));
#1291=EDGE_LOOP('',(#6667,#6668,#6669,#6670));
#1292=EDGE_LOOP('',(#6671,#6672,#6673,#6674,#6675,#6676,#6677,#6678));
#1293=EDGE_LOOP('',(#6679,#6680,#6681,#6682));
#1294=EDGE_LOOP('',(#6683,#6684,#6685,#6686));
#1295=EDGE_LOOP('',(#6687,#6688,#6689,#6690));
#1296=EDGE_LOOP('',(#6691,#6692,#6693,#6694));
#1297=EDGE_LOOP('',(#6695));
#1298=EDGE_LOOP('',(#6696,#6697,#6698,#6699));
#1299=EDGE_LOOP('',(#6700));
#1300=EDGE_LOOP('',(#6701,#6702,#6703,#6704));
#1301=EDGE_LOOP('',(#6705));
#1302=EDGE_LOOP('',(#6706,#6707,#6708,#6709));
#1303=EDGE_LOOP('',(#6710));
#1304=EDGE_LOOP('',(#6711,#6712,#6713,#6714));
#1305=EDGE_LOOP('',(#6715,#6716,#6717,#6718));
#1306=EDGE_LOOP('',(#6719,#6720,#6721,#6722));
#1307=EDGE_LOOP('',(#6723,#6724,#6725,#6726));
#1308=EDGE_LOOP('',(#6727,#6728,#6729,#6730,#6731,#6732,#6733,#6734,#6735,
#6736,#6737,#6738));
#1309=EDGE_LOOP('',(#6739,#6740,#6741,#6742));
#1310=EDGE_LOOP('',(#6743,#6744,#6745,#6746));
#1311=EDGE_LOOP('',(#6747,#6748,#6749,#6750));
#1312=EDGE_LOOP('',(#6751,#6752,#6753,#6754));
#1313=EDGE_LOOP('',(#6755,#6756,#6757,#6758));
#1314=EDGE_LOOP('',(#6759,#6760,#6761,#6762));
#1315=EDGE_LOOP('',(#6763));
#1316=EDGE_LOOP('',(#6764));
#1317=EDGE_LOOP('',(#6765));
#1318=EDGE_LOOP('',(#6766,#6767,#6768,#6769));
#1319=EDGE_LOOP('',(#6770,#6771,#6772,#6773));
#1320=EDGE_LOOP('',(#6774,#6775,#6776,#6777));
#1321=EDGE_LOOP('',(#6778,#6779,#6780,#6781,#6782,#6783,#6784,#6785));
#1322=EDGE_LOOP('',(#6786,#6787,#6788,#6789,#6790,#6791,#6792,#6793));
#1323=EDGE_LOOP('',(#6794,#6795,#6796,#6797,#6798,#6799,#6800,#6801));
#1324=EDGE_LOOP('',(#6802,#6803,#6804,#6805,#6806,#6807,#6808,#6809));
#1325=EDGE_LOOP('',(#6810,#6811,#6812,#6813,#6814,#6815,#6816,#6817));
#1326=EDGE_LOOP('',(#6818,#6819,#6820,#6821,#6822,#6823,#6824,#6825));
#1327=EDGE_LOOP('',(#6826,#6827,#6828,#6829,#6830,#6831,#6832,#6833));
#1328=EDGE_LOOP('',(#6834,#6835,#6836,#6837,#6838,#6839,#6840,#6841));
#1329=EDGE_LOOP('',(#6842,#6843,#6844,#6845));
#1330=EDGE_LOOP('',(#6846,#6847,#6848,#6849));
#1331=EDGE_LOOP('',(#6850,#6851,#6852,#6853));
#1332=EDGE_LOOP('',(#6854,#6855,#6856,#6857));
#1333=EDGE_LOOP('',(#6858,#6859,#6860,#6861));
#1334=EDGE_LOOP('',(#6862,#6863,#6864,#6865));
#1335=EDGE_LOOP('',(#6866,#6867,#6868,#6869));
#1336=EDGE_LOOP('',(#6870,#6871,#6872,#6873));
#1337=EDGE_LOOP('',(#6874));
#1338=EDGE_LOOP('',(#6875,#6876,#6877,#6878));
#1339=EDGE_LOOP('',(#6879,#6880,#6881,#6882));
#1340=EDGE_LOOP('',(#6883,#6884,#6885,#6886));
#1341=EDGE_LOOP('',(#6887,#6888,#6889,#6890));
#1342=EDGE_LOOP('',(#6891));
#1343=EDGE_LOOP('',(#6892,#6893,#6894,#6895));
#1344=EDGE_LOOP('',(#6896,#6897,#6898,#6899));
#1345=EDGE_LOOP('',(#6900,#6901,#6902,#6903));
#1346=EDGE_LOOP('',(#6904,#6905,#6906,#6907));
#1347=EDGE_LOOP('',(#6908));
#1348=EDGE_LOOP('',(#6909,#6910,#6911,#6912));
#1349=EDGE_LOOP('',(#6913,#6914,#6915,#6916));
#1350=EDGE_LOOP('',(#6917,#6918,#6919,#6920));
#1351=EDGE_LOOP('',(#6921,#6922,#6923,#6924));
#1352=EDGE_LOOP('',(#6925));
#1353=EDGE_LOOP('',(#6926,#6927,#6928,#6929));
#1354=EDGE_LOOP('',(#6930,#6931,#6932,#6933));
#1355=EDGE_LOOP('',(#6934,#6935,#6936,#6937));
#1356=EDGE_LOOP('',(#6938,#6939,#6940,#6941));
#1357=EDGE_LOOP('',(#6942));
#1358=EDGE_LOOP('',(#6943,#6944,#6945,#6946));
#1359=EDGE_LOOP('',(#6947,#6948,#6949,#6950));
#1360=EDGE_LOOP('',(#6951,#6952,#6953,#6954));
#1361=EDGE_LOOP('',(#6955,#6956,#6957,#6958));
#1362=EDGE_LOOP('',(#6959,#6960,#6961,#6962));
#1363=EDGE_LOOP('',(#6963,#6964,#6965,#6966));
#1364=EDGE_LOOP('',(#6967,#6968,#6969,#6970));
#1365=EDGE_LOOP('',(#6971,#6972,#6973,#6974));
#1366=EDGE_LOOP('',(#6975,#6976,#6977,#6978));
#1367=EDGE_LOOP('',(#6979,#6980,#6981,#6982));
#1368=EDGE_LOOP('',(#6983,#6984,#6985,#6986));
#1369=EDGE_LOOP('',(#6987,#6988,#6989,#6990));
#1370=EDGE_LOOP('',(#6991,#6992,#6993,#6994));
#1371=EDGE_LOOP('',(#6995,#6996,#6997,#6998));
#1372=EDGE_LOOP('',(#6999,#7000,#7001,#7002));
#1373=EDGE_LOOP('',(#7003,#7004,#7005,#7006));
#1374=EDGE_LOOP('',(#7007));
#1375=EDGE_LOOP('',(#7008,#7009,#7010,#7011));
#1376=EDGE_LOOP('',(#7012,#7013,#7014,#7015));
#1377=EDGE_LOOP('',(#7016,#7017,#7018,#7019));
#1378=EDGE_LOOP('',(#7020,#7021,#7022,#7023));
#1379=EDGE_LOOP('',(#7024,#7025,#7026,#7027));
#1380=EDGE_LOOP('',(#7028,#7029,#7030,#7031));
#1381=EDGE_LOOP('',(#7032,#7033,#7034,#7035));
#1382=EDGE_LOOP('',(#7036,#7037,#7038,#7039));
#1383=EDGE_LOOP('',(#7040,#7041,#7042,#7043));
#1384=EDGE_LOOP('',(#7044,#7045,#7046,#7047));
#1385=EDGE_LOOP('',(#7048,#7049,#7050,#7051));
#1386=EDGE_LOOP('',(#7052,#7053,#7054,#7055));
#1387=EDGE_LOOP('',(#7056,#7057,#7058,#7059));
#1388=EDGE_LOOP('',(#7060,#7061,#7062,#7063,#7064,#7065,#7066,#7067));
#1389=EDGE_LOOP('',(#7068,#7069,#7070,#7071));
#1390=EDGE_LOOP('',(#7072,#7073,#7074,#7075,#7076,#7077,#7078,#7079));
#1391=EDGE_LOOP('',(#7080,#7081,#7082,#7083));
#1392=EDGE_LOOP('',(#7084,#7085,#7086,#7087));
#1393=EDGE_LOOP('',(#7088,#7089,#7090,#7091));
#1394=EDGE_LOOP('',(#7092,#7093,#7094,#7095));
#1395=EDGE_LOOP('',(#7096,#7097,#7098,#7099));
#1396=EDGE_LOOP('',(#7100,#7101,#7102,#7103));
#1397=EDGE_LOOP('',(#7104,#7105,#7106,#7107));
#1398=EDGE_LOOP('',(#7108,#7109,#7110,#7111));
#1399=EDGE_LOOP('',(#7112,#7113,#7114,#7115));
#1400=EDGE_LOOP('',(#7116,#7117,#7118,#7119));
#1401=EDGE_LOOP('',(#7120,#7121,#7122,#7123));
#1402=EDGE_LOOP('',(#7124,#7125,#7126,#7127,#7128,#7129,#7130,#7131));
#1403=EDGE_LOOP('',(#7132,#7133,#7134,#7135,#7136,#7137,#7138,#7139));
#1404=EDGE_LOOP('',(#7140,#7141,#7142,#7143));
#1405=EDGE_LOOP('',(#7144,#7145,#7146,#7147));
#1406=EDGE_LOOP('',(#7148,#7149,#7150,#7151));
#1407=EDGE_LOOP('',(#7152,#7153,#7154,#7155));
#1408=EDGE_LOOP('',(#7156,#7157,#7158,#7159));
#1409=EDGE_LOOP('',(#7160,#7161,#7162,#7163));
#1410=EDGE_LOOP('',(#7164,#7165,#7166,#7167));
#1411=EDGE_LOOP('',(#7168,#7169,#7170,#7171));
#1412=EDGE_LOOP('',(#7172,#7173,#7174,#7175));
#1413=EDGE_LOOP('',(#7176,#7177,#7178,#7179,#7180,#7181,#7182,#7183));
#1414=EDGE_LOOP('',(#7184,#7185,#7186,#7187));
#1415=EDGE_LOOP('',(#7188,#7189,#7190,#7191,#7192,#7193,#7194,#7195));
#1416=EDGE_LOOP('',(#7196,#7197,#7198,#7199));
#1417=EDGE_LOOP('',(#7200,#7201,#7202,#7203));
#1418=EDGE_LOOP('',(#7204,#7205,#7206,#7207));
#1419=EDGE_LOOP('',(#7208,#7209,#7210,#7211));
#1420=EDGE_LOOP('',(#7212,#7213,#7214,#7215));
#1421=EDGE_LOOP('',(#7216,#7217,#7218,#7219));
#1422=EDGE_LOOP('',(#7220,#7221,#7222,#7223));
#1423=EDGE_LOOP('',(#7224,#7225,#7226,#7227));
#1424=EDGE_LOOP('',(#7228,#7229,#7230,#7231,#7232,#7233,#7234,#7235));
#1425=EDGE_LOOP('',(#7236,#7237,#7238,#7239,#7240,#7241,#7242,#7243));
#1426=EDGE_LOOP('',(#7244,#7245,#7246,#7247));
#1427=EDGE_LOOP('',(#7248,#7249,#7250,#7251));
#1428=EDGE_LOOP('',(#7252,#7253,#7254,#7255));
#1429=EDGE_LOOP('',(#7256,#7257,#7258,#7259));
#1430=EDGE_LOOP('',(#7260,#7261,#7262,#7263));
#1431=EDGE_LOOP('',(#7264,#7265,#7266,#7267));
#1432=EDGE_LOOP('',(#7268,#7269,#7270,#7271));
#1433=EDGE_LOOP('',(#7272,#7273,#7274,#7275));
#1434=EDGE_LOOP('',(#7276,#7277,#7278,#7279));
#1435=EDGE_LOOP('',(#7280,#7281,#7282,#7283));
#1436=EDGE_LOOP('',(#7284,#7285,#7286,#7287));
#1437=EDGE_LOOP('',(#7288,#7289,#7290,#7291,#7292,#7293,#7294,#7295));
#1438=EDGE_LOOP('',(#7296,#7297,#7298,#7299,#7300,#7301,#7302,#7303));
#1439=EDGE_LOOP('',(#7304,#7305,#7306,#7307));
#1440=EDGE_LOOP('',(#7308,#7309,#7310,#7311));
#1441=EDGE_LOOP('',(#7312,#7313,#7314,#7315));
#1442=EDGE_LOOP('',(#7316,#7317,#7318,#7319));
#1443=EDGE_LOOP('',(#7320,#7321,#7322,#7323));
#1444=EDGE_LOOP('',(#7324,#7325,#7326,#7327));
#1445=EDGE_LOOP('',(#7328,#7329,#7330,#7331));
#1446=EDGE_LOOP('',(#7332,#7333,#7334,#7335));
#1447=EDGE_LOOP('',(#7336,#7337,#7338,#7339));
#1448=EDGE_LOOP('',(#7340,#7341,#7342,#7343));
#1449=EDGE_LOOP('',(#7344,#7345,#7346,#7347));
#1450=EDGE_LOOP('',(#7348,#7349,#7350,#7351));
#1451=EDGE_LOOP('',(#7352,#7353,#7354,#7355));
#1452=EDGE_LOOP('',(#7356,#7357,#7358,#7359,#7360,#7361,#7362,#7363));
#1453=EDGE_LOOP('',(#7364,#7365,#7366,#7367));
#1454=EDGE_LOOP('',(#7368,#7369,#7370,#7371,#7372,#7373,#7374,#7375));
#1455=EDGE_LOOP('',(#7376,#7377,#7378,#7379));
#1456=EDGE_LOOP('',(#7380,#7381,#7382,#7383));
#1457=EDGE_LOOP('',(#7384,#7385,#7386,#7387));
#1458=EDGE_LOOP('',(#7388,#7389,#7390,#7391));
#1459=EDGE_LOOP('',(#7392,#7393,#7394,#7395));
#1460=EDGE_LOOP('',(#7396,#7397,#7398,#7399));
#1461=EDGE_LOOP('',(#7400,#7401,#7402,#7403));
#1462=EDGE_LOOP('',(#7404,#7405,#7406,#7407));
#1463=EDGE_LOOP('',(#7408,#7409,#7410,#7411));
#1464=EDGE_LOOP('',(#7412,#7413,#7414,#7415));
#1465=EDGE_LOOP('',(#7416,#7417,#7418,#7419,#7420,#7421,#7422,#7423));
#1466=EDGE_LOOP('',(#7424,#7425,#7426,#7427));
#1467=EDGE_LOOP('',(#7428,#7429,#7430,#7431,#7432,#7433,#7434,#7435));
#1468=EDGE_LOOP('',(#7436,#7437,#7438,#7439));
#1469=EDGE_LOOP('',(#7440,#7441,#7442,#7443));
#1470=EDGE_LOOP('',(#7444,#7445,#7446,#7447));
#1471=EDGE_LOOP('',(#7448,#7449,#7450,#7451));
#1472=EDGE_LOOP('',(#7452,#7453,#7454,#7455));
#1473=EDGE_LOOP('',(#7456,#7457,#7458,#7459));
#1474=EDGE_LOOP('',(#7460,#7461,#7462,#7463));
#1475=EDGE_LOOP('',(#7464,#7465,#7466,#7467));
#1476=EDGE_LOOP('',(#7468,#7469,#7470,#7471));
#1477=EDGE_LOOP('',(#7472,#7473,#7474,#7475));
#1478=EDGE_LOOP('',(#7476,#7477,#7478,#7479));
#1479=EDGE_LOOP('',(#7480,#7481,#7482,#7483,#7484,#7485,#7486,#7487));
#1480=EDGE_LOOP('',(#7488,#7489,#7490,#7491));
#1481=EDGE_LOOP('',(#7492,#7493,#7494,#7495,#7496,#7497,#7498,#7499));
#1482=EDGE_LOOP('',(#7500,#7501,#7502,#7503));
#1483=EDGE_LOOP('',(#7504,#7505,#7506,#7507));
#1484=EDGE_LOOP('',(#7508,#7509,#7510,#7511));
#1485=EDGE_LOOP('',(#7512,#7513,#7514,#7515));
#1486=EDGE_LOOP('',(#7516,#7517,#7518,#7519));
#1487=EDGE_LOOP('',(#7520,#7521,#7522,#7523));
#1488=EDGE_LOOP('',(#7524,#7525,#7526,#7527));
#1489=EDGE_LOOP('',(#7528,#7529,#7530,#7531));
#1490=EDGE_LOOP('',(#7532,#7533,#7534,#7535));
#1491=EDGE_LOOP('',(#7536,#7537,#7538,#7539));
#1492=EDGE_LOOP('',(#7540,#7541,#7542,#7543));
#1493=EDGE_LOOP('',(#7544,#7545,#7546,#7547));
#1494=EDGE_LOOP('',(#7548,#7549,#7550,#7551));
#1495=EDGE_LOOP('',(#7552,#7553,#7554,#7555));
#1496=EDGE_LOOP('',(#7556,#7557,#7558,#7559));
#1497=EDGE_LOOP('',(#7560,#7561,#7562,#7563));
#1498=EDGE_LOOP('',(#7564,#7565,#7566,#7567));
#1499=EDGE_LOOP('',(#7568,#7569,#7570,#7571));
#1500=EDGE_LOOP('',(#7572,#7573,#7574,#7575));
#1501=EDGE_LOOP('',(#7576,#7577,#7578,#7579));
#1502=EDGE_LOOP('',(#7580,#7581,#7582,#7583));
#1503=EDGE_LOOP('',(#7584,#7585,#7586,#7587));
#1504=EDGE_LOOP('',(#7588,#7589,#7590,#7591));
#1505=LINE('',#10229,#2470);
#1506=LINE('',#10234,#2471);
#1507=LINE('',#10236,#2472);
#1508=LINE('',#10238,#2473);
#1509=LINE('',#10239,#2474);
#1510=LINE('',#10246,#2475);
#1511=LINE('',#10248,#2476);
#1512=LINE('',#10250,#2477);
#1513=LINE('',#10252,#2478);
#1514=LINE('',#10254,#2479);
#1515=LINE('',#10256,#2480);
#1516=LINE('',#10258,#2481);
#1517=LINE('',#10260,#2482);
#1518=LINE('',#10262,#2483);
#1519=LINE('',#10264,#2484);
#1520=LINE('',#10266,#2485);
#1521=LINE('',#10267,#2486);
#1522=LINE('',#10273,#2487);
#1523=LINE('',#10278,#2488);
#1524=LINE('',#10282,#2489);
#1525=LINE('',#10287,#2490);
#1526=LINE('',#10289,#2491);
#1527=LINE('',#10291,#2492);
#1528=LINE('',#10292,#2493);
#1529=LINE('',#10297,#2494);
#1530=LINE('',#10301,#2495);
#1531=LINE('',#10306,#2496);
#1532=LINE('',#10308,#2497);
#1533=LINE('',#10310,#2498);
#1534=LINE('',#10311,#2499);
#1535=LINE('',#10316,#2500);
#1536=LINE('',#10320,#2501);
#1537=LINE('',#10325,#2502);
#1538=LINE('',#10327,#2503);
#1539=LINE('',#10329,#2504);
#1540=LINE('',#10330,#2505);
#1541=LINE('',#10333,#2506);
#1542=LINE('',#10338,#2507);
#1543=LINE('',#10341,#2508);
#1544=LINE('',#10346,#2509);
#1545=LINE('',#10351,#2510);
#1546=LINE('',#10355,#2511);
#1547=LINE('',#10360,#2512);
#1548=LINE('',#10362,#2513);
#1549=LINE('',#10364,#2514);
#1550=LINE('',#10365,#2515);
#1551=LINE('',#10370,#2516);
#1552=LINE('',#10374,#2517);
#1553=LINE('',#10379,#2518);
#1554=LINE('',#10381,#2519);
#1555=LINE('',#10383,#2520);
#1556=LINE('',#10384,#2521);
#1557=LINE('',#10389,#2522);
#1558=LINE('',#10393,#2523);
#1559=LINE('',#10398,#2524);
#1560=LINE('',#10400,#2525);
#1561=LINE('',#10402,#2526);
#1562=LINE('',#10403,#2527);
#1563=LINE('',#10406,#2528);
#1564=LINE('',#10411,#2529);
#1565=LINE('',#10434,#2530);
#1566=LINE('',#10441,#2531);
#1567=LINE('',#10459,#2532);
#1568=LINE('',#10482,#2533);
#1569=LINE('',#10505,#2534);
#1570=LINE('',#10528,#2535);
#1571=LINE('',#10551,#2536);
#1572=LINE('',#10574,#2537);
#1573=LINE('',#10597,#2538);
#1574=LINE('',#10620,#2539);
#1575=LINE('',#10643,#2540);
#1576=LINE('',#10666,#2541);
#1577=LINE('',#10689,#2542);
#1578=LINE('',#10712,#2543);
#1579=LINE('',#10735,#2544);
#1580=LINE('',#10743,#2545);
#1581=LINE('',#10745,#2546);
#1582=LINE('',#10746,#2547);
#1583=LINE('',#10764,#2548);
#1584=LINE('',#10787,#2549);
#1585=LINE('',#10810,#2550);
#1586=LINE('',#10833,#2551);
#1587=LINE('',#10856,#2552);
#1588=LINE('',#10879,#2553);
#1589=LINE('',#10902,#2554);
#1590=LINE('',#10925,#2555);
#1591=LINE('',#10948,#2556);
#1592=LINE('',#10971,#2557);
#1593=LINE('',#10994,#2558);
#1594=LINE('',#11017,#2559);
#1595=LINE('',#11040,#2560);
#1596=LINE('',#11063,#2561);
#1597=LINE('',#11086,#2562);
#1598=LINE('',#11109,#2563);
#1599=LINE('',#11132,#2564);
#1600=LINE('',#11155,#2565);
#1601=LINE('',#11163,#2566);
#1602=LINE('',#11165,#2567);
#1603=LINE('',#11166,#2568);
#1604=LINE('',#11191,#2569);
#1605=LINE('',#11193,#2570);
#1606=LINE('',#11195,#2571);
#1607=LINE('',#11196,#2572);
#1608=LINE('',#11199,#2573);
#1609=LINE('',#11201,#2574);
#1610=LINE('',#11202,#2575);
#1611=LINE('',#11205,#2576);
#1612=LINE('',#11207,#2577);
#1613=LINE('',#11208,#2578);
#1614=LINE('',#11211,#2579);
#1615=LINE('',#11213,#2580);
#1616=LINE('',#11214,#2581);
#1617=LINE('',#11217,#2582);
#1618=LINE('',#11219,#2583);
#1619=LINE('',#11220,#2584);
#1620=LINE('',#11223,#2585);
#1621=LINE('',#11225,#2586);
#1622=LINE('',#11226,#2587);
#1623=LINE('',#11228,#2588);
#1624=LINE('',#11229,#2589);
#1625=LINE('',#11234,#2590);
#1626=LINE('',#11236,#2591);
#1627=LINE('',#11238,#2592);
#1628=LINE('',#11239,#2593);
#1629=LINE('',#11242,#2594);
#1630=LINE('',#11244,#2595);
#1631=LINE('',#11245,#2596);
#1632=LINE('',#11248,#2597);
#1633=LINE('',#11250,#2598);
#1634=LINE('',#11251,#2599);
#1635=LINE('',#11254,#2600);
#1636=LINE('',#11256,#2601);
#1637=LINE('',#11257,#2602);
#1638=LINE('',#11260,#2603);
#1639=LINE('',#11262,#2604);
#1640=LINE('',#11263,#2605);
#1641=LINE('',#11266,#2606);
#1642=LINE('',#11268,#2607);
#1643=LINE('',#11269,#2608);
#1644=LINE('',#11271,#2609);
#1645=LINE('',#11272,#2610);
#1646=LINE('',#11277,#2611);
#1647=LINE('',#11279,#2612);
#1648=LINE('',#11281,#2613);
#1649=LINE('',#11282,#2614);
#1650=LINE('',#11300,#2615);
#1651=LINE('',#11323,#2616);
#1652=LINE('',#11331,#2617);
#1653=LINE('',#11333,#2618);
#1654=LINE('',#11334,#2619);
#1655=LINE('',#11337,#2620);
#1656=LINE('',#11339,#2621);
#1657=LINE('',#11340,#2622);
#1658=LINE('',#11343,#2623);
#1659=LINE('',#11345,#2624);
#1660=LINE('',#11346,#2625);
#1661=LINE('',#11349,#2626);
#1662=LINE('',#11351,#2627);
#1663=LINE('',#11352,#2628);
#1664=LINE('',#11355,#2629);
#1665=LINE('',#11357,#2630);
#1666=LINE('',#11358,#2631);
#1667=LINE('',#11361,#2632);
#1668=LINE('',#11363,#2633);
#1669=LINE('',#11364,#2634);
#1670=LINE('',#11382,#2635);
#1671=LINE('',#11405,#2636);
#1672=LINE('',#11413,#2637);
#1673=LINE('',#11415,#2638);
#1674=LINE('',#11416,#2639);
#1675=LINE('',#11419,#2640);
#1676=LINE('',#11421,#2641);
#1677=LINE('',#11422,#2642);
#1678=LINE('',#11425,#2643);
#1679=LINE('',#11427,#2644);
#1680=LINE('',#11428,#2645);
#1681=LINE('',#11431,#2646);
#1682=LINE('',#11433,#2647);
#1683=LINE('',#11434,#2648);
#1684=LINE('',#11436,#2649);
#1685=LINE('',#11437,#2650);
#1686=LINE('',#11442,#2651);
#1687=LINE('',#11444,#2652);
#1688=LINE('',#11446,#2653);
#1689=LINE('',#11447,#2654);
#1690=LINE('',#11450,#2655);
#1691=LINE('',#11452,#2656);
#1692=LINE('',#11453,#2657);
#1693=LINE('',#11456,#2658);
#1694=LINE('',#11458,#2659);
#1695=LINE('',#11459,#2660);
#1696=LINE('',#11462,#2661);
#1697=LINE('',#11464,#2662);
#1698=LINE('',#11465,#2663);
#1699=LINE('',#11468,#2664);
#1700=LINE('',#11470,#2665);
#1701=LINE('',#11471,#2666);
#1702=LINE('',#11474,#2667);
#1703=LINE('',#11476,#2668);
#1704=LINE('',#11477,#2669);
#1705=LINE('',#11480,#2670);
#1706=LINE('',#11482,#2671);
#1707=LINE('',#11483,#2672);
#1708=LINE('',#11486,#2673);
#1709=LINE('',#11488,#2674);
#1710=LINE('',#11489,#2675);
#1711=LINE('',#11492,#2676);
#1712=LINE('',#11494,#2677);
#1713=LINE('',#11495,#2678);
#1714=LINE('',#11513,#2679);
#1715=LINE('',#11536,#2680);
#1716=LINE('',#11544,#2681);
#1717=LINE('',#11546,#2682);
#1718=LINE('',#11547,#2683);
#1719=LINE('',#11550,#2684);
#1720=LINE('',#11552,#2685);
#1721=LINE('',#11553,#2686);
#1722=LINE('',#11556,#2687);
#1723=LINE('',#11558,#2688);
#1724=LINE('',#11559,#2689);
#1725=LINE('',#11561,#2690);
#1726=LINE('',#11562,#2691);
#1727=LINE('',#11567,#2692);
#1728=LINE('',#11569,#2693);
#1729=LINE('',#11571,#2694);
#1730=LINE('',#11572,#2695);
#1731=LINE('',#11575,#2696);
#1732=LINE('',#11577,#2697);
#1733=LINE('',#11578,#2698);
#1734=LINE('',#11581,#2699);
#1735=LINE('',#11583,#2700);
#1736=LINE('',#11584,#2701);
#1737=LINE('',#11587,#2702);
#1738=LINE('',#11589,#2703);
#1739=LINE('',#11590,#2704);
#1740=LINE('',#11593,#2705);
#1741=LINE('',#11595,#2706);
#1742=LINE('',#11596,#2707);
#1743=LINE('',#11599,#2708);
#1744=LINE('',#11601,#2709);
#1745=LINE('',#11602,#2710);
#1746=LINE('',#11605,#2711);
#1747=LINE('',#11607,#2712);
#1748=LINE('',#11608,#2713);
#1749=LINE('',#11611,#2714);
#1750=LINE('',#11613,#2715);
#1751=LINE('',#11614,#2716);
#1752=LINE('',#11617,#2717);
#1753=LINE('',#11619,#2718);
#1754=LINE('',#11620,#2719);
#1755=LINE('',#11623,#2720);
#1756=LINE('',#11625,#2721);
#1757=LINE('',#11626,#2722);
#1758=LINE('',#11629,#2723);
#1759=LINE('',#11631,#2724);
#1760=LINE('',#11632,#2725);
#1761=LINE('',#11634,#2726);
#1762=LINE('',#11635,#2727);
#1763=LINE('',#11640,#2728);
#1764=LINE('',#11642,#2729);
#1765=LINE('',#11644,#2730);
#1766=LINE('',#11645,#2731);
#1767=LINE('',#11663,#2732);
#1768=LINE('',#11686,#2733);
#1769=LINE('',#11709,#2734);
#1770=LINE('',#11732,#2735);
#1771=LINE('',#11755,#2736);
#1772=LINE('',#11763,#2737);
#1773=LINE('',#11765,#2738);
#1774=LINE('',#11766,#2739);
#1775=LINE('',#11768,#2740);
#1776=LINE('',#11769,#2741);
#1777=LINE('',#11773,#2742);
#1778=LINE('',#11775,#2743);
#1779=LINE('',#11777,#2744);
#1780=LINE('',#11778,#2745);
#1781=LINE('',#11781,#2746);
#1782=LINE('',#11783,#2747);
#1783=LINE('',#11784,#2748);
#1784=LINE('',#11802,#2749);
#1785=LINE('',#11825,#2750);
#1786=LINE('',#11848,#2751);
#1787=LINE('',#11871,#2752);
#1788=LINE('',#11879,#2753);
#1789=LINE('',#11881,#2754);
#1790=LINE('',#11882,#2755);
#1791=LINE('',#11885,#2756);
#1792=LINE('',#11887,#2757);
#1793=LINE('',#11888,#2758);
#1794=LINE('',#11891,#2759);
#1795=LINE('',#11893,#2760);
#1796=LINE('',#11894,#2761);
#1797=LINE('',#11912,#2762);
#1798=LINE('',#11935,#2763);
#1799=LINE('',#11958,#2764);
#1800=LINE('',#11981,#2765);
#1801=LINE('',#12004,#2766);
#1802=LINE('',#12027,#2767);
#1803=LINE('',#12050,#2768);
#1804=LINE('',#12058,#2769);
#1805=LINE('',#12060,#2770);
#1806=LINE('',#12061,#2771);
#1807=LINE('',#12064,#2772);
#1808=LINE('',#12066,#2773);
#1809=LINE('',#12067,#2774);
#1810=LINE('',#12069,#2775);
#1811=LINE('',#12070,#2776);
#1812=LINE('',#12075,#2777);
#1813=LINE('',#12077,#2778);
#1814=LINE('',#12079,#2779);
#1815=LINE('',#12080,#2780);
#1816=LINE('',#12083,#2781);
#1817=LINE('',#12085,#2782);
#1818=LINE('',#12086,#2783);
#1819=LINE('',#12089,#2784);
#1820=LINE('',#12091,#2785);
#1821=LINE('',#12092,#2786);
#1822=LINE('',#12095,#2787);
#1823=LINE('',#12097,#2788);
#1824=LINE('',#12098,#2789);
#1825=LINE('',#12101,#2790);
#1826=LINE('',#12103,#2791);
#1827=LINE('',#12104,#2792);
#1828=LINE('',#12107,#2793);
#1829=LINE('',#12109,#2794);
#1830=LINE('',#12110,#2795);
#1831=LINE('',#12112,#2796);
#1832=LINE('',#12113,#2797);
#1833=LINE('',#12118,#2798);
#1834=LINE('',#12120,#2799);
#1835=LINE('',#12122,#2800);
#1836=LINE('',#12123,#2801);
#1837=LINE('',#12126,#2802);
#1838=LINE('',#12128,#2803);
#1839=LINE('',#12129,#2804);
#1840=LINE('',#12132,#2805);
#1841=LINE('',#12134,#2806);
#1842=LINE('',#12135,#2807);
#1843=LINE('',#12138,#2808);
#1844=LINE('',#12140,#2809);
#1845=LINE('',#12141,#2810);
#1846=LINE('',#12144,#2811);
#1847=LINE('',#12146,#2812);
#1848=LINE('',#12147,#2813);
#1849=LINE('',#12150,#2814);
#1850=LINE('',#12152,#2815);
#1851=LINE('',#12153,#2816);
#1852=LINE('',#12155,#2817);
#1853=LINE('',#12156,#2818);
#1854=LINE('',#12161,#2819);
#1855=LINE('',#12163,#2820);
#1856=LINE('',#12165,#2821);
#1857=LINE('',#12166,#2822);
#1858=LINE('',#12169,#2823);
#1859=LINE('',#12171,#2824);
#1860=LINE('',#12172,#2825);
#1861=LINE('',#12175,#2826);
#1862=LINE('',#12177,#2827);
#1863=LINE('',#12178,#2828);
#1864=LINE('',#12181,#2829);
#1865=LINE('',#12183,#2830);
#1866=LINE('',#12184,#2831);
#1867=LINE('',#12187,#2832);
#1868=LINE('',#12189,#2833);
#1869=LINE('',#12190,#2834);
#1870=LINE('',#12193,#2835);
#1871=LINE('',#12195,#2836);
#1872=LINE('',#12196,#2837);
#1873=LINE('',#12199,#2838);
#1874=LINE('',#12201,#2839);
#1875=LINE('',#12202,#2840);
#1876=LINE('',#12205,#2841);
#1877=LINE('',#12207,#2842);
#1878=LINE('',#12208,#2843);
#1879=LINE('',#12211,#2844);
#1880=LINE('',#12213,#2845);
#1881=LINE('',#12214,#2846);
#1882=LINE('',#12232,#2847);
#1883=LINE('',#12255,#2848);
#1884=LINE('',#12263,#2849);
#1885=LINE('',#12265,#2850);
#1886=LINE('',#12266,#2851);
#1887=LINE('',#12269,#2852);
#1888=LINE('',#12271,#2853);
#1889=LINE('',#12272,#2854);
#1890=LINE('',#12275,#2855);
#1891=LINE('',#12277,#2856);
#1892=LINE('',#12278,#2857);
#1893=LINE('',#12280,#2858);
#1894=LINE('',#12281,#2859);
#1895=LINE('',#12286,#2860);
#1896=LINE('',#12288,#2861);
#1897=LINE('',#12290,#2862);
#1898=LINE('',#12291,#2863);
#1899=LINE('',#12294,#2864);
#1900=LINE('',#12296,#2865);
#1901=LINE('',#12297,#2866);
#1902=LINE('',#12300,#2867);
#1903=LINE('',#12302,#2868);
#1904=LINE('',#12303,#2869);
#1905=LINE('',#12305,#2870);
#1906=LINE('',#12306,#2871);
#1907=LINE('',#12311,#2872);
#1908=LINE('',#12313,#2873);
#1909=LINE('',#12315,#2874);
#1910=LINE('',#12316,#2875);
#1911=LINE('',#12319,#2876);
#1912=LINE('',#12321,#2877);
#1913=LINE('',#12323,#2878);
#1914=LINE('',#12324,#2879);
#1915=LINE('',#12341,#2880);
#1916=LINE('',#12343,#2881);
#1917=LINE('',#12345,#2882);
#1918=LINE('',#12347,#2883);
#1919=LINE('',#12349,#2884);
#1920=LINE('',#12351,#2885);
#1921=LINE('',#12353,#2886);
#1922=LINE('',#12355,#2887);
#1923=LINE('',#12357,#2888);
#1924=LINE('',#12359,#2889);
#1925=LINE('',#12361,#2890);
#1926=LINE('',#12363,#2891);
#1927=LINE('',#12365,#2892);
#1928=LINE('',#12367,#2893);
#1929=LINE('',#12369,#2894);
#1930=LINE('',#12370,#2895);
#1931=LINE('',#12373,#2896);
#1932=LINE('',#12375,#2897);
#1933=LINE('',#12377,#2898);
#1934=LINE('',#12379,#2899);
#1935=LINE('',#12381,#2900);
#1936=LINE('',#12383,#2901);
#1937=LINE('',#12385,#2902);
#1938=LINE('',#12387,#2903);
#1939=LINE('',#12389,#2904);
#1940=LINE('',#12391,#2905);
#1941=LINE('',#12393,#2906);
#1942=LINE('',#12395,#2907);
#1943=LINE('',#12397,#2908);
#1944=LINE('',#12399,#2909);
#1945=LINE('',#12401,#2910);
#1946=LINE('',#12402,#2911);
#1947=LINE('',#12405,#2912);
#1948=LINE('',#12407,#2913);
#1949=LINE('',#12409,#2914);
#1950=LINE('',#12411,#2915);
#1951=LINE('',#12413,#2916);
#1952=LINE('',#12415,#2917);
#1953=LINE('',#12417,#2918);
#1954=LINE('',#12419,#2919);
#1955=LINE('',#12421,#2920);
#1956=LINE('',#12423,#2921);
#1957=LINE('',#12425,#2922);
#1958=LINE('',#12427,#2923);
#1959=LINE('',#12429,#2924);
#1960=LINE('',#12431,#2925);
#1961=LINE('',#12433,#2926);
#1962=LINE('',#12434,#2927);
#1963=LINE('',#12437,#2928);
#1964=LINE('',#12439,#2929);
#1965=LINE('',#12441,#2930);
#1966=LINE('',#12443,#2931);
#1967=LINE('',#12445,#2932);
#1968=LINE('',#12447,#2933);
#1969=LINE('',#12449,#2934);
#1970=LINE('',#12451,#2935);
#1971=LINE('',#12453,#2936);
#1972=LINE('',#12455,#2937);
#1973=LINE('',#12457,#2938);
#1974=LINE('',#12459,#2939);
#1975=LINE('',#12461,#2940);
#1976=LINE('',#12463,#2941);
#1977=LINE('',#12465,#2942);
#1978=LINE('',#12466,#2943);
#1979=LINE('',#12469,#2944);
#1980=LINE('',#12471,#2945);
#1981=LINE('',#12473,#2946);
#1982=LINE('',#12475,#2947);
#1983=LINE('',#12477,#2948);
#1984=LINE('',#12479,#2949);
#1985=LINE('',#12481,#2950);
#1986=LINE('',#12483,#2951);
#1987=LINE('',#12485,#2952);
#1988=LINE('',#12487,#2953);
#1989=LINE('',#12489,#2954);
#1990=LINE('',#12491,#2955);
#1991=LINE('',#12493,#2956);
#1992=LINE('',#12495,#2957);
#1993=LINE('',#12497,#2958);
#1994=LINE('',#12498,#2959);
#1995=LINE('',#12501,#2960);
#1996=LINE('',#12503,#2961);
#1997=LINE('',#12505,#2962);
#1998=LINE('',#12507,#2963);
#1999=LINE('',#12509,#2964);
#2000=LINE('',#12511,#2965);
#2001=LINE('',#12513,#2966);
#2002=LINE('',#12515,#2967);
#2003=LINE('',#12517,#2968);
#2004=LINE('',#12519,#2969);
#2005=LINE('',#12521,#2970);
#2006=LINE('',#12523,#2971);
#2007=LINE('',#12525,#2972);
#2008=LINE('',#12527,#2973);
#2009=LINE('',#12529,#2974);
#2010=LINE('',#12530,#2975);
#2011=LINE('',#12533,#2976);
#2012=LINE('',#12535,#2977);
#2013=LINE('',#12537,#2978);
#2014=LINE('',#12539,#2979);
#2015=LINE('',#12541,#2980);
#2016=LINE('',#12543,#2981);
#2017=LINE('',#12545,#2982);
#2018=LINE('',#12547,#2983);
#2019=LINE('',#12549,#2984);
#2020=LINE('',#12551,#2985);
#2021=LINE('',#12553,#2986);
#2022=LINE('',#12555,#2987);
#2023=LINE('',#12557,#2988);
#2024=LINE('',#12559,#2989);
#2025=LINE('',#12561,#2990);
#2026=LINE('',#12562,#2991);
#2027=LINE('',#12565,#2992);
#2028=LINE('',#12567,#2993);
#2029=LINE('',#12569,#2994);
#2030=LINE('',#12571,#2995);
#2031=LINE('',#12573,#2996);
#2032=LINE('',#12575,#2997);
#2033=LINE('',#12577,#2998);
#2034=LINE('',#12579,#2999);
#2035=LINE('',#12581,#3000);
#2036=LINE('',#12583,#3001);
#2037=LINE('',#12585,#3002);
#2038=LINE('',#12587,#3003);
#2039=LINE('',#12589,#3004);
#2040=LINE('',#12591,#3005);
#2041=LINE('',#12593,#3006);
#2042=LINE('',#12594,#3007);
#2043=LINE('',#12598,#3008);
#2044=LINE('',#12600,#3009);
#2045=LINE('',#12602,#3010);
#2046=LINE('',#12603,#3011);
#2047=LINE('',#12606,#3012);
#2048=LINE('',#12608,#3013);
#2049=LINE('',#12609,#3014);
#2050=LINE('',#12612,#3015);
#2051=LINE('',#12614,#3016);
#2052=LINE('',#12615,#3017);
#2053=LINE('',#12617,#3018);
#2054=LINE('',#12618,#3019);
#2055=LINE('',#12623,#3020);
#2056=LINE('',#12625,#3021);
#2057=LINE('',#12627,#3022);
#2058=LINE('',#12628,#3023);
#2059=LINE('',#12631,#3024);
#2060=LINE('',#12633,#3025);
#2061=LINE('',#12634,#3026);
#2062=LINE('',#12637,#3027);
#2063=LINE('',#12639,#3028);
#2064=LINE('',#12640,#3029);
#2065=LINE('',#12642,#3030);
#2066=LINE('',#12643,#3031);
#2067=LINE('',#12648,#3032);
#2068=LINE('',#12650,#3033);
#2069=LINE('',#12652,#3034);
#2070=LINE('',#12653,#3035);
#2071=LINE('',#12656,#3036);
#2072=LINE('',#12658,#3037);
#2073=LINE('',#12659,#3038);
#2074=LINE('',#12662,#3039);
#2075=LINE('',#12664,#3040);
#2076=LINE('',#12665,#3041);
#2077=LINE('',#12667,#3042);
#2078=LINE('',#12668,#3043);
#2079=LINE('',#12673,#3044);
#2080=LINE('',#12675,#3045);
#2081=LINE('',#12677,#3046);
#2082=LINE('',#12678,#3047);
#2083=LINE('',#12681,#3048);
#2084=LINE('',#12683,#3049);
#2085=LINE('',#12684,#3050);
#2086=LINE('',#12687,#3051);
#2087=LINE('',#12689,#3052);
#2088=LINE('',#12690,#3053);
#2089=LINE('',#12692,#3054);
#2090=LINE('',#12693,#3055);
#2091=LINE('',#12698,#3056);
#2092=LINE('',#12700,#3057);
#2093=LINE('',#12702,#3058);
#2094=LINE('',#12703,#3059);
#2095=LINE('',#12706,#3060);
#2096=LINE('',#12708,#3061);
#2097=LINE('',#12709,#3062);
#2098=LINE('',#12712,#3063);
#2099=LINE('',#12714,#3064);
#2100=LINE('',#12715,#3065);
#2101=LINE('',#12717,#3066);
#2102=LINE('',#12718,#3067);
#2103=LINE('',#12723,#3068);
#2104=LINE('',#12725,#3069);
#2105=LINE('',#12727,#3070);
#2106=LINE('',#12728,#3071);
#2107=LINE('',#12731,#3072);
#2108=LINE('',#12733,#3073);
#2109=LINE('',#12734,#3074);
#2110=LINE('',#12737,#3075);
#2111=LINE('',#12739,#3076);
#2112=LINE('',#12740,#3077);
#2113=LINE('',#12742,#3078);
#2114=LINE('',#12743,#3079);
#2115=LINE('',#12747,#3080);
#2116=LINE('',#12749,#3081);
#2117=LINE('',#12750,#3082);
#2118=LINE('',#12753,#3083);
#2119=LINE('',#12754,#3084);
#2120=LINE('',#12757,#3085);
#2121=LINE('',#12758,#3086);
#2122=LINE('',#12760,#3087);
#2123=LINE('',#12763,#3088);
#2124=LINE('',#12765,#3089);
#2125=LINE('',#12766,#3090);
#2126=LINE('',#12769,#3091);
#2127=LINE('',#12770,#3092);
#2128=LINE('',#12774,#3093);
#2129=LINE('',#12778,#3094);
#2130=LINE('',#12782,#3095);
#2131=LINE('',#12786,#3096);
#2132=LINE('',#12791,#3097);
#2133=LINE('',#12796,#3098);
#2134=LINE('',#12801,#3099);
#2135=LINE('',#12807,#3100);
#2136=LINE('',#12808,#3101);
#2137=LINE('',#12809,#3102);
#2138=LINE('',#12812,#3103);
#2139=LINE('',#12813,#3104);
#2140=LINE('',#12816,#3105);
#2141=LINE('',#12817,#3106);
#2142=LINE('',#12819,#3107);
#2143=LINE('',#12823,#3108);
#2144=LINE('',#12825,#3109);
#2145=LINE('',#12827,#3110);
#2146=LINE('',#12829,#3111);
#2147=LINE('',#12831,#3112);
#2148=LINE('',#12833,#3113);
#2149=LINE('',#12835,#3114);
#2150=LINE('',#12837,#3115);
#2151=LINE('',#12839,#3116);
#2152=LINE('',#12841,#3117);
#2153=LINE('',#12843,#3118);
#2154=LINE('',#12844,#3119);
#2155=LINE('',#12847,#3120);
#2156=LINE('',#12849,#3121);
#2157=LINE('',#12851,#3122);
#2158=LINE('',#12852,#3123);
#2159=LINE('',#12855,#3124);
#2160=LINE('',#12857,#3125);
#2161=LINE('',#12859,#3126);
#2162=LINE('',#12860,#3127);
#2163=LINE('',#12863,#3128);
#2164=LINE('',#12865,#3129);
#2165=LINE('',#12867,#3130);
#2166=LINE('',#12868,#3131);
#2167=LINE('',#12871,#3132);
#2168=LINE('',#12873,#3133);
#2169=LINE('',#12875,#3134);
#2170=LINE('',#12877,#3135);
#2171=LINE('',#12879,#3136);
#2172=LINE('',#12881,#3137);
#2173=LINE('',#12883,#3138);
#2174=LINE('',#12884,#3139);
#2175=LINE('',#12887,#3140);
#2176=LINE('',#12889,#3141);
#2177=LINE('',#12891,#3142);
#2178=LINE('',#12893,#3143);
#2179=LINE('',#12895,#3144);
#2180=LINE('',#12897,#3145);
#2181=LINE('',#12899,#3146);
#2182=LINE('',#12900,#3147);
#2183=LINE('',#12903,#3148);
#2184=LINE('',#12905,#3149);
#2185=LINE('',#12907,#3150);
#2186=LINE('',#12909,#3151);
#2187=LINE('',#12911,#3152);
#2188=LINE('',#12913,#3153);
#2189=LINE('',#12915,#3154);
#2190=LINE('',#12916,#3155);
#2191=LINE('',#12919,#3156);
#2192=LINE('',#12921,#3157);
#2193=LINE('',#12923,#3158);
#2194=LINE('',#12925,#3159);
#2195=LINE('',#12927,#3160);
#2196=LINE('',#12929,#3161);
#2197=LINE('',#12931,#3162);
#2198=LINE('',#12932,#3163);
#2199=LINE('',#12935,#3164);
#2200=LINE('',#12937,#3165);
#2201=LINE('',#12939,#3166);
#2202=LINE('',#12941,#3167);
#2203=LINE('',#12943,#3168);
#2204=LINE('',#12945,#3169);
#2205=LINE('',#12947,#3170);
#2206=LINE('',#12948,#3171);
#2207=LINE('',#12951,#3172);
#2208=LINE('',#12953,#3173);
#2209=LINE('',#12955,#3174);
#2210=LINE('',#12957,#3175);
#2211=LINE('',#12959,#3176);
#2212=LINE('',#12961,#3177);
#2213=LINE('',#12963,#3178);
#2214=LINE('',#12964,#3179);
#2215=LINE('',#12967,#3180);
#2216=LINE('',#12969,#3181);
#2217=LINE('',#12971,#3182);
#2218=LINE('',#12973,#3183);
#2219=LINE('',#12975,#3184);
#2220=LINE('',#12977,#3185);
#2221=LINE('',#12979,#3186);
#2222=LINE('',#12980,#3187);
#2223=LINE('',#12983,#3188);
#2224=LINE('',#12985,#3189);
#2225=LINE('',#12987,#3190);
#2226=LINE('',#12989,#3191);
#2227=LINE('',#12991,#3192);
#2228=LINE('',#12993,#3193);
#2229=LINE('',#12995,#3194);
#2230=LINE('',#12996,#3195);
#2231=LINE('',#12998,#3196);
#2232=LINE('',#12999,#3197);
#2233=LINE('',#13002,#3198);
#2234=LINE('',#13004,#3199);
#2235=LINE('',#13006,#3200);
#2236=LINE('',#13007,#3201);
#2237=LINE('',#13010,#3202);
#2238=LINE('',#13012,#3203);
#2239=LINE('',#13014,#3204);
#2240=LINE('',#13015,#3205);
#2241=LINE('',#13017,#3206);
#2242=LINE('',#13018,#3207);
#2243=LINE('',#13020,#3208);
#2244=LINE('',#13022,#3209);
#2245=LINE('',#13026,#3210);
#2246=LINE('',#13027,#3211);
#2247=LINE('',#13029,#3212);
#2248=LINE('',#13031,#3213);
#2249=LINE('',#13035,#3214);
#2250=LINE('',#13036,#3215);
#2251=LINE('',#13038,#3216);
#2252=LINE('',#13040,#3217);
#2253=LINE('',#13044,#3218);
#2254=LINE('',#13045,#3219);
#2255=LINE('',#13047,#3220);
#2256=LINE('',#13049,#3221);
#2257=LINE('',#13053,#3222);
#2258=LINE('',#13054,#3223);
#2259=LINE('',#13056,#3224);
#2260=LINE('',#13058,#3225);
#2261=LINE('',#13064,#3226);
#2262=LINE('',#13066,#3227);
#2263=LINE('',#13068,#3228);
#2264=LINE('',#13069,#3229);
#2265=LINE('',#13073,#3230);
#2266=LINE('',#13075,#3231);
#2267=LINE('',#13077,#3232);
#2268=LINE('',#13078,#3233);
#2269=LINE('',#13082,#3234);
#2270=LINE('',#13084,#3235);
#2271=LINE('',#13086,#3236);
#2272=LINE('',#13087,#3237);
#2273=LINE('',#13091,#3238);
#2274=LINE('',#13093,#3239);
#2275=LINE('',#13095,#3240);
#2276=LINE('',#13096,#3241);
#2277=LINE('',#13100,#3242);
#2278=LINE('',#13102,#3243);
#2279=LINE('',#13104,#3244);
#2280=LINE('',#13105,#3245);
#2281=LINE('',#13109,#3246);
#2282=LINE('',#13111,#3247);
#2283=LINE('',#13113,#3248);
#2284=LINE('',#13114,#3249);
#2285=LINE('',#13118,#3250);
#2286=LINE('',#13120,#3251);
#2287=LINE('',#13122,#3252);
#2288=LINE('',#13123,#3253);
#2289=LINE('',#13127,#3254);
#2290=LINE('',#13129,#3255);
#2291=LINE('',#13131,#3256);
#2292=LINE('',#13132,#3257);
#2293=LINE('',#13134,#3258);
#2294=LINE('',#13135,#3259);
#2295=LINE('',#13137,#3260);
#2296=LINE('',#13138,#3261);
#2297=LINE('',#13140,#3262);
#2298=LINE('',#13141,#3263);
#2299=LINE('',#13143,#3264);
#2300=LINE('',#13144,#3265);
#2301=LINE('',#13146,#3266);
#2302=LINE('',#13147,#3267);
#2303=LINE('',#13149,#3268);
#2304=LINE('',#13150,#3269);
#2305=LINE('',#13152,#3270);
#2306=LINE('',#13153,#3271);
#2307=LINE('',#13155,#3272);
#2308=LINE('',#13156,#3273);
#2309=LINE('',#13161,#3274);
#2310=LINE('',#13163,#3275);
#2311=LINE('',#13165,#3276);
#2312=LINE('',#13166,#3277);
#2313=LINE('',#13170,#3278);
#2314=LINE('',#13172,#3279);
#2315=LINE('',#13174,#3280);
#2316=LINE('',#13175,#3281);
#2317=LINE('',#13179,#3282);
#2318=LINE('',#13181,#3283);
#2319=LINE('',#13183,#3284);
#2320=LINE('',#13184,#3285);
#2321=LINE('',#13188,#3286);
#2322=LINE('',#13190,#3287);
#2323=LINE('',#13192,#3288);
#2324=LINE('',#13193,#3289);
#2325=LINE('',#13197,#3290);
#2326=LINE('',#13199,#3291);
#2327=LINE('',#13201,#3292);
#2328=LINE('',#13202,#3293);
#2329=LINE('',#13206,#3294);
#2330=LINE('',#13208,#3295);
#2331=LINE('',#13210,#3296);
#2332=LINE('',#13211,#3297);
#2333=LINE('',#13215,#3298);
#2334=LINE('',#13217,#3299);
#2335=LINE('',#13219,#3300);
#2336=LINE('',#13220,#3301);
#2337=LINE('',#13224,#3302);
#2338=LINE('',#13226,#3303);
#2339=LINE('',#13228,#3304);
#2340=LINE('',#13229,#3305);
#2341=LINE('',#13231,#3306);
#2342=LINE('',#13232,#3307);
#2343=LINE('',#13234,#3308);
#2344=LINE('',#13236,#3309);
#2345=LINE('',#13237,#3310);
#2346=LINE('',#13239,#3311);
#2347=LINE('',#13241,#3312);
#2348=LINE('',#13243,#3313);
#2349=LINE('',#13245,#3314);
#2350=LINE('',#13247,#3315);
#2351=LINE('',#13249,#3316);
#2352=LINE('',#13251,#3317);
#2353=LINE('',#13253,#3318);
#2354=LINE('',#13255,#3319);
#2355=LINE('',#13258,#3320);
#2356=LINE('',#13259,#3321);
#2357=LINE('',#13261,#3322);
#2358=LINE('',#13263,#3323);
#2359=LINE('',#13264,#3324);
#2360=LINE('',#13266,#3325);
#2361=LINE('',#13267,#3326);
#2362=LINE('',#13269,#3327);
#2363=LINE('',#13271,#3328);
#2364=LINE('',#13274,#3329);
#2365=LINE('',#13276,#3330);
#2366=LINE('',#13278,#3331);
#2367=LINE('',#13280,#3332);
#2368=LINE('',#13282,#3333);
#2369=LINE('',#13285,#3334);
#2370=LINE('',#13286,#3335);
#2371=LINE('',#13288,#3336);
#2372=LINE('',#13289,#3337);
#2373=LINE('',#13291,#3338);
#2374=LINE('',#13293,#3339);
#2375=LINE('',#13295,#3340);
#2376=LINE('',#13297,#3341);
#2377=LINE('',#13299,#3342);
#2378=LINE('',#13301,#3343);
#2379=LINE('',#13303,#3344);
#2380=LINE('',#13305,#3345);
#2381=LINE('',#13307,#3346);
#2382=LINE('',#13309,#3347);
#2383=LINE('',#13312,#3348);
#2384=LINE('',#13313,#3349);
#2385=LINE('',#13315,#3350);
#2386=LINE('',#13317,#3351);
#2387=LINE('',#13318,#3352);
#2388=LINE('',#13320,#3353);
#2389=LINE('',#13321,#3354);
#2390=LINE('',#13322,#3355);
#2391=LINE('',#13324,#3356);
#2392=LINE('',#13326,#3357);
#2393=LINE('',#13330,#3358);
#2394=LINE('',#13332,#3359);
#2395=LINE('',#13334,#3360);
#2396=LINE('',#13336,#3361);
#2397=LINE('',#13339,#3362);
#2398=LINE('',#13340,#3363);
#2399=LINE('',#13342,#3364);
#2400=LINE('',#13344,#3365);
#2401=LINE('',#13345,#3366);
#2402=LINE('',#13347,#3367);
#2403=LINE('',#13348,#3368);
#2404=LINE('',#13349,#3369);
#2405=LINE('',#13351,#3370);
#2406=LINE('',#13353,#3371);
#2407=LINE('',#13357,#3372);
#2408=LINE('',#13359,#3373);
#2409=LINE('',#13361,#3374);
#2410=LINE('',#13363,#3375);
#2411=LINE('',#13366,#3376);
#2412=LINE('',#13367,#3377);
#2413=LINE('',#13369,#3378);
#2414=LINE('',#13370,#3379);
#2415=LINE('',#13372,#3380);
#2416=LINE('',#13374,#3381);
#2417=LINE('',#13376,#3382);
#2418=LINE('',#13378,#3383);
#2419=LINE('',#13380,#3384);
#2420=LINE('',#13382,#3385);
#2421=LINE('',#13384,#3386);
#2422=LINE('',#13386,#3387);
#2423=LINE('',#13388,#3388);
#2424=LINE('',#13390,#3389);
#2425=LINE('',#13393,#3390);
#2426=LINE('',#13394,#3391);
#2427=LINE('',#13396,#3392);
#2428=LINE('',#13397,#3393);
#2429=LINE('',#13399,#3394);
#2430=LINE('',#13401,#3395);
#2431=LINE('',#13403,#3396);
#2432=LINE('',#13405,#3397);
#2433=LINE('',#13407,#3398);
#2434=LINE('',#13409,#3399);
#2435=LINE('',#13411,#3400);
#2436=LINE('',#13413,#3401);
#2437=LINE('',#13415,#3402);
#2438=LINE('',#13417,#3403);
#2439=LINE('',#13420,#3404);
#2440=LINE('',#13421,#3405);
#2441=LINE('',#13423,#3406);
#2442=LINE('',#13425,#3407);
#2443=LINE('',#13426,#3408);
#2444=LINE('',#13428,#3409);
#2445=LINE('',#13430,#3410);
#2446=LINE('',#13432,#3411);
#2447=LINE('',#13434,#3412);
#2448=LINE('',#13436,#3413);
#2449=LINE('',#13438,#3414);
#2450=LINE('',#13440,#3415);
#2451=LINE('',#13442,#3416);
#2452=LINE('',#13444,#3417);
#2453=LINE('',#13447,#3418);
#2454=LINE('',#13450,#3419);
#2455=LINE('',#13451,#3420);
#2456=LINE('',#13453,#3421);
#2457=LINE('',#13455,#3422);
#2458=LINE('',#13456,#3423);
#2459=LINE('',#13458,#3424);
#2460=LINE('',#13460,#3425);
#2461=LINE('',#13461,#3426);
#2462=LINE('',#13463,#3427);
#2463=LINE('',#13465,#3428);
#2464=LINE('',#13467,#3429);
#2465=LINE('',#13468,#3430);
#2466=LINE('',#13471,#3431);
#2467=LINE('',#13472,#3432);
#2468=LINE('',#13474,#3433);
#2469=LINE('',#13475,#3434);
#2470=VECTOR('',#8449,2.15);
#2471=VECTOR('',#8454,10.);
#2472=VECTOR('',#8455,10.);
#2473=VECTOR('',#8456,10.);
#2474=VECTOR('',#8457,10.);
#2475=VECTOR('',#8462,10.);
#2476=VECTOR('',#8463,10.);
#2477=VECTOR('',#8464,10.);
#2478=VECTOR('',#8465,10.);
#2479=VECTOR('',#8466,10.);
#2480=VECTOR('',#8467,10.);
#2481=VECTOR('',#8468,10.);
#2482=VECTOR('',#8469,10.);
#2483=VECTOR('',#8470,10.);
#2484=VECTOR('',#8471,10.);
#2485=VECTOR('',#8472,10.);
#2486=VECTOR('',#8473,10.);
#2487=VECTOR('',#8480,1.85);
#2488=VECTOR('',#8485,2.15);
#2489=VECTOR('',#8490,1.85);
#2490=VECTOR('',#8495,10.);
#2491=VECTOR('',#8496,10.);
#2492=VECTOR('',#8497,10.);
#2493=VECTOR('',#8498,10.);
#2494=VECTOR('',#8503,2.15);
#2495=VECTOR('',#8508,1.85);
#2496=VECTOR('',#8513,10.);
#2497=VECTOR('',#8514,10.);
#2498=VECTOR('',#8515,10.);
#2499=VECTOR('',#8516,10.);
#2500=VECTOR('',#8521,2.15);
#2501=VECTOR('',#8526,1.85);
#2502=VECTOR('',#8531,10.);
#2503=VECTOR('',#8532,10.);
#2504=VECTOR('',#8533,10.);
#2505=VECTOR('',#8534,10.);
#2506=VECTOR('',#8537,2.15);
#2507=VECTOR('',#8544,1.85);
#2508=VECTOR('',#8547,2.14999999999999);
#2509=VECTOR('',#8554,1.85);
#2510=VECTOR('',#8559,2.14999999999999);
#2511=VECTOR('',#8564,1.85);
#2512=VECTOR('',#8569,10.);
#2513=VECTOR('',#8570,10.);
#2514=VECTOR('',#8571,10.);
#2515=VECTOR('',#8572,10.);
#2516=VECTOR('',#8577,2.14999999999999);
#2517=VECTOR('',#8582,1.85);
#2518=VECTOR('',#8587,10.);
#2519=VECTOR('',#8588,10.);
#2520=VECTOR('',#8589,10.);
#2521=VECTOR('',#8590,10.);
#2522=VECTOR('',#8595,2.14999999999999);
#2523=VECTOR('',#8600,1.85);
#2524=VECTOR('',#8605,10.);
#2525=VECTOR('',#8606,10.);
#2526=VECTOR('',#8607,10.);
#2527=VECTOR('',#8608,10.);
#2528=VECTOR('',#8611,2.14999999999999);
#2529=VECTOR('',#8618,1.85);
#2530=VECTOR('',#8627,10.);
#2531=VECTOR('',#8628,10.);
#2532=VECTOR('',#8629,10.);
#2533=VECTOR('',#8630,10.);
#2534=VECTOR('',#8631,10.);
#2535=VECTOR('',#8632,10.);
#2536=VECTOR('',#8633,10.);
#2537=VECTOR('',#8634,10.);
#2538=VECTOR('',#8635,10.);
#2539=VECTOR('',#8636,10.);
#2540=VECTOR('',#8637,10.);
#2541=VECTOR('',#8638,10.);
#2542=VECTOR('',#8639,10.);
#2543=VECTOR('',#8640,10.);
#2544=VECTOR('',#8641,10.);
#2545=VECTOR('',#8644,10.);
#2546=VECTOR('',#8645,10.);
#2547=VECTOR('',#8646,10.);
#2548=VECTOR('',#8647,10.);
#2549=VECTOR('',#8648,10.);
#2550=VECTOR('',#8649,10.);
#2551=VECTOR('',#8650,10.);
#2552=VECTOR('',#8651,10.);
#2553=VECTOR('',#8652,10.);
#2554=VECTOR('',#8653,10.);
#2555=VECTOR('',#8654,10.);
#2556=VECTOR('',#8655,10.);
#2557=VECTOR('',#8656,10.);
#2558=VECTOR('',#8657,10.);
#2559=VECTOR('',#8658,10.);
#2560=VECTOR('',#8659,10.);
#2561=VECTOR('',#8660,10.);
#2562=VECTOR('',#8661,10.);
#2563=VECTOR('',#8662,10.);
#2564=VECTOR('',#8663,10.);
#2565=VECTOR('',#8664,10.);
#2566=VECTOR('',#8667,10.);
#2567=VECTOR('',#8668,10.);
#2568=VECTOR('',#8669,10.);
#2569=VECTOR('',#8674,10.);
#2570=VECTOR('',#8675,10.);
#2571=VECTOR('',#8676,10.);
#2572=VECTOR('',#8677,10.);
#2573=VECTOR('',#8680,10.);
#2574=VECTOR('',#8681,10.);
#2575=VECTOR('',#8682,10.);
#2576=VECTOR('',#8685,10.);
#2577=VECTOR('',#8686,10.);
#2578=VECTOR('',#8687,10.);
#2579=VECTOR('',#8690,10.);
#2580=VECTOR('',#8691,10.);
#2581=VECTOR('',#8692,10.);
#2582=VECTOR('',#8695,10.);
#2583=VECTOR('',#8696,10.);
#2584=VECTOR('',#8697,10.);
#2585=VECTOR('',#8700,10.);
#2586=VECTOR('',#8701,10.);
#2587=VECTOR('',#8702,10.);
#2588=VECTOR('',#8705,10.);
#2589=VECTOR('',#8706,10.);
#2590=VECTOR('',#8711,10.);
#2591=VECTOR('',#8712,10.);
#2592=VECTOR('',#8713,10.);
#2593=VECTOR('',#8714,10.);
#2594=VECTOR('',#8717,10.);
#2595=VECTOR('',#8718,10.);
#2596=VECTOR('',#8719,10.);
#2597=VECTOR('',#8722,10.);
#2598=VECTOR('',#8723,10.);
#2599=VECTOR('',#8724,10.);
#2600=VECTOR('',#8727,10.);
#2601=VECTOR('',#8728,10.);
#2602=VECTOR('',#8729,10.);
#2603=VECTOR('',#8732,10.);
#2604=VECTOR('',#8733,10.);
#2605=VECTOR('',#8734,10.);
#2606=VECTOR('',#8737,10.);
#2607=VECTOR('',#8738,10.);
#2608=VECTOR('',#8739,10.);
#2609=VECTOR('',#8742,10.);
#2610=VECTOR('',#8743,10.);
#2611=VECTOR('',#8748,10.);
#2612=VECTOR('',#8749,10.);
#2613=VECTOR('',#8750,10.);
#2614=VECTOR('',#8751,10.);
#2615=VECTOR('',#8752,10.);
#2616=VECTOR('',#8753,10.);
#2617=VECTOR('',#8756,10.);
#2618=VECTOR('',#8757,10.);
#2619=VECTOR('',#8758,10.);
#2620=VECTOR('',#8761,10.);
#2621=VECTOR('',#8762,10.);
#2622=VECTOR('',#8763,10.);
#2623=VECTOR('',#8766,10.);
#2624=VECTOR('',#8767,10.);
#2625=VECTOR('',#8768,10.);
#2626=VECTOR('',#8771,10.);
#2627=VECTOR('',#8772,10.);
#2628=VECTOR('',#8773,10.);
#2629=VECTOR('',#8776,10.);
#2630=VECTOR('',#8777,10.);
#2631=VECTOR('',#8778,10.);
#2632=VECTOR('',#8781,10.);
#2633=VECTOR('',#8782,10.);
#2634=VECTOR('',#8783,10.);
#2635=VECTOR('',#8784,10.);
#2636=VECTOR('',#8785,10.);
#2637=VECTOR('',#8788,10.);
#2638=VECTOR('',#8789,10.);
#2639=VECTOR('',#8790,10.);
#2640=VECTOR('',#8793,10.);
#2641=VECTOR('',#8794,10.);
#2642=VECTOR('',#8795,10.);
#2643=VECTOR('',#8798,10.);
#2644=VECTOR('',#8799,10.);
#2645=VECTOR('',#8800,10.);
#2646=VECTOR('',#8803,10.);
#2647=VECTOR('',#8804,10.);
#2648=VECTOR('',#8805,10.);
#2649=VECTOR('',#8808,10.);
#2650=VECTOR('',#8809,10.);
#2651=VECTOR('',#8814,10.);
#2652=VECTOR('',#8815,10.);
#2653=VECTOR('',#8816,10.);
#2654=VECTOR('',#8817,10.);
#2655=VECTOR('',#8820,10.);
#2656=VECTOR('',#8821,10.);
#2657=VECTOR('',#8822,10.);
#2658=VECTOR('',#8825,10.);
#2659=VECTOR('',#8826,10.);
#2660=VECTOR('',#8827,10.);
#2661=VECTOR('',#8830,10.);
#2662=VECTOR('',#8831,10.);
#2663=VECTOR('',#8832,10.);
#2664=VECTOR('',#8835,10.);
#2665=VECTOR('',#8836,10.);
#2666=VECTOR('',#8837,10.);
#2667=VECTOR('',#8840,10.);
#2668=VECTOR('',#8841,10.);
#2669=VECTOR('',#8842,10.);
#2670=VECTOR('',#8845,10.);
#2671=VECTOR('',#8846,10.);
#2672=VECTOR('',#8847,10.);
#2673=VECTOR('',#8850,10.);
#2674=VECTOR('',#8851,10.);
#2675=VECTOR('',#8852,10.);
#2676=VECTOR('',#8855,10.);
#2677=VECTOR('',#8856,10.);
#2678=VECTOR('',#8857,10.);
#2679=VECTOR('',#8858,10.);
#2680=VECTOR('',#8859,10.);
#2681=VECTOR('',#8862,10.);
#2682=VECTOR('',#8863,10.);
#2683=VECTOR('',#8864,10.);
#2684=VECTOR('',#8867,10.);
#2685=VECTOR('',#8868,10.);
#2686=VECTOR('',#8869,10.);
#2687=VECTOR('',#8872,10.);
#2688=VECTOR('',#8873,10.);
#2689=VECTOR('',#8874,10.);
#2690=VECTOR('',#8877,10.);
#2691=VECTOR('',#8878,10.);
#2692=VECTOR('',#8883,10.);
#2693=VECTOR('',#8884,10.);
#2694=VECTOR('',#8885,10.);
#2695=VECTOR('',#8886,10.);
#2696=VECTOR('',#8889,10.);
#2697=VECTOR('',#8890,10.);
#2698=VECTOR('',#8891,10.);
#2699=VECTOR('',#8894,10.);
#2700=VECTOR('',#8895,10.);
#2701=VECTOR('',#8896,10.);
#2702=VECTOR('',#8899,10.);
#2703=VECTOR('',#8900,10.);
#2704=VECTOR('',#8901,10.);
#2705=VECTOR('',#8904,10.);
#2706=VECTOR('',#8905,10.);
#2707=VECTOR('',#8906,10.);
#2708=VECTOR('',#8909,10.);
#2709=VECTOR('',#8910,10.);
#2710=VECTOR('',#8911,10.);
#2711=VECTOR('',#8914,10.);
#2712=VECTOR('',#8915,10.);
#2713=VECTOR('',#8916,10.);
#2714=VECTOR('',#8919,10.);
#2715=VECTOR('',#8920,10.);
#2716=VECTOR('',#8921,10.);
#2717=VECTOR('',#8924,10.);
#2718=VECTOR('',#8925,10.);
#2719=VECTOR('',#8926,10.);
#2720=VECTOR('',#8929,10.);
#2721=VECTOR('',#8930,10.);
#2722=VECTOR('',#8931,10.);
#2723=VECTOR('',#8934,10.);
#2724=VECTOR('',#8935,10.);
#2725=VECTOR('',#8936,10.);
#2726=VECTOR('',#8939,10.);
#2727=VECTOR('',#8940,10.);
#2728=VECTOR('',#8945,10.);
#2729=VECTOR('',#8946,10.);
#2730=VECTOR('',#8947,10.);
#2731=VECTOR('',#8948,10.);
#2732=VECTOR('',#8949,10.);
#2733=VECTOR('',#8950,10.);
#2734=VECTOR('',#8951,10.);
#2735=VECTOR('',#8952,10.);
#2736=VECTOR('',#8953,10.);
#2737=VECTOR('',#8956,10.);
#2738=VECTOR('',#8957,10.);
#2739=VECTOR('',#8958,10.);
#2740=VECTOR('',#8961,10.);
#2741=VECTOR('',#8962,10.);
#2742=VECTOR('',#8965,10.);
#2743=VECTOR('',#8966,10.);
#2744=VECTOR('',#8967,10.);
#2745=VECTOR('',#8968,10.);
#2746=VECTOR('',#8971,10.);
#2747=VECTOR('',#8972,10.);
#2748=VECTOR('',#8973,10.);
#2749=VECTOR('',#8974,10.);
#2750=VECTOR('',#8975,10.);
#2751=VECTOR('',#8976,10.);
#2752=VECTOR('',#8977,10.);
#2753=VECTOR('',#8980,10.);
#2754=VECTOR('',#8981,10.);
#2755=VECTOR('',#8982,10.);
#2756=VECTOR('',#8985,10.);
#2757=VECTOR('',#8986,10.);
#2758=VECTOR('',#8987,10.);
#2759=VECTOR('',#8990,10.);
#2760=VECTOR('',#8991,10.);
#2761=VECTOR('',#8992,10.);
#2762=VECTOR('',#8993,10.);
#2763=VECTOR('',#8994,10.);
#2764=VECTOR('',#8995,10.);
#2765=VECTOR('',#8996,10.);
#2766=VECTOR('',#8997,10.);
#2767=VECTOR('',#8998,10.);
#2768=VECTOR('',#8999,10.);
#2769=VECTOR('',#9002,10.);
#2770=VECTOR('',#9003,10.);
#2771=VECTOR('',#9004,10.);
#2772=VECTOR('',#9007,10.);
#2773=VECTOR('',#9008,10.);
#2774=VECTOR('',#9009,10.);
#2775=VECTOR('',#9012,10.);
#2776=VECTOR('',#9013,10.);
#2777=VECTOR('',#9018,10.);
#2778=VECTOR('',#9019,10.);
#2779=VECTOR('',#9020,10.);
#2780=VECTOR('',#9021,10.);
#2781=VECTOR('',#9024,10.);
#2782=VECTOR('',#9025,10.);
#2783=VECTOR('',#9026,10.);
#2784=VECTOR('',#9029,10.);
#2785=VECTOR('',#9030,10.);
#2786=VECTOR('',#9031,10.);
#2787=VECTOR('',#9034,10.);
#2788=VECTOR('',#9035,10.);
#2789=VECTOR('',#9036,10.);
#2790=VECTOR('',#9039,10.);
#2791=VECTOR('',#9040,10.);
#2792=VECTOR('',#9041,10.);
#2793=VECTOR('',#9044,10.);
#2794=VECTOR('',#9045,10.);
#2795=VECTOR('',#9046,10.);
#2796=VECTOR('',#9049,10.);
#2797=VECTOR('',#9050,10.);
#2798=VECTOR('',#9055,10.);
#2799=VECTOR('',#9056,10.);
#2800=VECTOR('',#9057,10.);
#2801=VECTOR('',#9058,10.);
#2802=VECTOR('',#9061,10.);
#2803=VECTOR('',#9062,10.);
#2804=VECTOR('',#9063,10.);
#2805=VECTOR('',#9066,10.);
#2806=VECTOR('',#9067,10.);
#2807=VECTOR('',#9068,10.);
#2808=VECTOR('',#9071,10.);
#2809=VECTOR('',#9072,10.);
#2810=VECTOR('',#9073,10.);
#2811=VECTOR('',#9076,10.);
#2812=VECTOR('',#9077,10.);
#2813=VECTOR('',#9078,10.);
#2814=VECTOR('',#9081,10.);
#2815=VECTOR('',#9082,10.);
#2816=VECTOR('',#9083,10.);
#2817=VECTOR('',#9086,10.);
#2818=VECTOR('',#9087,10.);
#2819=VECTOR('',#9092,10.);
#2820=VECTOR('',#9093,10.);
#2821=VECTOR('',#9094,10.);
#2822=VECTOR('',#9095,10.);
#2823=VECTOR('',#9098,10.);
#2824=VECTOR('',#9099,10.);
#2825=VECTOR('',#9100,10.);
#2826=VECTOR('',#9103,10.);
#2827=VECTOR('',#9104,10.);
#2828=VECTOR('',#9105,10.);
#2829=VECTOR('',#9108,10.);
#2830=VECTOR('',#9109,10.);
#2831=VECTOR('',#9110,10.);
#2832=VECTOR('',#9113,10.);
#2833=VECTOR('',#9114,10.);
#2834=VECTOR('',#9115,10.);
#2835=VECTOR('',#9118,10.);
#2836=VECTOR('',#9119,10.);
#2837=VECTOR('',#9120,10.);
#2838=VECTOR('',#9123,10.);
#2839=VECTOR('',#9124,10.);
#2840=VECTOR('',#9125,10.);
#2841=VECTOR('',#9128,10.);
#2842=VECTOR('',#9129,10.);
#2843=VECTOR('',#9130,10.);
#2844=VECTOR('',#9133,10.);
#2845=VECTOR('',#9134,10.);
#2846=VECTOR('',#9135,10.);
#2847=VECTOR('',#9136,10.);
#2848=VECTOR('',#9137,10.);
#2849=VECTOR('',#9140,10.);
#2850=VECTOR('',#9141,10.);
#2851=VECTOR('',#9142,10.);
#2852=VECTOR('',#9145,10.);
#2853=VECTOR('',#9146,10.);
#2854=VECTOR('',#9147,10.);
#2855=VECTOR('',#9150,10.);
#2856=VECTOR('',#9151,10.);
#2857=VECTOR('',#9152,10.);
#2858=VECTOR('',#9155,10.);
#2859=VECTOR('',#9156,10.);
#2860=VECTOR('',#9161,10.);
#2861=VECTOR('',#9162,10.);
#2862=VECTOR('',#9163,10.);
#2863=VECTOR('',#9164,10.);
#2864=VECTOR('',#9167,10.);
#2865=VECTOR('',#9168,10.);
#2866=VECTOR('',#9169,10.);
#2867=VECTOR('',#9172,10.);
#2868=VECTOR('',#9173,10.);
#2869=VECTOR('',#9174,10.);
#2870=VECTOR('',#9177,10.);
#2871=VECTOR('',#9178,10.);
#2872=VECTOR('',#9183,10.);
#2873=VECTOR('',#9184,10.);
#2874=VECTOR('',#9185,10.);
#2875=VECTOR('',#9186,10.);
#2876=VECTOR('',#9187,10.);
#2877=VECTOR('',#9188,10.);
#2878=VECTOR('',#9189,10.);
#2879=VECTOR('',#9190,10.);
#2880=VECTOR('',#9205,10.);
#2881=VECTOR('',#9206,10.);
#2882=VECTOR('',#9207,10.);
#2883=VECTOR('',#9208,10.);
#2884=VECTOR('',#9209,10.);
#2885=VECTOR('',#9210,10.);
#2886=VECTOR('',#9211,10.);
#2887=VECTOR('',#9212,10.);
#2888=VECTOR('',#9213,10.);
#2889=VECTOR('',#9214,10.);
#2890=VECTOR('',#9215,10.);
#2891=VECTOR('',#9216,10.);
#2892=VECTOR('',#9217,10.);
#2893=VECTOR('',#9218,10.);
#2894=VECTOR('',#9219,10.);
#2895=VECTOR('',#9220,10.);
#2896=VECTOR('',#9221,10.);
#2897=VECTOR('',#9222,10.);
#2898=VECTOR('',#9223,10.);
#2899=VECTOR('',#9224,10.);
#2900=VECTOR('',#9225,10.);
#2901=VECTOR('',#9226,10.);
#2902=VECTOR('',#9227,10.);
#2903=VECTOR('',#9228,10.);
#2904=VECTOR('',#9229,10.);
#2905=VECTOR('',#9230,10.);
#2906=VECTOR('',#9231,10.);
#2907=VECTOR('',#9232,10.);
#2908=VECTOR('',#9233,10.);
#2909=VECTOR('',#9234,10.);
#2910=VECTOR('',#9235,10.);
#2911=VECTOR('',#9236,10.);
#2912=VECTOR('',#9237,10.);
#2913=VECTOR('',#9238,10.);
#2914=VECTOR('',#9239,10.);
#2915=VECTOR('',#9240,10.);
#2916=VECTOR('',#9241,10.);
#2917=VECTOR('',#9242,10.);
#2918=VECTOR('',#9243,10.);
#2919=VECTOR('',#9244,10.);
#2920=VECTOR('',#9245,10.);
#2921=VECTOR('',#9246,10.);
#2922=VECTOR('',#9247,10.);
#2923=VECTOR('',#9248,10.);
#2924=VECTOR('',#9249,10.);
#2925=VECTOR('',#9250,10.);
#2926=VECTOR('',#9251,10.);
#2927=VECTOR('',#9252,10.);
#2928=VECTOR('',#9253,10.);
#2929=VECTOR('',#9254,10.);
#2930=VECTOR('',#9255,10.);
#2931=VECTOR('',#9256,10.);
#2932=VECTOR('',#9257,10.);
#2933=VECTOR('',#9258,10.);
#2934=VECTOR('',#9259,10.);
#2935=VECTOR('',#9260,10.);
#2936=VECTOR('',#9261,10.);
#2937=VECTOR('',#9262,10.);
#2938=VECTOR('',#9263,10.);
#2939=VECTOR('',#9264,10.);
#2940=VECTOR('',#9265,10.);
#2941=VECTOR('',#9266,10.);
#2942=VECTOR('',#9267,10.);
#2943=VECTOR('',#9268,10.);
#2944=VECTOR('',#9269,10.);
#2945=VECTOR('',#9270,10.);
#2946=VECTOR('',#9271,10.);
#2947=VECTOR('',#9272,10.);
#2948=VECTOR('',#9273,10.);
#2949=VECTOR('',#9274,10.);
#2950=VECTOR('',#9275,10.);
#2951=VECTOR('',#9276,10.);
#2952=VECTOR('',#9277,10.);
#2953=VECTOR('',#9278,10.);
#2954=VECTOR('',#9279,10.);
#2955=VECTOR('',#9280,10.);
#2956=VECTOR('',#9281,10.);
#2957=VECTOR('',#9282,10.);
#2958=VECTOR('',#9283,10.);
#2959=VECTOR('',#9284,10.);
#2960=VECTOR('',#9285,10.);
#2961=VECTOR('',#9286,10.);
#2962=VECTOR('',#9287,10.);
#2963=VECTOR('',#9288,10.);
#2964=VECTOR('',#9289,10.);
#2965=VECTOR('',#9290,10.);
#2966=VECTOR('',#9291,10.);
#2967=VECTOR('',#9292,10.);
#2968=VECTOR('',#9293,10.);
#2969=VECTOR('',#9294,10.);
#2970=VECTOR('',#9295,10.);
#2971=VECTOR('',#9296,10.);
#2972=VECTOR('',#9297,10.);
#2973=VECTOR('',#9298,10.);
#2974=VECTOR('',#9299,10.);
#2975=VECTOR('',#9300,10.);
#2976=VECTOR('',#9301,10.);
#2977=VECTOR('',#9302,10.);
#2978=VECTOR('',#9303,10.);
#2979=VECTOR('',#9304,10.);
#2980=VECTOR('',#9305,10.);
#2981=VECTOR('',#9306,10.);
#2982=VECTOR('',#9307,10.);
#2983=VECTOR('',#9308,10.);
#2984=VECTOR('',#9309,10.);
#2985=VECTOR('',#9310,10.);
#2986=VECTOR('',#9311,10.);
#2987=VECTOR('',#9312,10.);
#2988=VECTOR('',#9313,10.);
#2989=VECTOR('',#9314,10.);
#2990=VECTOR('',#9315,10.);
#2991=VECTOR('',#9316,10.);
#2992=VECTOR('',#9317,10.);
#2993=VECTOR('',#9318,10.);
#2994=VECTOR('',#9319,10.);
#2995=VECTOR('',#9320,10.);
#2996=VECTOR('',#9321,10.);
#2997=VECTOR('',#9322,10.);
#2998=VECTOR('',#9323,10.);
#2999=VECTOR('',#9324,10.);
#3000=VECTOR('',#9325,10.);
#3001=VECTOR('',#9326,10.);
#3002=VECTOR('',#9327,10.);
#3003=VECTOR('',#9328,10.);
#3004=VECTOR('',#9329,10.);
#3005=VECTOR('',#9330,10.);
#3006=VECTOR('',#9331,10.);
#3007=VECTOR('',#9332,10.);
#3008=VECTOR('',#9335,10.);
#3009=VECTOR('',#9336,10.);
#3010=VECTOR('',#9337,10.);
#3011=VECTOR('',#9338,10.);
#3012=VECTOR('',#9341,10.);
#3013=VECTOR('',#9342,10.);
#3014=VECTOR('',#9343,10.);
#3015=VECTOR('',#9346,10.);
#3016=VECTOR('',#9347,10.);
#3017=VECTOR('',#9348,10.);
#3018=VECTOR('',#9351,10.);
#3019=VECTOR('',#9352,10.);
#3020=VECTOR('',#9357,10.);
#3021=VECTOR('',#9358,10.);
#3022=VECTOR('',#9359,10.);
#3023=VECTOR('',#9360,10.);
#3024=VECTOR('',#9363,10.);
#3025=VECTOR('',#9364,10.);
#3026=VECTOR('',#9365,10.);
#3027=VECTOR('',#9368,10.);
#3028=VECTOR('',#9369,10.);
#3029=VECTOR('',#9370,10.);
#3030=VECTOR('',#9373,10.);
#3031=VECTOR('',#9374,10.);
#3032=VECTOR('',#9379,10.);
#3033=VECTOR('',#9380,10.);
#3034=VECTOR('',#9381,10.);
#3035=VECTOR('',#9382,10.);
#3036=VECTOR('',#9385,10.);
#3037=VECTOR('',#9386,10.);
#3038=VECTOR('',#9387,10.);
#3039=VECTOR('',#9390,10.);
#3040=VECTOR('',#9391,10.);
#3041=VECTOR('',#9392,10.);
#3042=VECTOR('',#9395,10.);
#3043=VECTOR('',#9396,10.);
#3044=VECTOR('',#9401,10.);
#3045=VECTOR('',#9402,10.);
#3046=VECTOR('',#9403,10.);
#3047=VECTOR('',#9404,10.);
#3048=VECTOR('',#9407,10.);
#3049=VECTOR('',#9408,10.);
#3050=VECTOR('',#9409,10.);
#3051=VECTOR('',#9412,10.);
#3052=VECTOR('',#9413,10.);
#3053=VECTOR('',#9414,10.);
#3054=VECTOR('',#9417,10.);
#3055=VECTOR('',#9418,10.);
#3056=VECTOR('',#9423,10.);
#3057=VECTOR('',#9424,10.);
#3058=VECTOR('',#9425,10.);
#3059=VECTOR('',#9426,10.);
#3060=VECTOR('',#9429,10.);
#3061=VECTOR('',#9430,10.);
#3062=VECTOR('',#9431,10.);
#3063=VECTOR('',#9434,10.);
#3064=VECTOR('',#9435,10.);
#3065=VECTOR('',#9436,10.);
#3066=VECTOR('',#9439,10.);
#3067=VECTOR('',#9440,10.);
#3068=VECTOR('',#9445,10.);
#3069=VECTOR('',#9446,10.);
#3070=VECTOR('',#9447,10.);
#3071=VECTOR('',#9448,10.);
#3072=VECTOR('',#9451,10.);
#3073=VECTOR('',#9452,10.);
#3074=VECTOR('',#9453,10.);
#3075=VECTOR('',#9456,10.);
#3076=VECTOR('',#9457,10.);
#3077=VECTOR('',#9458,10.);
#3078=VECTOR('',#9461,10.);
#3079=VECTOR('',#9462,10.);
#3080=VECTOR('',#9467,10.);
#3081=VECTOR('',#9468,10.);
#3082=VECTOR('',#9469,10.);
#3083=VECTOR('',#9472,10.);
#3084=VECTOR('',#9473,10.);
#3085=VECTOR('',#9476,10.);
#3086=VECTOR('',#9477,10.);
#3087=VECTOR('',#9480,10.);
#3088=VECTOR('',#9483,10.);
#3089=VECTOR('',#9484,10.);
#3090=VECTOR('',#9485,10.);
#3091=VECTOR('',#9488,10.);
#3092=VECTOR('',#9489,10.);
#3093=VECTOR('',#9494,1.65);
#3094=VECTOR('',#9499,1.65);
#3095=VECTOR('',#9504,1.65);
#3096=VECTOR('',#9509,3.);
#3097=VECTOR('',#9516,3.);
#3098=VECTOR('',#9523,3.);
#3099=VECTOR('',#9530,3.);
#3100=VECTOR('',#9537,10.);
#3101=VECTOR('',#9538,10.);
#3102=VECTOR('',#9539,10.);
#3103=VECTOR('',#9542,10.);
#3104=VECTOR('',#9543,10.);
#3105=VECTOR('',#9546,10.);
#3106=VECTOR('',#9547,10.);
#3107=VECTOR('',#9550,10.);
#3108=VECTOR('',#9553,10.);
#3109=VECTOR('',#9554,10.);
#3110=VECTOR('',#9555,10.);
#3111=VECTOR('',#9556,10.);
#3112=VECTOR('',#9557,10.);
#3113=VECTOR('',#9558,10.);
#3114=VECTOR('',#9559,10.);
#3115=VECTOR('',#9560,10.);
#3116=VECTOR('',#9561,10.);
#3117=VECTOR('',#9562,10.);
#3118=VECTOR('',#9563,10.);
#3119=VECTOR('',#9564,10.);
#3120=VECTOR('',#9565,10.);
#3121=VECTOR('',#9566,10.);
#3122=VECTOR('',#9567,10.);
#3123=VECTOR('',#9568,10.);
#3124=VECTOR('',#9569,10.);
#3125=VECTOR('',#9570,10.);
#3126=VECTOR('',#9571,10.);
#3127=VECTOR('',#9572,10.);
#3128=VECTOR('',#9573,10.);
#3129=VECTOR('',#9574,10.);
#3130=VECTOR('',#9575,10.);
#3131=VECTOR('',#9576,10.);
#3132=VECTOR('',#9577,10.);
#3133=VECTOR('',#9578,10.);
#3134=VECTOR('',#9579,10.);
#3135=VECTOR('',#9580,10.);
#3136=VECTOR('',#9581,10.);
#3137=VECTOR('',#9582,10.);
#3138=VECTOR('',#9583,10.);
#3139=VECTOR('',#9584,10.);
#3140=VECTOR('',#9585,10.);
#3141=VECTOR('',#9586,10.);
#3142=VECTOR('',#9587,10.);
#3143=VECTOR('',#9588,10.);
#3144=VECTOR('',#9589,10.);
#3145=VECTOR('',#9590,10.);
#3146=VECTOR('',#9591,10.);
#3147=VECTOR('',#9592,10.);
#3148=VECTOR('',#9593,10.);
#3149=VECTOR('',#9594,10.);
#3150=VECTOR('',#9595,10.);
#3151=VECTOR('',#9596,10.);
#3152=VECTOR('',#9597,10.);
#3153=VECTOR('',#9598,10.);
#3154=VECTOR('',#9599,10.);
#3155=VECTOR('',#9600,10.);
#3156=VECTOR('',#9601,10.);
#3157=VECTOR('',#9602,10.);
#3158=VECTOR('',#9603,10.);
#3159=VECTOR('',#9604,10.);
#3160=VECTOR('',#9605,10.);
#3161=VECTOR('',#9606,10.);
#3162=VECTOR('',#9607,10.);
#3163=VECTOR('',#9608,10.);
#3164=VECTOR('',#9609,10.);
#3165=VECTOR('',#9610,10.);
#3166=VECTOR('',#9611,10.);
#3167=VECTOR('',#9612,10.);
#3168=VECTOR('',#9613,10.);
#3169=VECTOR('',#9614,10.);
#3170=VECTOR('',#9615,10.);
#3171=VECTOR('',#9616,10.);
#3172=VECTOR('',#9617,10.);
#3173=VECTOR('',#9618,10.);
#3174=VECTOR('',#9619,10.);
#3175=VECTOR('',#9620,10.);
#3176=VECTOR('',#9621,10.);
#3177=VECTOR('',#9622,10.);
#3178=VECTOR('',#9623,10.);
#3179=VECTOR('',#9624,10.);
#3180=VECTOR('',#9625,10.);
#3181=VECTOR('',#9626,10.);
#3182=VECTOR('',#9627,10.);
#3183=VECTOR('',#9628,10.);
#3184=VECTOR('',#9629,10.);
#3185=VECTOR('',#9630,10.);
#3186=VECTOR('',#9631,10.);
#3187=VECTOR('',#9632,10.);
#3188=VECTOR('',#9633,10.);
#3189=VECTOR('',#9634,10.);
#3190=VECTOR('',#9635,10.);
#3191=VECTOR('',#9636,10.);
#3192=VECTOR('',#9637,10.);
#3193=VECTOR('',#9638,10.);
#3194=VECTOR('',#9639,10.);
#3195=VECTOR('',#9640,10.);
#3196=VECTOR('',#9641,10.);
#3197=VECTOR('',#9642,10.);
#3198=VECTOR('',#9643,10.);
#3199=VECTOR('',#9644,10.);
#3200=VECTOR('',#9645,10.);
#3201=VECTOR('',#9646,10.);
#3202=VECTOR('',#9647,10.);
#3203=VECTOR('',#9648,10.);
#3204=VECTOR('',#9649,10.);
#3205=VECTOR('',#9650,10.);
#3206=VECTOR('',#9653,10.);
#3207=VECTOR('',#9654,10.);
#3208=VECTOR('',#9657,10.);
#3209=VECTOR('',#9660,10.);
#3210=VECTOR('',#9667,10.);
#3211=VECTOR('',#9668,10.);
#3212=VECTOR('',#9671,10.);
#3213=VECTOR('',#9674,10.);
#3214=VECTOR('',#9681,10.);
#3215=VECTOR('',#9682,10.);
#3216=VECTOR('',#9685,10.);
#3217=VECTOR('',#9688,10.);
#3218=VECTOR('',#9695,10.);
#3219=VECTOR('',#9696,10.);
#3220=VECTOR('',#9699,10.);
#3221=VECTOR('',#9702,10.);
#3222=VECTOR('',#9709,10.);
#3223=VECTOR('',#9710,10.);
#3224=VECTOR('',#9713,10.);
#3225=VECTOR('',#9716,10.);
#3226=VECTOR('',#9723,10.);
#3227=VECTOR('',#9724,10.);
#3228=VECTOR('',#9725,10.);
#3229=VECTOR('',#9726,10.);
#3230=VECTOR('',#9729,10.);
#3231=VECTOR('',#9730,10.);
#3232=VECTOR('',#9731,10.);
#3233=VECTOR('',#9732,10.);
#3234=VECTOR('',#9735,10.);
#3235=VECTOR('',#9736,10.);
#3236=VECTOR('',#9737,10.);
#3237=VECTOR('',#9738,10.);
#3238=VECTOR('',#9741,10.);
#3239=VECTOR('',#9742,10.);
#3240=VECTOR('',#9743,10.);
#3241=VECTOR('',#9744,10.);
#3242=VECTOR('',#9747,10.);
#3243=VECTOR('',#9748,10.);
#3244=VECTOR('',#9749,10.);
#3245=VECTOR('',#9750,10.);
#3246=VECTOR('',#9753,10.);
#3247=VECTOR('',#9754,10.);
#3248=VECTOR('',#9755,10.);
#3249=VECTOR('',#9756,10.);
#3250=VECTOR('',#9759,10.);
#3251=VECTOR('',#9760,10.);
#3252=VECTOR('',#9761,10.);
#3253=VECTOR('',#9762,10.);
#3254=VECTOR('',#9765,10.);
#3255=VECTOR('',#9766,10.);
#3256=VECTOR('',#9767,10.);
#3257=VECTOR('',#9768,10.);
#3258=VECTOR('',#9771,10.);
#3259=VECTOR('',#9772,10.);
#3260=VECTOR('',#9775,10.);
#3261=VECTOR('',#9776,10.);
#3262=VECTOR('',#9779,10.);
#3263=VECTOR('',#9780,10.);
#3264=VECTOR('',#9783,10.);
#3265=VECTOR('',#9784,10.);
#3266=VECTOR('',#9787,10.);
#3267=VECTOR('',#9788,10.);
#3268=VECTOR('',#9791,10.);
#3269=VECTOR('',#9792,10.);
#3270=VECTOR('',#9795,10.);
#3271=VECTOR('',#9796,10.);
#3272=VECTOR('',#9799,10.);
#3273=VECTOR('',#9800,10.);
#3274=VECTOR('',#9805,10.);
#3275=VECTOR('',#9806,10.);
#3276=VECTOR('',#9807,10.);
#3277=VECTOR('',#9808,10.);
#3278=VECTOR('',#9811,10.);
#3279=VECTOR('',#9812,10.);
#3280=VECTOR('',#9813,10.);
#3281=VECTOR('',#9814,10.);
#3282=VECTOR('',#9817,10.);
#3283=VECTOR('',#9818,10.);
#3284=VECTOR('',#9819,10.);
#3285=VECTOR('',#9820,10.);
#3286=VECTOR('',#9823,10.);
#3287=VECTOR('',#9824,10.);
#3288=VECTOR('',#9825,10.);
#3289=VECTOR('',#9826,10.);
#3290=VECTOR('',#9829,10.);
#3291=VECTOR('',#9830,10.);
#3292=VECTOR('',#9831,10.);
#3293=VECTOR('',#9832,10.);
#3294=VECTOR('',#9835,10.);
#3295=VECTOR('',#9836,10.);
#3296=VECTOR('',#9837,10.);
#3297=VECTOR('',#9838,10.);
#3298=VECTOR('',#9841,10.);
#3299=VECTOR('',#9842,10.);
#3300=VECTOR('',#9843,10.);
#3301=VECTOR('',#9844,10.);
#3302=VECTOR('',#9847,10.);
#3303=VECTOR('',#9848,10.);
#3304=VECTOR('',#9849,10.);
#3305=VECTOR('',#9850,10.);
#3306=VECTOR('',#9853,10.);
#3307=VECTOR('',#9854,10.);
#3308=VECTOR('',#9857,10.);
#3309=VECTOR('',#9860,10.);
#3310=VECTOR('',#9861,10.);
#3311=VECTOR('',#9864,10.);
#3312=VECTOR('',#9867,10.);
#3313=VECTOR('',#9870,10.);
#3314=VECTOR('',#9873,10.);
#3315=VECTOR('',#9876,10.);
#3316=VECTOR('',#9879,10.);
#3317=VECTOR('',#9882,10.);
#3318=VECTOR('',#9885,10.);
#3319=VECTOR('',#9888,10.);
#3320=VECTOR('',#9893,10.);
#3321=VECTOR('',#9894,10.);
#3322=VECTOR('',#9897,10.);
#3323=VECTOR('',#9900,10.);
#3324=VECTOR('',#9901,10.);
#3325=VECTOR('',#9904,10.);
#3326=VECTOR('',#9905,10.);
#3327=VECTOR('',#9908,10.);
#3328=VECTOR('',#9911,10.);
#3329=VECTOR('',#9916,10.);
#3330=VECTOR('',#9919,10.);
#3331=VECTOR('',#9922,10.);
#3332=VECTOR('',#9925,10.);
#3333=VECTOR('',#9928,10.);
#3334=VECTOR('',#9933,10.);
#3335=VECTOR('',#9934,10.);
#3336=VECTOR('',#9937,10.);
#3337=VECTOR('',#9938,10.);
#3338=VECTOR('',#9941,10.);
#3339=VECTOR('',#9944,10.);
#3340=VECTOR('',#9947,10.);
#3341=VECTOR('',#9950,10.);
#3342=VECTOR('',#9953,10.);
#3343=VECTOR('',#9956,10.);
#3344=VECTOR('',#9959,10.);
#3345=VECTOR('',#9962,10.);
#3346=VECTOR('',#9965,10.);
#3347=VECTOR('',#9968,10.);
#3348=VECTOR('',#9973,10.);
#3349=VECTOR('',#9974,10.);
#3350=VECTOR('',#9977,10.);
#3351=VECTOR('',#9980,10.);
#3352=VECTOR('',#9981,10.);
#3353=VECTOR('',#9984,10.);
#3354=VECTOR('',#9985,10.);
#3355=VECTOR('',#9986,10.);
#3356=VECTOR('',#9989,10.);
#3357=VECTOR('',#9992,10.);
#3358=VECTOR('',#9999,10.);
#3359=VECTOR('',#10002,10.);
#3360=VECTOR('',#10005,10.);
#3361=VECTOR('',#10008,10.);
#3362=VECTOR('',#10013,10.);
#3363=VECTOR('',#10014,10.);
#3364=VECTOR('',#10017,10.);
#3365=VECTOR('',#10020,10.);
#3366=VECTOR('',#10021,10.);
#3367=VECTOR('',#10024,10.);
#3368=VECTOR('',#10025,10.);
#3369=VECTOR('',#10026,10.);
#3370=VECTOR('',#10029,10.);
#3371=VECTOR('',#10032,10.);
#3372=VECTOR('',#10039,10.);
#3373=VECTOR('',#10042,10.);
#3374=VECTOR('',#10045,10.);
#3375=VECTOR('',#10048,10.);
#3376=VECTOR('',#10053,10.);
#3377=VECTOR('',#10054,10.);
#3378=VECTOR('',#10057,10.);
#3379=VECTOR('',#10058,10.);
#3380=VECTOR('',#10061,10.);
#3381=VECTOR('',#10064,10.);
#3382=VECTOR('',#10067,10.);
#3383=VECTOR('',#10070,10.);
#3384=VECTOR('',#10073,10.);
#3385=VECTOR('',#10076,10.);
#3386=VECTOR('',#10079,10.);
#3387=VECTOR('',#10082,10.);
#3388=VECTOR('',#10085,10.);
#3389=VECTOR('',#10088,10.);
#3390=VECTOR('',#10093,10.);
#3391=VECTOR('',#10094,10.);
#3392=VECTOR('',#10097,10.);
#3393=VECTOR('',#10098,10.);
#3394=VECTOR('',#10101,10.);
#3395=VECTOR('',#10104,10.);
#3396=VECTOR('',#10107,10.);
#3397=VECTOR('',#10110,10.);
#3398=VECTOR('',#10113,10.);
#3399=VECTOR('',#10116,10.);
#3400=VECTOR('',#10119,10.);
#3401=VECTOR('',#10122,10.);
#3402=VECTOR('',#10125,10.);
#3403=VECTOR('',#10128,10.);
#3404=VECTOR('',#10133,10.);
#3405=VECTOR('',#10134,10.);
#3406=VECTOR('',#10137,10.);
#3407=VECTOR('',#10140,10.);
#3408=VECTOR('',#10141,10.);
#3409=VECTOR('',#10144,10.);
#3410=VECTOR('',#10147,10.);
#3411=VECTOR('',#10150,10.);
#3412=VECTOR('',#10153,10.);
#3413=VECTOR('',#10156,10.);
#3414=VECTOR('',#10159,10.);
#3415=VECTOR('',#10162,10.);
#3416=VECTOR('',#10165,10.);
#3417=VECTOR('',#10168,10.);
#3418=VECTOR('',#10173,10.);
#3419=VECTOR('',#10178,10.);
#3420=VECTOR('',#10179,10.);
#3421=VECTOR('',#10182,10.);
#3422=VECTOR('',#10185,10.);
#3423=VECTOR('',#10186,10.);
#3424=VECTOR('',#10189,10.);
#3425=VECTOR('',#10192,10.);
#3426=VECTOR('',#10193,10.);
#3427=VECTOR('',#10196,10.);
#3428=VECTOR('',#10199,10.);
#3429=VECTOR('',#10202,10.);
#3430=VECTOR('',#10203,10.);
#3431=VECTOR('',#10208,10.);
#3432=VECTOR('',#10209,10.);
#3433=VECTOR('',#10212,10.);
#3434=VECTOR('',#10213,10.);
#3435=CIRCLE('',#8037,2.45);
#3436=CIRCLE('',#8038,1.85);
#3437=CIRCLE('',#8040,2.45);
#3438=CIRCLE('',#8041,2.44999999999999);
#3439=CIRCLE('',#8042,2.44999999999999);
#3440=CIRCLE('',#8044,1.85);
#3441=CIRCLE('',#8046,2.45);
#3442=CIRCLE('',#8047,1.85);
#3443=CIRCLE('',#8049,1.85);
#3444=CIRCLE('',#8052,2.45);
#3445=CIRCLE('',#8053,1.85);
#3446=CIRCLE('',#8055,1.85);
#3447=CIRCLE('',#8058,2.45);
#3448=CIRCLE('',#8059,1.85);
#3449=CIRCLE('',#8061,1.85);
#3450=CIRCLE('',#8064,1.85);
#3451=CIRCLE('',#8066,1.85);
#3452=CIRCLE('',#8068,1.85);
#3453=CIRCLE('',#8070,1.85);
#3454=CIRCLE('',#8072,2.44999999999999);
#3455=CIRCLE('',#8073,1.85);
#3456=CIRCLE('',#8075,1.85);
#3457=CIRCLE('',#8078,2.44999999999999);
#3458=CIRCLE('',#8079,1.85);
#3459=CIRCLE('',#8081,1.85);
#3460=CIRCLE('',#8084,2.44999999999999);
#3461=CIRCLE('',#8085,1.85);
#3462=CIRCLE('',#8087,1.85);
#3463=CIRCLE('',#8090,1.85);
#3464=CIRCLE('',#8092,1.85);
#3465=CIRCLE('',#8204,1.65);
#3466=CIRCLE('',#8205,1.65);
#3467=CIRCLE('',#8206,1.65);
#3468=CIRCLE('',#8207,3.);
#3469=CIRCLE('',#8208,3.);
#3470=CIRCLE('',#8209,3.);
#3471=CIRCLE('',#8210,3.);
#3472=CIRCLE('',#8249,1.65);
#3473=CIRCLE('',#8251,1.65);
#3474=CIRCLE('',#8253,1.65);
#3475=CIRCLE('',#8255,3.);
#3476=CIRCLE('',#8258,3.);
#3477=CIRCLE('',#8261,3.);
#3478=CIRCLE('',#8264,3.);
#3479=VERTEX_POINT('',#10226);
#3480=VERTEX_POINT('',#10228);
#3481=VERTEX_POINT('',#10232);
#3482=VERTEX_POINT('',#10233);
#3483=VERTEX_POINT('',#10235);
#3484=VERTEX_POINT('',#10237);
#3485=VERTEX_POINT('',#10240);
#3486=VERTEX_POINT('',#10242);
#3487=VERTEX_POINT('',#10244);
#3488=VERTEX_POINT('',#10245);
#3489=VERTEX_POINT('',#10247);
#3490=VERTEX_POINT('',#10249);
#3491=VERTEX_POINT('',#10251);
#3492=VERTEX_POINT('',#10253);
#3493=VERTEX_POINT('',#10255);
#3494=VERTEX_POINT('',#10257);
#3495=VERTEX_POINT('',#10259);
#3496=VERTEX_POINT('',#10261);
#3497=VERTEX_POINT('',#10263);
#3498=VERTEX_POINT('',#10265);
#3499=VERTEX_POINT('',#10268);
#3500=VERTEX_POINT('',#10271);
#3501=VERTEX_POINT('',#10275);
#3502=VERTEX_POINT('',#10277);
#3503=VERTEX_POINT('',#10281);
#3504=VERTEX_POINT('',#10285);
#3505=VERTEX_POINT('',#10286);
#3506=VERTEX_POINT('',#10288);
#3507=VERTEX_POINT('',#10290);
#3508=VERTEX_POINT('',#10294);
#3509=VERTEX_POINT('',#10296);
#3510=VERTEX_POINT('',#10300);
#3511=VERTEX_POINT('',#10304);
#3512=VERTEX_POINT('',#10305);
#3513=VERTEX_POINT('',#10307);
#3514=VERTEX_POINT('',#10309);
#3515=VERTEX_POINT('',#10313);
#3516=VERTEX_POINT('',#10315);
#3517=VERTEX_POINT('',#10319);
#3518=VERTEX_POINT('',#10323);
#3519=VERTEX_POINT('',#10324);
#3520=VERTEX_POINT('',#10326);
#3521=VERTEX_POINT('',#10328);
#3522=VERTEX_POINT('',#10332);
#3523=VERTEX_POINT('',#10336);
#3524=VERTEX_POINT('',#10340);
#3525=VERTEX_POINT('',#10344);
#3526=VERTEX_POINT('',#10348);
#3527=VERTEX_POINT('',#10350);
#3528=VERTEX_POINT('',#10354);
#3529=VERTEX_POINT('',#10358);
#3530=VERTEX_POINT('',#10359);
#3531=VERTEX_POINT('',#10361);
#3532=VERTEX_POINT('',#10363);
#3533=VERTEX_POINT('',#10367);
#3534=VERTEX_POINT('',#10369);
#3535=VERTEX_POINT('',#10373);
#3536=VERTEX_POINT('',#10377);
#3537=VERTEX_POINT('',#10378);
#3538=VERTEX_POINT('',#10380);
#3539=VERTEX_POINT('',#10382);
#3540=VERTEX_POINT('',#10386);
#3541=VERTEX_POINT('',#10388);
#3542=VERTEX_POINT('',#10392);
#3543=VERTEX_POINT('',#10396);
#3544=VERTEX_POINT('',#10397);
#3545=VERTEX_POINT('',#10399);
#3546=VERTEX_POINT('',#10401);
#3547=VERTEX_POINT('',#10405);
#3548=VERTEX_POINT('',#10409);
#3549=VERTEX_POINT('',#10426);
#3550=VERTEX_POINT('',#10427);
#3551=VERTEX_POINT('',#10433);
#3552=VERTEX_POINT('',#10435);
#3553=VERTEX_POINT('',#10452);
#3554=VERTEX_POINT('',#10458);
#3555=VERTEX_POINT('',#10475);
#3556=VERTEX_POINT('',#10481);
#3557=VERTEX_POINT('',#10498);
#3558=VERTEX_POINT('',#10504);
#3559=VERTEX_POINT('',#10521);
#3560=VERTEX_POINT('',#10527);
#3561=VERTEX_POINT('',#10544);
#3562=VERTEX_POINT('',#10550);
#3563=VERTEX_POINT('',#10567);
#3564=VERTEX_POINT('',#10573);
#3565=VERTEX_POINT('',#10590);
#3566=VERTEX_POINT('',#10596);
#3567=VERTEX_POINT('',#10613);
#3568=VERTEX_POINT('',#10619);
#3569=VERTEX_POINT('',#10636);
#3570=VERTEX_POINT('',#10642);
#3571=VERTEX_POINT('',#10659);
#3572=VERTEX_POINT('',#10665);
#3573=VERTEX_POINT('',#10682);
#3574=VERTEX_POINT('',#10688);
#3575=VERTEX_POINT('',#10705);
#3576=VERTEX_POINT('',#10711);
#3577=VERTEX_POINT('',#10728);
#3578=VERTEX_POINT('',#10734);
#3579=VERTEX_POINT('',#10742);
#3580=VERTEX_POINT('',#10744);
#3581=VERTEX_POINT('',#10757);
#3582=VERTEX_POINT('',#10763);
#3583=VERTEX_POINT('',#10780);
#3584=VERTEX_POINT('',#10786);
#3585=VERTEX_POINT('',#10803);
#3586=VERTEX_POINT('',#10809);
#3587=VERTEX_POINT('',#10826);
#3588=VERTEX_POINT('',#10832);
#3589=VERTEX_POINT('',#10849);
#3590=VERTEX_POINT('',#10855);
#3591=VERTEX_POINT('',#10872);
#3592=VERTEX_POINT('',#10878);
#3593=VERTEX_POINT('',#10895);
#3594=VERTEX_POINT('',#10901);
#3595=VERTEX_POINT('',#10918);
#3596=VERTEX_POINT('',#10924);
#3597=VERTEX_POINT('',#10941);
#3598=VERTEX_POINT('',#10947);
#3599=VERTEX_POINT('',#10964);
#3600=VERTEX_POINT('',#10970);
#3601=VERTEX_POINT('',#10987);
#3602=VERTEX_POINT('',#10993);
#3603=VERTEX_POINT('',#11010);
#3604=VERTEX_POINT('',#11016);
#3605=VERTEX_POINT('',#11033);
#3606=VERTEX_POINT('',#11039);
#3607=VERTEX_POINT('',#11056);
#3608=VERTEX_POINT('',#11062);
#3609=VERTEX_POINT('',#11079);
#3610=VERTEX_POINT('',#11085);
#3611=VERTEX_POINT('',#11102);
#3612=VERTEX_POINT('',#11108);
#3613=VERTEX_POINT('',#11125);
#3614=VERTEX_POINT('',#11131);
#3615=VERTEX_POINT('',#11148);
#3616=VERTEX_POINT('',#11154);
#3617=VERTEX_POINT('',#11162);
#3618=VERTEX_POINT('',#11164);
#3619=VERTEX_POINT('',#11189);
#3620=VERTEX_POINT('',#11190);
#3621=VERTEX_POINT('',#11192);
#3622=VERTEX_POINT('',#11194);
#3623=VERTEX_POINT('',#11198);
#3624=VERTEX_POINT('',#11200);
#3625=VERTEX_POINT('',#11204);
#3626=VERTEX_POINT('',#11206);
#3627=VERTEX_POINT('',#11210);
#3628=VERTEX_POINT('',#11212);
#3629=VERTEX_POINT('',#11216);
#3630=VERTEX_POINT('',#11218);
#3631=VERTEX_POINT('',#11222);
#3632=VERTEX_POINT('',#11224);
#3633=VERTEX_POINT('',#11232);
#3634=VERTEX_POINT('',#11233);
#3635=VERTEX_POINT('',#11235);
#3636=VERTEX_POINT('',#11237);
#3637=VERTEX_POINT('',#11241);
#3638=VERTEX_POINT('',#11243);
#3639=VERTEX_POINT('',#11247);
#3640=VERTEX_POINT('',#11249);
#3641=VERTEX_POINT('',#11253);
#3642=VERTEX_POINT('',#11255);
#3643=VERTEX_POINT('',#11259);
#3644=VERTEX_POINT('',#11261);
#3645=VERTEX_POINT('',#11265);
#3646=VERTEX_POINT('',#11267);
#3647=VERTEX_POINT('',#11275);
#3648=VERTEX_POINT('',#11276);
#3649=VERTEX_POINT('',#11278);
#3650=VERTEX_POINT('',#11280);
#3651=VERTEX_POINT('',#11293);
#3652=VERTEX_POINT('',#11299);
#3653=VERTEX_POINT('',#11316);
#3654=VERTEX_POINT('',#11322);
#3655=VERTEX_POINT('',#11330);
#3656=VERTEX_POINT('',#11332);
#3657=VERTEX_POINT('',#11336);
#3658=VERTEX_POINT('',#11338);
#3659=VERTEX_POINT('',#11342);
#3660=VERTEX_POINT('',#11344);
#3661=VERTEX_POINT('',#11348);
#3662=VERTEX_POINT('',#11350);
#3663=VERTEX_POINT('',#11354);
#3664=VERTEX_POINT('',#11356);
#3665=VERTEX_POINT('',#11360);
#3666=VERTEX_POINT('',#11362);
#3667=VERTEX_POINT('',#11375);
#3668=VERTEX_POINT('',#11381);
#3669=VERTEX_POINT('',#11398);
#3670=VERTEX_POINT('',#11404);
#3671=VERTEX_POINT('',#11412);
#3672=VERTEX_POINT('',#11414);
#3673=VERTEX_POINT('',#11418);
#3674=VERTEX_POINT('',#11420);
#3675=VERTEX_POINT('',#11424);
#3676=VERTEX_POINT('',#11426);
#3677=VERTEX_POINT('',#11430);
#3678=VERTEX_POINT('',#11432);
#3679=VERTEX_POINT('',#11440);
#3680=VERTEX_POINT('',#11441);
#3681=VERTEX_POINT('',#11443);
#3682=VERTEX_POINT('',#11445);
#3683=VERTEX_POINT('',#11449);
#3684=VERTEX_POINT('',#11451);
#3685=VERTEX_POINT('',#11455);
#3686=VERTEX_POINT('',#11457);
#3687=VERTEX_POINT('',#11461);
#3688=VERTEX_POINT('',#11463);
#3689=VERTEX_POINT('',#11467);
#3690=VERTEX_POINT('',#11469);
#3691=VERTEX_POINT('',#11473);
#3692=VERTEX_POINT('',#11475);
#3693=VERTEX_POINT('',#11479);
#3694=VERTEX_POINT('',#11481);
#3695=VERTEX_POINT('',#11485);
#3696=VERTEX_POINT('',#11487);
#3697=VERTEX_POINT('',#11491);
#3698=VERTEX_POINT('',#11493);
#3699=VERTEX_POINT('',#11506);
#3700=VERTEX_POINT('',#11512);
#3701=VERTEX_POINT('',#11529);
#3702=VERTEX_POINT('',#11535);
#3703=VERTEX_POINT('',#11543);
#3704=VERTEX_POINT('',#11545);
#3705=VERTEX_POINT('',#11549);
#3706=VERTEX_POINT('',#11551);
#3707=VERTEX_POINT('',#11555);
#3708=VERTEX_POINT('',#11557);
#3709=VERTEX_POINT('',#11565);
#3710=VERTEX_POINT('',#11566);
#3711=VERTEX_POINT('',#11568);
#3712=VERTEX_POINT('',#11570);
#3713=VERTEX_POINT('',#11574);
#3714=VERTEX_POINT('',#11576);
#3715=VERTEX_POINT('',#11580);
#3716=VERTEX_POINT('',#11582);
#3717=VERTEX_POINT('',#11586);
#3718=VERTEX_POINT('',#11588);
#3719=VERTEX_POINT('',#11592);
#3720=VERTEX_POINT('',#11594);
#3721=VERTEX_POINT('',#11598);
#3722=VERTEX_POINT('',#11600);
#3723=VERTEX_POINT('',#11604);
#3724=VERTEX_POINT('',#11606);
#3725=VERTEX_POINT('',#11610);
#3726=VERTEX_POINT('',#11612);
#3727=VERTEX_POINT('',#11616);
#3728=VERTEX_POINT('',#11618);
#3729=VERTEX_POINT('',#11622);
#3730=VERTEX_POINT('',#11624);
#3731=VERTEX_POINT('',#11628);
#3732=VERTEX_POINT('',#11630);
#3733=VERTEX_POINT('',#11638);
#3734=VERTEX_POINT('',#11639);
#3735=VERTEX_POINT('',#11641);
#3736=VERTEX_POINT('',#11643);
#3737=VERTEX_POINT('',#11656);
#3738=VERTEX_POINT('',#11662);
#3739=VERTEX_POINT('',#11679);
#3740=VERTEX_POINT('',#11685);
#3741=VERTEX_POINT('',#11702);
#3742=VERTEX_POINT('',#11708);
#3743=VERTEX_POINT('',#11725);
#3744=VERTEX_POINT('',#11731);
#3745=VERTEX_POINT('',#11748);
#3746=VERTEX_POINT('',#11754);
#3747=VERTEX_POINT('',#11762);
#3748=VERTEX_POINT('',#11764);
#3749=VERTEX_POINT('',#11771);
#3750=VERTEX_POINT('',#11772);
#3751=VERTEX_POINT('',#11774);
#3752=VERTEX_POINT('',#11776);
#3753=VERTEX_POINT('',#11780);
#3754=VERTEX_POINT('',#11782);
#3755=VERTEX_POINT('',#11795);
#3756=VERTEX_POINT('',#11801);
#3757=VERTEX_POINT('',#11818);
#3758=VERTEX_POINT('',#11824);
#3759=VERTEX_POINT('',#11841);
#3760=VERTEX_POINT('',#11847);
#3761=VERTEX_POINT('',#11864);
#3762=VERTEX_POINT('',#11870);
#3763=VERTEX_POINT('',#11878);
#3764=VERTEX_POINT('',#11880);
#3765=VERTEX_POINT('',#11884);
#3766=VERTEX_POINT('',#11886);
#3767=VERTEX_POINT('',#11890);
#3768=VERTEX_POINT('',#11892);
#3769=VERTEX_POINT('',#11905);
#3770=VERTEX_POINT('',#11911);
#3771=VERTEX_POINT('',#11928);
#3772=VERTEX_POINT('',#11934);
#3773=VERTEX_POINT('',#11951);
#3774=VERTEX_POINT('',#11957);
#3775=VERTEX_POINT('',#11974);
#3776=VERTEX_POINT('',#11980);
#3777=VERTEX_POINT('',#11997);
#3778=VERTEX_POINT('',#12003);
#3779=VERTEX_POINT('',#12020);
#3780=VERTEX_POINT('',#12026);
#3781=VERTEX_POINT('',#12043);
#3782=VERTEX_POINT('',#12049);
#3783=VERTEX_POINT('',#12057);
#3784=VERTEX_POINT('',#12059);
#3785=VERTEX_POINT('',#12063);
#3786=VERTEX_POINT('',#12065);
#3787=VERTEX_POINT('',#12073);
#3788=VERTEX_POINT('',#12074);
#3789=VERTEX_POINT('',#12076);
#3790=VERTEX_POINT('',#12078);
#3791=VERTEX_POINT('',#12082);
#3792=VERTEX_POINT('',#12084);
#3793=VERTEX_POINT('',#12088);
#3794=VERTEX_POINT('',#12090);
#3795=VERTEX_POINT('',#12094);
#3796=VERTEX_POINT('',#12096);
#3797=VERTEX_POINT('',#12100);
#3798=VERTEX_POINT('',#12102);
#3799=VERTEX_POINT('',#12106);
#3800=VERTEX_POINT('',#12108);
#3801=VERTEX_POINT('',#12116);
#3802=VERTEX_POINT('',#12117);
#3803=VERTEX_POINT('',#12119);
#3804=VERTEX_POINT('',#12121);
#3805=VERTEX_POINT('',#12125);
#3806=VERTEX_POINT('',#12127);
#3807=VERTEX_POINT('',#12131);
#3808=VERTEX_POINT('',#12133);
#3809=VERTEX_POINT('',#12137);
#3810=VERTEX_POINT('',#12139);
#3811=VERTEX_POINT('',#12143);
#3812=VERTEX_POINT('',#12145);
#3813=VERTEX_POINT('',#12149);
#3814=VERTEX_POINT('',#12151);
#3815=VERTEX_POINT('',#12159);
#3816=VERTEX_POINT('',#12160);
#3817=VERTEX_POINT('',#12162);
#3818=VERTEX_POINT('',#12164);
#3819=VERTEX_POINT('',#12168);
#3820=VERTEX_POINT('',#12170);
#3821=VERTEX_POINT('',#12174);
#3822=VERTEX_POINT('',#12176);
#3823=VERTEX_POINT('',#12180);
#3824=VERTEX_POINT('',#12182);
#3825=VERTEX_POINT('',#12186);
#3826=VERTEX_POINT('',#12188);
#3827=VERTEX_POINT('',#12192);
#3828=VERTEX_POINT('',#12194);
#3829=VERTEX_POINT('',#12198);
#3830=VERTEX_POINT('',#12200);
#3831=VERTEX_POINT('',#12204);
#3832=VERTEX_POINT('',#12206);
#3833=VERTEX_POINT('',#12210);
#3834=VERTEX_POINT('',#12212);
#3835=VERTEX_POINT('',#12225);
#3836=VERTEX_POINT('',#12231);
#3837=VERTEX_POINT('',#12248);
#3838=VERTEX_POINT('',#12254);
#3839=VERTEX_POINT('',#12262);
#3840=VERTEX_POINT('',#12264);
#3841=VERTEX_POINT('',#12268);
#3842=VERTEX_POINT('',#12270);
#3843=VERTEX_POINT('',#12274);
#3844=VERTEX_POINT('',#12276);
#3845=VERTEX_POINT('',#12284);
#3846=VERTEX_POINT('',#12285);
#3847=VERTEX_POINT('',#12287);
#3848=VERTEX_POINT('',#12289);
#3849=VERTEX_POINT('',#12293);
#3850=VERTEX_POINT('',#12295);
#3851=VERTEX_POINT('',#12299);
#3852=VERTEX_POINT('',#12301);
#3853=VERTEX_POINT('',#12309);
#3854=VERTEX_POINT('',#12310);
#3855=VERTEX_POINT('',#12312);
#3856=VERTEX_POINT('',#12314);
#3857=VERTEX_POINT('',#12317);
#3858=VERTEX_POINT('',#12318);
#3859=VERTEX_POINT('',#12320);
#3860=VERTEX_POINT('',#12322);
#3861=VERTEX_POINT('',#12325);
#3862=VERTEX_POINT('',#12327);
#3863=VERTEX_POINT('',#12329);
#3864=VERTEX_POINT('',#12331);
#3865=VERTEX_POINT('',#12333);
#3866=VERTEX_POINT('',#12335);
#3867=VERTEX_POINT('',#12337);
#3868=VERTEX_POINT('',#12339);
#3869=VERTEX_POINT('',#12340);
#3870=VERTEX_POINT('',#12342);
#3871=VERTEX_POINT('',#12344);
#3872=VERTEX_POINT('',#12346);
#3873=VERTEX_POINT('',#12348);
#3874=VERTEX_POINT('',#12350);
#3875=VERTEX_POINT('',#12352);
#3876=VERTEX_POINT('',#12354);
#3877=VERTEX_POINT('',#12356);
#3878=VERTEX_POINT('',#12358);
#3879=VERTEX_POINT('',#12360);
#3880=VERTEX_POINT('',#12362);
#3881=VERTEX_POINT('',#12364);
#3882=VERTEX_POINT('',#12366);
#3883=VERTEX_POINT('',#12368);
#3884=VERTEX_POINT('',#12371);
#3885=VERTEX_POINT('',#12372);
#3886=VERTEX_POINT('',#12374);
#3887=VERTEX_POINT('',#12376);
#3888=VERTEX_POINT('',#12378);
#3889=VERTEX_POINT('',#12380);
#3890=VERTEX_POINT('',#12382);
#3891=VERTEX_POINT('',#12384);
#3892=VERTEX_POINT('',#12386);
#3893=VERTEX_POINT('',#12388);
#3894=VERTEX_POINT('',#12390);
#3895=VERTEX_POINT('',#12392);
#3896=VERTEX_POINT('',#12394);
#3897=VERTEX_POINT('',#12396);
#3898=VERTEX_POINT('',#12398);
#3899=VERTEX_POINT('',#12400);
#3900=VERTEX_POINT('',#12403);
#3901=VERTEX_POINT('',#12404);
#3902=VERTEX_POINT('',#12406);
#3903=VERTEX_POINT('',#12408);
#3904=VERTEX_POINT('',#12410);
#3905=VERTEX_POINT('',#12412);
#3906=VERTEX_POINT('',#12414);
#3907=VERTEX_POINT('',#12416);
#3908=VERTEX_POINT('',#12418);
#3909=VERTEX_POINT('',#12420);
#3910=VERTEX_POINT('',#12422);
#3911=VERTEX_POINT('',#12424);
#3912=VERTEX_POINT('',#12426);
#3913=VERTEX_POINT('',#12428);
#3914=VERTEX_POINT('',#12430);
#3915=VERTEX_POINT('',#12432);
#3916=VERTEX_POINT('',#12435);
#3917=VERTEX_POINT('',#12436);
#3918=VERTEX_POINT('',#12438);
#3919=VERTEX_POINT('',#12440);
#3920=VERTEX_POINT('',#12442);
#3921=VERTEX_POINT('',#12444);
#3922=VERTEX_POINT('',#12446);
#3923=VERTEX_POINT('',#12448);
#3924=VERTEX_POINT('',#12450);
#3925=VERTEX_POINT('',#12452);
#3926=VERTEX_POINT('',#12454);
#3927=VERTEX_POINT('',#12456);
#3928=VERTEX_POINT('',#12458);
#3929=VERTEX_POINT('',#12460);
#3930=VERTEX_POINT('',#12462);
#3931=VERTEX_POINT('',#12464);
#3932=VERTEX_POINT('',#12467);
#3933=VERTEX_POINT('',#12468);
#3934=VERTEX_POINT('',#12470);
#3935=VERTEX_POINT('',#12472);
#3936=VERTEX_POINT('',#12474);
#3937=VERTEX_POINT('',#12476);
#3938=VERTEX_POINT('',#12478);
#3939=VERTEX_POINT('',#12480);
#3940=VERTEX_POINT('',#12482);
#3941=VERTEX_POINT('',#12484);
#3942=VERTEX_POINT('',#12486);
#3943=VERTEX_POINT('',#12488);
#3944=VERTEX_POINT('',#12490);
#3945=VERTEX_POINT('',#12492);
#3946=VERTEX_POINT('',#12494);
#3947=VERTEX_POINT('',#12496);
#3948=VERTEX_POINT('',#12499);
#3949=VERTEX_POINT('',#12500);
#3950=VERTEX_POINT('',#12502);
#3951=VERTEX_POINT('',#12504);
#3952=VERTEX_POINT('',#12506);
#3953=VERTEX_POINT('',#12508);
#3954=VERTEX_POINT('',#12510);
#3955=VERTEX_POINT('',#12512);
#3956=VERTEX_POINT('',#12514);
#3957=VERTEX_POINT('',#12516);
#3958=VERTEX_POINT('',#12518);
#3959=VERTEX_POINT('',#12520);
#3960=VERTEX_POINT('',#12522);
#3961=VERTEX_POINT('',#12524);
#3962=VERTEX_POINT('',#12526);
#3963=VERTEX_POINT('',#12528);
#3964=VERTEX_POINT('',#12531);
#3965=VERTEX_POINT('',#12532);
#3966=VERTEX_POINT('',#12534);
#3967=VERTEX_POINT('',#12536);
#3968=VERTEX_POINT('',#12538);
#3969=VERTEX_POINT('',#12540);
#3970=VERTEX_POINT('',#12542);
#3971=VERTEX_POINT('',#12544);
#3972=VERTEX_POINT('',#12546);
#3973=VERTEX_POINT('',#12548);
#3974=VERTEX_POINT('',#12550);
#3975=VERTEX_POINT('',#12552);
#3976=VERTEX_POINT('',#12554);
#3977=VERTEX_POINT('',#12556);
#3978=VERTEX_POINT('',#12558);
#3979=VERTEX_POINT('',#12560);
#3980=VERTEX_POINT('',#12563);
#3981=VERTEX_POINT('',#12564);
#3982=VERTEX_POINT('',#12566);
#3983=VERTEX_POINT('',#12568);
#3984=VERTEX_POINT('',#12570);
#3985=VERTEX_POINT('',#12572);
#3986=VERTEX_POINT('',#12574);
#3987=VERTEX_POINT('',#12576);
#3988=VERTEX_POINT('',#12578);
#3989=VERTEX_POINT('',#12580);
#3990=VERTEX_POINT('',#12582);
#3991=VERTEX_POINT('',#12584);
#3992=VERTEX_POINT('',#12586);
#3993=VERTEX_POINT('',#12588);
#3994=VERTEX_POINT('',#12590);
#3995=VERTEX_POINT('',#12592);
#3996=VERTEX_POINT('',#12596);
#3997=VERTEX_POINT('',#12597);
#3998=VERTEX_POINT('',#12599);
#3999=VERTEX_POINT('',#12601);
#4000=VERTEX_POINT('',#12605);
#4001=VERTEX_POINT('',#12607);
#4002=VERTEX_POINT('',#12611);
#4003=VERTEX_POINT('',#12613);
#4004=VERTEX_POINT('',#12621);
#4005=VERTEX_POINT('',#12622);
#4006=VERTEX_POINT('',#12624);
#4007=VERTEX_POINT('',#12626);
#4008=VERTEX_POINT('',#12630);
#4009=VERTEX_POINT('',#12632);
#4010=VERTEX_POINT('',#12636);
#4011=VERTEX_POINT('',#12638);
#4012=VERTEX_POINT('',#12646);
#4013=VERTEX_POINT('',#12647);
#4014=VERTEX_POINT('',#12649);
#4015=VERTEX_POINT('',#12651);
#4016=VERTEX_POINT('',#12655);
#4017=VERTEX_POINT('',#12657);
#4018=VERTEX_POINT('',#12661);
#4019=VERTEX_POINT('',#12663);
#4020=VERTEX_POINT('',#12671);
#4021=VERTEX_POINT('',#12672);
#4022=VERTEX_POINT('',#12674);
#4023=VERTEX_POINT('',#12676);
#4024=VERTEX_POINT('',#12680);
#4025=VERTEX_POINT('',#12682);
#4026=VERTEX_POINT('',#12686);
#4027=VERTEX_POINT('',#12688);
#4028=VERTEX_POINT('',#12696);
#4029=VERTEX_POINT('',#12697);
#4030=VERTEX_POINT('',#12699);
#4031=VERTEX_POINT('',#12701);
#4032=VERTEX_POINT('',#12705);
#4033=VERTEX_POINT('',#12707);
#4034=VERTEX_POINT('',#12711);
#4035=VERTEX_POINT('',#12713);
#4036=VERTEX_POINT('',#12721);
#4037=VERTEX_POINT('',#12722);
#4038=VERTEX_POINT('',#12724);
#4039=VERTEX_POINT('',#12726);
#4040=VERTEX_POINT('',#12730);
#4041=VERTEX_POINT('',#12732);
#4042=VERTEX_POINT('',#12736);
#4043=VERTEX_POINT('',#12738);
#4044=VERTEX_POINT('',#12746);
#4045=VERTEX_POINT('',#12748);
#4046=VERTEX_POINT('',#12752);
#4047=VERTEX_POINT('',#12756);
#4048=VERTEX_POINT('',#12762);
#4049=VERTEX_POINT('',#12764);
#4050=VERTEX_POINT('',#12768);
#4051=VERTEX_POINT('',#12773);
#4052=VERTEX_POINT('',#12777);
#4053=VERTEX_POINT('',#12781);
#4054=VERTEX_POINT('',#12785);
#4055=VERTEX_POINT('',#12790);
#4056=VERTEX_POINT('',#12795);
#4057=VERTEX_POINT('',#12800);
#4058=VERTEX_POINT('',#12805);
#4059=VERTEX_POINT('',#12806);
#4060=VERTEX_POINT('',#12811);
#4061=VERTEX_POINT('',#12815);
#4062=VERTEX_POINT('',#12821);
#4063=VERTEX_POINT('',#12822);
#4064=VERTEX_POINT('',#12824);
#4065=VERTEX_POINT('',#12826);
#4066=VERTEX_POINT('',#12828);
#4067=VERTEX_POINT('',#12830);
#4068=VERTEX_POINT('',#12832);
#4069=VERTEX_POINT('',#12834);
#4070=VERTEX_POINT('',#12836);
#4071=VERTEX_POINT('',#12838);
#4072=VERTEX_POINT('',#12840);
#4073=VERTEX_POINT('',#12842);
#4074=VERTEX_POINT('',#12845);
#4075=VERTEX_POINT('',#12846);
#4076=VERTEX_POINT('',#12848);
#4077=VERTEX_POINT('',#12850);
#4078=VERTEX_POINT('',#12853);
#4079=VERTEX_POINT('',#12854);
#4080=VERTEX_POINT('',#12856);
#4081=VERTEX_POINT('',#12858);
#4082=VERTEX_POINT('',#12861);
#4083=VERTEX_POINT('',#12862);
#4084=VERTEX_POINT('',#12864);
#4085=VERTEX_POINT('',#12866);
#4086=VERTEX_POINT('',#12869);
#4087=VERTEX_POINT('',#12870);
#4088=VERTEX_POINT('',#12872);
#4089=VERTEX_POINT('',#12874);
#4090=VERTEX_POINT('',#12876);
#4091=VERTEX_POINT('',#12878);
#4092=VERTEX_POINT('',#12880);
#4093=VERTEX_POINT('',#12882);
#4094=VERTEX_POINT('',#12885);
#4095=VERTEX_POINT('',#12886);
#4096=VERTEX_POINT('',#12888);
#4097=VERTEX_POINT('',#12890);
#4098=VERTEX_POINT('',#12892);
#4099=VERTEX_POINT('',#12894);
#4100=VERTEX_POINT('',#12896);
#4101=VERTEX_POINT('',#12898);
#4102=VERTEX_POINT('',#12901);
#4103=VERTEX_POINT('',#12902);
#4104=VERTEX_POINT('',#12904);
#4105=VERTEX_POINT('',#12906);
#4106=VERTEX_POINT('',#12908);
#4107=VERTEX_POINT('',#12910);
#4108=VERTEX_POINT('',#12912);
#4109=VERTEX_POINT('',#12914);
#4110=VERTEX_POINT('',#12917);
#4111=VERTEX_POINT('',#12918);
#4112=VERTEX_POINT('',#12920);
#4113=VERTEX_POINT('',#12922);
#4114=VERTEX_POINT('',#12924);
#4115=VERTEX_POINT('',#12926);
#4116=VERTEX_POINT('',#12928);
#4117=VERTEX_POINT('',#12930);
#4118=VERTEX_POINT('',#12933);
#4119=VERTEX_POINT('',#12934);
#4120=VERTEX_POINT('',#12936);
#4121=VERTEX_POINT('',#12938);
#4122=VERTEX_POINT('',#12940);
#4123=VERTEX_POINT('',#12942);
#4124=VERTEX_POINT('',#12944);
#4125=VERTEX_POINT('',#12946);
#4126=VERTEX_POINT('',#12949);
#4127=VERTEX_POINT('',#12950);
#4128=VERTEX_POINT('',#12952);
#4129=VERTEX_POINT('',#12954);
#4130=VERTEX_POINT('',#12956);
#4131=VERTEX_POINT('',#12958);
#4132=VERTEX_POINT('',#12960);
#4133=VERTEX_POINT('',#12962);
#4134=VERTEX_POINT('',#12965);
#4135=VERTEX_POINT('',#12966);
#4136=VERTEX_POINT('',#12968);
#4137=VERTEX_POINT('',#12970);
#4138=VERTEX_POINT('',#12972);
#4139=VERTEX_POINT('',#12974);
#4140=VERTEX_POINT('',#12976);
#4141=VERTEX_POINT('',#12978);
#4142=VERTEX_POINT('',#12981);
#4143=VERTEX_POINT('',#12982);
#4144=VERTEX_POINT('',#12984);
#4145=VERTEX_POINT('',#12986);
#4146=VERTEX_POINT('',#12988);
#4147=VERTEX_POINT('',#12990);
#4148=VERTEX_POINT('',#12992);
#4149=VERTEX_POINT('',#12994);
#4150=VERTEX_POINT('',#12997);
#4151=VERTEX_POINT('',#13000);
#4152=VERTEX_POINT('',#13001);
#4153=VERTEX_POINT('',#13003);
#4154=VERTEX_POINT('',#13005);
#4155=VERTEX_POINT('',#13008);
#4156=VERTEX_POINT('',#13009);
#4157=VERTEX_POINT('',#13011);
#4158=VERTEX_POINT('',#13013);
#4159=VERTEX_POINT('',#13062);
#4160=VERTEX_POINT('',#13063);
#4161=VERTEX_POINT('',#13065);
#4162=VERTEX_POINT('',#13067);
#4163=VERTEX_POINT('',#13071);
#4164=VERTEX_POINT('',#13072);
#4165=VERTEX_POINT('',#13074);
#4166=VERTEX_POINT('',#13076);
#4167=VERTEX_POINT('',#13080);
#4168=VERTEX_POINT('',#13081);
#4169=VERTEX_POINT('',#13083);
#4170=VERTEX_POINT('',#13085);
#4171=VERTEX_POINT('',#13089);
#4172=VERTEX_POINT('',#13090);
#4173=VERTEX_POINT('',#13092);
#4174=VERTEX_POINT('',#13094);
#4175=VERTEX_POINT('',#13098);
#4176=VERTEX_POINT('',#13099);
#4177=VERTEX_POINT('',#13101);
#4178=VERTEX_POINT('',#13103);
#4179=VERTEX_POINT('',#13107);
#4180=VERTEX_POINT('',#13108);
#4181=VERTEX_POINT('',#13110);
#4182=VERTEX_POINT('',#13112);
#4183=VERTEX_POINT('',#13116);
#4184=VERTEX_POINT('',#13117);
#4185=VERTEX_POINT('',#13119);
#4186=VERTEX_POINT('',#13121);
#4187=VERTEX_POINT('',#13125);
#4188=VERTEX_POINT('',#13126);
#4189=VERTEX_POINT('',#13128);
#4190=VERTEX_POINT('',#13130);
#4191=VERTEX_POINT('',#13159);
#4192=VERTEX_POINT('',#13160);
#4193=VERTEX_POINT('',#13162);
#4194=VERTEX_POINT('',#13164);
#4195=VERTEX_POINT('',#13168);
#4196=VERTEX_POINT('',#13169);
#4197=VERTEX_POINT('',#13171);
#4198=VERTEX_POINT('',#13173);
#4199=VERTEX_POINT('',#13177);
#4200=VERTEX_POINT('',#13178);
#4201=VERTEX_POINT('',#13180);
#4202=VERTEX_POINT('',#13182);
#4203=VERTEX_POINT('',#13186);
#4204=VERTEX_POINT('',#13187);
#4205=VERTEX_POINT('',#13189);
#4206=VERTEX_POINT('',#13191);
#4207=VERTEX_POINT('',#13195);
#4208=VERTEX_POINT('',#13196);
#4209=VERTEX_POINT('',#13198);
#4210=VERTEX_POINT('',#13200);
#4211=VERTEX_POINT('',#13204);
#4212=VERTEX_POINT('',#13205);
#4213=VERTEX_POINT('',#13207);
#4214=VERTEX_POINT('',#13209);
#4215=VERTEX_POINT('',#13213);
#4216=VERTEX_POINT('',#13214);
#4217=VERTEX_POINT('',#13216);
#4218=VERTEX_POINT('',#13218);
#4219=VERTEX_POINT('',#13222);
#4220=VERTEX_POINT('',#13223);
#4221=VERTEX_POINT('',#13225);
#4222=VERTEX_POINT('',#13227);
#4223=EDGE_CURVE('',#3479,#3479,#3435,.T.);
#4224=EDGE_CURVE('',#3479,#3480,#1505,.T.);
#4225=EDGE_CURVE('',#3480,#3480,#3436,.T.);
#4226=EDGE_CURVE('',#3481,#3482,#1506,.T.);
#4227=EDGE_CURVE('',#3483,#3481,#1507,.T.);
#4228=EDGE_CURVE('',#3483,#3484,#1508,.T.);
#4229=EDGE_CURVE('',#3484,#3482,#1509,.T.);
#4230=EDGE_CURVE('',#3485,#3485,#3437,.T.);
#4231=EDGE_CURVE('',#3486,#3486,#3438,.T.);
#4232=EDGE_CURVE('',#3487,#3488,#1510,.T.);
#4233=EDGE_CURVE('',#3489,#3488,#1511,.T.);
#4234=EDGE_CURVE('',#3490,#3489,#1512,.T.);
#4235=EDGE_CURVE('',#3491,#3490,#1513,.T.);
#4236=EDGE_CURVE('',#3492,#3491,#1514,.T.);
#4237=EDGE_CURVE('',#3493,#3492,#1515,.T.);
#4238=EDGE_CURVE('',#3493,#3494,#1516,.T.);
#4239=EDGE_CURVE('',#3495,#3494,#1517,.T.);
#4240=EDGE_CURVE('',#3495,#3496,#1518,.T.);
#4241=EDGE_CURVE('',#3497,#3496,#1519,.T.);
#4242=EDGE_CURVE('',#3498,#3497,#1520,.T.);
#4243=EDGE_CURVE('',#3487,#3498,#1521,.T.);
#4244=EDGE_CURVE('',#3499,#3499,#3439,.T.);
#4245=EDGE_CURVE('',#3500,#3500,#3440,.T.);
#4246=EDGE_CURVE('',#3500,#3480,#1522,.T.);
#4247=EDGE_CURVE('',#3501,#3501,#3441,.T.);
#4248=EDGE_CURVE('',#3501,#3502,#1523,.T.);
#4249=EDGE_CURVE('',#3502,#3502,#3442,.T.);
#4250=EDGE_CURVE('',#3502,#3503,#1524,.T.);
#4251=EDGE_CURVE('',#3503,#3503,#3443,.T.);
#4252=EDGE_CURVE('',#3504,#3505,#1525,.T.);
#4253=EDGE_CURVE('',#3505,#3506,#1526,.T.);
#4254=EDGE_CURVE('',#3506,#3507,#1527,.T.);
#4255=EDGE_CURVE('',#3507,#3504,#1528,.T.);
#4256=EDGE_CURVE('',#3508,#3508,#3444,.T.);
#4257=EDGE_CURVE('',#3508,#3509,#1529,.T.);
#4258=EDGE_CURVE('',#3509,#3509,#3445,.T.);
#4259=EDGE_CURVE('',#3509,#3510,#1530,.T.);
#4260=EDGE_CURVE('',#3510,#3510,#3446,.T.);
#4261=EDGE_CURVE('',#3511,#3512,#1531,.T.);
#4262=EDGE_CURVE('',#3512,#3513,#1532,.T.);
#4263=EDGE_CURVE('',#3513,#3514,#1533,.T.);
#4264=EDGE_CURVE('',#3514,#3511,#1534,.T.);
#4265=EDGE_CURVE('',#3515,#3515,#3447,.T.);
#4266=EDGE_CURVE('',#3515,#3516,#1535,.T.);
#4267=EDGE_CURVE('',#3516,#3516,#3448,.T.);
#4268=EDGE_CURVE('',#3516,#3517,#1536,.T.);
#4269=EDGE_CURVE('',#3517,#3517,#3449,.T.);
#4270=EDGE_CURVE('',#3518,#3519,#1537,.T.);
#4271=EDGE_CURVE('',#3519,#3520,#1538,.T.);
#4272=EDGE_CURVE('',#3520,#3521,#1539,.T.);
#4273=EDGE_CURVE('',#3521,#3518,#1540,.T.);
#4274=EDGE_CURVE('',#3485,#3522,#1541,.T.);
#4275=EDGE_CURVE('',#3522,#3522,#3450,.T.);
#4276=EDGE_CURVE('',#3523,#3523,#3451,.T.);
#4277=EDGE_CURVE('',#3523,#3522,#1542,.T.);
#4278=EDGE_CURVE('',#3499,#3524,#1543,.T.);
#4279=EDGE_CURVE('',#3524,#3524,#3452,.T.);
#4280=EDGE_CURVE('',#3525,#3525,#3453,.T.);
#4281=EDGE_CURVE('',#3525,#3524,#1544,.T.);
#4282=EDGE_CURVE('',#3526,#3526,#3454,.T.);
#4283=EDGE_CURVE('',#3526,#3527,#1545,.T.);
#4284=EDGE_CURVE('',#3527,#3527,#3455,.T.);
#4285=EDGE_CURVE('',#3527,#3528,#1546,.T.);
#4286=EDGE_CURVE('',#3528,#3528,#3456,.T.);
#4287=EDGE_CURVE('',#3529,#3530,#1547,.T.);
#4288=EDGE_CURVE('',#3530,#3531,#1548,.T.);
#4289=EDGE_CURVE('',#3531,#3532,#1549,.T.);
#4290=EDGE_CURVE('',#3532,#3529,#1550,.T.);
#4291=EDGE_CURVE('',#3533,#3533,#3457,.T.);
#4292=EDGE_CURVE('',#3533,#3534,#1551,.T.);
#4293=EDGE_CURVE('',#3534,#3534,#3458,.T.);
#4294=EDGE_CURVE('',#3534,#3535,#1552,.T.);
#4295=EDGE_CURVE('',#3535,#3535,#3459,.T.);
#4296=EDGE_CURVE('',#3536,#3537,#1553,.T.);
#4297=EDGE_CURVE('',#3537,#3538,#1554,.T.);
#4298=EDGE_CURVE('',#3538,#3539,#1555,.T.);
#4299=EDGE_CURVE('',#3539,#3536,#1556,.T.);
#4300=EDGE_CURVE('',#3540,#3540,#3460,.T.);
#4301=EDGE_CURVE('',#3540,#3541,#1557,.T.);
#4302=EDGE_CURVE('',#3541,#3541,#3461,.T.);
#4303=EDGE_CURVE('',#3541,#3542,#1558,.T.);
#4304=EDGE_CURVE('',#3542,#3542,#3462,.T.);
#4305=EDGE_CURVE('',#3543,#3544,#1559,.T.);
#4306=EDGE_CURVE('',#3544,#3545,#1560,.T.);
#4307=EDGE_CURVE('',#3545,#3546,#1561,.T.);
#4308=EDGE_CURVE('',#3546,#3543,#1562,.T.);
#4309=EDGE_CURVE('',#3486,#3547,#1563,.T.);
#4310=EDGE_CURVE('',#3547,#3547,#3463,.T.);
#4311=EDGE_CURVE('',#3548,#3548,#3464,.T.);
#4312=EDGE_CURVE('',#3548,#3547,#1564,.T.);
#4313=EDGE_CURVE('',#3549,#3550,#15,.T.);
#4314=EDGE_CURVE('',#3549,#3551,#1565,.T.);
#4315=EDGE_CURVE('',#3551,#3552,#16,.T.);
#4316=EDGE_CURVE('',#3550,#3552,#1566,.T.);
#4317=EDGE_CURVE('',#3553,#3549,#17,.T.);
#4318=EDGE_CURVE('',#3553,#3554,#1567,.T.);
#4319=EDGE_CURVE('',#3554,#3551,#18,.T.);
#4320=EDGE_CURVE('',#3555,#3553,#19,.T.);
#4321=EDGE_CURVE('',#3555,#3556,#1568,.T.);
#4322=EDGE_CURVE('',#3556,#3554,#20,.T.);
#4323=EDGE_CURVE('',#3557,#3555,#21,.T.);
#4324=EDGE_CURVE('',#3557,#3558,#1569,.T.);
#4325=EDGE_CURVE('',#3558,#3556,#22,.T.);
#4326=EDGE_CURVE('',#3559,#3557,#23,.T.);
#4327=EDGE_CURVE('',#3559,#3560,#1570,.T.);
#4328=EDGE_CURVE('',#3560,#3558,#24,.T.);
#4329=EDGE_CURVE('',#3561,#3559,#25,.T.);
#4330=EDGE_CURVE('',#3561,#3562,#1571,.T.);
#4331=EDGE_CURVE('',#3562,#3560,#26,.T.);
#4332=EDGE_CURVE('',#3563,#3561,#27,.T.);
#4333=EDGE_CURVE('',#3563,#3564,#1572,.T.);
#4334=EDGE_CURVE('',#3564,#3562,#28,.T.);
#4335=EDGE_CURVE('',#3565,#3563,#29,.T.);
#4336=EDGE_CURVE('',#3565,#3566,#1573,.T.);
#4337=EDGE_CURVE('',#3566,#3564,#30,.T.);
#4338=EDGE_CURVE('',#3567,#3565,#31,.T.);
#4339=EDGE_CURVE('',#3567,#3568,#1574,.T.);
#4340=EDGE_CURVE('',#3568,#3566,#32,.T.);
#4341=EDGE_CURVE('',#3569,#3567,#33,.T.);
#4342=EDGE_CURVE('',#3569,#3570,#1575,.T.);
#4343=EDGE_CURVE('',#3570,#3568,#34,.T.);
#4344=EDGE_CURVE('',#3571,#3569,#35,.T.);
#4345=EDGE_CURVE('',#3571,#3572,#1576,.T.);
#4346=EDGE_CURVE('',#3572,#3570,#36,.T.);
#4347=EDGE_CURVE('',#3573,#3571,#37,.T.);
#4348=EDGE_CURVE('',#3573,#3574,#1577,.T.);
#4349=EDGE_CURVE('',#3574,#3572,#38,.T.);
#4350=EDGE_CURVE('',#3575,#3573,#39,.T.);
#4351=EDGE_CURVE('',#3575,#3576,#1578,.T.);
#4352=EDGE_CURVE('',#3576,#3574,#40,.T.);
#4353=EDGE_CURVE('',#3577,#3575,#41,.T.);
#4354=EDGE_CURVE('',#3577,#3578,#1579,.T.);
#4355=EDGE_CURVE('',#3578,#3576,#42,.T.);
#4356=EDGE_CURVE('',#3579,#3577,#1580,.T.);
#4357=EDGE_CURVE('',#3579,#3580,#1581,.T.);
#4358=EDGE_CURVE('',#3580,#3578,#1582,.T.);
#4359=EDGE_CURVE('',#3581,#3579,#43,.T.);
#4360=EDGE_CURVE('',#3581,#3582,#1583,.T.);
#4361=EDGE_CURVE('',#3582,#3580,#44,.T.);
#4362=EDGE_CURVE('',#3583,#3581,#45,.T.);
#4363=EDGE_CURVE('',#3583,#3584,#1584,.T.);
#4364=EDGE_CURVE('',#3584,#3582,#46,.T.);
#4365=EDGE_CURVE('',#3585,#3583,#47,.T.);
#4366=EDGE_CURVE('',#3585,#3586,#1585,.T.);
#4367=EDGE_CURVE('',#3586,#3584,#48,.T.);
#4368=EDGE_CURVE('',#3587,#3585,#49,.T.);
#4369=EDGE_CURVE('',#3587,#3588,#1586,.T.);
#4370=EDGE_CURVE('',#3588,#3586,#50,.T.);
#4371=EDGE_CURVE('',#3589,#3587,#51,.T.);
#4372=EDGE_CURVE('',#3589,#3590,#1587,.T.);
#4373=EDGE_CURVE('',#3590,#3588,#52,.T.);
#4374=EDGE_CURVE('',#3591,#3589,#53,.T.);
#4375=EDGE_CURVE('',#3591,#3592,#1588,.T.);
#4376=EDGE_CURVE('',#3592,#3590,#54,.T.);
#4377=EDGE_CURVE('',#3593,#3591,#55,.T.);
#4378=EDGE_CURVE('',#3593,#3594,#1589,.T.);
#4379=EDGE_CURVE('',#3594,#3592,#56,.T.);
#4380=EDGE_CURVE('',#3595,#3593,#57,.T.);
#4381=EDGE_CURVE('',#3595,#3596,#1590,.T.);
#4382=EDGE_CURVE('',#3596,#3594,#58,.T.);
#4383=EDGE_CURVE('',#3597,#3595,#59,.T.);
#4384=EDGE_CURVE('',#3597,#3598,#1591,.T.);
#4385=EDGE_CURVE('',#3598,#3596,#60,.T.);
#4386=EDGE_CURVE('',#3599,#3597,#61,.T.);
#4387=EDGE_CURVE('',#3599,#3600,#1592,.T.);
#4388=EDGE_CURVE('',#3600,#3598,#62,.T.);
#4389=EDGE_CURVE('',#3601,#3599,#63,.T.);
#4390=EDGE_CURVE('',#3601,#3602,#1593,.T.);
#4391=EDGE_CURVE('',#3602,#3600,#64,.T.);
#4392=EDGE_CURVE('',#3603,#3601,#65,.T.);
#4393=EDGE_CURVE('',#3603,#3604,#1594,.T.);
#4394=EDGE_CURVE('',#3604,#3602,#66,.T.);
#4395=EDGE_CURVE('',#3605,#3603,#67,.T.);
#4396=EDGE_CURVE('',#3605,#3606,#1595,.T.);
#4397=EDGE_CURVE('',#3606,#3604,#68,.T.);
#4398=EDGE_CURVE('',#3607,#3605,#69,.T.);
#4399=EDGE_CURVE('',#3607,#3608,#1596,.T.);
#4400=EDGE_CURVE('',#3608,#3606,#70,.T.);
#4401=EDGE_CURVE('',#3609,#3607,#71,.T.);
#4402=EDGE_CURVE('',#3609,#3610,#1597,.T.);
#4403=EDGE_CURVE('',#3610,#3608,#72,.T.);
#4404=EDGE_CURVE('',#3611,#3609,#73,.T.);
#4405=EDGE_CURVE('',#3611,#3612,#1598,.T.);
#4406=EDGE_CURVE('',#3612,#3610,#74,.T.);
#4407=EDGE_CURVE('',#3613,#3611,#75,.T.);
#4408=EDGE_CURVE('',#3613,#3614,#1599,.T.);
#4409=EDGE_CURVE('',#3614,#3612,#76,.T.);
#4410=EDGE_CURVE('',#3615,#3613,#77,.T.);
#4411=EDGE_CURVE('',#3615,#3616,#1600,.T.);
#4412=EDGE_CURVE('',#3616,#3614,#78,.T.);
#4413=EDGE_CURVE('',#3617,#3615,#1601,.T.);
#4414=EDGE_CURVE('',#3617,#3618,#1602,.T.);
#4415=EDGE_CURVE('',#3618,#3616,#1603,.T.);
#4416=EDGE_CURVE('',#3550,#3617,#79,.T.);
#4417=EDGE_CURVE('',#3552,#3618,#80,.T.);
#4418=EDGE_CURVE('',#3619,#3620,#1604,.T.);
#4419=EDGE_CURVE('',#3619,#3621,#1605,.T.);
#4420=EDGE_CURVE('',#3621,#3622,#1606,.T.);
#4421=EDGE_CURVE('',#3620,#3622,#1607,.T.);
#4422=EDGE_CURVE('',#3623,#3619,#1608,.T.);
#4423=EDGE_CURVE('',#3623,#3624,#1609,.T.);
#4424=EDGE_CURVE('',#3624,#3621,#1610,.T.);
#4425=EDGE_CURVE('',#3625,#3623,#1611,.T.);
#4426=EDGE_CURVE('',#3625,#3626,#1612,.T.);
#4427=EDGE_CURVE('',#3626,#3624,#1613,.T.);
#4428=EDGE_CURVE('',#3627,#3625,#1614,.T.);
#4429=EDGE_CURVE('',#3627,#3628,#1615,.T.);
#4430=EDGE_CURVE('',#3628,#3626,#1616,.T.);
#4431=EDGE_CURVE('',#3629,#3627,#1617,.T.);
#4432=EDGE_CURVE('',#3629,#3630,#1618,.T.);
#4433=EDGE_CURVE('',#3630,#3628,#1619,.T.);
#4434=EDGE_CURVE('',#3631,#3629,#1620,.T.);
#4435=EDGE_CURVE('',#3631,#3632,#1621,.T.);
#4436=EDGE_CURVE('',#3632,#3630,#1622,.T.);
#4437=EDGE_CURVE('',#3620,#3631,#1623,.T.);
#4438=EDGE_CURVE('',#3622,#3632,#1624,.T.);
#4439=EDGE_CURVE('',#3633,#3634,#1625,.T.);
#4440=EDGE_CURVE('',#3633,#3635,#1626,.T.);
#4441=EDGE_CURVE('',#3635,#3636,#1627,.T.);
#4442=EDGE_CURVE('',#3634,#3636,#1628,.T.);
#4443=EDGE_CURVE('',#3637,#3633,#1629,.T.);
#4444=EDGE_CURVE('',#3637,#3638,#1630,.T.);
#4445=EDGE_CURVE('',#3638,#3635,#1631,.T.);
#4446=EDGE_CURVE('',#3639,#3637,#1632,.T.);
#4447=EDGE_CURVE('',#3639,#3640,#1633,.T.);
#4448=EDGE_CURVE('',#3640,#3638,#1634,.T.);
#4449=EDGE_CURVE('',#3641,#3639,#1635,.T.);
#4450=EDGE_CURVE('',#3641,#3642,#1636,.T.);
#4451=EDGE_CURVE('',#3642,#3640,#1637,.T.);
#4452=EDGE_CURVE('',#3643,#3641,#1638,.T.);
#4453=EDGE_CURVE('',#3643,#3644,#1639,.T.);
#4454=EDGE_CURVE('',#3644,#3642,#1640,.T.);
#4455=EDGE_CURVE('',#3645,#3643,#1641,.T.);
#4456=EDGE_CURVE('',#3645,#3646,#1642,.T.);
#4457=EDGE_CURVE('',#3646,#3644,#1643,.T.);
#4458=EDGE_CURVE('',#3634,#3645,#1644,.T.);
#4459=EDGE_CURVE('',#3636,#3646,#1645,.T.);
#4460=EDGE_CURVE('',#3647,#3648,#1646,.T.);
#4461=EDGE_CURVE('',#3647,#3649,#1647,.T.);
#4462=EDGE_CURVE('',#3649,#3650,#1648,.T.);
#4463=EDGE_CURVE('',#3648,#3650,#1649,.T.);
#4464=EDGE_CURVE('',#3651,#3647,#81,.T.);
#4465=EDGE_CURVE('',#3651,#3652,#1650,.T.);
#4466=EDGE_CURVE('',#3652,#3649,#82,.T.);
#4467=EDGE_CURVE('',#3653,#3651,#83,.T.);
#4468=EDGE_CURVE('',#3653,#3654,#1651,.T.);
#4469=EDGE_CURVE('',#3654,#3652,#84,.T.);
#4470=EDGE_CURVE('',#3655,#3653,#1652,.T.);
#4471=EDGE_CURVE('',#3655,#3656,#1653,.T.);
#4472=EDGE_CURVE('',#3656,#3654,#1654,.T.);
#4473=EDGE_CURVE('',#3657,#3655,#1655,.T.);
#4474=EDGE_CURVE('',#3657,#3658,#1656,.T.);
#4475=EDGE_CURVE('',#3658,#3656,#1657,.T.);
#4476=EDGE_CURVE('',#3659,#3657,#1658,.T.);
#4477=EDGE_CURVE('',#3659,#3660,#1659,.T.);
#4478=EDGE_CURVE('',#3660,#3658,#1660,.T.);
#4479=EDGE_CURVE('',#3661,#3659,#1661,.T.);
#4480=EDGE_CURVE('',#3661,#3662,#1662,.T.);
#4481=EDGE_CURVE('',#3662,#3660,#1663,.T.);
#4482=EDGE_CURVE('',#3663,#3661,#1664,.T.);
#4483=EDGE_CURVE('',#3663,#3664,#1665,.T.);
#4484=EDGE_CURVE('',#3664,#3662,#1666,.T.);
#4485=EDGE_CURVE('',#3665,#3663,#1667,.T.);
#4486=EDGE_CURVE('',#3665,#3666,#1668,.T.);
#4487=EDGE_CURVE('',#3666,#3664,#1669,.T.);
#4488=EDGE_CURVE('',#3667,#3665,#85,.T.);
#4489=EDGE_CURVE('',#3667,#3668,#1670,.T.);
#4490=EDGE_CURVE('',#3668,#3666,#86,.T.);
#4491=EDGE_CURVE('',#3669,#3667,#87,.T.);
#4492=EDGE_CURVE('',#3669,#3670,#1671,.T.);
#4493=EDGE_CURVE('',#3670,#3668,#88,.T.);
#4494=EDGE_CURVE('',#3671,#3669,#1672,.T.);
#4495=EDGE_CURVE('',#3671,#3672,#1673,.T.);
#4496=EDGE_CURVE('',#3672,#3670,#1674,.T.);
#4497=EDGE_CURVE('',#3673,#3671,#1675,.T.);
#4498=EDGE_CURVE('',#3673,#3674,#1676,.T.);
#4499=EDGE_CURVE('',#3674,#3672,#1677,.T.);
#4500=EDGE_CURVE('',#3675,#3673,#1678,.T.);
#4501=EDGE_CURVE('',#3675,#3676,#1679,.T.);
#4502=EDGE_CURVE('',#3676,#3674,#1680,.T.);
#4503=EDGE_CURVE('',#3677,#3675,#1681,.T.);
#4504=EDGE_CURVE('',#3677,#3678,#1682,.T.);
#4505=EDGE_CURVE('',#3678,#3676,#1683,.T.);
#4506=EDGE_CURVE('',#3648,#3677,#1684,.T.);
#4507=EDGE_CURVE('',#3650,#3678,#1685,.T.);
#4508=EDGE_CURVE('',#3679,#3680,#1686,.T.);
#4509=EDGE_CURVE('',#3679,#3681,#1687,.T.);
#4510=EDGE_CURVE('',#3681,#3682,#1688,.T.);
#4511=EDGE_CURVE('',#3680,#3682,#1689,.T.);
#4512=EDGE_CURVE('',#3683,#3679,#1690,.T.);
#4513=EDGE_CURVE('',#3683,#3684,#1691,.T.);
#4514=EDGE_CURVE('',#3684,#3681,#1692,.T.);
#4515=EDGE_CURVE('',#3685,#3683,#1693,.T.);
#4516=EDGE_CURVE('',#3685,#3686,#1694,.T.);
#4517=EDGE_CURVE('',#3686,#3684,#1695,.T.);
#4518=EDGE_CURVE('',#3687,#3685,#1696,.T.);
#4519=EDGE_CURVE('',#3687,#3688,#1697,.T.);
#4520=EDGE_CURVE('',#3688,#3686,#1698,.T.);
#4521=EDGE_CURVE('',#3689,#3687,#1699,.T.);
#4522=EDGE_CURVE('',#3689,#3690,#1700,.T.);
#4523=EDGE_CURVE('',#3690,#3688,#1701,.T.);
#4524=EDGE_CURVE('',#3691,#3689,#1702,.T.);
#4525=EDGE_CURVE('',#3691,#3692,#1703,.T.);
#4526=EDGE_CURVE('',#3692,#3690,#1704,.T.);
#4527=EDGE_CURVE('',#3693,#3691,#1705,.T.);
#4528=EDGE_CURVE('',#3693,#3694,#1706,.T.);
#4529=EDGE_CURVE('',#3694,#3692,#1707,.T.);
#4530=EDGE_CURVE('',#3695,#3693,#1708,.T.);
#4531=EDGE_CURVE('',#3695,#3696,#1709,.T.);
#4532=EDGE_CURVE('',#3696,#3694,#1710,.T.);
#4533=EDGE_CURVE('',#3697,#3695,#1711,.T.);
#4534=EDGE_CURVE('',#3697,#3698,#1712,.T.);
#4535=EDGE_CURVE('',#3698,#3696,#1713,.T.);
#4536=EDGE_CURVE('',#3699,#3697,#89,.T.);
#4537=EDGE_CURVE('',#3699,#3700,#1714,.T.);
#4538=EDGE_CURVE('',#3700,#3698,#90,.T.);
#4539=EDGE_CURVE('',#3701,#3699,#91,.T.);
#4540=EDGE_CURVE('',#3701,#3702,#1715,.T.);
#4541=EDGE_CURVE('',#3702,#3700,#92,.T.);
#4542=EDGE_CURVE('',#3703,#3701,#1716,.T.);
#4543=EDGE_CURVE('',#3703,#3704,#1717,.T.);
#4544=EDGE_CURVE('',#3704,#3702,#1718,.T.);
#4545=EDGE_CURVE('',#3705,#3703,#1719,.T.);
#4546=EDGE_CURVE('',#3705,#3706,#1720,.T.);
#4547=EDGE_CURVE('',#3706,#3704,#1721,.T.);
#4548=EDGE_CURVE('',#3707,#3705,#1722,.T.);
#4549=EDGE_CURVE('',#3707,#3708,#1723,.T.);
#4550=EDGE_CURVE('',#3708,#3706,#1724,.T.);
#4551=EDGE_CURVE('',#3680,#3707,#1725,.T.);
#4552=EDGE_CURVE('',#3682,#3708,#1726,.T.);
#4553=EDGE_CURVE('',#3709,#3710,#1727,.T.);
#4554=EDGE_CURVE('',#3709,#3711,#1728,.T.);
#4555=EDGE_CURVE('',#3711,#3712,#1729,.T.);
#4556=EDGE_CURVE('',#3710,#3712,#1730,.T.);
#4557=EDGE_CURVE('',#3713,#3709,#1731,.T.);
#4558=EDGE_CURVE('',#3713,#3714,#1732,.T.);
#4559=EDGE_CURVE('',#3714,#3711,#1733,.T.);
#4560=EDGE_CURVE('',#3715,#3713,#1734,.T.);
#4561=EDGE_CURVE('',#3715,#3716,#1735,.T.);
#4562=EDGE_CURVE('',#3716,#3714,#1736,.T.);
#4563=EDGE_CURVE('',#3717,#3715,#1737,.T.);
#4564=EDGE_CURVE('',#3717,#3718,#1738,.T.);
#4565=EDGE_CURVE('',#3718,#3716,#1739,.T.);
#4566=EDGE_CURVE('',#3719,#3717,#1740,.T.);
#4567=EDGE_CURVE('',#3719,#3720,#1741,.T.);
#4568=EDGE_CURVE('',#3720,#3718,#1742,.T.);
#4569=EDGE_CURVE('',#3721,#3719,#1743,.T.);
#4570=EDGE_CURVE('',#3721,#3722,#1744,.T.);
#4571=EDGE_CURVE('',#3722,#3720,#1745,.T.);
#4572=EDGE_CURVE('',#3723,#3721,#1746,.T.);
#4573=EDGE_CURVE('',#3723,#3724,#1747,.T.);
#4574=EDGE_CURVE('',#3724,#3722,#1748,.T.);
#4575=EDGE_CURVE('',#3725,#3723,#1749,.T.);
#4576=EDGE_CURVE('',#3725,#3726,#1750,.T.);
#4577=EDGE_CURVE('',#3726,#3724,#1751,.T.);
#4578=EDGE_CURVE('',#3727,#3725,#1752,.T.);
#4579=EDGE_CURVE('',#3727,#3728,#1753,.T.);
#4580=EDGE_CURVE('',#3728,#3726,#1754,.T.);
#4581=EDGE_CURVE('',#3729,#3727,#1755,.T.);
#4582=EDGE_CURVE('',#3729,#3730,#1756,.T.);
#4583=EDGE_CURVE('',#3730,#3728,#1757,.T.);
#4584=EDGE_CURVE('',#3731,#3729,#1758,.T.);
#4585=EDGE_CURVE('',#3731,#3732,#1759,.T.);
#4586=EDGE_CURVE('',#3732,#3730,#1760,.T.);
#4587=EDGE_CURVE('',#3710,#3731,#1761,.T.);
#4588=EDGE_CURVE('',#3712,#3732,#1762,.T.);
#4589=EDGE_CURVE('',#3733,#3734,#1763,.T.);
#4590=EDGE_CURVE('',#3733,#3735,#1764,.T.);
#4591=EDGE_CURVE('',#3735,#3736,#1765,.T.);
#4592=EDGE_CURVE('',#3734,#3736,#1766,.T.);
#4593=EDGE_CURVE('',#3737,#3733,#93,.T.);
#4594=EDGE_CURVE('',#3737,#3738,#1767,.T.);
#4595=EDGE_CURVE('',#3738,#3735,#94,.T.);
#4596=EDGE_CURVE('',#3739,#3737,#95,.T.);
#4597=EDGE_CURVE('',#3739,#3740,#1768,.T.);
#4598=EDGE_CURVE('',#3740,#3738,#96,.T.);
#4599=EDGE_CURVE('',#3741,#3739,#97,.T.);
#4600=EDGE_CURVE('',#3741,#3742,#1769,.T.);
#4601=EDGE_CURVE('',#3742,#3740,#98,.T.);
#4602=EDGE_CURVE('',#3743,#3741,#99,.T.);
#4603=EDGE_CURVE('',#3743,#3744,#1770,.T.);
#4604=EDGE_CURVE('',#3744,#3742,#100,.T.);
#4605=EDGE_CURVE('',#3745,#3743,#101,.T.);
#4606=EDGE_CURVE('',#3745,#3746,#1771,.T.);
#4607=EDGE_CURVE('',#3746,#3744,#102,.T.);
#4608=EDGE_CURVE('',#3747,#3745,#1772,.T.);
#4609=EDGE_CURVE('',#3747,#3748,#1773,.T.);
#4610=EDGE_CURVE('',#3748,#3746,#1774,.T.);
#4611=EDGE_CURVE('',#3734,#3747,#1775,.T.);
#4612=EDGE_CURVE('',#3736,#3748,#1776,.T.);
#4613=EDGE_CURVE('',#3749,#3750,#1777,.T.);
#4614=EDGE_CURVE('',#3749,#3751,#1778,.T.);
#4615=EDGE_CURVE('',#3751,#3752,#1779,.T.);
#4616=EDGE_CURVE('',#3750,#3752,#1780,.T.);
#4617=EDGE_CURVE('',#3753,#3749,#1781,.T.);
#4618=EDGE_CURVE('',#3753,#3754,#1782,.T.);
#4619=EDGE_CURVE('',#3754,#3751,#1783,.T.);
#4620=EDGE_CURVE('',#3755,#3753,#103,.T.);
#4621=EDGE_CURVE('',#3755,#3756,#1784,.T.);
#4622=EDGE_CURVE('',#3756,#3754,#104,.T.);
#4623=EDGE_CURVE('',#3757,#3755,#105,.T.);
#4624=EDGE_CURVE('',#3757,#3758,#1785,.T.);
#4625=EDGE_CURVE('',#3758,#3756,#106,.T.);
#4626=EDGE_CURVE('',#3759,#3757,#107,.T.);
#4627=EDGE_CURVE('',#3759,#3760,#1786,.T.);
#4628=EDGE_CURVE('',#3760,#3758,#108,.T.);
#4629=EDGE_CURVE('',#3761,#3759,#109,.T.);
#4630=EDGE_CURVE('',#3761,#3762,#1787,.T.);
#4631=EDGE_CURVE('',#3762,#3760,#110,.T.);
#4632=EDGE_CURVE('',#3763,#3761,#1788,.T.);
#4633=EDGE_CURVE('',#3763,#3764,#1789,.T.);
#4634=EDGE_CURVE('',#3764,#3762,#1790,.T.);
#4635=EDGE_CURVE('',#3765,#3763,#1791,.T.);
#4636=EDGE_CURVE('',#3765,#3766,#1792,.T.);
#4637=EDGE_CURVE('',#3766,#3764,#1793,.T.);
#4638=EDGE_CURVE('',#3767,#3765,#1794,.T.);
#4639=EDGE_CURVE('',#3767,#3768,#1795,.T.);
#4640=EDGE_CURVE('',#3768,#3766,#1796,.T.);
#4641=EDGE_CURVE('',#3769,#3767,#111,.T.);
#4642=EDGE_CURVE('',#3769,#3770,#1797,.T.);
#4643=EDGE_CURVE('',#3770,#3768,#112,.T.);
#4644=EDGE_CURVE('',#3771,#3769,#113,.T.);
#4645=EDGE_CURVE('',#3771,#3772,#1798,.T.);
#4646=EDGE_CURVE('',#3772,#3770,#114,.T.);
#4647=EDGE_CURVE('',#3773,#3771,#115,.T.);
#4648=EDGE_CURVE('',#3773,#3774,#1799,.T.);
#4649=EDGE_CURVE('',#3774,#3772,#116,.T.);
#4650=EDGE_CURVE('',#3775,#3773,#117,.T.);
#4651=EDGE_CURVE('',#3775,#3776,#1800,.T.);
#4652=EDGE_CURVE('',#3776,#3774,#118,.T.);
#4653=EDGE_CURVE('',#3777,#3775,#119,.T.);
#4654=EDGE_CURVE('',#3777,#3778,#1801,.T.);
#4655=EDGE_CURVE('',#3778,#3776,#120,.T.);
#4656=EDGE_CURVE('',#3779,#3777,#121,.T.);
#4657=EDGE_CURVE('',#3779,#3780,#1802,.T.);
#4658=EDGE_CURVE('',#3780,#3778,#122,.T.);
#4659=EDGE_CURVE('',#3781,#3779,#123,.T.);
#4660=EDGE_CURVE('',#3781,#3782,#1803,.T.);
#4661=EDGE_CURVE('',#3782,#3780,#124,.T.);
#4662=EDGE_CURVE('',#3783,#3781,#1804,.T.);
#4663=EDGE_CURVE('',#3783,#3784,#1805,.T.);
#4664=EDGE_CURVE('',#3784,#3782,#1806,.T.);
#4665=EDGE_CURVE('',#3785,#3783,#1807,.T.);
#4666=EDGE_CURVE('',#3785,#3786,#1808,.T.);
#4667=EDGE_CURVE('',#3786,#3784,#1809,.T.);
#4668=EDGE_CURVE('',#3750,#3785,#1810,.T.);
#4669=EDGE_CURVE('',#3752,#3786,#1811,.T.);
#4670=EDGE_CURVE('',#3787,#3788,#1812,.T.);
#4671=EDGE_CURVE('',#3787,#3789,#1813,.T.);
#4672=EDGE_CURVE('',#3789,#3790,#1814,.T.);
#4673=EDGE_CURVE('',#3788,#3790,#1815,.T.);
#4674=EDGE_CURVE('',#3791,#3787,#1816,.T.);
#4675=EDGE_CURVE('',#3791,#3792,#1817,.T.);
#4676=EDGE_CURVE('',#3792,#3789,#1818,.T.);
#4677=EDGE_CURVE('',#3793,#3791,#1819,.T.);
#4678=EDGE_CURVE('',#3793,#3794,#1820,.T.);
#4679=EDGE_CURVE('',#3794,#3792,#1821,.T.);
#4680=EDGE_CURVE('',#3795,#3793,#1822,.T.);
#4681=EDGE_CURVE('',#3795,#3796,#1823,.T.);
#4682=EDGE_CURVE('',#3796,#3794,#1824,.T.);
#4683=EDGE_CURVE('',#3797,#3795,#1825,.T.);
#4684=EDGE_CURVE('',#3797,#3798,#1826,.T.);
#4685=EDGE_CURVE('',#3798,#3796,#1827,.T.);
#4686=EDGE_CURVE('',#3799,#3797,#1828,.T.);
#4687=EDGE_CURVE('',#3799,#3800,#1829,.T.);
#4688=EDGE_CURVE('',#3800,#3798,#1830,.T.);
#4689=EDGE_CURVE('',#3788,#3799,#1831,.T.);
#4690=EDGE_CURVE('',#3790,#3800,#1832,.T.);
#4691=EDGE_CURVE('',#3801,#3802,#1833,.T.);
#4692=EDGE_CURVE('',#3801,#3803,#1834,.T.);
#4693=EDGE_CURVE('',#3803,#3804,#1835,.T.);
#4694=EDGE_CURVE('',#3802,#3804,#1836,.T.);
#4695=EDGE_CURVE('',#3805,#3801,#1837,.T.);
#4696=EDGE_CURVE('',#3805,#3806,#1838,.T.);
#4697=EDGE_CURVE('',#3806,#3803,#1839,.T.);
#4698=EDGE_CURVE('',#3807,#3805,#1840,.T.);
#4699=EDGE_CURVE('',#3807,#3808,#1841,.T.);
#4700=EDGE_CURVE('',#3808,#3806,#1842,.T.);
#4701=EDGE_CURVE('',#3809,#3807,#1843,.T.);
#4702=EDGE_CURVE('',#3809,#3810,#1844,.T.);
#4703=EDGE_CURVE('',#3810,#3808,#1845,.T.);
#4704=EDGE_CURVE('',#3811,#3809,#1846,.T.);
#4705=EDGE_CURVE('',#3811,#3812,#1847,.T.);
#4706=EDGE_CURVE('',#3812,#3810,#1848,.T.);
#4707=EDGE_CURVE('',#3813,#3811,#1849,.T.);
#4708=EDGE_CURVE('',#3813,#3814,#1850,.T.);
#4709=EDGE_CURVE('',#3814,#3812,#1851,.T.);
#4710=EDGE_CURVE('',#3802,#3813,#1852,.T.);
#4711=EDGE_CURVE('',#3804,#3814,#1853,.T.);
#4712=EDGE_CURVE('',#3815,#3816,#1854,.T.);
#4713=EDGE_CURVE('',#3815,#3817,#1855,.T.);
#4714=EDGE_CURVE('',#3817,#3818,#1856,.T.);
#4715=EDGE_CURVE('',#3816,#3818,#1857,.T.);
#4716=EDGE_CURVE('',#3819,#3815,#1858,.T.);
#4717=EDGE_CURVE('',#3819,#3820,#1859,.T.);
#4718=EDGE_CURVE('',#3820,#3817,#1860,.T.);
#4719=EDGE_CURVE('',#3821,#3819,#1861,.T.);
#4720=EDGE_CURVE('',#3821,#3822,#1862,.T.);
#4721=EDGE_CURVE('',#3822,#3820,#1863,.T.);
#4722=EDGE_CURVE('',#3823,#3821,#1864,.T.);
#4723=EDGE_CURVE('',#3823,#3824,#1865,.T.);
#4724=EDGE_CURVE('',#3824,#3822,#1866,.T.);
#4725=EDGE_CURVE('',#3825,#3823,#1867,.T.);
#4726=EDGE_CURVE('',#3825,#3826,#1868,.T.);
#4727=EDGE_CURVE('',#3826,#3824,#1869,.T.);
#4728=EDGE_CURVE('',#3827,#3825,#1870,.T.);
#4729=EDGE_CURVE('',#3827,#3828,#1871,.T.);
#4730=EDGE_CURVE('',#3828,#3826,#1872,.T.);
#4731=EDGE_CURVE('',#3829,#3827,#1873,.T.);
#4732=EDGE_CURVE('',#3829,#3830,#1874,.T.);
#4733=EDGE_CURVE('',#3830,#3828,#1875,.T.);
#4734=EDGE_CURVE('',#3831,#3829,#1876,.T.);
#4735=EDGE_CURVE('',#3831,#3832,#1877,.T.);
#4736=EDGE_CURVE('',#3832,#3830,#1878,.T.);
#4737=EDGE_CURVE('',#3833,#3831,#1879,.T.);
#4738=EDGE_CURVE('',#3833,#3834,#1880,.T.);
#4739=EDGE_CURVE('',#3834,#3832,#1881,.T.);
#4740=EDGE_CURVE('',#3835,#3833,#125,.T.);
#4741=EDGE_CURVE('',#3835,#3836,#1882,.T.);
#4742=EDGE_CURVE('',#3836,#3834,#126,.T.);
#4743=EDGE_CURVE('',#3837,#3835,#127,.T.);
#4744=EDGE_CURVE('',#3837,#3838,#1883,.T.);
#4745=EDGE_CURVE('',#3838,#3836,#128,.T.);
#4746=EDGE_CURVE('',#3839,#3837,#1884,.T.);
#4747=EDGE_CURVE('',#3839,#3840,#1885,.T.);
#4748=EDGE_CURVE('',#3840,#3838,#1886,.T.);
#4749=EDGE_CURVE('',#3841,#3839,#1887,.T.);
#4750=EDGE_CURVE('',#3841,#3842,#1888,.T.);
#4751=EDGE_CURVE('',#3842,#3840,#1889,.T.);
#4752=EDGE_CURVE('',#3843,#3841,#1890,.T.);
#4753=EDGE_CURVE('',#3843,#3844,#1891,.T.);
#4754=EDGE_CURVE('',#3844,#3842,#1892,.T.);
#4755=EDGE_CURVE('',#3816,#3843,#1893,.T.);
#4756=EDGE_CURVE('',#3818,#3844,#1894,.T.);
#4757=EDGE_CURVE('',#3845,#3846,#1895,.T.);
#4758=EDGE_CURVE('',#3845,#3847,#1896,.T.);
#4759=EDGE_CURVE('',#3847,#3848,#1897,.T.);
#4760=EDGE_CURVE('',#3846,#3848,#1898,.T.);
#4761=EDGE_CURVE('',#3849,#3845,#1899,.T.);
#4762=EDGE_CURVE('',#3849,#3850,#1900,.T.);
#4763=EDGE_CURVE('',#3850,#3847,#1901,.T.);
#4764=EDGE_CURVE('',#3851,#3849,#1902,.T.);
#4765=EDGE_CURVE('',#3851,#3852,#1903,.T.);
#4766=EDGE_CURVE('',#3852,#3850,#1904,.T.);
#4767=EDGE_CURVE('',#3846,#3851,#1905,.T.);
#4768=EDGE_CURVE('',#3848,#3852,#1906,.T.);
#4769=EDGE_CURVE('',#3853,#3854,#1907,.T.);
#4770=EDGE_CURVE('',#3854,#3855,#1908,.T.);
#4771=EDGE_CURVE('',#3856,#3855,#1909,.T.);
#4772=EDGE_CURVE('',#3853,#3856,#1910,.T.);
#4773=EDGE_CURVE('',#3857,#3858,#1911,.T.);
#4774=EDGE_CURVE('',#3859,#3857,#1912,.T.);
#4775=EDGE_CURVE('',#3860,#3859,#1913,.T.);
#4776=EDGE_CURVE('',#3858,#3860,#1914,.T.);
#4777=EDGE_CURVE('',#3861,#3861,#3465,.T.);
#4778=EDGE_CURVE('',#3862,#3862,#3466,.T.);
#4779=EDGE_CURVE('',#3863,#3863,#3467,.T.);
#4780=EDGE_CURVE('',#3864,#3864,#3468,.T.);
#4781=EDGE_CURVE('',#3865,#3865,#3469,.T.);
#4782=EDGE_CURVE('',#3866,#3866,#3470,.T.);
#4783=EDGE_CURVE('',#3867,#3867,#3471,.T.);
#4784=EDGE_CURVE('',#3868,#3869,#1915,.T.);
#4785=EDGE_CURVE('',#3869,#3870,#1916,.T.);
#4786=EDGE_CURVE('',#3870,#3871,#1917,.T.);
#4787=EDGE_CURVE('',#3871,#3872,#1918,.T.);
#4788=EDGE_CURVE('',#3872,#3873,#1919,.T.);
#4789=EDGE_CURVE('',#3873,#3874,#1920,.T.);
#4790=EDGE_CURVE('',#3874,#3875,#1921,.T.);
#4791=EDGE_CURVE('',#3875,#3876,#1922,.T.);
#4792=EDGE_CURVE('',#3876,#3877,#1923,.T.);
#4793=EDGE_CURVE('',#3877,#3878,#1924,.T.);
#4794=EDGE_CURVE('',#3878,#3879,#1925,.T.);
#4795=EDGE_CURVE('',#3879,#3880,#1926,.T.);
#4796=EDGE_CURVE('',#3880,#3881,#1927,.T.);
#4797=EDGE_CURVE('',#3881,#3882,#1928,.T.);
#4798=EDGE_CURVE('',#3882,#3883,#1929,.T.);
#4799=EDGE_CURVE('',#3883,#3868,#1930,.T.);
#4800=EDGE_CURVE('',#3884,#3885,#1931,.T.);
#4801=EDGE_CURVE('',#3885,#3886,#1932,.T.);
#4802=EDGE_CURVE('',#3886,#3887,#1933,.T.);
#4803=EDGE_CURVE('',#3887,#3888,#1934,.T.);
#4804=EDGE_CURVE('',#3888,#3889,#1935,.T.);
#4805=EDGE_CURVE('',#3889,#3890,#1936,.T.);
#4806=EDGE_CURVE('',#3890,#3891,#1937,.T.);
#4807=EDGE_CURVE('',#3891,#3892,#1938,.T.);
#4808=EDGE_CURVE('',#3892,#3893,#1939,.T.);
#4809=EDGE_CURVE('',#3893,#3894,#1940,.T.);
#4810=EDGE_CURVE('',#3894,#3895,#1941,.T.);
#4811=EDGE_CURVE('',#3895,#3896,#1942,.T.);
#4812=EDGE_CURVE('',#3896,#3897,#1943,.T.);
#4813=EDGE_CURVE('',#3897,#3898,#1944,.T.);
#4814=EDGE_CURVE('',#3898,#3899,#1945,.T.);
#4815=EDGE_CURVE('',#3899,#3884,#1946,.T.);
#4816=EDGE_CURVE('',#3900,#3901,#1947,.T.);
#4817=EDGE_CURVE('',#3901,#3902,#1948,.T.);
#4818=EDGE_CURVE('',#3902,#3903,#1949,.T.);
#4819=EDGE_CURVE('',#3903,#3904,#1950,.T.);
#4820=EDGE_CURVE('',#3904,#3905,#1951,.T.);
#4821=EDGE_CURVE('',#3905,#3906,#1952,.T.);
#4822=EDGE_CURVE('',#3906,#3907,#1953,.T.);
#4823=EDGE_CURVE('',#3907,#3908,#1954,.T.);
#4824=EDGE_CURVE('',#3908,#3909,#1955,.T.);
#4825=EDGE_CURVE('',#3909,#3910,#1956,.T.);
#4826=EDGE_CURVE('',#3910,#3911,#1957,.T.);
#4827=EDGE_CURVE('',#3911,#3912,#1958,.T.);
#4828=EDGE_CURVE('',#3912,#3913,#1959,.T.);
#4829=EDGE_CURVE('',#3913,#3914,#1960,.T.);
#4830=EDGE_CURVE('',#3914,#3915,#1961,.T.);
#4831=EDGE_CURVE('',#3915,#3900,#1962,.T.);
#4832=EDGE_CURVE('',#3916,#3917,#1963,.T.);
#4833=EDGE_CURVE('',#3917,#3918,#1964,.T.);
#4834=EDGE_CURVE('',#3918,#3919,#1965,.T.);
#4835=EDGE_CURVE('',#3919,#3920,#1966,.T.);
#4836=EDGE_CURVE('',#3920,#3921,#1967,.T.);
#4837=EDGE_CURVE('',#3921,#3922,#1968,.T.);
#4838=EDGE_CURVE('',#3922,#3923,#1969,.T.);
#4839=EDGE_CURVE('',#3923,#3924,#1970,.T.);
#4840=EDGE_CURVE('',#3924,#3925,#1971,.T.);
#4841=EDGE_CURVE('',#3925,#3926,#1972,.T.);
#4842=EDGE_CURVE('',#3926,#3927,#1973,.T.);
#4843=EDGE_CURVE('',#3927,#3928,#1974,.T.);
#4844=EDGE_CURVE('',#3928,#3929,#1975,.T.);
#4845=EDGE_CURVE('',#3929,#3930,#1976,.T.);
#4846=EDGE_CURVE('',#3930,#3931,#1977,.T.);
#4847=EDGE_CURVE('',#3931,#3916,#1978,.T.);
#4848=EDGE_CURVE('',#3932,#3933,#1979,.T.);
#4849=EDGE_CURVE('',#3933,#3934,#1980,.T.);
#4850=EDGE_CURVE('',#3934,#3935,#1981,.T.);
#4851=EDGE_CURVE('',#3935,#3936,#1982,.T.);
#4852=EDGE_CURVE('',#3936,#3937,#1983,.T.);
#4853=EDGE_CURVE('',#3937,#3938,#1984,.T.);
#4854=EDGE_CURVE('',#3938,#3939,#1985,.T.);
#4855=EDGE_CURVE('',#3939,#3940,#1986,.T.);
#4856=EDGE_CURVE('',#3940,#3941,#1987,.T.);
#4857=EDGE_CURVE('',#3941,#3942,#1988,.T.);
#4858=EDGE_CURVE('',#3942,#3943,#1989,.T.);
#4859=EDGE_CURVE('',#3943,#3944,#1990,.T.);
#4860=EDGE_CURVE('',#3944,#3945,#1991,.T.);
#4861=EDGE_CURVE('',#3945,#3946,#1992,.T.);
#4862=EDGE_CURVE('',#3946,#3947,#1993,.T.);
#4863=EDGE_CURVE('',#3947,#3932,#1994,.T.);
#4864=EDGE_CURVE('',#3948,#3949,#1995,.T.);
#4865=EDGE_CURVE('',#3949,#3950,#1996,.T.);
#4866=EDGE_CURVE('',#3950,#3951,#1997,.T.);
#4867=EDGE_CURVE('',#3951,#3952,#1998,.T.);
#4868=EDGE_CURVE('',#3952,#3953,#1999,.T.);
#4869=EDGE_CURVE('',#3953,#3954,#2000,.T.);
#4870=EDGE_CURVE('',#3954,#3955,#2001,.T.);
#4871=EDGE_CURVE('',#3955,#3956,#2002,.T.);
#4872=EDGE_CURVE('',#3956,#3957,#2003,.T.);
#4873=EDGE_CURVE('',#3957,#3958,#2004,.T.);
#4874=EDGE_CURVE('',#3958,#3959,#2005,.T.);
#4875=EDGE_CURVE('',#3959,#3960,#2006,.T.);
#4876=EDGE_CURVE('',#3960,#3961,#2007,.T.);
#4877=EDGE_CURVE('',#3961,#3962,#2008,.T.);
#4878=EDGE_CURVE('',#3962,#3963,#2009,.T.);
#4879=EDGE_CURVE('',#3963,#3948,#2010,.T.);
#4880=EDGE_CURVE('',#3964,#3965,#2011,.T.);
#4881=EDGE_CURVE('',#3965,#3966,#2012,.T.);
#4882=EDGE_CURVE('',#3966,#3967,#2013,.T.);
#4883=EDGE_CURVE('',#3967,#3968,#2014,.T.);
#4884=EDGE_CURVE('',#3968,#3969,#2015,.T.);
#4885=EDGE_CURVE('',#3969,#3970,#2016,.T.);
#4886=EDGE_CURVE('',#3970,#3971,#2017,.T.);
#4887=EDGE_CURVE('',#3971,#3972,#2018,.T.);
#4888=EDGE_CURVE('',#3972,#3973,#2019,.T.);
#4889=EDGE_CURVE('',#3973,#3974,#2020,.T.);
#4890=EDGE_CURVE('',#3974,#3975,#2021,.T.);
#4891=EDGE_CURVE('',#3975,#3976,#2022,.T.);
#4892=EDGE_CURVE('',#3976,#3977,#2023,.T.);
#4893=EDGE_CURVE('',#3977,#3978,#2024,.T.);
#4894=EDGE_CURVE('',#3978,#3979,#2025,.T.);
#4895=EDGE_CURVE('',#3979,#3964,#2026,.T.);
#4896=EDGE_CURVE('',#3980,#3981,#2027,.T.);
#4897=EDGE_CURVE('',#3981,#3982,#2028,.T.);
#4898=EDGE_CURVE('',#3982,#3983,#2029,.T.);
#4899=EDGE_CURVE('',#3983,#3984,#2030,.T.);
#4900=EDGE_CURVE('',#3984,#3985,#2031,.T.);
#4901=EDGE_CURVE('',#3985,#3986,#2032,.T.);
#4902=EDGE_CURVE('',#3986,#3987,#2033,.T.);
#4903=EDGE_CURVE('',#3987,#3988,#2034,.T.);
#4904=EDGE_CURVE('',#3988,#3989,#2035,.T.);
#4905=EDGE_CURVE('',#3989,#3990,#2036,.T.);
#4906=EDGE_CURVE('',#3990,#3991,#2037,.T.);
#4907=EDGE_CURVE('',#3991,#3992,#2038,.T.);
#4908=EDGE_CURVE('',#3992,#3993,#2039,.T.);
#4909=EDGE_CURVE('',#3993,#3994,#2040,.T.);
#4910=EDGE_CURVE('',#3994,#3995,#2041,.T.);
#4911=EDGE_CURVE('',#3995,#3980,#2042,.T.);
#4912=EDGE_CURVE('',#3996,#3997,#2043,.T.);
#4913=EDGE_CURVE('',#3996,#3998,#2044,.T.);
#4914=EDGE_CURVE('',#3999,#3998,#2045,.T.);
#4915=EDGE_CURVE('',#3997,#3999,#2046,.T.);
#4916=EDGE_CURVE('',#3997,#4000,#2047,.T.);
#4917=EDGE_CURVE('',#4001,#3999,#2048,.T.);
#4918=EDGE_CURVE('',#4000,#4001,#2049,.T.);
#4919=EDGE_CURVE('',#4000,#4002,#2050,.T.);
#4920=EDGE_CURVE('',#4003,#4001,#2051,.T.);
#4921=EDGE_CURVE('',#4002,#4003,#2052,.T.);
#4922=EDGE_CURVE('',#4002,#3996,#2053,.T.);
#4923=EDGE_CURVE('',#3998,#4003,#2054,.T.);
#4924=EDGE_CURVE('',#4004,#4005,#2055,.T.);
#4925=EDGE_CURVE('',#4004,#4006,#2056,.T.);
#4926=EDGE_CURVE('',#4007,#4006,#2057,.T.);
#4927=EDGE_CURVE('',#4005,#4007,#2058,.T.);
#4928=EDGE_CURVE('',#4005,#4008,#2059,.T.);
#4929=EDGE_CURVE('',#4009,#4007,#2060,.T.);
#4930=EDGE_CURVE('',#4008,#4009,#2061,.T.);
#4931=EDGE_CURVE('',#4008,#4010,#2062,.T.);
#4932=EDGE_CURVE('',#4011,#4009,#2063,.T.);
#4933=EDGE_CURVE('',#4010,#4011,#2064,.T.);
#4934=EDGE_CURVE('',#4010,#4004,#2065,.T.);
#4935=EDGE_CURVE('',#4006,#4011,#2066,.T.);
#4936=EDGE_CURVE('',#4012,#4013,#2067,.T.);
#4937=EDGE_CURVE('',#4012,#4014,#2068,.T.);
#4938=EDGE_CURVE('',#4015,#4014,#2069,.T.);
#4939=EDGE_CURVE('',#4013,#4015,#2070,.T.);
#4940=EDGE_CURVE('',#4013,#4016,#2071,.T.);
#4941=EDGE_CURVE('',#4017,#4015,#2072,.T.);
#4942=EDGE_CURVE('',#4016,#4017,#2073,.T.);
#4943=EDGE_CURVE('',#4016,#4018,#2074,.T.);
#4944=EDGE_CURVE('',#4019,#4017,#2075,.T.);
#4945=EDGE_CURVE('',#4018,#4019,#2076,.T.);
#4946=EDGE_CURVE('',#4018,#4012,#2077,.T.);
#4947=EDGE_CURVE('',#4014,#4019,#2078,.T.);
#4948=EDGE_CURVE('',#4020,#4021,#2079,.T.);
#4949=EDGE_CURVE('',#4020,#4022,#2080,.T.);
#4950=EDGE_CURVE('',#4023,#4022,#2081,.T.);
#4951=EDGE_CURVE('',#4021,#4023,#2082,.T.);
#4952=EDGE_CURVE('',#4021,#4024,#2083,.T.);
#4953=EDGE_CURVE('',#4025,#4023,#2084,.T.);
#4954=EDGE_CURVE('',#4024,#4025,#2085,.T.);
#4955=EDGE_CURVE('',#4024,#4026,#2086,.T.);
#4956=EDGE_CURVE('',#4027,#4025,#2087,.T.);
#4957=EDGE_CURVE('',#4026,#4027,#2088,.T.);
#4958=EDGE_CURVE('',#4026,#4020,#2089,.T.);
#4959=EDGE_CURVE('',#4022,#4027,#2090,.T.);
#4960=EDGE_CURVE('',#4028,#4029,#2091,.T.);
#4961=EDGE_CURVE('',#4028,#4030,#2092,.T.);
#4962=EDGE_CURVE('',#4031,#4030,#2093,.T.);
#4963=EDGE_CURVE('',#4029,#4031,#2094,.T.);
#4964=EDGE_CURVE('',#4029,#4032,#2095,.T.);
#4965=EDGE_CURVE('',#4033,#4031,#2096,.T.);
#4966=EDGE_CURVE('',#4032,#4033,#2097,.T.);
#4967=EDGE_CURVE('',#4032,#4034,#2098,.T.);
#4968=EDGE_CURVE('',#4035,#4033,#2099,.T.);
#4969=EDGE_CURVE('',#4034,#4035,#2100,.T.);
#4970=EDGE_CURVE('',#4034,#4028,#2101,.T.);
#4971=EDGE_CURVE('',#4030,#4035,#2102,.T.);
#4972=EDGE_CURVE('',#4036,#4037,#2103,.T.);
#4973=EDGE_CURVE('',#4036,#4038,#2104,.T.);
#4974=EDGE_CURVE('',#4039,#4038,#2105,.T.);
#4975=EDGE_CURVE('',#4037,#4039,#2106,.T.);
#4976=EDGE_CURVE('',#4037,#4040,#2107,.T.);
#4977=EDGE_CURVE('',#4041,#4039,#2108,.T.);
#4978=EDGE_CURVE('',#4040,#4041,#2109,.T.);
#4979=EDGE_CURVE('',#4040,#4042,#2110,.T.);
#4980=EDGE_CURVE('',#4043,#4041,#2111,.T.);
#4981=EDGE_CURVE('',#4042,#4043,#2112,.T.);
#4982=EDGE_CURVE('',#4042,#4036,#2113,.T.);
#4983=EDGE_CURVE('',#4038,#4043,#2114,.T.);
#4984=EDGE_CURVE('',#3858,#4044,#2115,.T.);
#4985=EDGE_CURVE('',#4044,#4045,#2116,.T.);
#4986=EDGE_CURVE('',#4045,#3857,#2117,.T.);
#4987=EDGE_CURVE('',#3860,#4046,#2118,.T.);
#4988=EDGE_CURVE('',#4046,#4044,#2119,.T.);
#4989=EDGE_CURVE('',#3859,#4047,#2120,.T.);
#4990=EDGE_CURVE('',#4047,#4046,#2121,.T.);
#4991=EDGE_CURVE('',#4045,#4047,#2122,.T.);
#4992=EDGE_CURVE('',#4045,#4048,#2123,.T.);
#4993=EDGE_CURVE('',#4049,#4048,#2124,.T.);
#4994=EDGE_CURVE('',#4047,#4049,#2125,.T.);
#4995=EDGE_CURVE('',#4044,#4050,#2126,.T.);
#4996=EDGE_CURVE('',#4048,#4050,#2127,.T.);
#4997=EDGE_CURVE('',#3861,#4051,#2128,.T.);
#4998=EDGE_CURVE('',#4051,#4051,#3472,.T.);
#4999=EDGE_CURVE('',#3862,#4052,#2129,.T.);
#5000=EDGE_CURVE('',#4052,#4052,#3473,.T.);
#5001=EDGE_CURVE('',#3863,#4053,#2130,.T.);
#5002=EDGE_CURVE('',#4053,#4053,#3474,.T.);
#5003=EDGE_CURVE('',#3864,#4054,#2131,.T.);
#5004=EDGE_CURVE('',#4054,#4054,#3475,.T.);
#5005=EDGE_CURVE('',#3865,#4055,#2132,.T.);
#5006=EDGE_CURVE('',#4055,#4055,#3476,.T.);
#5007=EDGE_CURVE('',#3866,#4056,#2133,.T.);
#5008=EDGE_CURVE('',#4056,#4056,#3477,.T.);
#5009=EDGE_CURVE('',#3867,#4057,#2134,.T.);
#5010=EDGE_CURVE('',#4057,#4057,#3478,.T.);
#5011=EDGE_CURVE('',#4058,#4059,#2135,.T.);
#5012=EDGE_CURVE('',#4058,#3511,#2136,.T.);
#5013=EDGE_CURVE('',#4059,#3514,#2137,.T.);
#5014=EDGE_CURVE('',#4059,#4060,#2138,.T.);
#5015=EDGE_CURVE('',#4060,#3513,#2139,.T.);
#5016=EDGE_CURVE('',#4060,#4061,#2140,.T.);
#5017=EDGE_CURVE('',#4061,#3512,#2141,.T.);
#5018=EDGE_CURVE('',#4061,#4058,#2142,.T.);
#5019=EDGE_CURVE('',#4062,#4063,#2143,.T.);
#5020=EDGE_CURVE('',#4064,#4063,#2144,.T.);
#5021=EDGE_CURVE('',#4064,#4065,#2145,.T.);
#5022=EDGE_CURVE('',#4065,#4066,#2146,.T.);
#5023=EDGE_CURVE('',#4067,#4066,#2147,.T.);
#5024=EDGE_CURVE('',#4067,#4068,#2148,.T.);
#5025=EDGE_CURVE('',#4068,#4069,#2149,.T.);
#5026=EDGE_CURVE('',#4070,#4069,#2150,.T.);
#5027=EDGE_CURVE('',#4070,#4071,#2151,.T.);
#5028=EDGE_CURVE('',#4071,#4072,#2152,.T.);
#5029=EDGE_CURVE('',#4072,#4073,#2153,.T.);
#5030=EDGE_CURVE('',#4073,#4062,#2154,.T.);
#5031=EDGE_CURVE('',#4074,#4075,#2155,.T.);
#5032=EDGE_CURVE('',#4075,#4076,#2156,.T.);
#5033=EDGE_CURVE('',#4076,#4077,#2157,.T.);
#5034=EDGE_CURVE('',#4077,#4074,#2158,.T.);
#5035=EDGE_CURVE('',#4078,#4079,#2159,.T.);
#5036=EDGE_CURVE('',#4079,#4080,#2160,.T.);
#5037=EDGE_CURVE('',#4080,#4081,#2161,.T.);
#5038=EDGE_CURVE('',#4081,#4078,#2162,.T.);
#5039=EDGE_CURVE('',#4082,#4083,#2163,.T.);
#5040=EDGE_CURVE('',#4083,#4084,#2164,.T.);
#5041=EDGE_CURVE('',#4084,#4085,#2165,.T.);
#5042=EDGE_CURVE('',#4085,#4082,#2166,.T.);
#5043=EDGE_CURVE('',#4086,#4087,#2167,.T.);
#5044=EDGE_CURVE('',#4087,#4088,#2168,.T.);
#5045=EDGE_CURVE('',#4088,#4089,#2169,.T.);
#5046=EDGE_CURVE('',#4089,#4090,#2170,.T.);
#5047=EDGE_CURVE('',#4090,#4091,#2171,.T.);
#5048=EDGE_CURVE('',#4091,#4092,#2172,.T.);
#5049=EDGE_CURVE('',#4092,#4093,#2173,.T.);
#5050=EDGE_CURVE('',#4093,#4086,#2174,.T.);
#5051=EDGE_CURVE('',#4094,#4095,#2175,.T.);
#5052=EDGE_CURVE('',#4095,#4096,#2176,.T.);
#5053=EDGE_CURVE('',#4096,#4097,#2177,.T.);
#5054=EDGE_CURVE('',#4097,#4098,#2178,.T.);
#5055=EDGE_CURVE('',#4098,#4099,#2179,.T.);
#5056=EDGE_CURVE('',#4099,#4100,#2180,.T.);
#5057=EDGE_CURVE('',#4100,#4101,#2181,.T.);
#5058=EDGE_CURVE('',#4101,#4094,#2182,.T.);
#5059=EDGE_CURVE('',#4102,#4103,#2183,.T.);
#5060=EDGE_CURVE('',#4103,#4104,#2184,.T.);
#5061=EDGE_CURVE('',#4104,#4105,#2185,.T.);
#5062=EDGE_CURVE('',#4105,#4106,#2186,.T.);
#5063=EDGE_CURVE('',#4106,#4107,#2187,.T.);
#5064=EDGE_CURVE('',#4107,#4108,#2188,.T.);
#5065=EDGE_CURVE('',#4108,#4109,#2189,.T.);
#5066=EDGE_CURVE('',#4109,#4102,#2190,.T.);
#5067=EDGE_CURVE('',#4110,#4111,#2191,.T.);
#5068=EDGE_CURVE('',#4111,#4112,#2192,.T.);
#5069=EDGE_CURVE('',#4112,#4113,#2193,.T.);
#5070=EDGE_CURVE('',#4113,#4114,#2194,.T.);
#5071=EDGE_CURVE('',#4114,#4115,#2195,.T.);
#5072=EDGE_CURVE('',#4115,#4116,#2196,.T.);
#5073=EDGE_CURVE('',#4116,#4117,#2197,.T.);
#5074=EDGE_CURVE('',#4117,#4110,#2198,.T.);
#5075=EDGE_CURVE('',#4118,#4119,#2199,.T.);
#5076=EDGE_CURVE('',#4119,#4120,#2200,.T.);
#5077=EDGE_CURVE('',#4120,#4121,#2201,.T.);
#5078=EDGE_CURVE('',#4121,#4122,#2202,.T.);
#5079=EDGE_CURVE('',#4122,#4123,#2203,.T.);
#5080=EDGE_CURVE('',#4123,#4124,#2204,.T.);
#5081=EDGE_CURVE('',#4124,#4125,#2205,.T.);
#5082=EDGE_CURVE('',#4125,#4118,#2206,.T.);
#5083=EDGE_CURVE('',#4126,#4127,#2207,.T.);
#5084=EDGE_CURVE('',#4127,#4128,#2208,.T.);
#5085=EDGE_CURVE('',#4128,#4129,#2209,.T.);
#5086=EDGE_CURVE('',#4129,#4130,#2210,.T.);
#5087=EDGE_CURVE('',#4130,#4131,#2211,.T.);
#5088=EDGE_CURVE('',#4131,#4132,#2212,.T.);
#5089=EDGE_CURVE('',#4132,#4133,#2213,.T.);
#5090=EDGE_CURVE('',#4133,#4126,#2214,.T.);
#5091=EDGE_CURVE('',#4134,#4135,#2215,.T.);
#5092=EDGE_CURVE('',#4135,#4136,#2216,.T.);
#5093=EDGE_CURVE('',#4136,#4137,#2217,.T.);
#5094=EDGE_CURVE('',#4137,#4138,#2218,.T.);
#5095=EDGE_CURVE('',#4138,#4139,#2219,.T.);
#5096=EDGE_CURVE('',#4139,#4140,#2220,.T.);
#5097=EDGE_CURVE('',#4140,#4141,#2221,.T.);
#5098=EDGE_CURVE('',#4141,#4134,#2222,.T.);
#5099=EDGE_CURVE('',#4142,#4143,#2223,.T.);
#5100=EDGE_CURVE('',#4143,#4144,#2224,.T.);
#5101=EDGE_CURVE('',#4144,#4145,#2225,.T.);
#5102=EDGE_CURVE('',#4145,#4146,#2226,.T.);
#5103=EDGE_CURVE('',#4146,#4147,#2227,.T.);
#5104=EDGE_CURVE('',#4147,#4148,#2228,.T.);
#5105=EDGE_CURVE('',#4148,#4149,#2229,.T.);
#5106=EDGE_CURVE('',#4149,#4142,#2230,.T.);
#5107=EDGE_CURVE('',#4050,#4150,#2231,.T.);
#5108=EDGE_CURVE('',#4150,#4049,#2232,.T.);
#5109=EDGE_CURVE('',#4151,#4152,#2233,.T.);
#5110=EDGE_CURVE('',#4152,#4153,#2234,.T.);
#5111=EDGE_CURVE('',#4153,#4154,#2235,.T.);
#5112=EDGE_CURVE('',#4154,#4151,#2236,.T.);
#5113=EDGE_CURVE('',#4155,#4156,#2237,.T.);
#5114=EDGE_CURVE('',#4156,#4157,#2238,.T.);
#5115=EDGE_CURVE('',#4157,#4158,#2239,.T.);
#5116=EDGE_CURVE('',#4158,#4155,#2240,.T.);
#5117=EDGE_CURVE('',#4074,#3543,#2241,.T.);
#5118=EDGE_CURVE('',#4075,#3546,#2242,.T.);
#5119=EDGE_CURVE('',#4076,#3545,#2243,.T.);
#5120=EDGE_CURVE('',#4077,#3544,#2244,.T.);
#5121=EDGE_CURVE('',#4155,#3536,#2245,.T.);
#5122=EDGE_CURVE('',#4156,#3539,#2246,.T.);
#5123=EDGE_CURVE('',#4157,#3538,#2247,.T.);
#5124=EDGE_CURVE('',#4158,#3537,#2248,.T.);
#5125=EDGE_CURVE('',#4078,#3518,#2249,.T.);
#5126=EDGE_CURVE('',#4079,#3521,#2250,.T.);
#5127=EDGE_CURVE('',#4080,#3520,#2251,.T.);
#5128=EDGE_CURVE('',#4081,#3519,#2252,.T.);
#5129=EDGE_CURVE('',#4151,#3504,#2253,.T.);
#5130=EDGE_CURVE('',#4152,#3507,#2254,.T.);
#5131=EDGE_CURVE('',#4153,#3506,#2255,.T.);
#5132=EDGE_CURVE('',#4154,#3505,#2256,.T.);
#5133=EDGE_CURVE('',#4082,#3529,#2257,.T.);
#5134=EDGE_CURVE('',#4083,#3532,#2258,.T.);
#5135=EDGE_CURVE('',#4084,#3531,#2259,.T.);
#5136=EDGE_CURVE('',#4085,#3530,#2260,.T.);
#5137=EDGE_CURVE('',#4159,#4160,#2261,.T.);
#5138=EDGE_CURVE('',#4161,#4159,#2262,.T.);
#5139=EDGE_CURVE('',#4162,#4161,#2263,.T.);
#5140=EDGE_CURVE('',#4160,#4162,#2264,.T.);
#5141=EDGE_CURVE('',#4163,#4164,#2265,.T.);
#5142=EDGE_CURVE('',#4165,#4163,#2266,.T.);
#5143=EDGE_CURVE('',#4166,#4165,#2267,.T.);
#5144=EDGE_CURVE('',#4164,#4166,#2268,.T.);
#5145=EDGE_CURVE('',#4167,#4168,#2269,.T.);
#5146=EDGE_CURVE('',#4169,#4167,#2270,.T.);
#5147=EDGE_CURVE('',#4170,#4169,#2271,.T.);
#5148=EDGE_CURVE('',#4168,#4170,#2272,.T.);
#5149=EDGE_CURVE('',#4171,#4172,#2273,.T.);
#5150=EDGE_CURVE('',#4173,#4171,#2274,.T.);
#5151=EDGE_CURVE('',#4174,#4173,#2275,.T.);
#5152=EDGE_CURVE('',#4172,#4174,#2276,.T.);
#5153=EDGE_CURVE('',#4175,#4176,#2277,.T.);
#5154=EDGE_CURVE('',#4177,#4175,#2278,.T.);
#5155=EDGE_CURVE('',#4178,#4177,#2279,.T.);
#5156=EDGE_CURVE('',#4176,#4178,#2280,.T.);
#5157=EDGE_CURVE('',#4179,#4180,#2281,.T.);
#5158=EDGE_CURVE('',#4181,#4179,#2282,.T.);
#5159=EDGE_CURVE('',#4182,#4181,#2283,.T.);
#5160=EDGE_CURVE('',#4180,#4182,#2284,.T.);
#5161=EDGE_CURVE('',#4183,#4184,#2285,.T.);
#5162=EDGE_CURVE('',#4185,#4183,#2286,.T.);
#5163=EDGE_CURVE('',#4186,#4185,#2287,.T.);
#5164=EDGE_CURVE('',#4184,#4186,#2288,.T.);
#5165=EDGE_CURVE('',#4187,#4188,#2289,.T.);
#5166=EDGE_CURVE('',#4189,#4187,#2290,.T.);
#5167=EDGE_CURVE('',#4190,#4189,#2291,.T.);
#5168=EDGE_CURVE('',#4188,#4190,#2292,.T.);
#5169=EDGE_CURVE('',#3874,#4160,#2293,.T.);
#5170=EDGE_CURVE('',#3873,#4159,#2294,.T.);
#5171=EDGE_CURVE('',#3907,#4164,#2295,.T.);
#5172=EDGE_CURVE('',#3906,#4163,#2296,.T.);
#5173=EDGE_CURVE('',#3971,#4168,#2297,.T.);
#5174=EDGE_CURVE('',#3970,#4167,#2298,.T.);
#5175=EDGE_CURVE('',#3922,#4171,#2299,.T.);
#5176=EDGE_CURVE('',#3921,#4173,#2300,.T.);
#5177=EDGE_CURVE('',#3938,#4175,#2301,.T.);
#5178=EDGE_CURVE('',#3937,#4177,#2302,.T.);
#5179=EDGE_CURVE('',#3884,#4179,#2303,.T.);
#5180=EDGE_CURVE('',#3899,#4181,#2304,.T.);
#5181=EDGE_CURVE('',#3955,#4184,#2305,.T.);
#5182=EDGE_CURVE('',#3954,#4183,#2306,.T.);
#5183=EDGE_CURVE('',#3986,#4188,#2307,.T.);
#5184=EDGE_CURVE('',#3985,#4187,#2308,.T.);
#5185=EDGE_CURVE('',#4191,#4192,#2309,.T.);
#5186=EDGE_CURVE('',#4192,#4193,#2310,.T.);
#5187=EDGE_CURVE('',#4193,#4194,#2311,.T.);
#5188=EDGE_CURVE('',#4194,#4191,#2312,.T.);
#5189=EDGE_CURVE('',#4195,#4196,#2313,.T.);
#5190=EDGE_CURVE('',#4196,#4197,#2314,.T.);
#5191=EDGE_CURVE('',#4197,#4198,#2315,.T.);
#5192=EDGE_CURVE('',#4198,#4195,#2316,.T.);
#5193=EDGE_CURVE('',#4199,#4200,#2317,.T.);
#5194=EDGE_CURVE('',#4200,#4201,#2318,.T.);
#5195=EDGE_CURVE('',#4201,#4202,#2319,.T.);
#5196=EDGE_CURVE('',#4202,#4199,#2320,.T.);
#5197=EDGE_CURVE('',#4203,#4204,#2321,.T.);
#5198=EDGE_CURVE('',#4204,#4205,#2322,.T.);
#5199=EDGE_CURVE('',#4205,#4206,#2323,.T.);
#5200=EDGE_CURVE('',#4206,#4203,#2324,.T.);
#5201=EDGE_CURVE('',#4207,#4208,#2325,.T.);
#5202=EDGE_CURVE('',#4208,#4209,#2326,.T.);
#5203=EDGE_CURVE('',#4209,#4210,#2327,.T.);
#5204=EDGE_CURVE('',#4210,#4207,#2328,.T.);
#5205=EDGE_CURVE('',#4211,#4212,#2329,.T.);
#5206=EDGE_CURVE('',#4212,#4213,#2330,.T.);
#5207=EDGE_CURVE('',#4213,#4214,#2331,.T.);
#5208=EDGE_CURVE('',#4214,#4211,#2332,.T.);
#5209=EDGE_CURVE('',#4215,#4216,#2333,.T.);
#5210=EDGE_CURVE('',#4216,#4217,#2334,.T.);
#5211=EDGE_CURVE('',#4217,#4218,#2335,.T.);
#5212=EDGE_CURVE('',#4218,#4215,#2336,.T.);
#5213=EDGE_CURVE('',#4219,#4220,#2337,.T.);
#5214=EDGE_CURVE('',#4220,#4221,#2338,.T.);
#5215=EDGE_CURVE('',#4221,#4222,#2339,.T.);
#5216=EDGE_CURVE('',#4222,#4219,#2340,.T.);
#5217=EDGE_CURVE('',#3877,#4092,#2341,.T.);
#5218=EDGE_CURVE('',#3876,#4093,#2342,.T.);
#5219=EDGE_CURVE('',#3875,#4086,#2343,.T.);
#5220=EDGE_CURVE('',#3872,#4220,#2344,.T.);
#5221=EDGE_CURVE('',#3871,#4221,#2345,.T.);
#5222=EDGE_CURVE('',#3870,#4222,#2346,.T.);
#5223=EDGE_CURVE('',#3869,#4219,#2347,.T.);
#5224=EDGE_CURVE('',#3868,#4161,#2348,.T.);
#5225=EDGE_CURVE('',#3883,#4162,#2349,.T.);
#5226=EDGE_CURVE('',#3882,#4087,#2350,.T.);
#5227=EDGE_CURVE('',#3881,#4088,#2351,.T.);
#5228=EDGE_CURVE('',#3880,#4089,#2352,.T.);
#5229=EDGE_CURVE('',#3879,#4090,#2353,.T.);
#5230=EDGE_CURVE('',#3878,#4091,#2354,.T.);
#5231=EDGE_CURVE('',#3893,#4116,#2355,.T.);
#5232=EDGE_CURVE('',#3892,#4117,#2356,.T.);
#5233=EDGE_CURVE('',#3891,#4110,#2357,.T.);
#5234=EDGE_CURVE('',#3890,#4182,#2358,.T.);
#5235=EDGE_CURVE('',#3889,#4180,#2359,.T.);
#5236=EDGE_CURVE('',#3888,#4200,#2360,.T.);
#5237=EDGE_CURVE('',#3887,#4201,#2361,.T.);
#5238=EDGE_CURVE('',#3886,#4202,#2362,.T.);
#5239=EDGE_CURVE('',#3885,#4199,#2363,.T.);
#5240=EDGE_CURVE('',#3898,#4111,#2364,.T.);
#5241=EDGE_CURVE('',#3897,#4112,#2365,.T.);
#5242=EDGE_CURVE('',#3896,#4113,#2366,.T.);
#5243=EDGE_CURVE('',#3895,#4114,#2367,.T.);
#5244=EDGE_CURVE('',#3894,#4115,#2368,.T.);
#5245=EDGE_CURVE('',#3909,#4101,#2369,.T.);
#5246=EDGE_CURVE('',#3908,#4094,#2370,.T.);
#5247=EDGE_CURVE('',#3905,#4216,#2371,.T.);
#5248=EDGE_CURVE('',#3904,#4217,#2372,.T.);
#5249=EDGE_CURVE('',#3903,#4218,#2373,.T.);
#5250=EDGE_CURVE('',#3902,#4215,#2374,.T.);
#5251=EDGE_CURVE('',#3901,#4165,#2375,.T.);
#5252=EDGE_CURVE('',#3900,#4166,#2376,.T.);
#5253=EDGE_CURVE('',#3915,#4095,#2377,.T.);
#5254=EDGE_CURVE('',#3914,#4096,#2378,.T.);
#5255=EDGE_CURVE('',#3913,#4097,#2379,.T.);
#5256=EDGE_CURVE('',#3912,#4098,#2380,.T.);
#5257=EDGE_CURVE('',#3911,#4099,#2381,.T.);
#5258=EDGE_CURVE('',#3910,#4100,#2382,.T.);
#5259=EDGE_CURVE('',#3925,#4140,#2383,.T.);
#5260=EDGE_CURVE('',#3924,#4141,#2384,.T.);
#5261=EDGE_CURVE('',#3923,#4134,#2385,.T.);
#5262=EDGE_CURVE('',#3931,#4172,#2386,.T.);
#5263=EDGE_CURVE('',#3930,#4135,#2387,.T.);
#5264=EDGE_CURVE('',#3917,#4207,#2388,.T.);
#5265=EDGE_CURVE('',#3916,#4174,#2389,.T.);
#5266=EDGE_CURVE('',#3920,#4208,#2390,.T.);
#5267=EDGE_CURVE('',#3919,#4209,#2391,.T.);
#5268=EDGE_CURVE('',#3918,#4210,#2392,.T.);
#5269=EDGE_CURVE('',#3929,#4136,#2393,.T.);
#5270=EDGE_CURVE('',#3928,#4137,#2394,.T.);
#5271=EDGE_CURVE('',#3927,#4138,#2395,.T.);
#5272=EDGE_CURVE('',#3926,#4139,#2396,.T.);
#5273=EDGE_CURVE('',#3941,#4148,#2397,.T.);
#5274=EDGE_CURVE('',#3940,#4149,#2398,.T.);
#5275=EDGE_CURVE('',#3939,#4142,#2399,.T.);
#5276=EDGE_CURVE('',#3947,#4176,#2400,.T.);
#5277=EDGE_CURVE('',#3946,#4143,#2401,.T.);
#5278=EDGE_CURVE('',#3933,#4203,#2402,.T.);
#5279=EDGE_CURVE('',#3932,#4178,#2403,.T.);
#5280=EDGE_CURVE('',#3936,#4204,#2404,.T.);
#5281=EDGE_CURVE('',#3935,#4205,#2405,.T.);
#5282=EDGE_CURVE('',#3934,#4206,#2406,.T.);
#5283=EDGE_CURVE('',#3945,#4144,#2407,.T.);
#5284=EDGE_CURVE('',#3944,#4145,#2408,.T.);
#5285=EDGE_CURVE('',#3943,#4146,#2409,.T.);
#5286=EDGE_CURVE('',#3942,#4147,#2410,.T.);
#5287=EDGE_CURVE('',#3957,#4125,#2411,.T.);
#5288=EDGE_CURVE('',#3956,#4118,#2412,.T.);
#5289=EDGE_CURVE('',#3953,#4196,#2413,.T.);
#5290=EDGE_CURVE('',#3952,#4197,#2414,.T.);
#5291=EDGE_CURVE('',#3951,#4198,#2415,.T.);
#5292=EDGE_CURVE('',#3950,#4195,#2416,.T.);
#5293=EDGE_CURVE('',#3949,#4185,#2417,.T.);
#5294=EDGE_CURVE('',#3948,#4186,#2418,.T.);
#5295=EDGE_CURVE('',#3963,#4119,#2419,.T.);
#5296=EDGE_CURVE('',#3962,#4120,#2420,.T.);
#5297=EDGE_CURVE('',#3961,#4121,#2421,.T.);
#5298=EDGE_CURVE('',#3960,#4122,#2422,.T.);
#5299=EDGE_CURVE('',#3959,#4123,#2423,.T.);
#5300=EDGE_CURVE('',#3958,#4124,#2424,.T.);
#5301=EDGE_CURVE('',#3973,#4109,#2425,.T.);
#5302=EDGE_CURVE('',#3972,#4102,#2426,.T.);
#5303=EDGE_CURVE('',#3969,#4212,#2427,.T.);
#5304=EDGE_CURVE('',#3968,#4213,#2428,.T.);
#5305=EDGE_CURVE('',#3967,#4214,#2429,.T.);
#5306=EDGE_CURVE('',#3966,#4211,#2430,.T.);
#5307=EDGE_CURVE('',#3965,#4169,#2431,.T.);
#5308=EDGE_CURVE('',#3964,#4170,#2432,.T.);
#5309=EDGE_CURVE('',#3979,#4103,#2433,.T.);
#5310=EDGE_CURVE('',#3978,#4104,#2434,.T.);
#5311=EDGE_CURVE('',#3977,#4105,#2435,.T.);
#5312=EDGE_CURVE('',#3976,#4106,#2436,.T.);
#5313=EDGE_CURVE('',#3975,#4107,#2437,.T.);
#5314=EDGE_CURVE('',#3974,#4108,#2438,.T.);
#5315=EDGE_CURVE('',#3989,#4132,#2439,.T.);
#5316=EDGE_CURVE('',#3988,#4133,#2440,.T.);
#5317=EDGE_CURVE('',#3987,#4126,#2441,.T.);
#5318=EDGE_CURVE('',#3984,#4192,#2442,.T.);
#5319=EDGE_CURVE('',#3983,#4193,#2443,.T.);
#5320=EDGE_CURVE('',#3982,#4194,#2444,.T.);
#5321=EDGE_CURVE('',#3981,#4191,#2445,.T.);
#5322=EDGE_CURVE('',#3980,#4189,#2446,.T.);
#5323=EDGE_CURVE('',#3995,#4190,#2447,.T.);
#5324=EDGE_CURVE('',#3994,#4127,#2448,.T.);
#5325=EDGE_CURVE('',#3993,#4128,#2449,.T.);
#5326=EDGE_CURVE('',#3992,#4129,#2450,.T.);
#5327=EDGE_CURVE('',#3991,#4130,#2451,.T.);
#5328=EDGE_CURVE('',#3990,#4131,#2452,.T.);
#5329=EDGE_CURVE('',#4046,#4150,#2453,.T.);
#5330=EDGE_CURVE('',#4063,#3487,#2454,.T.);
#5331=EDGE_CURVE('',#3488,#4062,#2455,.T.);
#5332=EDGE_CURVE('',#3489,#4073,#2456,.T.);
#5333=EDGE_CURVE('',#3482,#3856,#2457,.T.);
#5334=EDGE_CURVE('',#3855,#3481,#2458,.T.);
#5335=EDGE_CURVE('',#4072,#3490,#2459,.T.);
#5336=EDGE_CURVE('',#3498,#4064,#2460,.T.);
#5337=EDGE_CURVE('',#4065,#3497,#2461,.T.);
#5338=EDGE_CURVE('',#4066,#3496,#2462,.T.);
#5339=EDGE_CURVE('',#3495,#4067,#2463,.T.);
#5340=EDGE_CURVE('',#3492,#4070,#2464,.T.);
#5341=EDGE_CURVE('',#4071,#3491,#2465,.T.);
#5342=EDGE_CURVE('',#3854,#3483,#2466,.T.);
#5343=EDGE_CURVE('',#3484,#3853,#2467,.T.);
#5344=EDGE_CURVE('',#4069,#3493,#2468,.T.);
#5345=EDGE_CURVE('',#3494,#4068,#2469,.T.);
#5346=ORIENTED_EDGE('',*,*,#4223,.T.);
#5347=ORIENTED_EDGE('',*,*,#4224,.T.);
#5348=ORIENTED_EDGE('',*,*,#4225,.T.);
#5349=ORIENTED_EDGE('',*,*,#4224,.F.);
#5350=ORIENTED_EDGE('',*,*,#4226,.F.);
#5351=ORIENTED_EDGE('',*,*,#4227,.F.);
#5352=ORIENTED_EDGE('',*,*,#4228,.T.);
#5353=ORIENTED_EDGE('',*,*,#4229,.T.);
#5354=ORIENTED_EDGE('',*,*,#4230,.F.);
#5355=ORIENTED_EDGE('',*,*,#4231,.F.);
#5356=ORIENTED_EDGE('',*,*,#4232,.T.);
#5357=ORIENTED_EDGE('',*,*,#4233,.F.);
#5358=ORIENTED_EDGE('',*,*,#4234,.F.);
#5359=ORIENTED_EDGE('',*,*,#4235,.F.);
#5360=ORIENTED_EDGE('',*,*,#4236,.F.);
#5361=ORIENTED_EDGE('',*,*,#4237,.F.);
#5362=ORIENTED_EDGE('',*,*,#4238,.T.);
#5363=ORIENTED_EDGE('',*,*,#4239,.F.);
#5364=ORIENTED_EDGE('',*,*,#4240,.T.);
#5365=ORIENTED_EDGE('',*,*,#4241,.F.);
#5366=ORIENTED_EDGE('',*,*,#4242,.F.);
#5367=ORIENTED_EDGE('',*,*,#4243,.F.);
#5368=ORIENTED_EDGE('',*,*,#4244,.F.);
#5369=ORIENTED_EDGE('',*,*,#4223,.F.);
#5370=ORIENTED_EDGE('',*,*,#4245,.T.);
#5371=ORIENTED_EDGE('',*,*,#4246,.T.);
#5372=ORIENTED_EDGE('',*,*,#4225,.F.);
#5373=ORIENTED_EDGE('',*,*,#4246,.F.);
#5374=ORIENTED_EDGE('',*,*,#4247,.T.);
#5375=ORIENTED_EDGE('',*,*,#4248,.T.);
#5376=ORIENTED_EDGE('',*,*,#4249,.T.);
#5377=ORIENTED_EDGE('',*,*,#4248,.F.);
#5378=ORIENTED_EDGE('',*,*,#4249,.F.);
#5379=ORIENTED_EDGE('',*,*,#4250,.T.);
#5380=ORIENTED_EDGE('',*,*,#4251,.F.);
#5381=ORIENTED_EDGE('',*,*,#4250,.F.);
#5382=ORIENTED_EDGE('',*,*,#4252,.T.);
#5383=ORIENTED_EDGE('',*,*,#4253,.T.);
#5384=ORIENTED_EDGE('',*,*,#4254,.T.);
#5385=ORIENTED_EDGE('',*,*,#4255,.T.);
#5386=ORIENTED_EDGE('',*,*,#4247,.F.);
#5387=ORIENTED_EDGE('',*,*,#4256,.T.);
#5388=ORIENTED_EDGE('',*,*,#4257,.T.);
#5389=ORIENTED_EDGE('',*,*,#4258,.T.);
#5390=ORIENTED_EDGE('',*,*,#4257,.F.);
#5391=ORIENTED_EDGE('',*,*,#4258,.F.);
#5392=ORIENTED_EDGE('',*,*,#4259,.T.);
#5393=ORIENTED_EDGE('',*,*,#4260,.F.);
#5394=ORIENTED_EDGE('',*,*,#4259,.F.);
#5395=ORIENTED_EDGE('',*,*,#4261,.T.);
#5396=ORIENTED_EDGE('',*,*,#4262,.T.);
#5397=ORIENTED_EDGE('',*,*,#4263,.T.);
#5398=ORIENTED_EDGE('',*,*,#4264,.T.);
#5399=ORIENTED_EDGE('',*,*,#4256,.F.);
#5400=ORIENTED_EDGE('',*,*,#4265,.T.);
#5401=ORIENTED_EDGE('',*,*,#4266,.T.);
#5402=ORIENTED_EDGE('',*,*,#4267,.T.);
#5403=ORIENTED_EDGE('',*,*,#4266,.F.);
#5404=ORIENTED_EDGE('',*,*,#4267,.F.);
#5405=ORIENTED_EDGE('',*,*,#4268,.T.);
#5406=ORIENTED_EDGE('',*,*,#4269,.F.);
#5407=ORIENTED_EDGE('',*,*,#4268,.F.);
#5408=ORIENTED_EDGE('',*,*,#4270,.T.);
#5409=ORIENTED_EDGE('',*,*,#4271,.T.);
#5410=ORIENTED_EDGE('',*,*,#4272,.T.);
#5411=ORIENTED_EDGE('',*,*,#4273,.T.);
#5412=ORIENTED_EDGE('',*,*,#4265,.F.);
#5413=ORIENTED_EDGE('',*,*,#4230,.T.);
#5414=ORIENTED_EDGE('',*,*,#4274,.T.);
#5415=ORIENTED_EDGE('',*,*,#4275,.T.);
#5416=ORIENTED_EDGE('',*,*,#4274,.F.);
#5417=ORIENTED_EDGE('',*,*,#4276,.T.);
#5418=ORIENTED_EDGE('',*,*,#4277,.T.);
#5419=ORIENTED_EDGE('',*,*,#4275,.F.);
#5420=ORIENTED_EDGE('',*,*,#4277,.F.);
#5421=ORIENTED_EDGE('',*,*,#4244,.T.);
#5422=ORIENTED_EDGE('',*,*,#4278,.T.);
#5423=ORIENTED_EDGE('',*,*,#4279,.T.);
#5424=ORIENTED_EDGE('',*,*,#4278,.F.);
#5425=ORIENTED_EDGE('',*,*,#4280,.T.);
#5426=ORIENTED_EDGE('',*,*,#4281,.T.);
#5427=ORIENTED_EDGE('',*,*,#4279,.F.);
#5428=ORIENTED_EDGE('',*,*,#4281,.F.);
#5429=ORIENTED_EDGE('',*,*,#4282,.T.);
#5430=ORIENTED_EDGE('',*,*,#4283,.T.);
#5431=ORIENTED_EDGE('',*,*,#4284,.T.);
#5432=ORIENTED_EDGE('',*,*,#4283,.F.);
#5433=ORIENTED_EDGE('',*,*,#4284,.F.);
#5434=ORIENTED_EDGE('',*,*,#4285,.T.);
#5435=ORIENTED_EDGE('',*,*,#4286,.F.);
#5436=ORIENTED_EDGE('',*,*,#4285,.F.);
#5437=ORIENTED_EDGE('',*,*,#4287,.T.);
#5438=ORIENTED_EDGE('',*,*,#4288,.T.);
#5439=ORIENTED_EDGE('',*,*,#4289,.T.);
#5440=ORIENTED_EDGE('',*,*,#4290,.T.);
#5441=ORIENTED_EDGE('',*,*,#4282,.F.);
#5442=ORIENTED_EDGE('',*,*,#4291,.T.);
#5443=ORIENTED_EDGE('',*,*,#4292,.T.);
#5444=ORIENTED_EDGE('',*,*,#4293,.T.);
#5445=ORIENTED_EDGE('',*,*,#4292,.F.);
#5446=ORIENTED_EDGE('',*,*,#4293,.F.);
#5447=ORIENTED_EDGE('',*,*,#4294,.T.);
#5448=ORIENTED_EDGE('',*,*,#4295,.F.);
#5449=ORIENTED_EDGE('',*,*,#4294,.F.);
#5450=ORIENTED_EDGE('',*,*,#4296,.T.);
#5451=ORIENTED_EDGE('',*,*,#4297,.T.);
#5452=ORIENTED_EDGE('',*,*,#4298,.T.);
#5453=ORIENTED_EDGE('',*,*,#4299,.T.);
#5454=ORIENTED_EDGE('',*,*,#4291,.F.);
#5455=ORIENTED_EDGE('',*,*,#4300,.T.);
#5456=ORIENTED_EDGE('',*,*,#4301,.T.);
#5457=ORIENTED_EDGE('',*,*,#4302,.T.);
#5458=ORIENTED_EDGE('',*,*,#4301,.F.);
#5459=ORIENTED_EDGE('',*,*,#4302,.F.);
#5460=ORIENTED_EDGE('',*,*,#4303,.T.);
#5461=ORIENTED_EDGE('',*,*,#4304,.F.);
#5462=ORIENTED_EDGE('',*,*,#4303,.F.);
#5463=ORIENTED_EDGE('',*,*,#4305,.T.);
#5464=ORIENTED_EDGE('',*,*,#4306,.T.);
#5465=ORIENTED_EDGE('',*,*,#4307,.T.);
#5466=ORIENTED_EDGE('',*,*,#4308,.T.);
#5467=ORIENTED_EDGE('',*,*,#4300,.F.);
#5468=ORIENTED_EDGE('',*,*,#4231,.T.);
#5469=ORIENTED_EDGE('',*,*,#4309,.T.);
#5470=ORIENTED_EDGE('',*,*,#4310,.T.);
#5471=ORIENTED_EDGE('',*,*,#4309,.F.);
#5472=ORIENTED_EDGE('',*,*,#4311,.T.);
#5473=ORIENTED_EDGE('',*,*,#4312,.T.);
#5474=ORIENTED_EDGE('',*,*,#4310,.F.);
#5475=ORIENTED_EDGE('',*,*,#4312,.F.);
#5476=ORIENTED_EDGE('',*,*,#4276,.F.);
#5477=ORIENTED_EDGE('',*,*,#4311,.F.);
#5478=ORIENTED_EDGE('',*,*,#4280,.F.);
#5479=ORIENTED_EDGE('',*,*,#4245,.F.);
#5480=ORIENTED_EDGE('',*,*,#4313,.F.);
#5481=ORIENTED_EDGE('',*,*,#4314,.T.);
#5482=ORIENTED_EDGE('',*,*,#4315,.T.);
#5483=ORIENTED_EDGE('',*,*,#4316,.F.);
#5484=ORIENTED_EDGE('',*,*,#4317,.F.);
#5485=ORIENTED_EDGE('',*,*,#4318,.T.);
#5486=ORIENTED_EDGE('',*,*,#4319,.T.);
#5487=ORIENTED_EDGE('',*,*,#4314,.F.);
#5488=ORIENTED_EDGE('',*,*,#4320,.F.);
#5489=ORIENTED_EDGE('',*,*,#4321,.T.);
#5490=ORIENTED_EDGE('',*,*,#4322,.T.);
#5491=ORIENTED_EDGE('',*,*,#4318,.F.);
#5492=ORIENTED_EDGE('',*,*,#4323,.F.);
#5493=ORIENTED_EDGE('',*,*,#4324,.T.);
#5494=ORIENTED_EDGE('',*,*,#4325,.T.);
#5495=ORIENTED_EDGE('',*,*,#4321,.F.);
#5496=ORIENTED_EDGE('',*,*,#4326,.F.);
#5497=ORIENTED_EDGE('',*,*,#4327,.T.);
#5498=ORIENTED_EDGE('',*,*,#4328,.T.);
#5499=ORIENTED_EDGE('',*,*,#4324,.F.);
#5500=ORIENTED_EDGE('',*,*,#4329,.F.);
#5501=ORIENTED_EDGE('',*,*,#4330,.T.);
#5502=ORIENTED_EDGE('',*,*,#4331,.T.);
#5503=ORIENTED_EDGE('',*,*,#4327,.F.);
#5504=ORIENTED_EDGE('',*,*,#4332,.F.);
#5505=ORIENTED_EDGE('',*,*,#4333,.T.);
#5506=ORIENTED_EDGE('',*,*,#4334,.T.);
#5507=ORIENTED_EDGE('',*,*,#4330,.F.);
#5508=ORIENTED_EDGE('',*,*,#4335,.F.);
#5509=ORIENTED_EDGE('',*,*,#4336,.T.);
#5510=ORIENTED_EDGE('',*,*,#4337,.T.);
#5511=ORIENTED_EDGE('',*,*,#4333,.F.);
#5512=ORIENTED_EDGE('',*,*,#4338,.F.);
#5513=ORIENTED_EDGE('',*,*,#4339,.T.);
#5514=ORIENTED_EDGE('',*,*,#4340,.T.);
#5515=ORIENTED_EDGE('',*,*,#4336,.F.);
#5516=ORIENTED_EDGE('',*,*,#4341,.F.);
#5517=ORIENTED_EDGE('',*,*,#4342,.T.);
#5518=ORIENTED_EDGE('',*,*,#4343,.T.);
#5519=ORIENTED_EDGE('',*,*,#4339,.F.);
#5520=ORIENTED_EDGE('',*,*,#4344,.F.);
#5521=ORIENTED_EDGE('',*,*,#4345,.T.);
#5522=ORIENTED_EDGE('',*,*,#4346,.T.);
#5523=ORIENTED_EDGE('',*,*,#4342,.F.);
#5524=ORIENTED_EDGE('',*,*,#4347,.F.);
#5525=ORIENTED_EDGE('',*,*,#4348,.T.);
#5526=ORIENTED_EDGE('',*,*,#4349,.T.);
#5527=ORIENTED_EDGE('',*,*,#4345,.F.);
#5528=ORIENTED_EDGE('',*,*,#4350,.F.);
#5529=ORIENTED_EDGE('',*,*,#4351,.T.);
#5530=ORIENTED_EDGE('',*,*,#4352,.T.);
#5531=ORIENTED_EDGE('',*,*,#4348,.F.);
#5532=ORIENTED_EDGE('',*,*,#4353,.F.);
#5533=ORIENTED_EDGE('',*,*,#4354,.T.);
#5534=ORIENTED_EDGE('',*,*,#4355,.T.);
#5535=ORIENTED_EDGE('',*,*,#4351,.F.);
#5536=ORIENTED_EDGE('',*,*,#4356,.F.);
#5537=ORIENTED_EDGE('',*,*,#4357,.T.);
#5538=ORIENTED_EDGE('',*,*,#4358,.T.);
#5539=ORIENTED_EDGE('',*,*,#4354,.F.);
#5540=ORIENTED_EDGE('',*,*,#4359,.F.);
#5541=ORIENTED_EDGE('',*,*,#4360,.T.);
#5542=ORIENTED_EDGE('',*,*,#4361,.T.);
#5543=ORIENTED_EDGE('',*,*,#4357,.F.);
#5544=ORIENTED_EDGE('',*,*,#4362,.F.);
#5545=ORIENTED_EDGE('',*,*,#4363,.T.);
#5546=ORIENTED_EDGE('',*,*,#4364,.T.);
#5547=ORIENTED_EDGE('',*,*,#4360,.F.);
#5548=ORIENTED_EDGE('',*,*,#4365,.F.);
#5549=ORIENTED_EDGE('',*,*,#4366,.T.);
#5550=ORIENTED_EDGE('',*,*,#4367,.T.);
#5551=ORIENTED_EDGE('',*,*,#4363,.F.);
#5552=ORIENTED_EDGE('',*,*,#4368,.F.);
#5553=ORIENTED_EDGE('',*,*,#4369,.T.);
#5554=ORIENTED_EDGE('',*,*,#4370,.T.);
#5555=ORIENTED_EDGE('',*,*,#4366,.F.);
#5556=ORIENTED_EDGE('',*,*,#4371,.F.);
#5557=ORIENTED_EDGE('',*,*,#4372,.T.);
#5558=ORIENTED_EDGE('',*,*,#4373,.T.);
#5559=ORIENTED_EDGE('',*,*,#4369,.F.);
#5560=ORIENTED_EDGE('',*,*,#4374,.F.);
#5561=ORIENTED_EDGE('',*,*,#4375,.T.);
#5562=ORIENTED_EDGE('',*,*,#4376,.T.);
#5563=ORIENTED_EDGE('',*,*,#4372,.F.);
#5564=ORIENTED_EDGE('',*,*,#4377,.F.);
#5565=ORIENTED_EDGE('',*,*,#4378,.T.);
#5566=ORIENTED_EDGE('',*,*,#4379,.T.);
#5567=ORIENTED_EDGE('',*,*,#4375,.F.);
#5568=ORIENTED_EDGE('',*,*,#4380,.F.);
#5569=ORIENTED_EDGE('',*,*,#4381,.T.);
#5570=ORIENTED_EDGE('',*,*,#4382,.T.);
#5571=ORIENTED_EDGE('',*,*,#4378,.F.);
#5572=ORIENTED_EDGE('',*,*,#4383,.F.);
#5573=ORIENTED_EDGE('',*,*,#4384,.T.);
#5574=ORIENTED_EDGE('',*,*,#4385,.T.);
#5575=ORIENTED_EDGE('',*,*,#4381,.F.);
#5576=ORIENTED_EDGE('',*,*,#4386,.F.);
#5577=ORIENTED_EDGE('',*,*,#4387,.T.);
#5578=ORIENTED_EDGE('',*,*,#4388,.T.);
#5579=ORIENTED_EDGE('',*,*,#4384,.F.);
#5580=ORIENTED_EDGE('',*,*,#4389,.F.);
#5581=ORIENTED_EDGE('',*,*,#4390,.T.);
#5582=ORIENTED_EDGE('',*,*,#4391,.T.);
#5583=ORIENTED_EDGE('',*,*,#4387,.F.);
#5584=ORIENTED_EDGE('',*,*,#4392,.F.);
#5585=ORIENTED_EDGE('',*,*,#4393,.T.);
#5586=ORIENTED_EDGE('',*,*,#4394,.T.);
#5587=ORIENTED_EDGE('',*,*,#4390,.F.);
#5588=ORIENTED_EDGE('',*,*,#4395,.F.);
#5589=ORIENTED_EDGE('',*,*,#4396,.T.);
#5590=ORIENTED_EDGE('',*,*,#4397,.T.);
#5591=ORIENTED_EDGE('',*,*,#4393,.F.);
#5592=ORIENTED_EDGE('',*,*,#4398,.F.);
#5593=ORIENTED_EDGE('',*,*,#4399,.T.);
#5594=ORIENTED_EDGE('',*,*,#4400,.T.);
#5595=ORIENTED_EDGE('',*,*,#4396,.F.);
#5596=ORIENTED_EDGE('',*,*,#4401,.F.);
#5597=ORIENTED_EDGE('',*,*,#4402,.T.);
#5598=ORIENTED_EDGE('',*,*,#4403,.T.);
#5599=ORIENTED_EDGE('',*,*,#4399,.F.);
#5600=ORIENTED_EDGE('',*,*,#4404,.F.);
#5601=ORIENTED_EDGE('',*,*,#4405,.T.);
#5602=ORIENTED_EDGE('',*,*,#4406,.T.);
#5603=ORIENTED_EDGE('',*,*,#4402,.F.);
#5604=ORIENTED_EDGE('',*,*,#4407,.F.);
#5605=ORIENTED_EDGE('',*,*,#4408,.T.);
#5606=ORIENTED_EDGE('',*,*,#4409,.T.);
#5607=ORIENTED_EDGE('',*,*,#4405,.F.);
#5608=ORIENTED_EDGE('',*,*,#4410,.F.);
#5609=ORIENTED_EDGE('',*,*,#4411,.T.);
#5610=ORIENTED_EDGE('',*,*,#4412,.T.);
#5611=ORIENTED_EDGE('',*,*,#4408,.F.);
#5612=ORIENTED_EDGE('',*,*,#4413,.F.);
#5613=ORIENTED_EDGE('',*,*,#4414,.T.);
#5614=ORIENTED_EDGE('',*,*,#4415,.T.);
#5615=ORIENTED_EDGE('',*,*,#4411,.F.);
#5616=ORIENTED_EDGE('',*,*,#4416,.F.);
#5617=ORIENTED_EDGE('',*,*,#4316,.T.);
#5618=ORIENTED_EDGE('',*,*,#4417,.T.);
#5619=ORIENTED_EDGE('',*,*,#4414,.F.);
#5620=ORIENTED_EDGE('',*,*,#4417,.F.);
#5621=ORIENTED_EDGE('',*,*,#4315,.F.);
#5622=ORIENTED_EDGE('',*,*,#4319,.F.);
#5623=ORIENTED_EDGE('',*,*,#4322,.F.);
#5624=ORIENTED_EDGE('',*,*,#4325,.F.);
#5625=ORIENTED_EDGE('',*,*,#4328,.F.);
#5626=ORIENTED_EDGE('',*,*,#4331,.F.);
#5627=ORIENTED_EDGE('',*,*,#4334,.F.);
#5628=ORIENTED_EDGE('',*,*,#4337,.F.);
#5629=ORIENTED_EDGE('',*,*,#4340,.F.);
#5630=ORIENTED_EDGE('',*,*,#4343,.F.);
#5631=ORIENTED_EDGE('',*,*,#4346,.F.);
#5632=ORIENTED_EDGE('',*,*,#4349,.F.);
#5633=ORIENTED_EDGE('',*,*,#4352,.F.);
#5634=ORIENTED_EDGE('',*,*,#4355,.F.);
#5635=ORIENTED_EDGE('',*,*,#4358,.F.);
#5636=ORIENTED_EDGE('',*,*,#4361,.F.);
#5637=ORIENTED_EDGE('',*,*,#4364,.F.);
#5638=ORIENTED_EDGE('',*,*,#4367,.F.);
#5639=ORIENTED_EDGE('',*,*,#4370,.F.);
#5640=ORIENTED_EDGE('',*,*,#4373,.F.);
#5641=ORIENTED_EDGE('',*,*,#4376,.F.);
#5642=ORIENTED_EDGE('',*,*,#4379,.F.);
#5643=ORIENTED_EDGE('',*,*,#4382,.F.);
#5644=ORIENTED_EDGE('',*,*,#4385,.F.);
#5645=ORIENTED_EDGE('',*,*,#4388,.F.);
#5646=ORIENTED_EDGE('',*,*,#4391,.F.);
#5647=ORIENTED_EDGE('',*,*,#4394,.F.);
#5648=ORIENTED_EDGE('',*,*,#4397,.F.);
#5649=ORIENTED_EDGE('',*,*,#4400,.F.);
#5650=ORIENTED_EDGE('',*,*,#4403,.F.);
#5651=ORIENTED_EDGE('',*,*,#4406,.F.);
#5652=ORIENTED_EDGE('',*,*,#4409,.F.);
#5653=ORIENTED_EDGE('',*,*,#4412,.F.);
#5654=ORIENTED_EDGE('',*,*,#4415,.F.);
#5655=ORIENTED_EDGE('',*,*,#4418,.F.);
#5656=ORIENTED_EDGE('',*,*,#4419,.T.);
#5657=ORIENTED_EDGE('',*,*,#4420,.T.);
#5658=ORIENTED_EDGE('',*,*,#4421,.F.);
#5659=ORIENTED_EDGE('',*,*,#4422,.F.);
#5660=ORIENTED_EDGE('',*,*,#4423,.T.);
#5661=ORIENTED_EDGE('',*,*,#4424,.T.);
#5662=ORIENTED_EDGE('',*,*,#4419,.F.);
#5663=ORIENTED_EDGE('',*,*,#4425,.F.);
#5664=ORIENTED_EDGE('',*,*,#4426,.T.);
#5665=ORIENTED_EDGE('',*,*,#4427,.T.);
#5666=ORIENTED_EDGE('',*,*,#4423,.F.);
#5667=ORIENTED_EDGE('',*,*,#4428,.F.);
#5668=ORIENTED_EDGE('',*,*,#4429,.T.);
#5669=ORIENTED_EDGE('',*,*,#4430,.T.);
#5670=ORIENTED_EDGE('',*,*,#4426,.F.);
#5671=ORIENTED_EDGE('',*,*,#4431,.F.);
#5672=ORIENTED_EDGE('',*,*,#4432,.T.);
#5673=ORIENTED_EDGE('',*,*,#4433,.T.);
#5674=ORIENTED_EDGE('',*,*,#4429,.F.);
#5675=ORIENTED_EDGE('',*,*,#4434,.F.);
#5676=ORIENTED_EDGE('',*,*,#4435,.T.);
#5677=ORIENTED_EDGE('',*,*,#4436,.T.);
#5678=ORIENTED_EDGE('',*,*,#4432,.F.);
#5679=ORIENTED_EDGE('',*,*,#4437,.F.);
#5680=ORIENTED_EDGE('',*,*,#4421,.T.);
#5681=ORIENTED_EDGE('',*,*,#4438,.T.);
#5682=ORIENTED_EDGE('',*,*,#4435,.F.);
#5683=ORIENTED_EDGE('',*,*,#4438,.F.);
#5684=ORIENTED_EDGE('',*,*,#4420,.F.);
#5685=ORIENTED_EDGE('',*,*,#4424,.F.);
#5686=ORIENTED_EDGE('',*,*,#4427,.F.);
#5687=ORIENTED_EDGE('',*,*,#4430,.F.);
#5688=ORIENTED_EDGE('',*,*,#4433,.F.);
#5689=ORIENTED_EDGE('',*,*,#4436,.F.);
#5690=ORIENTED_EDGE('',*,*,#4439,.F.);
#5691=ORIENTED_EDGE('',*,*,#4440,.T.);
#5692=ORIENTED_EDGE('',*,*,#4441,.T.);
#5693=ORIENTED_EDGE('',*,*,#4442,.F.);
#5694=ORIENTED_EDGE('',*,*,#4443,.F.);
#5695=ORIENTED_EDGE('',*,*,#4444,.T.);
#5696=ORIENTED_EDGE('',*,*,#4445,.T.);
#5697=ORIENTED_EDGE('',*,*,#4440,.F.);
#5698=ORIENTED_EDGE('',*,*,#4446,.F.);
#5699=ORIENTED_EDGE('',*,*,#4447,.T.);
#5700=ORIENTED_EDGE('',*,*,#4448,.T.);
#5701=ORIENTED_EDGE('',*,*,#4444,.F.);
#5702=ORIENTED_EDGE('',*,*,#4449,.F.);
#5703=ORIENTED_EDGE('',*,*,#4450,.T.);
#5704=ORIENTED_EDGE('',*,*,#4451,.T.);
#5705=ORIENTED_EDGE('',*,*,#4447,.F.);
#5706=ORIENTED_EDGE('',*,*,#4452,.F.);
#5707=ORIENTED_EDGE('',*,*,#4453,.T.);
#5708=ORIENTED_EDGE('',*,*,#4454,.T.);
#5709=ORIENTED_EDGE('',*,*,#4450,.F.);
#5710=ORIENTED_EDGE('',*,*,#4455,.F.);
#5711=ORIENTED_EDGE('',*,*,#4456,.T.);
#5712=ORIENTED_EDGE('',*,*,#4457,.T.);
#5713=ORIENTED_EDGE('',*,*,#4453,.F.);
#5714=ORIENTED_EDGE('',*,*,#4458,.F.);
#5715=ORIENTED_EDGE('',*,*,#4442,.T.);
#5716=ORIENTED_EDGE('',*,*,#4459,.T.);
#5717=ORIENTED_EDGE('',*,*,#4456,.F.);
#5718=ORIENTED_EDGE('',*,*,#4459,.F.);
#5719=ORIENTED_EDGE('',*,*,#4441,.F.);
#5720=ORIENTED_EDGE('',*,*,#4445,.F.);
#5721=ORIENTED_EDGE('',*,*,#4448,.F.);
#5722=ORIENTED_EDGE('',*,*,#4451,.F.);
#5723=ORIENTED_EDGE('',*,*,#4454,.F.);
#5724=ORIENTED_EDGE('',*,*,#4457,.F.);
#5725=ORIENTED_EDGE('',*,*,#4460,.F.);
#5726=ORIENTED_EDGE('',*,*,#4461,.T.);
#5727=ORIENTED_EDGE('',*,*,#4462,.T.);
#5728=ORIENTED_EDGE('',*,*,#4463,.F.);
#5729=ORIENTED_EDGE('',*,*,#4464,.F.);
#5730=ORIENTED_EDGE('',*,*,#4465,.T.);
#5731=ORIENTED_EDGE('',*,*,#4466,.T.);
#5732=ORIENTED_EDGE('',*,*,#4461,.F.);
#5733=ORIENTED_EDGE('',*,*,#4467,.F.);
#5734=ORIENTED_EDGE('',*,*,#4468,.T.);
#5735=ORIENTED_EDGE('',*,*,#4469,.T.);
#5736=ORIENTED_EDGE('',*,*,#4465,.F.);
#5737=ORIENTED_EDGE('',*,*,#4470,.F.);
#5738=ORIENTED_EDGE('',*,*,#4471,.T.);
#5739=ORIENTED_EDGE('',*,*,#4472,.T.);
#5740=ORIENTED_EDGE('',*,*,#4468,.F.);
#5741=ORIENTED_EDGE('',*,*,#4473,.F.);
#5742=ORIENTED_EDGE('',*,*,#4474,.T.);
#5743=ORIENTED_EDGE('',*,*,#4475,.T.);
#5744=ORIENTED_EDGE('',*,*,#4471,.F.);
#5745=ORIENTED_EDGE('',*,*,#4476,.F.);
#5746=ORIENTED_EDGE('',*,*,#4477,.T.);
#5747=ORIENTED_EDGE('',*,*,#4478,.T.);
#5748=ORIENTED_EDGE('',*,*,#4474,.F.);
#5749=ORIENTED_EDGE('',*,*,#4479,.F.);
#5750=ORIENTED_EDGE('',*,*,#4480,.T.);
#5751=ORIENTED_EDGE('',*,*,#4481,.T.);
#5752=ORIENTED_EDGE('',*,*,#4477,.F.);
#5753=ORIENTED_EDGE('',*,*,#4482,.F.);
#5754=ORIENTED_EDGE('',*,*,#4483,.T.);
#5755=ORIENTED_EDGE('',*,*,#4484,.T.);
#5756=ORIENTED_EDGE('',*,*,#4480,.F.);
#5757=ORIENTED_EDGE('',*,*,#4485,.F.);
#5758=ORIENTED_EDGE('',*,*,#4486,.T.);
#5759=ORIENTED_EDGE('',*,*,#4487,.T.);
#5760=ORIENTED_EDGE('',*,*,#4483,.F.);
#5761=ORIENTED_EDGE('',*,*,#4488,.F.);
#5762=ORIENTED_EDGE('',*,*,#4489,.T.);
#5763=ORIENTED_EDGE('',*,*,#4490,.T.);
#5764=ORIENTED_EDGE('',*,*,#4486,.F.);
#5765=ORIENTED_EDGE('',*,*,#4491,.F.);
#5766=ORIENTED_EDGE('',*,*,#4492,.T.);
#5767=ORIENTED_EDGE('',*,*,#4493,.T.);
#5768=ORIENTED_EDGE('',*,*,#4489,.F.);
#5769=ORIENTED_EDGE('',*,*,#4494,.F.);
#5770=ORIENTED_EDGE('',*,*,#4495,.T.);
#5771=ORIENTED_EDGE('',*,*,#4496,.T.);
#5772=ORIENTED_EDGE('',*,*,#4492,.F.);
#5773=ORIENTED_EDGE('',*,*,#4497,.F.);
#5774=ORIENTED_EDGE('',*,*,#4498,.T.);
#5775=ORIENTED_EDGE('',*,*,#4499,.T.);
#5776=ORIENTED_EDGE('',*,*,#4495,.F.);
#5777=ORIENTED_EDGE('',*,*,#4500,.F.);
#5778=ORIENTED_EDGE('',*,*,#4501,.T.);
#5779=ORIENTED_EDGE('',*,*,#4502,.T.);
#5780=ORIENTED_EDGE('',*,*,#4498,.F.);
#5781=ORIENTED_EDGE('',*,*,#4503,.F.);
#5782=ORIENTED_EDGE('',*,*,#4504,.T.);
#5783=ORIENTED_EDGE('',*,*,#4505,.T.);
#5784=ORIENTED_EDGE('',*,*,#4501,.F.);
#5785=ORIENTED_EDGE('',*,*,#4506,.F.);
#5786=ORIENTED_EDGE('',*,*,#4463,.T.);
#5787=ORIENTED_EDGE('',*,*,#4507,.T.);
#5788=ORIENTED_EDGE('',*,*,#4504,.F.);
#5789=ORIENTED_EDGE('',*,*,#4507,.F.);
#5790=ORIENTED_EDGE('',*,*,#4462,.F.);
#5791=ORIENTED_EDGE('',*,*,#4466,.F.);
#5792=ORIENTED_EDGE('',*,*,#4469,.F.);
#5793=ORIENTED_EDGE('',*,*,#4472,.F.);
#5794=ORIENTED_EDGE('',*,*,#4475,.F.);
#5795=ORIENTED_EDGE('',*,*,#4478,.F.);
#5796=ORIENTED_EDGE('',*,*,#4481,.F.);
#5797=ORIENTED_EDGE('',*,*,#4484,.F.);
#5798=ORIENTED_EDGE('',*,*,#4487,.F.);
#5799=ORIENTED_EDGE('',*,*,#4490,.F.);
#5800=ORIENTED_EDGE('',*,*,#4493,.F.);
#5801=ORIENTED_EDGE('',*,*,#4496,.F.);
#5802=ORIENTED_EDGE('',*,*,#4499,.F.);
#5803=ORIENTED_EDGE('',*,*,#4502,.F.);
#5804=ORIENTED_EDGE('',*,*,#4505,.F.);
#5805=ORIENTED_EDGE('',*,*,#4508,.F.);
#5806=ORIENTED_EDGE('',*,*,#4509,.T.);
#5807=ORIENTED_EDGE('',*,*,#4510,.T.);
#5808=ORIENTED_EDGE('',*,*,#4511,.F.);
#5809=ORIENTED_EDGE('',*,*,#4512,.F.);
#5810=ORIENTED_EDGE('',*,*,#4513,.T.);
#5811=ORIENTED_EDGE('',*,*,#4514,.T.);
#5812=ORIENTED_EDGE('',*,*,#4509,.F.);
#5813=ORIENTED_EDGE('',*,*,#4515,.F.);
#5814=ORIENTED_EDGE('',*,*,#4516,.T.);
#5815=ORIENTED_EDGE('',*,*,#4517,.T.);
#5816=ORIENTED_EDGE('',*,*,#4513,.F.);
#5817=ORIENTED_EDGE('',*,*,#4518,.F.);
#5818=ORIENTED_EDGE('',*,*,#4519,.T.);
#5819=ORIENTED_EDGE('',*,*,#4520,.T.);
#5820=ORIENTED_EDGE('',*,*,#4516,.F.);
#5821=ORIENTED_EDGE('',*,*,#4521,.F.);
#5822=ORIENTED_EDGE('',*,*,#4522,.T.);
#5823=ORIENTED_EDGE('',*,*,#4523,.T.);
#5824=ORIENTED_EDGE('',*,*,#4519,.F.);
#5825=ORIENTED_EDGE('',*,*,#4524,.F.);
#5826=ORIENTED_EDGE('',*,*,#4525,.T.);
#5827=ORIENTED_EDGE('',*,*,#4526,.T.);
#5828=ORIENTED_EDGE('',*,*,#4522,.F.);
#5829=ORIENTED_EDGE('',*,*,#4527,.F.);
#5830=ORIENTED_EDGE('',*,*,#4528,.T.);
#5831=ORIENTED_EDGE('',*,*,#4529,.T.);
#5832=ORIENTED_EDGE('',*,*,#4525,.F.);
#5833=ORIENTED_EDGE('',*,*,#4530,.F.);
#5834=ORIENTED_EDGE('',*,*,#4531,.T.);
#5835=ORIENTED_EDGE('',*,*,#4532,.T.);
#5836=ORIENTED_EDGE('',*,*,#4528,.F.);
#5837=ORIENTED_EDGE('',*,*,#4533,.F.);
#5838=ORIENTED_EDGE('',*,*,#4534,.T.);
#5839=ORIENTED_EDGE('',*,*,#4535,.T.);
#5840=ORIENTED_EDGE('',*,*,#4531,.F.);
#5841=ORIENTED_EDGE('',*,*,#4536,.F.);
#5842=ORIENTED_EDGE('',*,*,#4537,.T.);
#5843=ORIENTED_EDGE('',*,*,#4538,.T.);
#5844=ORIENTED_EDGE('',*,*,#4534,.F.);
#5845=ORIENTED_EDGE('',*,*,#4539,.F.);
#5846=ORIENTED_EDGE('',*,*,#4540,.T.);
#5847=ORIENTED_EDGE('',*,*,#4541,.T.);
#5848=ORIENTED_EDGE('',*,*,#4537,.F.);
#5849=ORIENTED_EDGE('',*,*,#4542,.F.);
#5850=ORIENTED_EDGE('',*,*,#4543,.T.);
#5851=ORIENTED_EDGE('',*,*,#4544,.T.);
#5852=ORIENTED_EDGE('',*,*,#4540,.F.);
#5853=ORIENTED_EDGE('',*,*,#4545,.F.);
#5854=ORIENTED_EDGE('',*,*,#4546,.T.);
#5855=ORIENTED_EDGE('',*,*,#4547,.T.);
#5856=ORIENTED_EDGE('',*,*,#4543,.F.);
#5857=ORIENTED_EDGE('',*,*,#4548,.F.);
#5858=ORIENTED_EDGE('',*,*,#4549,.T.);
#5859=ORIENTED_EDGE('',*,*,#4550,.T.);
#5860=ORIENTED_EDGE('',*,*,#4546,.F.);
#5861=ORIENTED_EDGE('',*,*,#4551,.F.);
#5862=ORIENTED_EDGE('',*,*,#4511,.T.);
#5863=ORIENTED_EDGE('',*,*,#4552,.T.);
#5864=ORIENTED_EDGE('',*,*,#4549,.F.);
#5865=ORIENTED_EDGE('',*,*,#4552,.F.);
#5866=ORIENTED_EDGE('',*,*,#4510,.F.);
#5867=ORIENTED_EDGE('',*,*,#4514,.F.);
#5868=ORIENTED_EDGE('',*,*,#4517,.F.);
#5869=ORIENTED_EDGE('',*,*,#4520,.F.);
#5870=ORIENTED_EDGE('',*,*,#4523,.F.);
#5871=ORIENTED_EDGE('',*,*,#4526,.F.);
#5872=ORIENTED_EDGE('',*,*,#4529,.F.);
#5873=ORIENTED_EDGE('',*,*,#4532,.F.);
#5874=ORIENTED_EDGE('',*,*,#4535,.F.);
#5875=ORIENTED_EDGE('',*,*,#4538,.F.);
#5876=ORIENTED_EDGE('',*,*,#4541,.F.);
#5877=ORIENTED_EDGE('',*,*,#4544,.F.);
#5878=ORIENTED_EDGE('',*,*,#4547,.F.);
#5879=ORIENTED_EDGE('',*,*,#4550,.F.);
#5880=ORIENTED_EDGE('',*,*,#4553,.F.);
#5881=ORIENTED_EDGE('',*,*,#4554,.T.);
#5882=ORIENTED_EDGE('',*,*,#4555,.T.);
#5883=ORIENTED_EDGE('',*,*,#4556,.F.);
#5884=ORIENTED_EDGE('',*,*,#4557,.F.);
#5885=ORIENTED_EDGE('',*,*,#4558,.T.);
#5886=ORIENTED_EDGE('',*,*,#4559,.T.);
#5887=ORIENTED_EDGE('',*,*,#4554,.F.);
#5888=ORIENTED_EDGE('',*,*,#4560,.F.);
#5889=ORIENTED_EDGE('',*,*,#4561,.T.);
#5890=ORIENTED_EDGE('',*,*,#4562,.T.);
#5891=ORIENTED_EDGE('',*,*,#4558,.F.);
#5892=ORIENTED_EDGE('',*,*,#4563,.F.);
#5893=ORIENTED_EDGE('',*,*,#4564,.T.);
#5894=ORIENTED_EDGE('',*,*,#4565,.T.);
#5895=ORIENTED_EDGE('',*,*,#4561,.F.);
#5896=ORIENTED_EDGE('',*,*,#4566,.F.);
#5897=ORIENTED_EDGE('',*,*,#4567,.T.);
#5898=ORIENTED_EDGE('',*,*,#4568,.T.);
#5899=ORIENTED_EDGE('',*,*,#4564,.F.);
#5900=ORIENTED_EDGE('',*,*,#4569,.F.);
#5901=ORIENTED_EDGE('',*,*,#4570,.T.);
#5902=ORIENTED_EDGE('',*,*,#4571,.T.);
#5903=ORIENTED_EDGE('',*,*,#4567,.F.);
#5904=ORIENTED_EDGE('',*,*,#4572,.F.);
#5905=ORIENTED_EDGE('',*,*,#4573,.T.);
#5906=ORIENTED_EDGE('',*,*,#4574,.T.);
#5907=ORIENTED_EDGE('',*,*,#4570,.F.);
#5908=ORIENTED_EDGE('',*,*,#4575,.F.);
#5909=ORIENTED_EDGE('',*,*,#4576,.T.);
#5910=ORIENTED_EDGE('',*,*,#4577,.T.);
#5911=ORIENTED_EDGE('',*,*,#4573,.F.);
#5912=ORIENTED_EDGE('',*,*,#4578,.F.);
#5913=ORIENTED_EDGE('',*,*,#4579,.T.);
#5914=ORIENTED_EDGE('',*,*,#4580,.T.);
#5915=ORIENTED_EDGE('',*,*,#4576,.F.);
#5916=ORIENTED_EDGE('',*,*,#4581,.F.);
#5917=ORIENTED_EDGE('',*,*,#4582,.T.);
#5918=ORIENTED_EDGE('',*,*,#4583,.T.);
#5919=ORIENTED_EDGE('',*,*,#4579,.F.);
#5920=ORIENTED_EDGE('',*,*,#4584,.F.);
#5921=ORIENTED_EDGE('',*,*,#4585,.T.);
#5922=ORIENTED_EDGE('',*,*,#4586,.T.);
#5923=ORIENTED_EDGE('',*,*,#4582,.F.);
#5924=ORIENTED_EDGE('',*,*,#4587,.F.);
#5925=ORIENTED_EDGE('',*,*,#4556,.T.);
#5926=ORIENTED_EDGE('',*,*,#4588,.T.);
#5927=ORIENTED_EDGE('',*,*,#4585,.F.);
#5928=ORIENTED_EDGE('',*,*,#4588,.F.);
#5929=ORIENTED_EDGE('',*,*,#4555,.F.);
#5930=ORIENTED_EDGE('',*,*,#4559,.F.);
#5931=ORIENTED_EDGE('',*,*,#4562,.F.);
#5932=ORIENTED_EDGE('',*,*,#4565,.F.);
#5933=ORIENTED_EDGE('',*,*,#4568,.F.);
#5934=ORIENTED_EDGE('',*,*,#4571,.F.);
#5935=ORIENTED_EDGE('',*,*,#4574,.F.);
#5936=ORIENTED_EDGE('',*,*,#4577,.F.);
#5937=ORIENTED_EDGE('',*,*,#4580,.F.);
#5938=ORIENTED_EDGE('',*,*,#4583,.F.);
#5939=ORIENTED_EDGE('',*,*,#4586,.F.);
#5940=ORIENTED_EDGE('',*,*,#4589,.F.);
#5941=ORIENTED_EDGE('',*,*,#4590,.T.);
#5942=ORIENTED_EDGE('',*,*,#4591,.T.);
#5943=ORIENTED_EDGE('',*,*,#4592,.F.);
#5944=ORIENTED_EDGE('',*,*,#4593,.F.);
#5945=ORIENTED_EDGE('',*,*,#4594,.T.);
#5946=ORIENTED_EDGE('',*,*,#4595,.T.);
#5947=ORIENTED_EDGE('',*,*,#4590,.F.);
#5948=ORIENTED_EDGE('',*,*,#4596,.F.);
#5949=ORIENTED_EDGE('',*,*,#4597,.T.);
#5950=ORIENTED_EDGE('',*,*,#4598,.T.);
#5951=ORIENTED_EDGE('',*,*,#4594,.F.);
#5952=ORIENTED_EDGE('',*,*,#4599,.F.);
#5953=ORIENTED_EDGE('',*,*,#4600,.T.);
#5954=ORIENTED_EDGE('',*,*,#4601,.T.);
#5955=ORIENTED_EDGE('',*,*,#4597,.F.);
#5956=ORIENTED_EDGE('',*,*,#4602,.F.);
#5957=ORIENTED_EDGE('',*,*,#4603,.T.);
#5958=ORIENTED_EDGE('',*,*,#4604,.T.);
#5959=ORIENTED_EDGE('',*,*,#4600,.F.);
#5960=ORIENTED_EDGE('',*,*,#4605,.F.);
#5961=ORIENTED_EDGE('',*,*,#4606,.T.);
#5962=ORIENTED_EDGE('',*,*,#4607,.T.);
#5963=ORIENTED_EDGE('',*,*,#4603,.F.);
#5964=ORIENTED_EDGE('',*,*,#4608,.F.);
#5965=ORIENTED_EDGE('',*,*,#4609,.T.);
#5966=ORIENTED_EDGE('',*,*,#4610,.T.);
#5967=ORIENTED_EDGE('',*,*,#4606,.F.);
#5968=ORIENTED_EDGE('',*,*,#4611,.F.);
#5969=ORIENTED_EDGE('',*,*,#4592,.T.);
#5970=ORIENTED_EDGE('',*,*,#4612,.T.);
#5971=ORIENTED_EDGE('',*,*,#4609,.F.);
#5972=ORIENTED_EDGE('',*,*,#4613,.F.);
#5973=ORIENTED_EDGE('',*,*,#4614,.T.);
#5974=ORIENTED_EDGE('',*,*,#4615,.T.);
#5975=ORIENTED_EDGE('',*,*,#4616,.F.);
#5976=ORIENTED_EDGE('',*,*,#4617,.F.);
#5977=ORIENTED_EDGE('',*,*,#4618,.T.);
#5978=ORIENTED_EDGE('',*,*,#4619,.T.);
#5979=ORIENTED_EDGE('',*,*,#4614,.F.);
#5980=ORIENTED_EDGE('',*,*,#4620,.F.);
#5981=ORIENTED_EDGE('',*,*,#4621,.T.);
#5982=ORIENTED_EDGE('',*,*,#4622,.T.);
#5983=ORIENTED_EDGE('',*,*,#4618,.F.);
#5984=ORIENTED_EDGE('',*,*,#4623,.F.);
#5985=ORIENTED_EDGE('',*,*,#4624,.T.);
#5986=ORIENTED_EDGE('',*,*,#4625,.T.);
#5987=ORIENTED_EDGE('',*,*,#4621,.F.);
#5988=ORIENTED_EDGE('',*,*,#4626,.F.);
#5989=ORIENTED_EDGE('',*,*,#4627,.T.);
#5990=ORIENTED_EDGE('',*,*,#4628,.T.);
#5991=ORIENTED_EDGE('',*,*,#4624,.F.);
#5992=ORIENTED_EDGE('',*,*,#4629,.F.);
#5993=ORIENTED_EDGE('',*,*,#4630,.T.);
#5994=ORIENTED_EDGE('',*,*,#4631,.T.);
#5995=ORIENTED_EDGE('',*,*,#4627,.F.);
#5996=ORIENTED_EDGE('',*,*,#4632,.F.);
#5997=ORIENTED_EDGE('',*,*,#4633,.T.);
#5998=ORIENTED_EDGE('',*,*,#4634,.T.);
#5999=ORIENTED_EDGE('',*,*,#4630,.F.);
#6000=ORIENTED_EDGE('',*,*,#4635,.F.);
#6001=ORIENTED_EDGE('',*,*,#4636,.T.);
#6002=ORIENTED_EDGE('',*,*,#4637,.T.);
#6003=ORIENTED_EDGE('',*,*,#4633,.F.);
#6004=ORIENTED_EDGE('',*,*,#4638,.F.);
#6005=ORIENTED_EDGE('',*,*,#4639,.T.);
#6006=ORIENTED_EDGE('',*,*,#4640,.T.);
#6007=ORIENTED_EDGE('',*,*,#4636,.F.);
#6008=ORIENTED_EDGE('',*,*,#4641,.F.);
#6009=ORIENTED_EDGE('',*,*,#4642,.T.);
#6010=ORIENTED_EDGE('',*,*,#4643,.T.);
#6011=ORIENTED_EDGE('',*,*,#4639,.F.);
#6012=ORIENTED_EDGE('',*,*,#4644,.F.);
#6013=ORIENTED_EDGE('',*,*,#4645,.T.);
#6014=ORIENTED_EDGE('',*,*,#4646,.T.);
#6015=ORIENTED_EDGE('',*,*,#4642,.F.);
#6016=ORIENTED_EDGE('',*,*,#4647,.F.);
#6017=ORIENTED_EDGE('',*,*,#4648,.T.);
#6018=ORIENTED_EDGE('',*,*,#4649,.T.);
#6019=ORIENTED_EDGE('',*,*,#4645,.F.);
#6020=ORIENTED_EDGE('',*,*,#4650,.F.);
#6021=ORIENTED_EDGE('',*,*,#4651,.T.);
#6022=ORIENTED_EDGE('',*,*,#4652,.T.);
#6023=ORIENTED_EDGE('',*,*,#4648,.F.);
#6024=ORIENTED_EDGE('',*,*,#4653,.F.);
#6025=ORIENTED_EDGE('',*,*,#4654,.T.);
#6026=ORIENTED_EDGE('',*,*,#4655,.T.);
#6027=ORIENTED_EDGE('',*,*,#4651,.F.);
#6028=ORIENTED_EDGE('',*,*,#4656,.F.);
#6029=ORIENTED_EDGE('',*,*,#4657,.T.);
#6030=ORIENTED_EDGE('',*,*,#4658,.T.);
#6031=ORIENTED_EDGE('',*,*,#4654,.F.);
#6032=ORIENTED_EDGE('',*,*,#4659,.F.);
#6033=ORIENTED_EDGE('',*,*,#4660,.T.);
#6034=ORIENTED_EDGE('',*,*,#4661,.T.);
#6035=ORIENTED_EDGE('',*,*,#4657,.F.);
#6036=ORIENTED_EDGE('',*,*,#4662,.F.);
#6037=ORIENTED_EDGE('',*,*,#4663,.T.);
#6038=ORIENTED_EDGE('',*,*,#4664,.T.);
#6039=ORIENTED_EDGE('',*,*,#4660,.F.);
#6040=ORIENTED_EDGE('',*,*,#4665,.F.);
#6041=ORIENTED_EDGE('',*,*,#4666,.T.);
#6042=ORIENTED_EDGE('',*,*,#4667,.T.);
#6043=ORIENTED_EDGE('',*,*,#4663,.F.);
#6044=ORIENTED_EDGE('',*,*,#4668,.F.);
#6045=ORIENTED_EDGE('',*,*,#4616,.T.);
#6046=ORIENTED_EDGE('',*,*,#4669,.T.);
#6047=ORIENTED_EDGE('',*,*,#4666,.F.);
#6048=ORIENTED_EDGE('',*,*,#4669,.F.);
#6049=ORIENTED_EDGE('',*,*,#4615,.F.);
#6050=ORIENTED_EDGE('',*,*,#4619,.F.);
#6051=ORIENTED_EDGE('',*,*,#4622,.F.);
#6052=ORIENTED_EDGE('',*,*,#4625,.F.);
#6053=ORIENTED_EDGE('',*,*,#4628,.F.);
#6054=ORIENTED_EDGE('',*,*,#4631,.F.);
#6055=ORIENTED_EDGE('',*,*,#4634,.F.);
#6056=ORIENTED_EDGE('',*,*,#4637,.F.);
#6057=ORIENTED_EDGE('',*,*,#4640,.F.);
#6058=ORIENTED_EDGE('',*,*,#4643,.F.);
#6059=ORIENTED_EDGE('',*,*,#4646,.F.);
#6060=ORIENTED_EDGE('',*,*,#4649,.F.);
#6061=ORIENTED_EDGE('',*,*,#4652,.F.);
#6062=ORIENTED_EDGE('',*,*,#4655,.F.);
#6063=ORIENTED_EDGE('',*,*,#4658,.F.);
#6064=ORIENTED_EDGE('',*,*,#4661,.F.);
#6065=ORIENTED_EDGE('',*,*,#4664,.F.);
#6066=ORIENTED_EDGE('',*,*,#4667,.F.);
#6067=ORIENTED_EDGE('',*,*,#4612,.F.);
#6068=ORIENTED_EDGE('',*,*,#4591,.F.);
#6069=ORIENTED_EDGE('',*,*,#4595,.F.);
#6070=ORIENTED_EDGE('',*,*,#4598,.F.);
#6071=ORIENTED_EDGE('',*,*,#4601,.F.);
#6072=ORIENTED_EDGE('',*,*,#4604,.F.);
#6073=ORIENTED_EDGE('',*,*,#4607,.F.);
#6074=ORIENTED_EDGE('',*,*,#4610,.F.);
#6075=ORIENTED_EDGE('',*,*,#4670,.F.);
#6076=ORIENTED_EDGE('',*,*,#4671,.T.);
#6077=ORIENTED_EDGE('',*,*,#4672,.T.);
#6078=ORIENTED_EDGE('',*,*,#4673,.F.);
#6079=ORIENTED_EDGE('',*,*,#4674,.F.);
#6080=ORIENTED_EDGE('',*,*,#4675,.T.);
#6081=ORIENTED_EDGE('',*,*,#4676,.T.);
#6082=ORIENTED_EDGE('',*,*,#4671,.F.);
#6083=ORIENTED_EDGE('',*,*,#4677,.F.);
#6084=ORIENTED_EDGE('',*,*,#4678,.T.);
#6085=ORIENTED_EDGE('',*,*,#4679,.T.);
#6086=ORIENTED_EDGE('',*,*,#4675,.F.);
#6087=ORIENTED_EDGE('',*,*,#4680,.F.);
#6088=ORIENTED_EDGE('',*,*,#4681,.T.);
#6089=ORIENTED_EDGE('',*,*,#4682,.T.);
#6090=ORIENTED_EDGE('',*,*,#4678,.F.);
#6091=ORIENTED_EDGE('',*,*,#4683,.F.);
#6092=ORIENTED_EDGE('',*,*,#4684,.T.);
#6093=ORIENTED_EDGE('',*,*,#4685,.T.);
#6094=ORIENTED_EDGE('',*,*,#4681,.F.);
#6095=ORIENTED_EDGE('',*,*,#4686,.F.);
#6096=ORIENTED_EDGE('',*,*,#4687,.T.);
#6097=ORIENTED_EDGE('',*,*,#4688,.T.);
#6098=ORIENTED_EDGE('',*,*,#4684,.F.);
#6099=ORIENTED_EDGE('',*,*,#4689,.F.);
#6100=ORIENTED_EDGE('',*,*,#4673,.T.);
#6101=ORIENTED_EDGE('',*,*,#4690,.T.);
#6102=ORIENTED_EDGE('',*,*,#4687,.F.);
#6103=ORIENTED_EDGE('',*,*,#4690,.F.);
#6104=ORIENTED_EDGE('',*,*,#4672,.F.);
#6105=ORIENTED_EDGE('',*,*,#4676,.F.);
#6106=ORIENTED_EDGE('',*,*,#4679,.F.);
#6107=ORIENTED_EDGE('',*,*,#4682,.F.);
#6108=ORIENTED_EDGE('',*,*,#4685,.F.);
#6109=ORIENTED_EDGE('',*,*,#4688,.F.);
#6110=ORIENTED_EDGE('',*,*,#4691,.F.);
#6111=ORIENTED_EDGE('',*,*,#4692,.T.);
#6112=ORIENTED_EDGE('',*,*,#4693,.T.);
#6113=ORIENTED_EDGE('',*,*,#4694,.F.);
#6114=ORIENTED_EDGE('',*,*,#4695,.F.);
#6115=ORIENTED_EDGE('',*,*,#4696,.T.);
#6116=ORIENTED_EDGE('',*,*,#4697,.T.);
#6117=ORIENTED_EDGE('',*,*,#4692,.F.);
#6118=ORIENTED_EDGE('',*,*,#4698,.F.);
#6119=ORIENTED_EDGE('',*,*,#4699,.T.);
#6120=ORIENTED_EDGE('',*,*,#4700,.T.);
#6121=ORIENTED_EDGE('',*,*,#4696,.F.);
#6122=ORIENTED_EDGE('',*,*,#4701,.F.);
#6123=ORIENTED_EDGE('',*,*,#4702,.T.);
#6124=ORIENTED_EDGE('',*,*,#4703,.T.);
#6125=ORIENTED_EDGE('',*,*,#4699,.F.);
#6126=ORIENTED_EDGE('',*,*,#4704,.F.);
#6127=ORIENTED_EDGE('',*,*,#4705,.T.);
#6128=ORIENTED_EDGE('',*,*,#4706,.T.);
#6129=ORIENTED_EDGE('',*,*,#4702,.F.);
#6130=ORIENTED_EDGE('',*,*,#4707,.F.);
#6131=ORIENTED_EDGE('',*,*,#4708,.T.);
#6132=ORIENTED_EDGE('',*,*,#4709,.T.);
#6133=ORIENTED_EDGE('',*,*,#4705,.F.);
#6134=ORIENTED_EDGE('',*,*,#4710,.F.);
#6135=ORIENTED_EDGE('',*,*,#4694,.T.);
#6136=ORIENTED_EDGE('',*,*,#4711,.T.);
#6137=ORIENTED_EDGE('',*,*,#4708,.F.);
#6138=ORIENTED_EDGE('',*,*,#4711,.F.);
#6139=ORIENTED_EDGE('',*,*,#4693,.F.);
#6140=ORIENTED_EDGE('',*,*,#4697,.F.);
#6141=ORIENTED_EDGE('',*,*,#4700,.F.);
#6142=ORIENTED_EDGE('',*,*,#4703,.F.);
#6143=ORIENTED_EDGE('',*,*,#4706,.F.);
#6144=ORIENTED_EDGE('',*,*,#4709,.F.);
#6145=ORIENTED_EDGE('',*,*,#4712,.F.);
#6146=ORIENTED_EDGE('',*,*,#4713,.T.);
#6147=ORIENTED_EDGE('',*,*,#4714,.T.);
#6148=ORIENTED_EDGE('',*,*,#4715,.F.);
#6149=ORIENTED_EDGE('',*,*,#4716,.F.);
#6150=ORIENTED_EDGE('',*,*,#4717,.T.);
#6151=ORIENTED_EDGE('',*,*,#4718,.T.);
#6152=ORIENTED_EDGE('',*,*,#4713,.F.);
#6153=ORIENTED_EDGE('',*,*,#4719,.F.);
#6154=ORIENTED_EDGE('',*,*,#4720,.T.);
#6155=ORIENTED_EDGE('',*,*,#4721,.T.);
#6156=ORIENTED_EDGE('',*,*,#4717,.F.);
#6157=ORIENTED_EDGE('',*,*,#4722,.F.);
#6158=ORIENTED_EDGE('',*,*,#4723,.T.);
#6159=ORIENTED_EDGE('',*,*,#4724,.T.);
#6160=ORIENTED_EDGE('',*,*,#4720,.F.);
#6161=ORIENTED_EDGE('',*,*,#4725,.F.);
#6162=ORIENTED_EDGE('',*,*,#4726,.T.);
#6163=ORIENTED_EDGE('',*,*,#4727,.T.);
#6164=ORIENTED_EDGE('',*,*,#4723,.F.);
#6165=ORIENTED_EDGE('',*,*,#4728,.F.);
#6166=ORIENTED_EDGE('',*,*,#4729,.T.);
#6167=ORIENTED_EDGE('',*,*,#4730,.T.);
#6168=ORIENTED_EDGE('',*,*,#4726,.F.);
#6169=ORIENTED_EDGE('',*,*,#4731,.F.);
#6170=ORIENTED_EDGE('',*,*,#4732,.T.);
#6171=ORIENTED_EDGE('',*,*,#4733,.T.);
#6172=ORIENTED_EDGE('',*,*,#4729,.F.);
#6173=ORIENTED_EDGE('',*,*,#4734,.F.);
#6174=ORIENTED_EDGE('',*,*,#4735,.T.);
#6175=ORIENTED_EDGE('',*,*,#4736,.T.);
#6176=ORIENTED_EDGE('',*,*,#4732,.F.);
#6177=ORIENTED_EDGE('',*,*,#4737,.F.);
#6178=ORIENTED_EDGE('',*,*,#4738,.T.);
#6179=ORIENTED_EDGE('',*,*,#4739,.T.);
#6180=ORIENTED_EDGE('',*,*,#4735,.F.);
#6181=ORIENTED_EDGE('',*,*,#4740,.F.);
#6182=ORIENTED_EDGE('',*,*,#4741,.T.);
#6183=ORIENTED_EDGE('',*,*,#4742,.T.);
#6184=ORIENTED_EDGE('',*,*,#4738,.F.);
#6185=ORIENTED_EDGE('',*,*,#4743,.F.);
#6186=ORIENTED_EDGE('',*,*,#4744,.T.);
#6187=ORIENTED_EDGE('',*,*,#4745,.T.);
#6188=ORIENTED_EDGE('',*,*,#4741,.F.);
#6189=ORIENTED_EDGE('',*,*,#4746,.F.);
#6190=ORIENTED_EDGE('',*,*,#4747,.T.);
#6191=ORIENTED_EDGE('',*,*,#4748,.T.);
#6192=ORIENTED_EDGE('',*,*,#4744,.F.);
#6193=ORIENTED_EDGE('',*,*,#4749,.F.);
#6194=ORIENTED_EDGE('',*,*,#4750,.T.);
#6195=ORIENTED_EDGE('',*,*,#4751,.T.);
#6196=ORIENTED_EDGE('',*,*,#4747,.F.);
#6197=ORIENTED_EDGE('',*,*,#4752,.F.);
#6198=ORIENTED_EDGE('',*,*,#4753,.T.);
#6199=ORIENTED_EDGE('',*,*,#4754,.T.);
#6200=ORIENTED_EDGE('',*,*,#4750,.F.);
#6201=ORIENTED_EDGE('',*,*,#4755,.F.);
#6202=ORIENTED_EDGE('',*,*,#4715,.T.);
#6203=ORIENTED_EDGE('',*,*,#4756,.T.);
#6204=ORIENTED_EDGE('',*,*,#4753,.F.);
#6205=ORIENTED_EDGE('',*,*,#4756,.F.);
#6206=ORIENTED_EDGE('',*,*,#4714,.F.);
#6207=ORIENTED_EDGE('',*,*,#4718,.F.);
#6208=ORIENTED_EDGE('',*,*,#4721,.F.);
#6209=ORIENTED_EDGE('',*,*,#4724,.F.);
#6210=ORIENTED_EDGE('',*,*,#4727,.F.);
#6211=ORIENTED_EDGE('',*,*,#4730,.F.);
#6212=ORIENTED_EDGE('',*,*,#4733,.F.);
#6213=ORIENTED_EDGE('',*,*,#4736,.F.);
#6214=ORIENTED_EDGE('',*,*,#4739,.F.);
#6215=ORIENTED_EDGE('',*,*,#4742,.F.);
#6216=ORIENTED_EDGE('',*,*,#4745,.F.);
#6217=ORIENTED_EDGE('',*,*,#4748,.F.);
#6218=ORIENTED_EDGE('',*,*,#4751,.F.);
#6219=ORIENTED_EDGE('',*,*,#4754,.F.);
#6220=ORIENTED_EDGE('',*,*,#4757,.F.);
#6221=ORIENTED_EDGE('',*,*,#4758,.T.);
#6222=ORIENTED_EDGE('',*,*,#4759,.T.);
#6223=ORIENTED_EDGE('',*,*,#4760,.F.);
#6224=ORIENTED_EDGE('',*,*,#4761,.F.);
#6225=ORIENTED_EDGE('',*,*,#4762,.T.);
#6226=ORIENTED_EDGE('',*,*,#4763,.T.);
#6227=ORIENTED_EDGE('',*,*,#4758,.F.);
#6228=ORIENTED_EDGE('',*,*,#4764,.F.);
#6229=ORIENTED_EDGE('',*,*,#4765,.T.);
#6230=ORIENTED_EDGE('',*,*,#4766,.T.);
#6231=ORIENTED_EDGE('',*,*,#4762,.F.);
#6232=ORIENTED_EDGE('',*,*,#4767,.F.);
#6233=ORIENTED_EDGE('',*,*,#4760,.T.);
#6234=ORIENTED_EDGE('',*,*,#4768,.T.);
#6235=ORIENTED_EDGE('',*,*,#4765,.F.);
#6236=ORIENTED_EDGE('',*,*,#4768,.F.);
#6237=ORIENTED_EDGE('',*,*,#4759,.F.);
#6238=ORIENTED_EDGE('',*,*,#4763,.F.);
#6239=ORIENTED_EDGE('',*,*,#4766,.F.);
#6240=ORIENTED_EDGE('',*,*,#4769,.T.);
#6241=ORIENTED_EDGE('',*,*,#4770,.T.);
#6242=ORIENTED_EDGE('',*,*,#4771,.F.);
#6243=ORIENTED_EDGE('',*,*,#4772,.F.);
#6244=ORIENTED_EDGE('',*,*,#4773,.F.);
#6245=ORIENTED_EDGE('',*,*,#4774,.F.);
#6246=ORIENTED_EDGE('',*,*,#4775,.F.);
#6247=ORIENTED_EDGE('',*,*,#4776,.F.);
#6248=ORIENTED_EDGE('',*,*,#4777,.T.);
#6249=ORIENTED_EDGE('',*,*,#4778,.T.);
#6250=ORIENTED_EDGE('',*,*,#4779,.T.);
#6251=ORIENTED_EDGE('',*,*,#4780,.T.);
#6252=ORIENTED_EDGE('',*,*,#4781,.T.);
#6253=ORIENTED_EDGE('',*,*,#4782,.T.);
#6254=ORIENTED_EDGE('',*,*,#4783,.T.);
#6255=ORIENTED_EDGE('',*,*,#4784,.T.);
#6256=ORIENTED_EDGE('',*,*,#4785,.T.);
#6257=ORIENTED_EDGE('',*,*,#4786,.T.);
#6258=ORIENTED_EDGE('',*,*,#4787,.T.);
#6259=ORIENTED_EDGE('',*,*,#4788,.T.);
#6260=ORIENTED_EDGE('',*,*,#4789,.T.);
#6261=ORIENTED_EDGE('',*,*,#4790,.T.);
#6262=ORIENTED_EDGE('',*,*,#4791,.T.);
#6263=ORIENTED_EDGE('',*,*,#4792,.T.);
#6264=ORIENTED_EDGE('',*,*,#4793,.T.);
#6265=ORIENTED_EDGE('',*,*,#4794,.T.);
#6266=ORIENTED_EDGE('',*,*,#4795,.T.);
#6267=ORIENTED_EDGE('',*,*,#4796,.T.);
#6268=ORIENTED_EDGE('',*,*,#4797,.T.);
#6269=ORIENTED_EDGE('',*,*,#4798,.T.);
#6270=ORIENTED_EDGE('',*,*,#4799,.T.);
#6271=ORIENTED_EDGE('',*,*,#4800,.T.);
#6272=ORIENTED_EDGE('',*,*,#4801,.T.);
#6273=ORIENTED_EDGE('',*,*,#4802,.T.);
#6274=ORIENTED_EDGE('',*,*,#4803,.T.);
#6275=ORIENTED_EDGE('',*,*,#4804,.T.);
#6276=ORIENTED_EDGE('',*,*,#4805,.T.);
#6277=ORIENTED_EDGE('',*,*,#4806,.T.);
#6278=ORIENTED_EDGE('',*,*,#4807,.T.);
#6279=ORIENTED_EDGE('',*,*,#4808,.T.);
#6280=ORIENTED_EDGE('',*,*,#4809,.T.);
#6281=ORIENTED_EDGE('',*,*,#4810,.T.);
#6282=ORIENTED_EDGE('',*,*,#4811,.T.);
#6283=ORIENTED_EDGE('',*,*,#4812,.T.);
#6284=ORIENTED_EDGE('',*,*,#4813,.T.);
#6285=ORIENTED_EDGE('',*,*,#4814,.T.);
#6286=ORIENTED_EDGE('',*,*,#4815,.T.);
#6287=ORIENTED_EDGE('',*,*,#4816,.T.);
#6288=ORIENTED_EDGE('',*,*,#4817,.T.);
#6289=ORIENTED_EDGE('',*,*,#4818,.T.);
#6290=ORIENTED_EDGE('',*,*,#4819,.T.);
#6291=ORIENTED_EDGE('',*,*,#4820,.T.);
#6292=ORIENTED_EDGE('',*,*,#4821,.T.);
#6293=ORIENTED_EDGE('',*,*,#4822,.T.);
#6294=ORIENTED_EDGE('',*,*,#4823,.T.);
#6295=ORIENTED_EDGE('',*,*,#4824,.T.);
#6296=ORIENTED_EDGE('',*,*,#4825,.T.);
#6297=ORIENTED_EDGE('',*,*,#4826,.T.);
#6298=ORIENTED_EDGE('',*,*,#4827,.T.);
#6299=ORIENTED_EDGE('',*,*,#4828,.T.);
#6300=ORIENTED_EDGE('',*,*,#4829,.T.);
#6301=ORIENTED_EDGE('',*,*,#4830,.T.);
#6302=ORIENTED_EDGE('',*,*,#4831,.T.);
#6303=ORIENTED_EDGE('',*,*,#4832,.T.);
#6304=ORIENTED_EDGE('',*,*,#4833,.T.);
#6305=ORIENTED_EDGE('',*,*,#4834,.T.);
#6306=ORIENTED_EDGE('',*,*,#4835,.T.);
#6307=ORIENTED_EDGE('',*,*,#4836,.T.);
#6308=ORIENTED_EDGE('',*,*,#4837,.T.);
#6309=ORIENTED_EDGE('',*,*,#4838,.T.);
#6310=ORIENTED_EDGE('',*,*,#4839,.T.);
#6311=ORIENTED_EDGE('',*,*,#4840,.T.);
#6312=ORIENTED_EDGE('',*,*,#4841,.T.);
#6313=ORIENTED_EDGE('',*,*,#4842,.T.);
#6314=ORIENTED_EDGE('',*,*,#4843,.T.);
#6315=ORIENTED_EDGE('',*,*,#4844,.T.);
#6316=ORIENTED_EDGE('',*,*,#4845,.T.);
#6317=ORIENTED_EDGE('',*,*,#4846,.T.);
#6318=ORIENTED_EDGE('',*,*,#4847,.T.);
#6319=ORIENTED_EDGE('',*,*,#4848,.T.);
#6320=ORIENTED_EDGE('',*,*,#4849,.T.);
#6321=ORIENTED_EDGE('',*,*,#4850,.T.);
#6322=ORIENTED_EDGE('',*,*,#4851,.T.);
#6323=ORIENTED_EDGE('',*,*,#4852,.T.);
#6324=ORIENTED_EDGE('',*,*,#4853,.T.);
#6325=ORIENTED_EDGE('',*,*,#4854,.T.);
#6326=ORIENTED_EDGE('',*,*,#4855,.T.);
#6327=ORIENTED_EDGE('',*,*,#4856,.T.);
#6328=ORIENTED_EDGE('',*,*,#4857,.T.);
#6329=ORIENTED_EDGE('',*,*,#4858,.T.);
#6330=ORIENTED_EDGE('',*,*,#4859,.T.);
#6331=ORIENTED_EDGE('',*,*,#4860,.T.);
#6332=ORIENTED_EDGE('',*,*,#4861,.T.);
#6333=ORIENTED_EDGE('',*,*,#4862,.T.);
#6334=ORIENTED_EDGE('',*,*,#4863,.T.);
#6335=ORIENTED_EDGE('',*,*,#4864,.T.);
#6336=ORIENTED_EDGE('',*,*,#4865,.T.);
#6337=ORIENTED_EDGE('',*,*,#4866,.T.);
#6338=ORIENTED_EDGE('',*,*,#4867,.T.);
#6339=ORIENTED_EDGE('',*,*,#4868,.T.);
#6340=ORIENTED_EDGE('',*,*,#4869,.T.);
#6341=ORIENTED_EDGE('',*,*,#4870,.T.);
#6342=ORIENTED_EDGE('',*,*,#4871,.T.);
#6343=ORIENTED_EDGE('',*,*,#4872,.T.);
#6344=ORIENTED_EDGE('',*,*,#4873,.T.);
#6345=ORIENTED_EDGE('',*,*,#4874,.T.);
#6346=ORIENTED_EDGE('',*,*,#4875,.T.);
#6347=ORIENTED_EDGE('',*,*,#4876,.T.);
#6348=ORIENTED_EDGE('',*,*,#4877,.T.);
#6349=ORIENTED_EDGE('',*,*,#4878,.T.);
#6350=ORIENTED_EDGE('',*,*,#4879,.T.);
#6351=ORIENTED_EDGE('',*,*,#4880,.T.);
#6352=ORIENTED_EDGE('',*,*,#4881,.T.);
#6353=ORIENTED_EDGE('',*,*,#4882,.T.);
#6354=ORIENTED_EDGE('',*,*,#4883,.T.);
#6355=ORIENTED_EDGE('',*,*,#4884,.T.);
#6356=ORIENTED_EDGE('',*,*,#4885,.T.);
#6357=ORIENTED_EDGE('',*,*,#4886,.T.);
#6358=ORIENTED_EDGE('',*,*,#4887,.T.);
#6359=ORIENTED_EDGE('',*,*,#4888,.T.);
#6360=ORIENTED_EDGE('',*,*,#4889,.T.);
#6361=ORIENTED_EDGE('',*,*,#4890,.T.);
#6362=ORIENTED_EDGE('',*,*,#4891,.T.);
#6363=ORIENTED_EDGE('',*,*,#4892,.T.);
#6364=ORIENTED_EDGE('',*,*,#4893,.T.);
#6365=ORIENTED_EDGE('',*,*,#4894,.T.);
#6366=ORIENTED_EDGE('',*,*,#4895,.T.);
#6367=ORIENTED_EDGE('',*,*,#4896,.T.);
#6368=ORIENTED_EDGE('',*,*,#4897,.T.);
#6369=ORIENTED_EDGE('',*,*,#4898,.T.);
#6370=ORIENTED_EDGE('',*,*,#4899,.T.);
#6371=ORIENTED_EDGE('',*,*,#4900,.T.);
#6372=ORIENTED_EDGE('',*,*,#4901,.T.);
#6373=ORIENTED_EDGE('',*,*,#4902,.T.);
#6374=ORIENTED_EDGE('',*,*,#4903,.T.);
#6375=ORIENTED_EDGE('',*,*,#4904,.T.);
#6376=ORIENTED_EDGE('',*,*,#4905,.T.);
#6377=ORIENTED_EDGE('',*,*,#4906,.T.);
#6378=ORIENTED_EDGE('',*,*,#4907,.T.);
#6379=ORIENTED_EDGE('',*,*,#4908,.T.);
#6380=ORIENTED_EDGE('',*,*,#4909,.T.);
#6381=ORIENTED_EDGE('',*,*,#4910,.T.);
#6382=ORIENTED_EDGE('',*,*,#4911,.T.);
#6383=ORIENTED_EDGE('',*,*,#4757,.T.);
#6384=ORIENTED_EDGE('',*,*,#4767,.T.);
#6385=ORIENTED_EDGE('',*,*,#4764,.T.);
#6386=ORIENTED_EDGE('',*,*,#4761,.T.);
#6387=ORIENTED_EDGE('',*,*,#4712,.T.);
#6388=ORIENTED_EDGE('',*,*,#4755,.T.);
#6389=ORIENTED_EDGE('',*,*,#4752,.T.);
#6390=ORIENTED_EDGE('',*,*,#4749,.T.);
#6391=ORIENTED_EDGE('',*,*,#4746,.T.);
#6392=ORIENTED_EDGE('',*,*,#4743,.T.);
#6393=ORIENTED_EDGE('',*,*,#4740,.T.);
#6394=ORIENTED_EDGE('',*,*,#4737,.T.);
#6395=ORIENTED_EDGE('',*,*,#4734,.T.);
#6396=ORIENTED_EDGE('',*,*,#4731,.T.);
#6397=ORIENTED_EDGE('',*,*,#4728,.T.);
#6398=ORIENTED_EDGE('',*,*,#4725,.T.);
#6399=ORIENTED_EDGE('',*,*,#4722,.T.);
#6400=ORIENTED_EDGE('',*,*,#4719,.T.);
#6401=ORIENTED_EDGE('',*,*,#4716,.T.);
#6402=ORIENTED_EDGE('',*,*,#4691,.T.);
#6403=ORIENTED_EDGE('',*,*,#4710,.T.);
#6404=ORIENTED_EDGE('',*,*,#4707,.T.);
#6405=ORIENTED_EDGE('',*,*,#4704,.T.);
#6406=ORIENTED_EDGE('',*,*,#4701,.T.);
#6407=ORIENTED_EDGE('',*,*,#4698,.T.);
#6408=ORIENTED_EDGE('',*,*,#4695,.T.);
#6409=ORIENTED_EDGE('',*,*,#4670,.T.);
#6410=ORIENTED_EDGE('',*,*,#4689,.T.);
#6411=ORIENTED_EDGE('',*,*,#4686,.T.);
#6412=ORIENTED_EDGE('',*,*,#4683,.T.);
#6413=ORIENTED_EDGE('',*,*,#4680,.T.);
#6414=ORIENTED_EDGE('',*,*,#4677,.T.);
#6415=ORIENTED_EDGE('',*,*,#4674,.T.);
#6416=ORIENTED_EDGE('',*,*,#4613,.T.);
#6417=ORIENTED_EDGE('',*,*,#4668,.T.);
#6418=ORIENTED_EDGE('',*,*,#4665,.T.);
#6419=ORIENTED_EDGE('',*,*,#4662,.T.);
#6420=ORIENTED_EDGE('',*,*,#4659,.T.);
#6421=ORIENTED_EDGE('',*,*,#4656,.T.);
#6422=ORIENTED_EDGE('',*,*,#4653,.T.);
#6423=ORIENTED_EDGE('',*,*,#4650,.T.);
#6424=ORIENTED_EDGE('',*,*,#4647,.T.);
#6425=ORIENTED_EDGE('',*,*,#4644,.T.);
#6426=ORIENTED_EDGE('',*,*,#4641,.T.);
#6427=ORIENTED_EDGE('',*,*,#4638,.T.);
#6428=ORIENTED_EDGE('',*,*,#4635,.T.);
#6429=ORIENTED_EDGE('',*,*,#4632,.T.);
#6430=ORIENTED_EDGE('',*,*,#4629,.T.);
#6431=ORIENTED_EDGE('',*,*,#4626,.T.);
#6432=ORIENTED_EDGE('',*,*,#4623,.T.);
#6433=ORIENTED_EDGE('',*,*,#4620,.T.);
#6434=ORIENTED_EDGE('',*,*,#4617,.T.);
#6435=ORIENTED_EDGE('',*,*,#4553,.T.);
#6436=ORIENTED_EDGE('',*,*,#4587,.T.);
#6437=ORIENTED_EDGE('',*,*,#4584,.T.);
#6438=ORIENTED_EDGE('',*,*,#4581,.T.);
#6439=ORIENTED_EDGE('',*,*,#4578,.T.);
#6440=ORIENTED_EDGE('',*,*,#4575,.T.);
#6441=ORIENTED_EDGE('',*,*,#4572,.T.);
#6442=ORIENTED_EDGE('',*,*,#4569,.T.);
#6443=ORIENTED_EDGE('',*,*,#4566,.T.);
#6444=ORIENTED_EDGE('',*,*,#4563,.T.);
#6445=ORIENTED_EDGE('',*,*,#4560,.T.);
#6446=ORIENTED_EDGE('',*,*,#4557,.T.);
#6447=ORIENTED_EDGE('',*,*,#4508,.T.);
#6448=ORIENTED_EDGE('',*,*,#4551,.T.);
#6449=ORIENTED_EDGE('',*,*,#4548,.T.);
#6450=ORIENTED_EDGE('',*,*,#4545,.T.);
#6451=ORIENTED_EDGE('',*,*,#4542,.T.);
#6452=ORIENTED_EDGE('',*,*,#4539,.T.);
#6453=ORIENTED_EDGE('',*,*,#4536,.T.);
#6454=ORIENTED_EDGE('',*,*,#4533,.T.);
#6455=ORIENTED_EDGE('',*,*,#4530,.T.);
#6456=ORIENTED_EDGE('',*,*,#4527,.T.);
#6457=ORIENTED_EDGE('',*,*,#4524,.T.);
#6458=ORIENTED_EDGE('',*,*,#4521,.T.);
#6459=ORIENTED_EDGE('',*,*,#4518,.T.);
#6460=ORIENTED_EDGE('',*,*,#4515,.T.);
#6461=ORIENTED_EDGE('',*,*,#4512,.T.);
#6462=ORIENTED_EDGE('',*,*,#4460,.T.);
#6463=ORIENTED_EDGE('',*,*,#4506,.T.);
#6464=ORIENTED_EDGE('',*,*,#4503,.T.);
#6465=ORIENTED_EDGE('',*,*,#4500,.T.);
#6466=ORIENTED_EDGE('',*,*,#4497,.T.);
#6467=ORIENTED_EDGE('',*,*,#4494,.T.);
#6468=ORIENTED_EDGE('',*,*,#4491,.T.);
#6469=ORIENTED_EDGE('',*,*,#4488,.T.);
#6470=ORIENTED_EDGE('',*,*,#4485,.T.);
#6471=ORIENTED_EDGE('',*,*,#4482,.T.);
#6472=ORIENTED_EDGE('',*,*,#4479,.T.);
#6473=ORIENTED_EDGE('',*,*,#4476,.T.);
#6474=ORIENTED_EDGE('',*,*,#4473,.T.);
#6475=ORIENTED_EDGE('',*,*,#4470,.T.);
#6476=ORIENTED_EDGE('',*,*,#4467,.T.);
#6477=ORIENTED_EDGE('',*,*,#4464,.T.);
#6478=ORIENTED_EDGE('',*,*,#4439,.T.);
#6479=ORIENTED_EDGE('',*,*,#4458,.T.);
#6480=ORIENTED_EDGE('',*,*,#4455,.T.);
#6481=ORIENTED_EDGE('',*,*,#4452,.T.);
#6482=ORIENTED_EDGE('',*,*,#4449,.T.);
#6483=ORIENTED_EDGE('',*,*,#4446,.T.);
#6484=ORIENTED_EDGE('',*,*,#4443,.T.);
#6485=ORIENTED_EDGE('',*,*,#4418,.T.);
#6486=ORIENTED_EDGE('',*,*,#4437,.T.);
#6487=ORIENTED_EDGE('',*,*,#4434,.T.);
#6488=ORIENTED_EDGE('',*,*,#4431,.T.);
#6489=ORIENTED_EDGE('',*,*,#4428,.T.);
#6490=ORIENTED_EDGE('',*,*,#4425,.T.);
#6491=ORIENTED_EDGE('',*,*,#4422,.T.);
#6492=ORIENTED_EDGE('',*,*,#4313,.T.);
#6493=ORIENTED_EDGE('',*,*,#4416,.T.);
#6494=ORIENTED_EDGE('',*,*,#4413,.T.);
#6495=ORIENTED_EDGE('',*,*,#4410,.T.);
#6496=ORIENTED_EDGE('',*,*,#4407,.T.);
#6497=ORIENTED_EDGE('',*,*,#4404,.T.);
#6498=ORIENTED_EDGE('',*,*,#4401,.T.);
#6499=ORIENTED_EDGE('',*,*,#4398,.T.);
#6500=ORIENTED_EDGE('',*,*,#4395,.T.);
#6501=ORIENTED_EDGE('',*,*,#4392,.T.);
#6502=ORIENTED_EDGE('',*,*,#4389,.T.);
#6503=ORIENTED_EDGE('',*,*,#4386,.T.);
#6504=ORIENTED_EDGE('',*,*,#4383,.T.);
#6505=ORIENTED_EDGE('',*,*,#4380,.T.);
#6506=ORIENTED_EDGE('',*,*,#4377,.T.);
#6507=ORIENTED_EDGE('',*,*,#4374,.T.);
#6508=ORIENTED_EDGE('',*,*,#4371,.T.);
#6509=ORIENTED_EDGE('',*,*,#4368,.T.);
#6510=ORIENTED_EDGE('',*,*,#4365,.T.);
#6511=ORIENTED_EDGE('',*,*,#4362,.T.);
#6512=ORIENTED_EDGE('',*,*,#4359,.T.);
#6513=ORIENTED_EDGE('',*,*,#4356,.T.);
#6514=ORIENTED_EDGE('',*,*,#4353,.T.);
#6515=ORIENTED_EDGE('',*,*,#4350,.T.);
#6516=ORIENTED_EDGE('',*,*,#4347,.T.);
#6517=ORIENTED_EDGE('',*,*,#4344,.T.);
#6518=ORIENTED_EDGE('',*,*,#4341,.T.);
#6519=ORIENTED_EDGE('',*,*,#4338,.T.);
#6520=ORIENTED_EDGE('',*,*,#4335,.T.);
#6521=ORIENTED_EDGE('',*,*,#4332,.T.);
#6522=ORIENTED_EDGE('',*,*,#4329,.T.);
#6523=ORIENTED_EDGE('',*,*,#4326,.T.);
#6524=ORIENTED_EDGE('',*,*,#4323,.T.);
#6525=ORIENTED_EDGE('',*,*,#4320,.T.);
#6526=ORIENTED_EDGE('',*,*,#4317,.T.);
#6527=ORIENTED_EDGE('',*,*,#4912,.F.);
#6528=ORIENTED_EDGE('',*,*,#4913,.T.);
#6529=ORIENTED_EDGE('',*,*,#4914,.F.);
#6530=ORIENTED_EDGE('',*,*,#4915,.F.);
#6531=ORIENTED_EDGE('',*,*,#4916,.F.);
#6532=ORIENTED_EDGE('',*,*,#4915,.T.);
#6533=ORIENTED_EDGE('',*,*,#4917,.F.);
#6534=ORIENTED_EDGE('',*,*,#4918,.F.);
#6535=ORIENTED_EDGE('',*,*,#4919,.F.);
#6536=ORIENTED_EDGE('',*,*,#4918,.T.);
#6537=ORIENTED_EDGE('',*,*,#4920,.F.);
#6538=ORIENTED_EDGE('',*,*,#4921,.F.);
#6539=ORIENTED_EDGE('',*,*,#4922,.F.);
#6540=ORIENTED_EDGE('',*,*,#4921,.T.);
#6541=ORIENTED_EDGE('',*,*,#4923,.F.);
#6542=ORIENTED_EDGE('',*,*,#4913,.F.);
#6543=ORIENTED_EDGE('',*,*,#4923,.T.);
#6544=ORIENTED_EDGE('',*,*,#4920,.T.);
#6545=ORIENTED_EDGE('',*,*,#4917,.T.);
#6546=ORIENTED_EDGE('',*,*,#4914,.T.);
#6547=ORIENTED_EDGE('',*,*,#4924,.F.);
#6548=ORIENTED_EDGE('',*,*,#4925,.T.);
#6549=ORIENTED_EDGE('',*,*,#4926,.F.);
#6550=ORIENTED_EDGE('',*,*,#4927,.F.);
#6551=ORIENTED_EDGE('',*,*,#4928,.F.);
#6552=ORIENTED_EDGE('',*,*,#4927,.T.);
#6553=ORIENTED_EDGE('',*,*,#4929,.F.);
#6554=ORIENTED_EDGE('',*,*,#4930,.F.);
#6555=ORIENTED_EDGE('',*,*,#4931,.F.);
#6556=ORIENTED_EDGE('',*,*,#4930,.T.);
#6557=ORIENTED_EDGE('',*,*,#4932,.F.);
#6558=ORIENTED_EDGE('',*,*,#4933,.F.);
#6559=ORIENTED_EDGE('',*,*,#4934,.F.);
#6560=ORIENTED_EDGE('',*,*,#4933,.T.);
#6561=ORIENTED_EDGE('',*,*,#4935,.F.);
#6562=ORIENTED_EDGE('',*,*,#4925,.F.);
#6563=ORIENTED_EDGE('',*,*,#4935,.T.);
#6564=ORIENTED_EDGE('',*,*,#4932,.T.);
#6565=ORIENTED_EDGE('',*,*,#4929,.T.);
#6566=ORIENTED_EDGE('',*,*,#4926,.T.);
#6567=ORIENTED_EDGE('',*,*,#4936,.F.);
#6568=ORIENTED_EDGE('',*,*,#4937,.T.);
#6569=ORIENTED_EDGE('',*,*,#4938,.F.);
#6570=ORIENTED_EDGE('',*,*,#4939,.F.);
#6571=ORIENTED_EDGE('',*,*,#4940,.F.);
#6572=ORIENTED_EDGE('',*,*,#4939,.T.);
#6573=ORIENTED_EDGE('',*,*,#4941,.F.);
#6574=ORIENTED_EDGE('',*,*,#4942,.F.);
#6575=ORIENTED_EDGE('',*,*,#4943,.F.);
#6576=ORIENTED_EDGE('',*,*,#4942,.T.);
#6577=ORIENTED_EDGE('',*,*,#4944,.F.);
#6578=ORIENTED_EDGE('',*,*,#4945,.F.);
#6579=ORIENTED_EDGE('',*,*,#4946,.F.);
#6580=ORIENTED_EDGE('',*,*,#4945,.T.);
#6581=ORIENTED_EDGE('',*,*,#4947,.F.);
#6582=ORIENTED_EDGE('',*,*,#4937,.F.);
#6583=ORIENTED_EDGE('',*,*,#4947,.T.);
#6584=ORIENTED_EDGE('',*,*,#4944,.T.);
#6585=ORIENTED_EDGE('',*,*,#4941,.T.);
#6586=ORIENTED_EDGE('',*,*,#4938,.T.);
#6587=ORIENTED_EDGE('',*,*,#4948,.F.);
#6588=ORIENTED_EDGE('',*,*,#4949,.T.);
#6589=ORIENTED_EDGE('',*,*,#4950,.F.);
#6590=ORIENTED_EDGE('',*,*,#4951,.F.);
#6591=ORIENTED_EDGE('',*,*,#4952,.F.);
#6592=ORIENTED_EDGE('',*,*,#4951,.T.);
#6593=ORIENTED_EDGE('',*,*,#4953,.F.);
#6594=ORIENTED_EDGE('',*,*,#4954,.F.);
#6595=ORIENTED_EDGE('',*,*,#4955,.F.);
#6596=ORIENTED_EDGE('',*,*,#4954,.T.);
#6597=ORIENTED_EDGE('',*,*,#4956,.F.);
#6598=ORIENTED_EDGE('',*,*,#4957,.F.);
#6599=ORIENTED_EDGE('',*,*,#4958,.F.);
#6600=ORIENTED_EDGE('',*,*,#4957,.T.);
#6601=ORIENTED_EDGE('',*,*,#4959,.F.);
#6602=ORIENTED_EDGE('',*,*,#4949,.F.);
#6603=ORIENTED_EDGE('',*,*,#4959,.T.);
#6604=ORIENTED_EDGE('',*,*,#4956,.T.);
#6605=ORIENTED_EDGE('',*,*,#4953,.T.);
#6606=ORIENTED_EDGE('',*,*,#4950,.T.);
#6607=ORIENTED_EDGE('',*,*,#4960,.F.);
#6608=ORIENTED_EDGE('',*,*,#4961,.T.);
#6609=ORIENTED_EDGE('',*,*,#4962,.F.);
#6610=ORIENTED_EDGE('',*,*,#4963,.F.);
#6611=ORIENTED_EDGE('',*,*,#4964,.F.);
#6612=ORIENTED_EDGE('',*,*,#4963,.T.);
#6613=ORIENTED_EDGE('',*,*,#4965,.F.);
#6614=ORIENTED_EDGE('',*,*,#4966,.F.);
#6615=ORIENTED_EDGE('',*,*,#4967,.F.);
#6616=ORIENTED_EDGE('',*,*,#4966,.T.);
#6617=ORIENTED_EDGE('',*,*,#4968,.F.);
#6618=ORIENTED_EDGE('',*,*,#4969,.F.);
#6619=ORIENTED_EDGE('',*,*,#4970,.F.);
#6620=ORIENTED_EDGE('',*,*,#4969,.T.);
#6621=ORIENTED_EDGE('',*,*,#4971,.F.);
#6622=ORIENTED_EDGE('',*,*,#4961,.F.);
#6623=ORIENTED_EDGE('',*,*,#4971,.T.);
#6624=ORIENTED_EDGE('',*,*,#4968,.T.);
#6625=ORIENTED_EDGE('',*,*,#4965,.T.);
#6626=ORIENTED_EDGE('',*,*,#4962,.T.);
#6627=ORIENTED_EDGE('',*,*,#4972,.F.);
#6628=ORIENTED_EDGE('',*,*,#4973,.T.);
#6629=ORIENTED_EDGE('',*,*,#4974,.F.);
#6630=ORIENTED_EDGE('',*,*,#4975,.F.);
#6631=ORIENTED_EDGE('',*,*,#4976,.F.);
#6632=ORIENTED_EDGE('',*,*,#4975,.T.);
#6633=ORIENTED_EDGE('',*,*,#4977,.F.);
#6634=ORIENTED_EDGE('',*,*,#4978,.F.);
#6635=ORIENTED_EDGE('',*,*,#4979,.F.);
#6636=ORIENTED_EDGE('',*,*,#4978,.T.);
#6637=ORIENTED_EDGE('',*,*,#4980,.F.);
#6638=ORIENTED_EDGE('',*,*,#4981,.F.);
#6639=ORIENTED_EDGE('',*,*,#4982,.F.);
#6640=ORIENTED_EDGE('',*,*,#4981,.T.);
#6641=ORIENTED_EDGE('',*,*,#4983,.F.);
#6642=ORIENTED_EDGE('',*,*,#4973,.F.);
#6643=ORIENTED_EDGE('',*,*,#4983,.T.);
#6644=ORIENTED_EDGE('',*,*,#4980,.T.);
#6645=ORIENTED_EDGE('',*,*,#4977,.T.);
#6646=ORIENTED_EDGE('',*,*,#4974,.T.);
#6647=ORIENTED_EDGE('',*,*,#4773,.T.);
#6648=ORIENTED_EDGE('',*,*,#4984,.T.);
#6649=ORIENTED_EDGE('',*,*,#4985,.T.);
#6650=ORIENTED_EDGE('',*,*,#4986,.T.);
#6651=ORIENTED_EDGE('',*,*,#4776,.T.);
#6652=ORIENTED_EDGE('',*,*,#4987,.T.);
#6653=ORIENTED_EDGE('',*,*,#4988,.T.);
#6654=ORIENTED_EDGE('',*,*,#4984,.F.);
#6655=ORIENTED_EDGE('',*,*,#4775,.T.);
#6656=ORIENTED_EDGE('',*,*,#4989,.T.);
#6657=ORIENTED_EDGE('',*,*,#4990,.T.);
#6658=ORIENTED_EDGE('',*,*,#4987,.F.);
#6659=ORIENTED_EDGE('',*,*,#4991,.T.);
#6660=ORIENTED_EDGE('',*,*,#4989,.F.);
#6661=ORIENTED_EDGE('',*,*,#4774,.T.);
#6662=ORIENTED_EDGE('',*,*,#4986,.F.);
#6663=ORIENTED_EDGE('',*,*,#4991,.F.);
#6664=ORIENTED_EDGE('',*,*,#4992,.T.);
#6665=ORIENTED_EDGE('',*,*,#4993,.F.);
#6666=ORIENTED_EDGE('',*,*,#4994,.F.);
#6667=ORIENTED_EDGE('',*,*,#4985,.F.);
#6668=ORIENTED_EDGE('',*,*,#4995,.T.);
#6669=ORIENTED_EDGE('',*,*,#4996,.F.);
#6670=ORIENTED_EDGE('',*,*,#4992,.F.);
#6671=ORIENTED_EDGE('',*,*,#4589,.T.);
#6672=ORIENTED_EDGE('',*,*,#4611,.T.);
#6673=ORIENTED_EDGE('',*,*,#4608,.T.);
#6674=ORIENTED_EDGE('',*,*,#4605,.T.);
#6675=ORIENTED_EDGE('',*,*,#4602,.T.);
#6676=ORIENTED_EDGE('',*,*,#4599,.T.);
#6677=ORIENTED_EDGE('',*,*,#4596,.T.);
#6678=ORIENTED_EDGE('',*,*,#4593,.T.);
#6679=ORIENTED_EDGE('',*,*,#4777,.F.);
#6680=ORIENTED_EDGE('',*,*,#4997,.T.);
#6681=ORIENTED_EDGE('',*,*,#4998,.F.);
#6682=ORIENTED_EDGE('',*,*,#4997,.F.);
#6683=ORIENTED_EDGE('',*,*,#4778,.F.);
#6684=ORIENTED_EDGE('',*,*,#4999,.T.);
#6685=ORIENTED_EDGE('',*,*,#5000,.F.);
#6686=ORIENTED_EDGE('',*,*,#4999,.F.);
#6687=ORIENTED_EDGE('',*,*,#4779,.F.);
#6688=ORIENTED_EDGE('',*,*,#5001,.T.);
#6689=ORIENTED_EDGE('',*,*,#5002,.F.);
#6690=ORIENTED_EDGE('',*,*,#5001,.F.);
#6691=ORIENTED_EDGE('',*,*,#4780,.F.);
#6692=ORIENTED_EDGE('',*,*,#5003,.T.);
#6693=ORIENTED_EDGE('',*,*,#5004,.T.);
#6694=ORIENTED_EDGE('',*,*,#5003,.F.);
#6695=ORIENTED_EDGE('',*,*,#5004,.F.);
#6696=ORIENTED_EDGE('',*,*,#4781,.F.);
#6697=ORIENTED_EDGE('',*,*,#5005,.T.);
#6698=ORIENTED_EDGE('',*,*,#5006,.T.);
#6699=ORIENTED_EDGE('',*,*,#5005,.F.);
#6700=ORIENTED_EDGE('',*,*,#5006,.F.);
#6701=ORIENTED_EDGE('',*,*,#4782,.F.);
#6702=ORIENTED_EDGE('',*,*,#5007,.T.);
#6703=ORIENTED_EDGE('',*,*,#5008,.T.);
#6704=ORIENTED_EDGE('',*,*,#5007,.F.);
#6705=ORIENTED_EDGE('',*,*,#5008,.F.);
#6706=ORIENTED_EDGE('',*,*,#4783,.F.);
#6707=ORIENTED_EDGE('',*,*,#5009,.T.);
#6708=ORIENTED_EDGE('',*,*,#5010,.T.);
#6709=ORIENTED_EDGE('',*,*,#5009,.F.);
#6710=ORIENTED_EDGE('',*,*,#5010,.F.);
#6711=ORIENTED_EDGE('',*,*,#5011,.F.);
#6712=ORIENTED_EDGE('',*,*,#5012,.T.);
#6713=ORIENTED_EDGE('',*,*,#4264,.F.);
#6714=ORIENTED_EDGE('',*,*,#5013,.F.);
#6715=ORIENTED_EDGE('',*,*,#5014,.F.);
#6716=ORIENTED_EDGE('',*,*,#5013,.T.);
#6717=ORIENTED_EDGE('',*,*,#4263,.F.);
#6718=ORIENTED_EDGE('',*,*,#5015,.F.);
#6719=ORIENTED_EDGE('',*,*,#5016,.F.);
#6720=ORIENTED_EDGE('',*,*,#5015,.T.);
#6721=ORIENTED_EDGE('',*,*,#4262,.F.);
#6722=ORIENTED_EDGE('',*,*,#5017,.F.);
#6723=ORIENTED_EDGE('',*,*,#5018,.F.);
#6724=ORIENTED_EDGE('',*,*,#5017,.T.);
#6725=ORIENTED_EDGE('',*,*,#4261,.F.);
#6726=ORIENTED_EDGE('',*,*,#5012,.F.);
#6727=ORIENTED_EDGE('',*,*,#5019,.T.);
#6728=ORIENTED_EDGE('',*,*,#5020,.F.);
#6729=ORIENTED_EDGE('',*,*,#5021,.T.);
#6730=ORIENTED_EDGE('',*,*,#5022,.T.);
#6731=ORIENTED_EDGE('',*,*,#5023,.F.);
#6732=ORIENTED_EDGE('',*,*,#5024,.T.);
#6733=ORIENTED_EDGE('',*,*,#5025,.T.);
#6734=ORIENTED_EDGE('',*,*,#5026,.F.);
#6735=ORIENTED_EDGE('',*,*,#5027,.T.);
#6736=ORIENTED_EDGE('',*,*,#5028,.T.);
#6737=ORIENTED_EDGE('',*,*,#5029,.T.);
#6738=ORIENTED_EDGE('',*,*,#5030,.T.);
#6739=ORIENTED_EDGE('',*,*,#4912,.T.);
#6740=ORIENTED_EDGE('',*,*,#4916,.T.);
#6741=ORIENTED_EDGE('',*,*,#4919,.T.);
#6742=ORIENTED_EDGE('',*,*,#4922,.T.);
#6743=ORIENTED_EDGE('',*,*,#4924,.T.);
#6744=ORIENTED_EDGE('',*,*,#4928,.T.);
#6745=ORIENTED_EDGE('',*,*,#4931,.T.);
#6746=ORIENTED_EDGE('',*,*,#4934,.T.);
#6747=ORIENTED_EDGE('',*,*,#4936,.T.);
#6748=ORIENTED_EDGE('',*,*,#4940,.T.);
#6749=ORIENTED_EDGE('',*,*,#4943,.T.);
#6750=ORIENTED_EDGE('',*,*,#4946,.T.);
#6751=ORIENTED_EDGE('',*,*,#4948,.T.);
#6752=ORIENTED_EDGE('',*,*,#4952,.T.);
#6753=ORIENTED_EDGE('',*,*,#4955,.T.);
#6754=ORIENTED_EDGE('',*,*,#4958,.T.);
#6755=ORIENTED_EDGE('',*,*,#4960,.T.);
#6756=ORIENTED_EDGE('',*,*,#4964,.T.);
#6757=ORIENTED_EDGE('',*,*,#4967,.T.);
#6758=ORIENTED_EDGE('',*,*,#4970,.T.);
#6759=ORIENTED_EDGE('',*,*,#4972,.T.);
#6760=ORIENTED_EDGE('',*,*,#4976,.T.);
#6761=ORIENTED_EDGE('',*,*,#4979,.T.);
#6762=ORIENTED_EDGE('',*,*,#4982,.T.);
#6763=ORIENTED_EDGE('',*,*,#4998,.T.);
#6764=ORIENTED_EDGE('',*,*,#5000,.T.);
#6765=ORIENTED_EDGE('',*,*,#5002,.T.);
#6766=ORIENTED_EDGE('',*,*,#5031,.T.);
#6767=ORIENTED_EDGE('',*,*,#5032,.T.);
#6768=ORIENTED_EDGE('',*,*,#5033,.T.);
#6769=ORIENTED_EDGE('',*,*,#5034,.T.);
#6770=ORIENTED_EDGE('',*,*,#5035,.T.);
#6771=ORIENTED_EDGE('',*,*,#5036,.T.);
#6772=ORIENTED_EDGE('',*,*,#5037,.T.);
#6773=ORIENTED_EDGE('',*,*,#5038,.T.);
#6774=ORIENTED_EDGE('',*,*,#5039,.T.);
#6775=ORIENTED_EDGE('',*,*,#5040,.T.);
#6776=ORIENTED_EDGE('',*,*,#5041,.T.);
#6777=ORIENTED_EDGE('',*,*,#5042,.T.);
#6778=ORIENTED_EDGE('',*,*,#5043,.T.);
#6779=ORIENTED_EDGE('',*,*,#5044,.T.);
#6780=ORIENTED_EDGE('',*,*,#5045,.T.);
#6781=ORIENTED_EDGE('',*,*,#5046,.T.);
#6782=ORIENTED_EDGE('',*,*,#5047,.T.);
#6783=ORIENTED_EDGE('',*,*,#5048,.T.);
#6784=ORIENTED_EDGE('',*,*,#5049,.T.);
#6785=ORIENTED_EDGE('',*,*,#5050,.T.);
#6786=ORIENTED_EDGE('',*,*,#5051,.T.);
#6787=ORIENTED_EDGE('',*,*,#5052,.T.);
#6788=ORIENTED_EDGE('',*,*,#5053,.T.);
#6789=ORIENTED_EDGE('',*,*,#5054,.T.);
#6790=ORIENTED_EDGE('',*,*,#5055,.T.);
#6791=ORIENTED_EDGE('',*,*,#5056,.T.);
#6792=ORIENTED_EDGE('',*,*,#5057,.T.);
#6793=ORIENTED_EDGE('',*,*,#5058,.T.);
#6794=ORIENTED_EDGE('',*,*,#5059,.T.);
#6795=ORIENTED_EDGE('',*,*,#5060,.T.);
#6796=ORIENTED_EDGE('',*,*,#5061,.T.);
#6797=ORIENTED_EDGE('',*,*,#5062,.T.);
#6798=ORIENTED_EDGE('',*,*,#5063,.T.);
#6799=ORIENTED_EDGE('',*,*,#5064,.T.);
#6800=ORIENTED_EDGE('',*,*,#5065,.T.);
#6801=ORIENTED_EDGE('',*,*,#5066,.T.);
#6802=ORIENTED_EDGE('',*,*,#5067,.T.);
#6803=ORIENTED_EDGE('',*,*,#5068,.T.);
#6804=ORIENTED_EDGE('',*,*,#5069,.T.);
#6805=ORIENTED_EDGE('',*,*,#5070,.T.);
#6806=ORIENTED_EDGE('',*,*,#5071,.T.);
#6807=ORIENTED_EDGE('',*,*,#5072,.T.);
#6808=ORIENTED_EDGE('',*,*,#5073,.T.);
#6809=ORIENTED_EDGE('',*,*,#5074,.T.);
#6810=ORIENTED_EDGE('',*,*,#5075,.T.);
#6811=ORIENTED_EDGE('',*,*,#5076,.T.);
#6812=ORIENTED_EDGE('',*,*,#5077,.T.);
#6813=ORIENTED_EDGE('',*,*,#5078,.T.);
#6814=ORIENTED_EDGE('',*,*,#5079,.T.);
#6815=ORIENTED_EDGE('',*,*,#5080,.T.);
#6816=ORIENTED_EDGE('',*,*,#5081,.T.);
#6817=ORIENTED_EDGE('',*,*,#5082,.T.);
#6818=ORIENTED_EDGE('',*,*,#5083,.T.);
#6819=ORIENTED_EDGE('',*,*,#5084,.T.);
#6820=ORIENTED_EDGE('',*,*,#5085,.T.);
#6821=ORIENTED_EDGE('',*,*,#5086,.T.);
#6822=ORIENTED_EDGE('',*,*,#5087,.T.);
#6823=ORIENTED_EDGE('',*,*,#5088,.T.);
#6824=ORIENTED_EDGE('',*,*,#5089,.T.);
#6825=ORIENTED_EDGE('',*,*,#5090,.T.);
#6826=ORIENTED_EDGE('',*,*,#5091,.T.);
#6827=ORIENTED_EDGE('',*,*,#5092,.T.);
#6828=ORIENTED_EDGE('',*,*,#5093,.T.);
#6829=ORIENTED_EDGE('',*,*,#5094,.T.);
#6830=ORIENTED_EDGE('',*,*,#5095,.T.);
#6831=ORIENTED_EDGE('',*,*,#5096,.T.);
#6832=ORIENTED_EDGE('',*,*,#5097,.T.);
#6833=ORIENTED_EDGE('',*,*,#5098,.T.);
#6834=ORIENTED_EDGE('',*,*,#5099,.T.);
#6835=ORIENTED_EDGE('',*,*,#5100,.T.);
#6836=ORIENTED_EDGE('',*,*,#5101,.T.);
#6837=ORIENTED_EDGE('',*,*,#5102,.T.);
#6838=ORIENTED_EDGE('',*,*,#5103,.T.);
#6839=ORIENTED_EDGE('',*,*,#5104,.T.);
#6840=ORIENTED_EDGE('',*,*,#5105,.T.);
#6841=ORIENTED_EDGE('',*,*,#5106,.T.);
#6842=ORIENTED_EDGE('',*,*,#4996,.T.);
#6843=ORIENTED_EDGE('',*,*,#5107,.T.);
#6844=ORIENTED_EDGE('',*,*,#5108,.T.);
#6845=ORIENTED_EDGE('',*,*,#4993,.T.);
#6846=ORIENTED_EDGE('',*,*,#5109,.T.);
#6847=ORIENTED_EDGE('',*,*,#5110,.T.);
#6848=ORIENTED_EDGE('',*,*,#5111,.T.);
#6849=ORIENTED_EDGE('',*,*,#5112,.T.);
#6850=ORIENTED_EDGE('',*,*,#5113,.T.);
#6851=ORIENTED_EDGE('',*,*,#5114,.T.);
#6852=ORIENTED_EDGE('',*,*,#5115,.T.);
#6853=ORIENTED_EDGE('',*,*,#5116,.T.);
#6854=ORIENTED_EDGE('',*,*,#5011,.T.);
#6855=ORIENTED_EDGE('',*,*,#5014,.T.);
#6856=ORIENTED_EDGE('',*,*,#5016,.T.);
#6857=ORIENTED_EDGE('',*,*,#5018,.T.);
#6858=ORIENTED_EDGE('',*,*,#5031,.F.);
#6859=ORIENTED_EDGE('',*,*,#5117,.T.);
#6860=ORIENTED_EDGE('',*,*,#4308,.F.);
#6861=ORIENTED_EDGE('',*,*,#5118,.F.);
#6862=ORIENTED_EDGE('',*,*,#5032,.F.);
#6863=ORIENTED_EDGE('',*,*,#5118,.T.);
#6864=ORIENTED_EDGE('',*,*,#4307,.F.);
#6865=ORIENTED_EDGE('',*,*,#5119,.F.);
#6866=ORIENTED_EDGE('',*,*,#5033,.F.);
#6867=ORIENTED_EDGE('',*,*,#5119,.T.);
#6868=ORIENTED_EDGE('',*,*,#4306,.F.);
#6869=ORIENTED_EDGE('',*,*,#5120,.F.);
#6870=ORIENTED_EDGE('',*,*,#5034,.F.);
#6871=ORIENTED_EDGE('',*,*,#5120,.T.);
#6872=ORIENTED_EDGE('',*,*,#4305,.F.);
#6873=ORIENTED_EDGE('',*,*,#5117,.F.);
#6874=ORIENTED_EDGE('',*,*,#4260,.T.);
#6875=ORIENTED_EDGE('',*,*,#5113,.F.);
#6876=ORIENTED_EDGE('',*,*,#5121,.T.);
#6877=ORIENTED_EDGE('',*,*,#4299,.F.);
#6878=ORIENTED_EDGE('',*,*,#5122,.F.);
#6879=ORIENTED_EDGE('',*,*,#5114,.F.);
#6880=ORIENTED_EDGE('',*,*,#5122,.T.);
#6881=ORIENTED_EDGE('',*,*,#4298,.F.);
#6882=ORIENTED_EDGE('',*,*,#5123,.F.);
#6883=ORIENTED_EDGE('',*,*,#5115,.F.);
#6884=ORIENTED_EDGE('',*,*,#5123,.T.);
#6885=ORIENTED_EDGE('',*,*,#4297,.F.);
#6886=ORIENTED_EDGE('',*,*,#5124,.F.);
#6887=ORIENTED_EDGE('',*,*,#5116,.F.);
#6888=ORIENTED_EDGE('',*,*,#5124,.T.);
#6889=ORIENTED_EDGE('',*,*,#4296,.F.);
#6890=ORIENTED_EDGE('',*,*,#5121,.F.);
#6891=ORIENTED_EDGE('',*,*,#4304,.T.);
#6892=ORIENTED_EDGE('',*,*,#5035,.F.);
#6893=ORIENTED_EDGE('',*,*,#5125,.T.);
#6894=ORIENTED_EDGE('',*,*,#4273,.F.);
#6895=ORIENTED_EDGE('',*,*,#5126,.F.);
#6896=ORIENTED_EDGE('',*,*,#5036,.F.);
#6897=ORIENTED_EDGE('',*,*,#5126,.T.);
#6898=ORIENTED_EDGE('',*,*,#4272,.F.);
#6899=ORIENTED_EDGE('',*,*,#5127,.F.);
#6900=ORIENTED_EDGE('',*,*,#5037,.F.);
#6901=ORIENTED_EDGE('',*,*,#5127,.T.);
#6902=ORIENTED_EDGE('',*,*,#4271,.F.);
#6903=ORIENTED_EDGE('',*,*,#5128,.F.);
#6904=ORIENTED_EDGE('',*,*,#5038,.F.);
#6905=ORIENTED_EDGE('',*,*,#5128,.T.);
#6906=ORIENTED_EDGE('',*,*,#4270,.F.);
#6907=ORIENTED_EDGE('',*,*,#5125,.F.);
#6908=ORIENTED_EDGE('',*,*,#4295,.T.);
#6909=ORIENTED_EDGE('',*,*,#5109,.F.);
#6910=ORIENTED_EDGE('',*,*,#5129,.T.);
#6911=ORIENTED_EDGE('',*,*,#4255,.F.);
#6912=ORIENTED_EDGE('',*,*,#5130,.F.);
#6913=ORIENTED_EDGE('',*,*,#5110,.F.);
#6914=ORIENTED_EDGE('',*,*,#5130,.T.);
#6915=ORIENTED_EDGE('',*,*,#4254,.F.);
#6916=ORIENTED_EDGE('',*,*,#5131,.F.);
#6917=ORIENTED_EDGE('',*,*,#5111,.F.);
#6918=ORIENTED_EDGE('',*,*,#5131,.T.);
#6919=ORIENTED_EDGE('',*,*,#4253,.F.);
#6920=ORIENTED_EDGE('',*,*,#5132,.F.);
#6921=ORIENTED_EDGE('',*,*,#5112,.F.);
#6922=ORIENTED_EDGE('',*,*,#5132,.T.);
#6923=ORIENTED_EDGE('',*,*,#4252,.F.);
#6924=ORIENTED_EDGE('',*,*,#5129,.F.);
#6925=ORIENTED_EDGE('',*,*,#4269,.T.);
#6926=ORIENTED_EDGE('',*,*,#5039,.F.);
#6927=ORIENTED_EDGE('',*,*,#5133,.T.);
#6928=ORIENTED_EDGE('',*,*,#4290,.F.);
#6929=ORIENTED_EDGE('',*,*,#5134,.F.);
#6930=ORIENTED_EDGE('',*,*,#5040,.F.);
#6931=ORIENTED_EDGE('',*,*,#5134,.T.);
#6932=ORIENTED_EDGE('',*,*,#4289,.F.);
#6933=ORIENTED_EDGE('',*,*,#5135,.F.);
#6934=ORIENTED_EDGE('',*,*,#5041,.F.);
#6935=ORIENTED_EDGE('',*,*,#5135,.T.);
#6936=ORIENTED_EDGE('',*,*,#4288,.F.);
#6937=ORIENTED_EDGE('',*,*,#5136,.F.);
#6938=ORIENTED_EDGE('',*,*,#5042,.F.);
#6939=ORIENTED_EDGE('',*,*,#5136,.T.);
#6940=ORIENTED_EDGE('',*,*,#4287,.F.);
#6941=ORIENTED_EDGE('',*,*,#5133,.F.);
#6942=ORIENTED_EDGE('',*,*,#4251,.T.);
#6943=ORIENTED_EDGE('',*,*,#5137,.F.);
#6944=ORIENTED_EDGE('',*,*,#5138,.F.);
#6945=ORIENTED_EDGE('',*,*,#5139,.F.);
#6946=ORIENTED_EDGE('',*,*,#5140,.F.);
#6947=ORIENTED_EDGE('',*,*,#5141,.F.);
#6948=ORIENTED_EDGE('',*,*,#5142,.F.);
#6949=ORIENTED_EDGE('',*,*,#5143,.F.);
#6950=ORIENTED_EDGE('',*,*,#5144,.F.);
#6951=ORIENTED_EDGE('',*,*,#5145,.F.);
#6952=ORIENTED_EDGE('',*,*,#5146,.F.);
#6953=ORIENTED_EDGE('',*,*,#5147,.F.);
#6954=ORIENTED_EDGE('',*,*,#5148,.F.);
#6955=ORIENTED_EDGE('',*,*,#5149,.F.);
#6956=ORIENTED_EDGE('',*,*,#5150,.F.);
#6957=ORIENTED_EDGE('',*,*,#5151,.F.);
#6958=ORIENTED_EDGE('',*,*,#5152,.F.);
#6959=ORIENTED_EDGE('',*,*,#5153,.F.);
#6960=ORIENTED_EDGE('',*,*,#5154,.F.);
#6961=ORIENTED_EDGE('',*,*,#5155,.F.);
#6962=ORIENTED_EDGE('',*,*,#5156,.F.);
#6963=ORIENTED_EDGE('',*,*,#5157,.F.);
#6964=ORIENTED_EDGE('',*,*,#5158,.F.);
#6965=ORIENTED_EDGE('',*,*,#5159,.F.);
#6966=ORIENTED_EDGE('',*,*,#5160,.F.);
#6967=ORIENTED_EDGE('',*,*,#5161,.F.);
#6968=ORIENTED_EDGE('',*,*,#5162,.F.);
#6969=ORIENTED_EDGE('',*,*,#5163,.F.);
#6970=ORIENTED_EDGE('',*,*,#5164,.F.);
#6971=ORIENTED_EDGE('',*,*,#5165,.F.);
#6972=ORIENTED_EDGE('',*,*,#5166,.F.);
#6973=ORIENTED_EDGE('',*,*,#5167,.F.);
#6974=ORIENTED_EDGE('',*,*,#5168,.F.);
#6975=ORIENTED_EDGE('',*,*,#5137,.T.);
#6976=ORIENTED_EDGE('',*,*,#5169,.F.);
#6977=ORIENTED_EDGE('',*,*,#4789,.F.);
#6978=ORIENTED_EDGE('',*,*,#5170,.T.);
#6979=ORIENTED_EDGE('',*,*,#5141,.T.);
#6980=ORIENTED_EDGE('',*,*,#5171,.F.);
#6981=ORIENTED_EDGE('',*,*,#4822,.F.);
#6982=ORIENTED_EDGE('',*,*,#5172,.T.);
#6983=ORIENTED_EDGE('',*,*,#5145,.T.);
#6984=ORIENTED_EDGE('',*,*,#5173,.F.);
#6985=ORIENTED_EDGE('',*,*,#4886,.F.);
#6986=ORIENTED_EDGE('',*,*,#5174,.T.);
#6987=ORIENTED_EDGE('',*,*,#5150,.T.);
#6988=ORIENTED_EDGE('',*,*,#5175,.F.);
#6989=ORIENTED_EDGE('',*,*,#4837,.F.);
#6990=ORIENTED_EDGE('',*,*,#5176,.T.);
#6991=ORIENTED_EDGE('',*,*,#5154,.T.);
#6992=ORIENTED_EDGE('',*,*,#5177,.F.);
#6993=ORIENTED_EDGE('',*,*,#4853,.F.);
#6994=ORIENTED_EDGE('',*,*,#5178,.T.);
#6995=ORIENTED_EDGE('',*,*,#5158,.T.);
#6996=ORIENTED_EDGE('',*,*,#5179,.F.);
#6997=ORIENTED_EDGE('',*,*,#4815,.F.);
#6998=ORIENTED_EDGE('',*,*,#5180,.T.);
#6999=ORIENTED_EDGE('',*,*,#5161,.T.);
#7000=ORIENTED_EDGE('',*,*,#5181,.F.);
#7001=ORIENTED_EDGE('',*,*,#4870,.F.);
#7002=ORIENTED_EDGE('',*,*,#5182,.T.);
#7003=ORIENTED_EDGE('',*,*,#5165,.T.);
#7004=ORIENTED_EDGE('',*,*,#5183,.F.);
#7005=ORIENTED_EDGE('',*,*,#4901,.F.);
#7006=ORIENTED_EDGE('',*,*,#5184,.T.);
#7007=ORIENTED_EDGE('',*,*,#4286,.T.);
#7008=ORIENTED_EDGE('',*,*,#5185,.T.);
#7009=ORIENTED_EDGE('',*,*,#5186,.T.);
#7010=ORIENTED_EDGE('',*,*,#5187,.T.);
#7011=ORIENTED_EDGE('',*,*,#5188,.T.);
#7012=ORIENTED_EDGE('',*,*,#5189,.T.);
#7013=ORIENTED_EDGE('',*,*,#5190,.T.);
#7014=ORIENTED_EDGE('',*,*,#5191,.T.);
#7015=ORIENTED_EDGE('',*,*,#5192,.T.);
#7016=ORIENTED_EDGE('',*,*,#5193,.T.);
#7017=ORIENTED_EDGE('',*,*,#5194,.T.);
#7018=ORIENTED_EDGE('',*,*,#5195,.T.);
#7019=ORIENTED_EDGE('',*,*,#5196,.T.);
#7020=ORIENTED_EDGE('',*,*,#5197,.T.);
#7021=ORIENTED_EDGE('',*,*,#5198,.T.);
#7022=ORIENTED_EDGE('',*,*,#5199,.T.);
#7023=ORIENTED_EDGE('',*,*,#5200,.T.);
#7024=ORIENTED_EDGE('',*,*,#5201,.T.);
#7025=ORIENTED_EDGE('',*,*,#5202,.T.);
#7026=ORIENTED_EDGE('',*,*,#5203,.T.);
#7027=ORIENTED_EDGE('',*,*,#5204,.T.);
#7028=ORIENTED_EDGE('',*,*,#5205,.T.);
#7029=ORIENTED_EDGE('',*,*,#5206,.T.);
#7030=ORIENTED_EDGE('',*,*,#5207,.T.);
#7031=ORIENTED_EDGE('',*,*,#5208,.T.);
#7032=ORIENTED_EDGE('',*,*,#5209,.T.);
#7033=ORIENTED_EDGE('',*,*,#5210,.T.);
#7034=ORIENTED_EDGE('',*,*,#5211,.T.);
#7035=ORIENTED_EDGE('',*,*,#5212,.T.);
#7036=ORIENTED_EDGE('',*,*,#5213,.T.);
#7037=ORIENTED_EDGE('',*,*,#5214,.T.);
#7038=ORIENTED_EDGE('',*,*,#5215,.T.);
#7039=ORIENTED_EDGE('',*,*,#5216,.T.);
#7040=ORIENTED_EDGE('',*,*,#5049,.F.);
#7041=ORIENTED_EDGE('',*,*,#5217,.F.);
#7042=ORIENTED_EDGE('',*,*,#4792,.F.);
#7043=ORIENTED_EDGE('',*,*,#5218,.T.);
#7044=ORIENTED_EDGE('',*,*,#5050,.F.);
#7045=ORIENTED_EDGE('',*,*,#5218,.F.);
#7046=ORIENTED_EDGE('',*,*,#4791,.F.);
#7047=ORIENTED_EDGE('',*,*,#5219,.T.);
#7048=ORIENTED_EDGE('',*,*,#5214,.F.);
#7049=ORIENTED_EDGE('',*,*,#5220,.F.);
#7050=ORIENTED_EDGE('',*,*,#4787,.F.);
#7051=ORIENTED_EDGE('',*,*,#5221,.T.);
#7052=ORIENTED_EDGE('',*,*,#5215,.F.);
#7053=ORIENTED_EDGE('',*,*,#5221,.F.);
#7054=ORIENTED_EDGE('',*,*,#4786,.F.);
#7055=ORIENTED_EDGE('',*,*,#5222,.T.);
#7056=ORIENTED_EDGE('',*,*,#5216,.F.);
#7057=ORIENTED_EDGE('',*,*,#5222,.F.);
#7058=ORIENTED_EDGE('',*,*,#4785,.F.);
#7059=ORIENTED_EDGE('',*,*,#5223,.T.);
#7060=ORIENTED_EDGE('',*,*,#5213,.F.);
#7061=ORIENTED_EDGE('',*,*,#5223,.F.);
#7062=ORIENTED_EDGE('',*,*,#4784,.F.);
#7063=ORIENTED_EDGE('',*,*,#5224,.T.);
#7064=ORIENTED_EDGE('',*,*,#5138,.T.);
#7065=ORIENTED_EDGE('',*,*,#5170,.F.);
#7066=ORIENTED_EDGE('',*,*,#4788,.F.);
#7067=ORIENTED_EDGE('',*,*,#5220,.T.);
#7068=ORIENTED_EDGE('',*,*,#5139,.T.);
#7069=ORIENTED_EDGE('',*,*,#5224,.F.);
#7070=ORIENTED_EDGE('',*,*,#4799,.F.);
#7071=ORIENTED_EDGE('',*,*,#5225,.T.);
#7072=ORIENTED_EDGE('',*,*,#5043,.F.);
#7073=ORIENTED_EDGE('',*,*,#5219,.F.);
#7074=ORIENTED_EDGE('',*,*,#4790,.F.);
#7075=ORIENTED_EDGE('',*,*,#5169,.T.);
#7076=ORIENTED_EDGE('',*,*,#5140,.T.);
#7077=ORIENTED_EDGE('',*,*,#5225,.F.);
#7078=ORIENTED_EDGE('',*,*,#4798,.F.);
#7079=ORIENTED_EDGE('',*,*,#5226,.T.);
#7080=ORIENTED_EDGE('',*,*,#5044,.F.);
#7081=ORIENTED_EDGE('',*,*,#5226,.F.);
#7082=ORIENTED_EDGE('',*,*,#4797,.F.);
#7083=ORIENTED_EDGE('',*,*,#5227,.T.);
#7084=ORIENTED_EDGE('',*,*,#5045,.F.);
#7085=ORIENTED_EDGE('',*,*,#5227,.F.);
#7086=ORIENTED_EDGE('',*,*,#4796,.F.);
#7087=ORIENTED_EDGE('',*,*,#5228,.T.);
#7088=ORIENTED_EDGE('',*,*,#5046,.F.);
#7089=ORIENTED_EDGE('',*,*,#5228,.F.);
#7090=ORIENTED_EDGE('',*,*,#4795,.F.);
#7091=ORIENTED_EDGE('',*,*,#5229,.T.);
#7092=ORIENTED_EDGE('',*,*,#5047,.F.);
#7093=ORIENTED_EDGE('',*,*,#5229,.F.);
#7094=ORIENTED_EDGE('',*,*,#4794,.F.);
#7095=ORIENTED_EDGE('',*,*,#5230,.T.);
#7096=ORIENTED_EDGE('',*,*,#5048,.F.);
#7097=ORIENTED_EDGE('',*,*,#5230,.F.);
#7098=ORIENTED_EDGE('',*,*,#4793,.F.);
#7099=ORIENTED_EDGE('',*,*,#5217,.T.);
#7100=ORIENTED_EDGE('',*,*,#5073,.F.);
#7101=ORIENTED_EDGE('',*,*,#5231,.F.);
#7102=ORIENTED_EDGE('',*,*,#4808,.F.);
#7103=ORIENTED_EDGE('',*,*,#5232,.T.);
#7104=ORIENTED_EDGE('',*,*,#5074,.F.);
#7105=ORIENTED_EDGE('',*,*,#5232,.F.);
#7106=ORIENTED_EDGE('',*,*,#4807,.F.);
#7107=ORIENTED_EDGE('',*,*,#5233,.T.);
#7108=ORIENTED_EDGE('',*,*,#5160,.T.);
#7109=ORIENTED_EDGE('',*,*,#5234,.F.);
#7110=ORIENTED_EDGE('',*,*,#4805,.F.);
#7111=ORIENTED_EDGE('',*,*,#5235,.T.);
#7112=ORIENTED_EDGE('',*,*,#5194,.F.);
#7113=ORIENTED_EDGE('',*,*,#5236,.F.);
#7114=ORIENTED_EDGE('',*,*,#4803,.F.);
#7115=ORIENTED_EDGE('',*,*,#5237,.T.);
#7116=ORIENTED_EDGE('',*,*,#5195,.F.);
#7117=ORIENTED_EDGE('',*,*,#5237,.F.);
#7118=ORIENTED_EDGE('',*,*,#4802,.F.);
#7119=ORIENTED_EDGE('',*,*,#5238,.T.);
#7120=ORIENTED_EDGE('',*,*,#5196,.F.);
#7121=ORIENTED_EDGE('',*,*,#5238,.F.);
#7122=ORIENTED_EDGE('',*,*,#4801,.F.);
#7123=ORIENTED_EDGE('',*,*,#5239,.T.);
#7124=ORIENTED_EDGE('',*,*,#5193,.F.);
#7125=ORIENTED_EDGE('',*,*,#5239,.F.);
#7126=ORIENTED_EDGE('',*,*,#4800,.F.);
#7127=ORIENTED_EDGE('',*,*,#5179,.T.);
#7128=ORIENTED_EDGE('',*,*,#5157,.T.);
#7129=ORIENTED_EDGE('',*,*,#5235,.F.);
#7130=ORIENTED_EDGE('',*,*,#4804,.F.);
#7131=ORIENTED_EDGE('',*,*,#5236,.T.);
#7132=ORIENTED_EDGE('',*,*,#5067,.F.);
#7133=ORIENTED_EDGE('',*,*,#5233,.F.);
#7134=ORIENTED_EDGE('',*,*,#4806,.F.);
#7135=ORIENTED_EDGE('',*,*,#5234,.T.);
#7136=ORIENTED_EDGE('',*,*,#5159,.T.);
#7137=ORIENTED_EDGE('',*,*,#5180,.F.);
#7138=ORIENTED_EDGE('',*,*,#4814,.F.);
#7139=ORIENTED_EDGE('',*,*,#5240,.T.);
#7140=ORIENTED_EDGE('',*,*,#5068,.F.);
#7141=ORIENTED_EDGE('',*,*,#5240,.F.);
#7142=ORIENTED_EDGE('',*,*,#4813,.F.);
#7143=ORIENTED_EDGE('',*,*,#5241,.T.);
#7144=ORIENTED_EDGE('',*,*,#5069,.F.);
#7145=ORIENTED_EDGE('',*,*,#5241,.F.);
#7146=ORIENTED_EDGE('',*,*,#4812,.F.);
#7147=ORIENTED_EDGE('',*,*,#5242,.T.);
#7148=ORIENTED_EDGE('',*,*,#5070,.F.);
#7149=ORIENTED_EDGE('',*,*,#5242,.F.);
#7150=ORIENTED_EDGE('',*,*,#4811,.F.);
#7151=ORIENTED_EDGE('',*,*,#5243,.T.);
#7152=ORIENTED_EDGE('',*,*,#5071,.F.);
#7153=ORIENTED_EDGE('',*,*,#5243,.F.);
#7154=ORIENTED_EDGE('',*,*,#4810,.F.);
#7155=ORIENTED_EDGE('',*,*,#5244,.T.);
#7156=ORIENTED_EDGE('',*,*,#5072,.F.);
#7157=ORIENTED_EDGE('',*,*,#5244,.F.);
#7158=ORIENTED_EDGE('',*,*,#4809,.F.);
#7159=ORIENTED_EDGE('',*,*,#5231,.T.);
#7160=ORIENTED_EDGE('',*,*,#5058,.F.);
#7161=ORIENTED_EDGE('',*,*,#5245,.F.);
#7162=ORIENTED_EDGE('',*,*,#4824,.F.);
#7163=ORIENTED_EDGE('',*,*,#5246,.T.);
#7164=ORIENTED_EDGE('',*,*,#5210,.F.);
#7165=ORIENTED_EDGE('',*,*,#5247,.F.);
#7166=ORIENTED_EDGE('',*,*,#4820,.F.);
#7167=ORIENTED_EDGE('',*,*,#5248,.T.);
#7168=ORIENTED_EDGE('',*,*,#5211,.F.);
#7169=ORIENTED_EDGE('',*,*,#5248,.F.);
#7170=ORIENTED_EDGE('',*,*,#4819,.F.);
#7171=ORIENTED_EDGE('',*,*,#5249,.T.);
#7172=ORIENTED_EDGE('',*,*,#5212,.F.);
#7173=ORIENTED_EDGE('',*,*,#5249,.F.);
#7174=ORIENTED_EDGE('',*,*,#4818,.F.);
#7175=ORIENTED_EDGE('',*,*,#5250,.T.);
#7176=ORIENTED_EDGE('',*,*,#5209,.F.);
#7177=ORIENTED_EDGE('',*,*,#5250,.F.);
#7178=ORIENTED_EDGE('',*,*,#4817,.F.);
#7179=ORIENTED_EDGE('',*,*,#5251,.T.);
#7180=ORIENTED_EDGE('',*,*,#5142,.T.);
#7181=ORIENTED_EDGE('',*,*,#5172,.F.);
#7182=ORIENTED_EDGE('',*,*,#4821,.F.);
#7183=ORIENTED_EDGE('',*,*,#5247,.T.);
#7184=ORIENTED_EDGE('',*,*,#5143,.T.);
#7185=ORIENTED_EDGE('',*,*,#5251,.F.);
#7186=ORIENTED_EDGE('',*,*,#4816,.F.);
#7187=ORIENTED_EDGE('',*,*,#5252,.T.);
#7188=ORIENTED_EDGE('',*,*,#5051,.F.);
#7189=ORIENTED_EDGE('',*,*,#5246,.F.);
#7190=ORIENTED_EDGE('',*,*,#4823,.F.);
#7191=ORIENTED_EDGE('',*,*,#5171,.T.);
#7192=ORIENTED_EDGE('',*,*,#5144,.T.);
#7193=ORIENTED_EDGE('',*,*,#5252,.F.);
#7194=ORIENTED_EDGE('',*,*,#4831,.F.);
#7195=ORIENTED_EDGE('',*,*,#5253,.T.);
#7196=ORIENTED_EDGE('',*,*,#5052,.F.);
#7197=ORIENTED_EDGE('',*,*,#5253,.F.);
#7198=ORIENTED_EDGE('',*,*,#4830,.F.);
#7199=ORIENTED_EDGE('',*,*,#5254,.T.);
#7200=ORIENTED_EDGE('',*,*,#5053,.F.);
#7201=ORIENTED_EDGE('',*,*,#5254,.F.);
#7202=ORIENTED_EDGE('',*,*,#4829,.F.);
#7203=ORIENTED_EDGE('',*,*,#5255,.T.);
#7204=ORIENTED_EDGE('',*,*,#5054,.F.);
#7205=ORIENTED_EDGE('',*,*,#5255,.F.);
#7206=ORIENTED_EDGE('',*,*,#4828,.F.);
#7207=ORIENTED_EDGE('',*,*,#5256,.T.);
#7208=ORIENTED_EDGE('',*,*,#5055,.F.);
#7209=ORIENTED_EDGE('',*,*,#5256,.F.);
#7210=ORIENTED_EDGE('',*,*,#4827,.F.);
#7211=ORIENTED_EDGE('',*,*,#5257,.T.);
#7212=ORIENTED_EDGE('',*,*,#5056,.F.);
#7213=ORIENTED_EDGE('',*,*,#5257,.F.);
#7214=ORIENTED_EDGE('',*,*,#4826,.F.);
#7215=ORIENTED_EDGE('',*,*,#5258,.T.);
#7216=ORIENTED_EDGE('',*,*,#5057,.F.);
#7217=ORIENTED_EDGE('',*,*,#5258,.F.);
#7218=ORIENTED_EDGE('',*,*,#4825,.F.);
#7219=ORIENTED_EDGE('',*,*,#5245,.T.);
#7220=ORIENTED_EDGE('',*,*,#5097,.F.);
#7221=ORIENTED_EDGE('',*,*,#5259,.F.);
#7222=ORIENTED_EDGE('',*,*,#4840,.F.);
#7223=ORIENTED_EDGE('',*,*,#5260,.T.);
#7224=ORIENTED_EDGE('',*,*,#5098,.F.);
#7225=ORIENTED_EDGE('',*,*,#5260,.F.);
#7226=ORIENTED_EDGE('',*,*,#4839,.F.);
#7227=ORIENTED_EDGE('',*,*,#5261,.T.);
#7228=ORIENTED_EDGE('',*,*,#5091,.F.);
#7229=ORIENTED_EDGE('',*,*,#5261,.F.);
#7230=ORIENTED_EDGE('',*,*,#4838,.F.);
#7231=ORIENTED_EDGE('',*,*,#5175,.T.);
#7232=ORIENTED_EDGE('',*,*,#5149,.T.);
#7233=ORIENTED_EDGE('',*,*,#5262,.F.);
#7234=ORIENTED_EDGE('',*,*,#4846,.F.);
#7235=ORIENTED_EDGE('',*,*,#5263,.T.);
#7236=ORIENTED_EDGE('',*,*,#5201,.F.);
#7237=ORIENTED_EDGE('',*,*,#5264,.F.);
#7238=ORIENTED_EDGE('',*,*,#4832,.F.);
#7239=ORIENTED_EDGE('',*,*,#5265,.T.);
#7240=ORIENTED_EDGE('',*,*,#5151,.T.);
#7241=ORIENTED_EDGE('',*,*,#5176,.F.);
#7242=ORIENTED_EDGE('',*,*,#4836,.F.);
#7243=ORIENTED_EDGE('',*,*,#5266,.T.);
#7244=ORIENTED_EDGE('',*,*,#5202,.F.);
#7245=ORIENTED_EDGE('',*,*,#5266,.F.);
#7246=ORIENTED_EDGE('',*,*,#4835,.F.);
#7247=ORIENTED_EDGE('',*,*,#5267,.T.);
#7248=ORIENTED_EDGE('',*,*,#5203,.F.);
#7249=ORIENTED_EDGE('',*,*,#5267,.F.);
#7250=ORIENTED_EDGE('',*,*,#4834,.F.);
#7251=ORIENTED_EDGE('',*,*,#5268,.T.);
#7252=ORIENTED_EDGE('',*,*,#5204,.F.);
#7253=ORIENTED_EDGE('',*,*,#5268,.F.);
#7254=ORIENTED_EDGE('',*,*,#4833,.F.);
#7255=ORIENTED_EDGE('',*,*,#5264,.T.);
#7256=ORIENTED_EDGE('',*,*,#5152,.T.);
#7257=ORIENTED_EDGE('',*,*,#5265,.F.);
#7258=ORIENTED_EDGE('',*,*,#4847,.F.);
#7259=ORIENTED_EDGE('',*,*,#5262,.T.);
#7260=ORIENTED_EDGE('',*,*,#5092,.F.);
#7261=ORIENTED_EDGE('',*,*,#5263,.F.);
#7262=ORIENTED_EDGE('',*,*,#4845,.F.);
#7263=ORIENTED_EDGE('',*,*,#5269,.T.);
#7264=ORIENTED_EDGE('',*,*,#5093,.F.);
#7265=ORIENTED_EDGE('',*,*,#5269,.F.);
#7266=ORIENTED_EDGE('',*,*,#4844,.F.);
#7267=ORIENTED_EDGE('',*,*,#5270,.T.);
#7268=ORIENTED_EDGE('',*,*,#5094,.F.);
#7269=ORIENTED_EDGE('',*,*,#5270,.F.);
#7270=ORIENTED_EDGE('',*,*,#4843,.F.);
#7271=ORIENTED_EDGE('',*,*,#5271,.T.);
#7272=ORIENTED_EDGE('',*,*,#5095,.F.);
#7273=ORIENTED_EDGE('',*,*,#5271,.F.);
#7274=ORIENTED_EDGE('',*,*,#4842,.F.);
#7275=ORIENTED_EDGE('',*,*,#5272,.T.);
#7276=ORIENTED_EDGE('',*,*,#5096,.F.);
#7277=ORIENTED_EDGE('',*,*,#5272,.F.);
#7278=ORIENTED_EDGE('',*,*,#4841,.F.);
#7279=ORIENTED_EDGE('',*,*,#5259,.T.);
#7280=ORIENTED_EDGE('',*,*,#5105,.F.);
#7281=ORIENTED_EDGE('',*,*,#5273,.F.);
#7282=ORIENTED_EDGE('',*,*,#4856,.F.);
#7283=ORIENTED_EDGE('',*,*,#5274,.T.);
#7284=ORIENTED_EDGE('',*,*,#5106,.F.);
#7285=ORIENTED_EDGE('',*,*,#5274,.F.);
#7286=ORIENTED_EDGE('',*,*,#4855,.F.);
#7287=ORIENTED_EDGE('',*,*,#5275,.T.);
#7288=ORIENTED_EDGE('',*,*,#5099,.F.);
#7289=ORIENTED_EDGE('',*,*,#5275,.F.);
#7290=ORIENTED_EDGE('',*,*,#4854,.F.);
#7291=ORIENTED_EDGE('',*,*,#5177,.T.);
#7292=ORIENTED_EDGE('',*,*,#5153,.T.);
#7293=ORIENTED_EDGE('',*,*,#5276,.F.);
#7294=ORIENTED_EDGE('',*,*,#4862,.F.);
#7295=ORIENTED_EDGE('',*,*,#5277,.T.);
#7296=ORIENTED_EDGE('',*,*,#5197,.F.);
#7297=ORIENTED_EDGE('',*,*,#5278,.F.);
#7298=ORIENTED_EDGE('',*,*,#4848,.F.);
#7299=ORIENTED_EDGE('',*,*,#5279,.T.);
#7300=ORIENTED_EDGE('',*,*,#5155,.T.);
#7301=ORIENTED_EDGE('',*,*,#5178,.F.);
#7302=ORIENTED_EDGE('',*,*,#4852,.F.);
#7303=ORIENTED_EDGE('',*,*,#5280,.T.);
#7304=ORIENTED_EDGE('',*,*,#5198,.F.);
#7305=ORIENTED_EDGE('',*,*,#5280,.F.);
#7306=ORIENTED_EDGE('',*,*,#4851,.F.);
#7307=ORIENTED_EDGE('',*,*,#5281,.T.);
#7308=ORIENTED_EDGE('',*,*,#5199,.F.);
#7309=ORIENTED_EDGE('',*,*,#5281,.F.);
#7310=ORIENTED_EDGE('',*,*,#4850,.F.);
#7311=ORIENTED_EDGE('',*,*,#5282,.T.);
#7312=ORIENTED_EDGE('',*,*,#5200,.F.);
#7313=ORIENTED_EDGE('',*,*,#5282,.F.);
#7314=ORIENTED_EDGE('',*,*,#4849,.F.);
#7315=ORIENTED_EDGE('',*,*,#5278,.T.);
#7316=ORIENTED_EDGE('',*,*,#5156,.T.);
#7317=ORIENTED_EDGE('',*,*,#5279,.F.);
#7318=ORIENTED_EDGE('',*,*,#4863,.F.);
#7319=ORIENTED_EDGE('',*,*,#5276,.T.);
#7320=ORIENTED_EDGE('',*,*,#5100,.F.);
#7321=ORIENTED_EDGE('',*,*,#5277,.F.);
#7322=ORIENTED_EDGE('',*,*,#4861,.F.);
#7323=ORIENTED_EDGE('',*,*,#5283,.T.);
#7324=ORIENTED_EDGE('',*,*,#5101,.F.);
#7325=ORIENTED_EDGE('',*,*,#5283,.F.);
#7326=ORIENTED_EDGE('',*,*,#4860,.F.);
#7327=ORIENTED_EDGE('',*,*,#5284,.T.);
#7328=ORIENTED_EDGE('',*,*,#5102,.F.);
#7329=ORIENTED_EDGE('',*,*,#5284,.F.);
#7330=ORIENTED_EDGE('',*,*,#4859,.F.);
#7331=ORIENTED_EDGE('',*,*,#5285,.T.);
#7332=ORIENTED_EDGE('',*,*,#5103,.F.);
#7333=ORIENTED_EDGE('',*,*,#5285,.F.);
#7334=ORIENTED_EDGE('',*,*,#4858,.F.);
#7335=ORIENTED_EDGE('',*,*,#5286,.T.);
#7336=ORIENTED_EDGE('',*,*,#5104,.F.);
#7337=ORIENTED_EDGE('',*,*,#5286,.F.);
#7338=ORIENTED_EDGE('',*,*,#4857,.F.);
#7339=ORIENTED_EDGE('',*,*,#5273,.T.);
#7340=ORIENTED_EDGE('',*,*,#5082,.F.);
#7341=ORIENTED_EDGE('',*,*,#5287,.F.);
#7342=ORIENTED_EDGE('',*,*,#4872,.F.);
#7343=ORIENTED_EDGE('',*,*,#5288,.T.);
#7344=ORIENTED_EDGE('',*,*,#5190,.F.);
#7345=ORIENTED_EDGE('',*,*,#5289,.F.);
#7346=ORIENTED_EDGE('',*,*,#4868,.F.);
#7347=ORIENTED_EDGE('',*,*,#5290,.T.);
#7348=ORIENTED_EDGE('',*,*,#5191,.F.);
#7349=ORIENTED_EDGE('',*,*,#5290,.F.);
#7350=ORIENTED_EDGE('',*,*,#4867,.F.);
#7351=ORIENTED_EDGE('',*,*,#5291,.T.);
#7352=ORIENTED_EDGE('',*,*,#5192,.F.);
#7353=ORIENTED_EDGE('',*,*,#5291,.F.);
#7354=ORIENTED_EDGE('',*,*,#4866,.F.);
#7355=ORIENTED_EDGE('',*,*,#5292,.T.);
#7356=ORIENTED_EDGE('',*,*,#5189,.F.);
#7357=ORIENTED_EDGE('',*,*,#5292,.F.);
#7358=ORIENTED_EDGE('',*,*,#4865,.F.);
#7359=ORIENTED_EDGE('',*,*,#5293,.T.);
#7360=ORIENTED_EDGE('',*,*,#5162,.T.);
#7361=ORIENTED_EDGE('',*,*,#5182,.F.);
#7362=ORIENTED_EDGE('',*,*,#4869,.F.);
#7363=ORIENTED_EDGE('',*,*,#5289,.T.);
#7364=ORIENTED_EDGE('',*,*,#5163,.T.);
#7365=ORIENTED_EDGE('',*,*,#5293,.F.);
#7366=ORIENTED_EDGE('',*,*,#4864,.F.);
#7367=ORIENTED_EDGE('',*,*,#5294,.T.);
#7368=ORIENTED_EDGE('',*,*,#5075,.F.);
#7369=ORIENTED_EDGE('',*,*,#5288,.F.);
#7370=ORIENTED_EDGE('',*,*,#4871,.F.);
#7371=ORIENTED_EDGE('',*,*,#5181,.T.);
#7372=ORIENTED_EDGE('',*,*,#5164,.T.);
#7373=ORIENTED_EDGE('',*,*,#5294,.F.);
#7374=ORIENTED_EDGE('',*,*,#4879,.F.);
#7375=ORIENTED_EDGE('',*,*,#5295,.T.);
#7376=ORIENTED_EDGE('',*,*,#5076,.F.);
#7377=ORIENTED_EDGE('',*,*,#5295,.F.);
#7378=ORIENTED_EDGE('',*,*,#4878,.F.);
#7379=ORIENTED_EDGE('',*,*,#5296,.T.);
#7380=ORIENTED_EDGE('',*,*,#5077,.F.);
#7381=ORIENTED_EDGE('',*,*,#5296,.F.);
#7382=ORIENTED_EDGE('',*,*,#4877,.F.);
#7383=ORIENTED_EDGE('',*,*,#5297,.T.);
#7384=ORIENTED_EDGE('',*,*,#5078,.F.);
#7385=ORIENTED_EDGE('',*,*,#5297,.F.);
#7386=ORIENTED_EDGE('',*,*,#4876,.F.);
#7387=ORIENTED_EDGE('',*,*,#5298,.T.);
#7388=ORIENTED_EDGE('',*,*,#5079,.F.);
#7389=ORIENTED_EDGE('',*,*,#5298,.F.);
#7390=ORIENTED_EDGE('',*,*,#4875,.F.);
#7391=ORIENTED_EDGE('',*,*,#5299,.T.);
#7392=ORIENTED_EDGE('',*,*,#5080,.F.);
#7393=ORIENTED_EDGE('',*,*,#5299,.F.);
#7394=ORIENTED_EDGE('',*,*,#4874,.F.);
#7395=ORIENTED_EDGE('',*,*,#5300,.T.);
#7396=ORIENTED_EDGE('',*,*,#5081,.F.);
#7397=ORIENTED_EDGE('',*,*,#5300,.F.);
#7398=ORIENTED_EDGE('',*,*,#4873,.F.);
#7399=ORIENTED_EDGE('',*,*,#5287,.T.);
#7400=ORIENTED_EDGE('',*,*,#5066,.F.);
#7401=ORIENTED_EDGE('',*,*,#5301,.F.);
#7402=ORIENTED_EDGE('',*,*,#4888,.F.);
#7403=ORIENTED_EDGE('',*,*,#5302,.T.);
#7404=ORIENTED_EDGE('',*,*,#5206,.F.);
#7405=ORIENTED_EDGE('',*,*,#5303,.F.);
#7406=ORIENTED_EDGE('',*,*,#4884,.F.);
#7407=ORIENTED_EDGE('',*,*,#5304,.T.);
#7408=ORIENTED_EDGE('',*,*,#5207,.F.);
#7409=ORIENTED_EDGE('',*,*,#5304,.F.);
#7410=ORIENTED_EDGE('',*,*,#4883,.F.);
#7411=ORIENTED_EDGE('',*,*,#5305,.T.);
#7412=ORIENTED_EDGE('',*,*,#5208,.F.);
#7413=ORIENTED_EDGE('',*,*,#5305,.F.);
#7414=ORIENTED_EDGE('',*,*,#4882,.F.);
#7415=ORIENTED_EDGE('',*,*,#5306,.T.);
#7416=ORIENTED_EDGE('',*,*,#5205,.F.);
#7417=ORIENTED_EDGE('',*,*,#5306,.F.);
#7418=ORIENTED_EDGE('',*,*,#4881,.F.);
#7419=ORIENTED_EDGE('',*,*,#5307,.T.);
#7420=ORIENTED_EDGE('',*,*,#5146,.T.);
#7421=ORIENTED_EDGE('',*,*,#5174,.F.);
#7422=ORIENTED_EDGE('',*,*,#4885,.F.);
#7423=ORIENTED_EDGE('',*,*,#5303,.T.);
#7424=ORIENTED_EDGE('',*,*,#5147,.T.);
#7425=ORIENTED_EDGE('',*,*,#5307,.F.);
#7426=ORIENTED_EDGE('',*,*,#4880,.F.);
#7427=ORIENTED_EDGE('',*,*,#5308,.T.);
#7428=ORIENTED_EDGE('',*,*,#5059,.F.);
#7429=ORIENTED_EDGE('',*,*,#5302,.F.);
#7430=ORIENTED_EDGE('',*,*,#4887,.F.);
#7431=ORIENTED_EDGE('',*,*,#5173,.T.);
#7432=ORIENTED_EDGE('',*,*,#5148,.T.);
#7433=ORIENTED_EDGE('',*,*,#5308,.F.);
#7434=ORIENTED_EDGE('',*,*,#4895,.F.);
#7435=ORIENTED_EDGE('',*,*,#5309,.T.);
#7436=ORIENTED_EDGE('',*,*,#5060,.F.);
#7437=ORIENTED_EDGE('',*,*,#5309,.F.);
#7438=ORIENTED_EDGE('',*,*,#4894,.F.);
#7439=ORIENTED_EDGE('',*,*,#5310,.T.);
#7440=ORIENTED_EDGE('',*,*,#5061,.F.);
#7441=ORIENTED_EDGE('',*,*,#5310,.F.);
#7442=ORIENTED_EDGE('',*,*,#4893,.F.);
#7443=ORIENTED_EDGE('',*,*,#5311,.T.);
#7444=ORIENTED_EDGE('',*,*,#5062,.F.);
#7445=ORIENTED_EDGE('',*,*,#5311,.F.);
#7446=ORIENTED_EDGE('',*,*,#4892,.F.);
#7447=ORIENTED_EDGE('',*,*,#5312,.T.);
#7448=ORIENTED_EDGE('',*,*,#5063,.F.);
#7449=ORIENTED_EDGE('',*,*,#5312,.F.);
#7450=ORIENTED_EDGE('',*,*,#4891,.F.);
#7451=ORIENTED_EDGE('',*,*,#5313,.T.);
#7452=ORIENTED_EDGE('',*,*,#5064,.F.);
#7453=ORIENTED_EDGE('',*,*,#5313,.F.);
#7454=ORIENTED_EDGE('',*,*,#4890,.F.);
#7455=ORIENTED_EDGE('',*,*,#5314,.T.);
#7456=ORIENTED_EDGE('',*,*,#5065,.F.);
#7457=ORIENTED_EDGE('',*,*,#5314,.F.);
#7458=ORIENTED_EDGE('',*,*,#4889,.F.);
#7459=ORIENTED_EDGE('',*,*,#5301,.T.);
#7460=ORIENTED_EDGE('',*,*,#5089,.F.);
#7461=ORIENTED_EDGE('',*,*,#5315,.F.);
#7462=ORIENTED_EDGE('',*,*,#4904,.F.);
#7463=ORIENTED_EDGE('',*,*,#5316,.T.);
#7464=ORIENTED_EDGE('',*,*,#5090,.F.);
#7465=ORIENTED_EDGE('',*,*,#5316,.F.);
#7466=ORIENTED_EDGE('',*,*,#4903,.F.);
#7467=ORIENTED_EDGE('',*,*,#5317,.T.);
#7468=ORIENTED_EDGE('',*,*,#5186,.F.);
#7469=ORIENTED_EDGE('',*,*,#5318,.F.);
#7470=ORIENTED_EDGE('',*,*,#4899,.F.);
#7471=ORIENTED_EDGE('',*,*,#5319,.T.);
#7472=ORIENTED_EDGE('',*,*,#5187,.F.);
#7473=ORIENTED_EDGE('',*,*,#5319,.F.);
#7474=ORIENTED_EDGE('',*,*,#4898,.F.);
#7475=ORIENTED_EDGE('',*,*,#5320,.T.);
#7476=ORIENTED_EDGE('',*,*,#5188,.F.);
#7477=ORIENTED_EDGE('',*,*,#5320,.F.);
#7478=ORIENTED_EDGE('',*,*,#4897,.F.);
#7479=ORIENTED_EDGE('',*,*,#5321,.T.);
#7480=ORIENTED_EDGE('',*,*,#5185,.F.);
#7481=ORIENTED_EDGE('',*,*,#5321,.F.);
#7482=ORIENTED_EDGE('',*,*,#4896,.F.);
#7483=ORIENTED_EDGE('',*,*,#5322,.T.);
#7484=ORIENTED_EDGE('',*,*,#5166,.T.);
#7485=ORIENTED_EDGE('',*,*,#5184,.F.);
#7486=ORIENTED_EDGE('',*,*,#4900,.F.);
#7487=ORIENTED_EDGE('',*,*,#5318,.T.);
#7488=ORIENTED_EDGE('',*,*,#5167,.T.);
#7489=ORIENTED_EDGE('',*,*,#5322,.F.);
#7490=ORIENTED_EDGE('',*,*,#4911,.F.);
#7491=ORIENTED_EDGE('',*,*,#5323,.T.);
#7492=ORIENTED_EDGE('',*,*,#5083,.F.);
#7493=ORIENTED_EDGE('',*,*,#5317,.F.);
#7494=ORIENTED_EDGE('',*,*,#4902,.F.);
#7495=ORIENTED_EDGE('',*,*,#5183,.T.);
#7496=ORIENTED_EDGE('',*,*,#5168,.T.);
#7497=ORIENTED_EDGE('',*,*,#5323,.F.);
#7498=ORIENTED_EDGE('',*,*,#4910,.F.);
#7499=ORIENTED_EDGE('',*,*,#5324,.T.);
#7500=ORIENTED_EDGE('',*,*,#5084,.F.);
#7501=ORIENTED_EDGE('',*,*,#5324,.F.);
#7502=ORIENTED_EDGE('',*,*,#4909,.F.);
#7503=ORIENTED_EDGE('',*,*,#5325,.T.);
#7504=ORIENTED_EDGE('',*,*,#5085,.F.);
#7505=ORIENTED_EDGE('',*,*,#5325,.F.);
#7506=ORIENTED_EDGE('',*,*,#4908,.F.);
#7507=ORIENTED_EDGE('',*,*,#5326,.T.);
#7508=ORIENTED_EDGE('',*,*,#5086,.F.);
#7509=ORIENTED_EDGE('',*,*,#5326,.F.);
#7510=ORIENTED_EDGE('',*,*,#4907,.F.);
#7511=ORIENTED_EDGE('',*,*,#5327,.T.);
#7512=ORIENTED_EDGE('',*,*,#5087,.F.);
#7513=ORIENTED_EDGE('',*,*,#5327,.F.);
#7514=ORIENTED_EDGE('',*,*,#4906,.F.);
#7515=ORIENTED_EDGE('',*,*,#5328,.T.);
#7516=ORIENTED_EDGE('',*,*,#5088,.F.);
#7517=ORIENTED_EDGE('',*,*,#5328,.F.);
#7518=ORIENTED_EDGE('',*,*,#4905,.F.);
#7519=ORIENTED_EDGE('',*,*,#5315,.T.);
#7520=ORIENTED_EDGE('',*,*,#4990,.F.);
#7521=ORIENTED_EDGE('',*,*,#4994,.T.);
#7522=ORIENTED_EDGE('',*,*,#5108,.F.);
#7523=ORIENTED_EDGE('',*,*,#5329,.F.);
#7524=ORIENTED_EDGE('',*,*,#4988,.F.);
#7525=ORIENTED_EDGE('',*,*,#5329,.T.);
#7526=ORIENTED_EDGE('',*,*,#5107,.F.);
#7527=ORIENTED_EDGE('',*,*,#4995,.F.);
#7528=ORIENTED_EDGE('',*,*,#5330,.F.);
#7529=ORIENTED_EDGE('',*,*,#5019,.F.);
#7530=ORIENTED_EDGE('',*,*,#5331,.F.);
#7531=ORIENTED_EDGE('',*,*,#4232,.F.);
#7532=ORIENTED_EDGE('',*,*,#5331,.T.);
#7533=ORIENTED_EDGE('',*,*,#5030,.F.);
#7534=ORIENTED_EDGE('',*,*,#5332,.F.);
#7535=ORIENTED_EDGE('',*,*,#4233,.T.);
#7536=ORIENTED_EDGE('',*,*,#4226,.T.);
#7537=ORIENTED_EDGE('',*,*,#5333,.T.);
#7538=ORIENTED_EDGE('',*,*,#4771,.T.);
#7539=ORIENTED_EDGE('',*,*,#5334,.T.);
#7540=ORIENTED_EDGE('',*,*,#5332,.T.);
#7541=ORIENTED_EDGE('',*,*,#5029,.F.);
#7542=ORIENTED_EDGE('',*,*,#5335,.T.);
#7543=ORIENTED_EDGE('',*,*,#4234,.T.);
#7544=ORIENTED_EDGE('',*,*,#5336,.F.);
#7545=ORIENTED_EDGE('',*,*,#4242,.T.);
#7546=ORIENTED_EDGE('',*,*,#5337,.F.);
#7547=ORIENTED_EDGE('',*,*,#5021,.F.);
#7548=ORIENTED_EDGE('',*,*,#5022,.F.);
#7549=ORIENTED_EDGE('',*,*,#5337,.T.);
#7550=ORIENTED_EDGE('',*,*,#4241,.T.);
#7551=ORIENTED_EDGE('',*,*,#5338,.F.);
#7552=ORIENTED_EDGE('',*,*,#5338,.T.);
#7553=ORIENTED_EDGE('',*,*,#4240,.F.);
#7554=ORIENTED_EDGE('',*,*,#5339,.T.);
#7555=ORIENTED_EDGE('',*,*,#5023,.T.);
#7556=ORIENTED_EDGE('',*,*,#5340,.F.);
#7557=ORIENTED_EDGE('',*,*,#4236,.T.);
#7558=ORIENTED_EDGE('',*,*,#5341,.F.);
#7559=ORIENTED_EDGE('',*,*,#5027,.F.);
#7560=ORIENTED_EDGE('',*,*,#4235,.T.);
#7561=ORIENTED_EDGE('',*,*,#5335,.F.);
#7562=ORIENTED_EDGE('',*,*,#5028,.F.);
#7563=ORIENTED_EDGE('',*,*,#5341,.T.);
#7564=ORIENTED_EDGE('',*,*,#4228,.F.);
#7565=ORIENTED_EDGE('',*,*,#5342,.F.);
#7566=ORIENTED_EDGE('',*,*,#4769,.F.);
#7567=ORIENTED_EDGE('',*,*,#5343,.F.);
#7568=ORIENTED_EDGE('',*,*,#5344,.F.);
#7569=ORIENTED_EDGE('',*,*,#5025,.F.);
#7570=ORIENTED_EDGE('',*,*,#5345,.F.);
#7571=ORIENTED_EDGE('',*,*,#4238,.F.);
#7572=ORIENTED_EDGE('',*,*,#5339,.F.);
#7573=ORIENTED_EDGE('',*,*,#4239,.T.);
#7574=ORIENTED_EDGE('',*,*,#5345,.T.);
#7575=ORIENTED_EDGE('',*,*,#5024,.F.);
#7576=ORIENTED_EDGE('',*,*,#5340,.T.);
#7577=ORIENTED_EDGE('',*,*,#5026,.T.);
#7578=ORIENTED_EDGE('',*,*,#5344,.T.);
#7579=ORIENTED_EDGE('',*,*,#4237,.T.);
#7580=ORIENTED_EDGE('',*,*,#5330,.T.);
#7581=ORIENTED_EDGE('',*,*,#4243,.T.);
#7582=ORIENTED_EDGE('',*,*,#5336,.T.);
#7583=ORIENTED_EDGE('',*,*,#5020,.T.);
#7584=ORIENTED_EDGE('',*,*,#5342,.T.);
#7585=ORIENTED_EDGE('',*,*,#4227,.T.);
#7586=ORIENTED_EDGE('',*,*,#5334,.F.);
#7587=ORIENTED_EDGE('',*,*,#4770,.F.);
#7588=ORIENTED_EDGE('',*,*,#5343,.T.);
#7589=ORIENTED_EDGE('',*,*,#4772,.T.);
#7590=ORIENTED_EDGE('',*,*,#5333,.F.);
#7591=ORIENTED_EDGE('',*,*,#4229,.F.);
#7592=CONICAL_SURFACE('',#8036,2.15,0.785398163397448);
#7593=CONICAL_SURFACE('',#8045,2.15,0.785398163397452);
#7594=CONICAL_SURFACE('',#8051,2.15,0.785398163397452);
#7595=CONICAL_SURFACE('',#8057,2.15,0.785398163397452);
#7596=CONICAL_SURFACE('',#8063,2.15,0.785398163397448);
#7597=CONICAL_SURFACE('',#8067,2.14999999999999,0.785398163397444);
#7598=CONICAL_SURFACE('',#8071,2.14999999999999,0.785398163397441);
#7599=CONICAL_SURFACE('',#8077,2.14999999999999,0.785398163397441);
#7600=CONICAL_SURFACE('',#8083,2.14999999999999,0.785398163397441);
#7601=CONICAL_SURFACE('',#8089,2.14999999999999,0.785398163397444);
#7602=ADVANCED_FACE('',(#602),#7592,.F.);
#7603=ADVANCED_FACE('',(#603,#203,#204,#205,#206,#207),#266,.T.);
#7604=ADVANCED_FACE('',(#604),#186,.F.);
#7605=ADVANCED_FACE('',(#605),#7593,.F.);
#7606=ADVANCED_FACE('',(#606),#187,.F.);
#7607=ADVANCED_FACE('',(#607,#208),#267,.T.);
#7608=ADVANCED_FACE('',(#608),#7594,.F.);
#7609=ADVANCED_FACE('',(#609),#188,.F.);
#7610=ADVANCED_FACE('',(#610,#209),#268,.T.);
#7611=ADVANCED_FACE('',(#611),#7595,.F.);
#7612=ADVANCED_FACE('',(#612),#189,.F.);
#7613=ADVANCED_FACE('',(#613,#210),#269,.T.);
#7614=ADVANCED_FACE('',(#614),#7596,.F.);
#7615=ADVANCED_FACE('',(#615),#190,.F.);
#7616=ADVANCED_FACE('',(#616),#7597,.F.);
#7617=ADVANCED_FACE('',(#617),#191,.F.);
#7618=ADVANCED_FACE('',(#618),#7598,.F.);
#7619=ADVANCED_FACE('',(#619),#192,.F.);
#7620=ADVANCED_FACE('',(#620,#211),#270,.T.);
#7621=ADVANCED_FACE('',(#621),#7599,.F.);
#7622=ADVANCED_FACE('',(#622),#193,.F.);
#7623=ADVANCED_FACE('',(#623,#212),#271,.T.);
#7624=ADVANCED_FACE('',(#624),#7600,.F.);
#7625=ADVANCED_FACE('',(#625),#194,.F.);
#7626=ADVANCED_FACE('',(#626,#213),#272,.T.);
#7627=ADVANCED_FACE('',(#627),#7601,.F.);
#7628=ADVANCED_FACE('',(#628),#195,.F.);
#7629=ADVANCED_FACE('',(#629),#273,.F.);
#7630=ADVANCED_FACE('',(#630),#274,.F.);
#7631=ADVANCED_FACE('',(#631),#275,.F.);
#7632=ADVANCED_FACE('',(#632),#276,.F.);
#7633=ADVANCED_FACE('',(#633),#129,.F.);
#7634=ADVANCED_FACE('',(#634),#130,.F.);
#7635=ADVANCED_FACE('',(#635),#131,.F.);
#7636=ADVANCED_FACE('',(#636),#132,.F.);
#7637=ADVANCED_FACE('',(#637),#133,.F.);
#7638=ADVANCED_FACE('',(#638),#134,.F.);
#7639=ADVANCED_FACE('',(#639),#135,.F.);
#7640=ADVANCED_FACE('',(#640),#136,.F.);
#7641=ADVANCED_FACE('',(#641),#137,.F.);
#7642=ADVANCED_FACE('',(#642),#138,.F.);
#7643=ADVANCED_FACE('',(#643),#139,.F.);
#7644=ADVANCED_FACE('',(#644),#140,.F.);
#7645=ADVANCED_FACE('',(#645),#141,.F.);
#7646=ADVANCED_FACE('',(#646),#142,.F.);
#7647=ADVANCED_FACE('',(#647),#277,.F.);
#7648=ADVANCED_FACE('',(#648),#143,.F.);
#7649=ADVANCED_FACE('',(#649),#144,.F.);
#7650=ADVANCED_FACE('',(#650),#145,.F.);
#7651=ADVANCED_FACE('',(#651),#146,.F.);
#7652=ADVANCED_FACE('',(#652),#147,.F.);
#7653=ADVANCED_FACE('',(#653),#148,.F.);
#7654=ADVANCED_FACE('',(#654),#149,.F.);
#7655=ADVANCED_FACE('',(#655),#150,.F.);
#7656=ADVANCED_FACE('',(#656),#151,.F.);
#7657=ADVANCED_FACE('',(#657),#152,.F.);
#7658=ADVANCED_FACE('',(#658),#153,.F.);
#7659=ADVANCED_FACE('',(#659),#154,.F.);
#7660=ADVANCED_FACE('',(#660),#155,.F.);
#7661=ADVANCED_FACE('',(#661),#156,.F.);
#7662=ADVANCED_FACE('',(#662),#157,.F.);
#7663=ADVANCED_FACE('',(#663),#158,.F.);
#7664=ADVANCED_FACE('',(#664),#159,.F.);
#7665=ADVANCED_FACE('',(#665),#160,.F.);
#7666=ADVANCED_FACE('',(#666),#278,.F.);
#7667=ADVANCED_FACE('',(#667),#161,.F.);
#7668=ADVANCED_FACE('',(#668),#279,.T.);
#7669=ADVANCED_FACE('',(#669),#280,.F.);
#7670=ADVANCED_FACE('',(#670),#281,.F.);
#7671=ADVANCED_FACE('',(#671),#282,.F.);
#7672=ADVANCED_FACE('',(#672),#283,.F.);
#7673=ADVANCED_FACE('',(#673),#284,.F.);
#7674=ADVANCED_FACE('',(#674),#285,.F.);
#7675=ADVANCED_FACE('',(#675),#286,.F.);
#7676=ADVANCED_FACE('',(#676),#287,.F.);
#7677=ADVANCED_FACE('',(#677),#288,.F.);
#7678=ADVANCED_FACE('',(#678),#289,.F.);
#7679=ADVANCED_FACE('',(#679),#290,.F.);
#7680=ADVANCED_FACE('',(#680),#291,.F.);
#7681=ADVANCED_FACE('',(#681),#292,.F.);
#7682=ADVANCED_FACE('',(#682),#293,.F.);
#7683=ADVANCED_FACE('',(#683),#294,.F.);
#7684=ADVANCED_FACE('',(#684),#295,.F.);
#7685=ADVANCED_FACE('',(#685),#296,.F.);
#7686=ADVANCED_FACE('',(#686),#162,.F.);
#7687=ADVANCED_FACE('',(#687),#163,.F.);
#7688=ADVANCED_FACE('',(#688),#297,.F.);
#7689=ADVANCED_FACE('',(#689),#298,.F.);
#7690=ADVANCED_FACE('',(#690),#299,.F.);
#7691=ADVANCED_FACE('',(#691),#300,.F.);
#7692=ADVANCED_FACE('',(#692),#301,.F.);
#7693=ADVANCED_FACE('',(#693),#302,.F.);
#7694=ADVANCED_FACE('',(#694),#164,.F.);
#7695=ADVANCED_FACE('',(#695),#165,.F.);
#7696=ADVANCED_FACE('',(#696),#303,.F.);
#7697=ADVANCED_FACE('',(#697),#304,.F.);
#7698=ADVANCED_FACE('',(#698),#305,.F.);
#7699=ADVANCED_FACE('',(#699),#306,.F.);
#7700=ADVANCED_FACE('',(#700),#307,.F.);
#7701=ADVANCED_FACE('',(#701),#308,.T.);
#7702=ADVANCED_FACE('',(#702),#309,.F.);
#7703=ADVANCED_FACE('',(#703),#310,.F.);
#7704=ADVANCED_FACE('',(#704),#311,.F.);
#7705=ADVANCED_FACE('',(#705),#312,.F.);
#7706=ADVANCED_FACE('',(#706),#313,.F.);
#7707=ADVANCED_FACE('',(#707),#314,.F.);
#7708=ADVANCED_FACE('',(#708),#315,.F.);
#7709=ADVANCED_FACE('',(#709),#316,.F.);
#7710=ADVANCED_FACE('',(#710),#317,.F.);
#7711=ADVANCED_FACE('',(#711),#166,.F.);
#7712=ADVANCED_FACE('',(#712),#167,.F.);
#7713=ADVANCED_FACE('',(#713),#318,.F.);
#7714=ADVANCED_FACE('',(#714),#319,.F.);
#7715=ADVANCED_FACE('',(#715),#320,.F.);
#7716=ADVANCED_FACE('',(#716),#321,.F.);
#7717=ADVANCED_FACE('',(#717),#322,.T.);
#7718=ADVANCED_FACE('',(#718),#323,.F.);
#7719=ADVANCED_FACE('',(#719),#324,.F.);
#7720=ADVANCED_FACE('',(#720),#325,.F.);
#7721=ADVANCED_FACE('',(#721),#326,.F.);
#7722=ADVANCED_FACE('',(#722),#327,.F.);
#7723=ADVANCED_FACE('',(#723),#328,.F.);
#7724=ADVANCED_FACE('',(#724),#329,.F.);
#7725=ADVANCED_FACE('',(#725),#330,.F.);
#7726=ADVANCED_FACE('',(#726),#331,.F.);
#7727=ADVANCED_FACE('',(#727),#332,.F.);
#7728=ADVANCED_FACE('',(#728),#333,.F.);
#7729=ADVANCED_FACE('',(#729),#334,.F.);
#7730=ADVANCED_FACE('',(#730),#335,.F.);
#7731=ADVANCED_FACE('',(#731),#336,.F.);
#7732=ADVANCED_FACE('',(#732),#168,.F.);
#7733=ADVANCED_FACE('',(#733),#169,.F.);
#7734=ADVANCED_FACE('',(#734),#170,.F.);
#7735=ADVANCED_FACE('',(#735),#171,.F.);
#7736=ADVANCED_FACE('',(#736),#172,.F.);
#7737=ADVANCED_FACE('',(#737),#337,.F.);
#7738=ADVANCED_FACE('',(#738),#338,.F.);
#7739=ADVANCED_FACE('',(#739),#339,.F.);
#7740=ADVANCED_FACE('',(#740),#340,.F.);
#7741=ADVANCED_FACE('',(#741),#173,.F.);
#7742=ADVANCED_FACE('',(#742),#174,.F.);
#7743=ADVANCED_FACE('',(#743),#175,.F.);
#7744=ADVANCED_FACE('',(#744),#176,.F.);
#7745=ADVANCED_FACE('',(#745),#341,.F.);
#7746=ADVANCED_FACE('',(#746),#342,.F.);
#7747=ADVANCED_FACE('',(#747),#343,.F.);
#7748=ADVANCED_FACE('',(#748),#177,.F.);
#7749=ADVANCED_FACE('',(#749),#178,.F.);
#7750=ADVANCED_FACE('',(#750),#179,.F.);
#7751=ADVANCED_FACE('',(#751),#180,.F.);
#7752=ADVANCED_FACE('',(#752),#181,.F.);
#7753=ADVANCED_FACE('',(#753),#182,.F.);
#7754=ADVANCED_FACE('',(#754),#183,.F.);
#7755=ADVANCED_FACE('',(#755),#344,.F.);
#7756=ADVANCED_FACE('',(#756),#345,.F.);
#7757=ADVANCED_FACE('',(#757),#346,.F.);
#7758=ADVANCED_FACE('',(#758,#214),#347,.T.);
#7759=ADVANCED_FACE('',(#759),#348,.F.);
#7760=ADVANCED_FACE('',(#760),#349,.F.);
#7761=ADVANCED_FACE('',(#761),#350,.F.);
#7762=ADVANCED_FACE('',(#762),#351,.F.);
#7763=ADVANCED_FACE('',(#763),#352,.F.);
#7764=ADVANCED_FACE('',(#764),#353,.F.);
#7765=ADVANCED_FACE('',(#765),#354,.F.);
#7766=ADVANCED_FACE('',(#766),#355,.F.);
#7767=ADVANCED_FACE('',(#767),#356,.F.);
#7768=ADVANCED_FACE('',(#768),#357,.F.);
#7769=ADVANCED_FACE('',(#769),#358,.F.);
#7770=ADVANCED_FACE('',(#770),#359,.F.);
#7771=ADVANCED_FACE('',(#771),#360,.F.);
#7772=ADVANCED_FACE('',(#772),#361,.F.);
#7773=ADVANCED_FACE('',(#773),#362,.F.);
#7774=ADVANCED_FACE('',(#774),#363,.F.);
#7775=ADVANCED_FACE('',(#775),#364,.F.);
#7776=ADVANCED_FACE('',(#776),#365,.F.);
#7777=ADVANCED_FACE('',(#777),#366,.F.);
#7778=ADVANCED_FACE('',(#778),#367,.F.);
#7779=ADVANCED_FACE('',(#779),#368,.F.);
#7780=ADVANCED_FACE('',(#780),#369,.F.);
#7781=ADVANCED_FACE('',(#781),#370,.F.);
#7782=ADVANCED_FACE('',(#782),#371,.F.);
#7783=ADVANCED_FACE('',(#783),#372,.F.);
#7784=ADVANCED_FACE('',(#784),#184,.F.);
#7785=ADVANCED_FACE('',(#785),#185,.F.);
#7786=ADVANCED_FACE('',(#786),#373,.F.);
#7787=ADVANCED_FACE('',(#787),#374,.F.);
#7788=ADVANCED_FACE('',(#788),#375,.F.);
#7789=ADVANCED_FACE('',(#789),#376,.F.);
#7790=ADVANCED_FACE('',(#790),#377,.T.);
#7791=ADVANCED_FACE('',(#791),#378,.F.);
#7792=ADVANCED_FACE('',(#792),#379,.F.);
#7793=ADVANCED_FACE('',(#793),#380,.F.);
#7794=ADVANCED_FACE('',(#794),#381,.F.);
#7795=ADVANCED_FACE('',(#795),#382,.F.);
#7796=ADVANCED_FACE('',(#796,#215,#216,#217,#218,#219,#220,#221,#222,#223,
#224,#225,#226,#227,#228,#229,#230,#231,#232,#233,#234,#235,#236,#237,#238,
#239,#240,#241),#383,.T.);
#7797=ADVANCED_FACE('',(#797),#384,.T.);
#7798=ADVANCED_FACE('',(#798),#385,.T.);
#7799=ADVANCED_FACE('',(#799),#386,.T.);
#7800=ADVANCED_FACE('',(#800),#387,.T.);
#7801=ADVANCED_FACE('',(#801),#388,.T.);
#7802=ADVANCED_FACE('',(#802),#389,.T.);
#7803=ADVANCED_FACE('',(#803),#390,.T.);
#7804=ADVANCED_FACE('',(#804),#391,.T.);
#7805=ADVANCED_FACE('',(#805),#392,.T.);
#7806=ADVANCED_FACE('',(#806),#393,.T.);
#7807=ADVANCED_FACE('',(#807),#394,.T.);
#7808=ADVANCED_FACE('',(#808),#395,.T.);
#7809=ADVANCED_FACE('',(#809),#396,.T.);
#7810=ADVANCED_FACE('',(#810),#397,.T.);
#7811=ADVANCED_FACE('',(#811),#398,.T.);
#7812=ADVANCED_FACE('',(#812),#399,.T.);
#7813=ADVANCED_FACE('',(#813),#400,.T.);
#7814=ADVANCED_FACE('',(#814),#401,.T.);
#7815=ADVANCED_FACE('',(#815),#402,.T.);
#7816=ADVANCED_FACE('',(#816),#403,.T.);
#7817=ADVANCED_FACE('',(#817),#404,.T.);
#7818=ADVANCED_FACE('',(#818),#405,.T.);
#7819=ADVANCED_FACE('',(#819),#406,.T.);
#7820=ADVANCED_FACE('',(#820),#407,.T.);
#7821=ADVANCED_FACE('',(#821),#408,.T.);
#7822=ADVANCED_FACE('',(#822),#409,.T.);
#7823=ADVANCED_FACE('',(#823),#410,.T.);
#7824=ADVANCED_FACE('',(#824),#411,.T.);
#7825=ADVANCED_FACE('',(#825),#412,.T.);
#7826=ADVANCED_FACE('',(#826),#413,.T.);
#7827=ADVANCED_FACE('',(#827),#414,.T.);
#7828=ADVANCED_FACE('',(#828),#415,.T.);
#7829=ADVANCED_FACE('',(#829),#416,.T.);
#7830=ADVANCED_FACE('',(#830),#417,.T.);
#7831=ADVANCED_FACE('',(#831),#418,.F.);
#7832=ADVANCED_FACE('',(#832),#419,.F.);
#7833=ADVANCED_FACE('',(#833),#420,.T.);
#7834=ADVANCED_FACE('',(#834),#196,.F.);
#7835=ADVANCED_FACE('',(#835),#197,.F.);
#7836=ADVANCED_FACE('',(#836),#198,.F.);
#7837=ADVANCED_FACE('',(#837),#199,.F.);
#7838=ADVANCED_FACE('',(#838),#421,.T.);
#7839=ADVANCED_FACE('',(#839),#200,.F.);
#7840=ADVANCED_FACE('',(#840),#422,.T.);
#7841=ADVANCED_FACE('',(#841),#201,.F.);
#7842=ADVANCED_FACE('',(#842),#423,.T.);
#7843=ADVANCED_FACE('',(#843),#202,.F.);
#7844=ADVANCED_FACE('',(#844),#424,.T.);
#7845=ADVANCED_FACE('',(#845),#425,.T.);
#7846=ADVANCED_FACE('',(#846),#426,.T.);
#7847=ADVANCED_FACE('',(#847),#427,.T.);
#7848=ADVANCED_FACE('',(#848),#428,.T.);
#7849=ADVANCED_FACE('',(#849,#242,#243,#244,#245,#246,#247,#248,#249,#250,
#251,#252,#253,#254,#255,#256,#257,#258,#259,#260,#261,#262,#263,#264,#265),
#429,.T.);
#7850=ADVANCED_FACE('',(#850),#430,.T.);
#7851=ADVANCED_FACE('',(#851),#431,.T.);
#7852=ADVANCED_FACE('',(#852),#432,.T.);
#7853=ADVANCED_FACE('',(#853),#433,.T.);
#7854=ADVANCED_FACE('',(#854),#434,.T.);
#7855=ADVANCED_FACE('',(#855),#435,.T.);
#7856=ADVANCED_FACE('',(#856),#436,.T.);
#7857=ADVANCED_FACE('',(#857),#437,.T.);
#7858=ADVANCED_FACE('',(#858),#438,.T.);
#7859=ADVANCED_FACE('',(#859),#439,.T.);
#7860=ADVANCED_FACE('',(#860),#440,.T.);
#7861=ADVANCED_FACE('',(#861),#441,.T.);
#7862=ADVANCED_FACE('',(#862),#442,.T.);
#7863=ADVANCED_FACE('',(#863),#443,.T.);
#7864=ADVANCED_FACE('',(#864),#444,.T.);
#7865=ADVANCED_FACE('',(#865),#445,.T.);
#7866=ADVANCED_FACE('',(#866),#446,.T.);
#7867=ADVANCED_FACE('',(#867),#447,.T.);
#7868=ADVANCED_FACE('',(#868),#448,.T.);
#7869=ADVANCED_FACE('',(#869),#449,.T.);
#7870=ADVANCED_FACE('',(#870),#450,.T.);
#7871=ADVANCED_FACE('',(#871),#451,.T.);
#7872=ADVANCED_FACE('',(#872),#452,.T.);
#7873=ADVANCED_FACE('',(#873),#453,.T.);
#7874=ADVANCED_FACE('',(#874),#454,.T.);
#7875=ADVANCED_FACE('',(#875),#455,.F.);
#7876=ADVANCED_FACE('',(#876),#456,.F.);
#7877=ADVANCED_FACE('',(#877),#457,.F.);
#7878=ADVANCED_FACE('',(#878),#458,.F.);
#7879=ADVANCED_FACE('',(#879),#459,.F.);
#7880=ADVANCED_FACE('',(#880),#460,.F.);
#7881=ADVANCED_FACE('',(#881),#461,.F.);
#7882=ADVANCED_FACE('',(#882),#462,.F.);
#7883=ADVANCED_FACE('',(#883),#463,.F.);
#7884=ADVANCED_FACE('',(#884),#464,.F.);
#7885=ADVANCED_FACE('',(#885),#465,.F.);
#7886=ADVANCED_FACE('',(#886),#466,.F.);
#7887=ADVANCED_FACE('',(#887),#467,.F.);
#7888=ADVANCED_FACE('',(#888),#468,.F.);
#7889=ADVANCED_FACE('',(#889),#469,.F.);
#7890=ADVANCED_FACE('',(#890),#470,.F.);
#7891=ADVANCED_FACE('',(#891),#471,.T.);
#7892=ADVANCED_FACE('',(#892),#472,.T.);
#7893=ADVANCED_FACE('',(#893),#473,.T.);
#7894=ADVANCED_FACE('',(#894),#474,.T.);
#7895=ADVANCED_FACE('',(#895),#475,.T.);
#7896=ADVANCED_FACE('',(#896),#476,.T.);
#7897=ADVANCED_FACE('',(#897),#477,.T.);
#7898=ADVANCED_FACE('',(#898),#478,.T.);
#7899=ADVANCED_FACE('',(#899),#479,.T.);
#7900=ADVANCED_FACE('',(#900),#480,.F.);
#7901=ADVANCED_FACE('',(#901),#481,.F.);
#7902=ADVANCED_FACE('',(#902),#482,.F.);
#7903=ADVANCED_FACE('',(#903),#483,.F.);
#7904=ADVANCED_FACE('',(#904),#484,.F.);
#7905=ADVANCED_FACE('',(#905),#485,.F.);
#7906=ADVANCED_FACE('',(#906),#486,.F.);
#7907=ADVANCED_FACE('',(#907),#487,.F.);
#7908=ADVANCED_FACE('',(#908),#488,.F.);
#7909=ADVANCED_FACE('',(#909),#489,.F.);
#7910=ADVANCED_FACE('',(#910),#490,.F.);
#7911=ADVANCED_FACE('',(#911),#491,.F.);
#7912=ADVANCED_FACE('',(#912),#492,.F.);
#7913=ADVANCED_FACE('',(#913),#493,.F.);
#7914=ADVANCED_FACE('',(#914),#494,.F.);
#7915=ADVANCED_FACE('',(#915),#495,.F.);
#7916=ADVANCED_FACE('',(#916),#496,.F.);
#7917=ADVANCED_FACE('',(#917),#497,.F.);
#7918=ADVANCED_FACE('',(#918),#498,.F.);
#7919=ADVANCED_FACE('',(#919),#499,.F.);
#7920=ADVANCED_FACE('',(#920),#500,.F.);
#7921=ADVANCED_FACE('',(#921),#501,.F.);
#7922=ADVANCED_FACE('',(#922),#502,.F.);
#7923=ADVANCED_FACE('',(#923),#503,.F.);
#7924=ADVANCED_FACE('',(#924),#504,.F.);
#7925=ADVANCED_FACE('',(#925),#505,.F.);
#7926=ADVANCED_FACE('',(#926),#506,.F.);
#7927=ADVANCED_FACE('',(#927),#507,.F.);
#7928=ADVANCED_FACE('',(#928),#508,.F.);
#7929=ADVANCED_FACE('',(#929),#509,.F.);
#7930=ADVANCED_FACE('',(#930),#510,.F.);
#7931=ADVANCED_FACE('',(#931),#511,.F.);
#7932=ADVANCED_FACE('',(#932),#512,.F.);
#7933=ADVANCED_FACE('',(#933),#513,.F.);
#7934=ADVANCED_FACE('',(#934),#514,.F.);
#7935=ADVANCED_FACE('',(#935),#515,.F.);
#7936=ADVANCED_FACE('',(#936),#516,.F.);
#7937=ADVANCED_FACE('',(#937),#517,.F.);
#7938=ADVANCED_FACE('',(#938),#518,.F.);
#7939=ADVANCED_FACE('',(#939),#519,.F.);
#7940=ADVANCED_FACE('',(#940),#520,.F.);
#7941=ADVANCED_FACE('',(#941),#521,.F.);
#7942=ADVANCED_FACE('',(#942),#522,.F.);
#7943=ADVANCED_FACE('',(#943),#523,.F.);
#7944=ADVANCED_FACE('',(#944),#524,.F.);
#7945=ADVANCED_FACE('',(#945),#525,.F.);
#7946=ADVANCED_FACE('',(#946),#526,.F.);
#7947=ADVANCED_FACE('',(#947),#527,.F.);
#7948=ADVANCED_FACE('',(#948),#528,.F.);
#7949=ADVANCED_FACE('',(#949),#529,.F.);
#7950=ADVANCED_FACE('',(#950),#530,.F.);
#7951=ADVANCED_FACE('',(#951),#531,.F.);
#7952=ADVANCED_FACE('',(#952),#532,.F.);
#7953=ADVANCED_FACE('',(#953),#533,.F.);
#7954=ADVANCED_FACE('',(#954),#534,.F.);
#7955=ADVANCED_FACE('',(#955),#535,.F.);
#7956=ADVANCED_FACE('',(#956),#536,.F.);
#7957=ADVANCED_FACE('',(#957),#537,.F.);
#7958=ADVANCED_FACE('',(#958),#538,.F.);
#7959=ADVANCED_FACE('',(#959),#539,.F.);
#7960=ADVANCED_FACE('',(#960),#540,.F.);
#7961=ADVANCED_FACE('',(#961),#541,.F.);
#7962=ADVANCED_FACE('',(#962),#542,.F.);
#7963=ADVANCED_FACE('',(#963),#543,.F.);
#7964=ADVANCED_FACE('',(#964),#544,.F.);
#7965=ADVANCED_FACE('',(#965),#545,.F.);
#7966=ADVANCED_FACE('',(#966),#546,.F.);
#7967=ADVANCED_FACE('',(#967),#547,.F.);
#7968=ADVANCED_FACE('',(#968),#548,.F.);
#7969=ADVANCED_FACE('',(#969),#549,.F.);
#7970=ADVANCED_FACE('',(#970),#550,.F.);
#7971=ADVANCED_FACE('',(#971),#551,.F.);
#7972=ADVANCED_FACE('',(#972),#552,.F.);
#7973=ADVANCED_FACE('',(#973),#553,.F.);
#7974=ADVANCED_FACE('',(#974),#554,.F.);
#7975=ADVANCED_FACE('',(#975),#555,.F.);
#7976=ADVANCED_FACE('',(#976),#556,.F.);
#7977=ADVANCED_FACE('',(#977),#557,.F.);
#7978=ADVANCED_FACE('',(#978),#558,.F.);
#7979=ADVANCED_FACE('',(#979),#559,.F.);
#7980=ADVANCED_FACE('',(#980),#560,.F.);
#7981=ADVANCED_FACE('',(#981),#561,.F.);
#7982=ADVANCED_FACE('',(#982),#562,.F.);
#7983=ADVANCED_FACE('',(#983),#563,.F.);
#7984=ADVANCED_FACE('',(#984),#564,.F.);
#7985=ADVANCED_FACE('',(#985),#565,.F.);
#7986=ADVANCED_FACE('',(#986),#566,.F.);
#7987=ADVANCED_FACE('',(#987),#567,.F.);
#7988=ADVANCED_FACE('',(#988),#568,.F.);
#7989=ADVANCED_FACE('',(#989),#569,.F.);
#7990=ADVANCED_FACE('',(#990),#570,.F.);
#7991=ADVANCED_FACE('',(#991),#571,.F.);
#7992=ADVANCED_FACE('',(#992),#572,.F.);
#7993=ADVANCED_FACE('',(#993),#573,.F.);
#7994=ADVANCED_FACE('',(#994),#574,.F.);
#7995=ADVANCED_FACE('',(#995),#575,.F.);
#7996=ADVANCED_FACE('',(#996),#576,.F.);
#7997=ADVANCED_FACE('',(#997),#577,.F.);
#7998=ADVANCED_FACE('',(#998),#578,.F.);
#7999=ADVANCED_FACE('',(#999),#579,.F.);
#8000=ADVANCED_FACE('',(#1000),#580,.F.);
#8001=ADVANCED_FACE('',(#1001),#581,.F.);
#8002=ADVANCED_FACE('',(#1002),#582,.F.);
#8003=ADVANCED_FACE('',(#1003),#583,.F.);
#8004=ADVANCED_FACE('',(#1004),#584,.F.);
#8005=ADVANCED_FACE('',(#1005),#585,.F.);
#8006=ADVANCED_FACE('',(#1006),#586,.T.);
#8007=ADVANCED_FACE('',(#1007),#587,.T.);
#8008=ADVANCED_FACE('',(#1008),#588,.T.);
#8009=ADVANCED_FACE('',(#1009),#589,.T.);
#8010=ADVANCED_FACE('',(#1010),#590,.T.);
#8011=ADVANCED_FACE('',(#1011),#591,.T.);
#8012=ADVANCED_FACE('',(#1012),#592,.T.);
#8013=ADVANCED_FACE('',(#1013),#593,.T.);
#8014=ADVANCED_FACE('',(#1014),#594,.T.);
#8015=ADVANCED_FACE('',(#1015),#595,.F.);
#8016=ADVANCED_FACE('',(#1016),#596,.T.);
#8017=ADVANCED_FACE('',(#1017),#597,.T.);
#8018=ADVANCED_FACE('',(#1018),#598,.T.);
#8019=ADVANCED_FACE('',(#1019),#599,.F.);
#8020=ADVANCED_FACE('',(#1020),#600,.T.);
#8021=ADVANCED_FACE('',(#1021),#601,.T.);
#8022=CLOSED_SHELL('',(#7602,#7603,#7604,#7605,#7606,#7607,#7608,#7609,
#7610,#7611,#7612,#7613,#7614,#7615,#7616,#7617,#7618,#7619,#7620,#7621,
#7622,#7623,#7624,#7625,#7626,#7627,#7628,#7629,#7630,#7631,#7632,#7633,
#7634,#7635,#7636,#7637,#7638,#7639,#7640,#7641,#7642,#7643,#7644,#7645,
#7646,#7647,#7648,#7649,#7650,#7651,#7652,#7653,#7654,#7655,#7656,#7657,
#7658,#7659,#7660,#7661,#7662,#7663,#7664,#7665,#7666,#7667,#7668,#7669,
#7670,#7671,#7672,#7673,#7674,#7675,#7676,#7677,#7678,#7679,#7680,#7681,
#7682,#7683,#7684,#7685,#7686,#7687,#7688,#7689,#7690,#7691,#7692,#7693,
#7694,#7695,#7696,#7697,#7698,#7699,#7700,#7701,#7702,#7703,#7704,#7705,
#7706,#7707,#7708,#7709,#7710,#7711,#7712,#7713,#7714,#7715,#7716,#7717,
#7718,#7719,#7720,#7721,#7722,#7723,#7724,#7725,#7726,#7727,#7728,#7729,
#7730,#7731,#7732,#7733,#7734,#7735,#7736,#7737,#7738,#7739,#7740,#7741,
#7742,#7743,#7744,#7745,#7746,#7747,#7748,#7749,#7750,#7751,#7752,#7753,
#7754,#7755,#7756,#7757,#7758,#7759,#7760,#7761,#7762,#7763,#7764,#7765,
#7766,#7767,#7768,#7769,#7770,#7771,#7772,#7773,#7774,#7775,#7776,#7777,
#7778,#7779,#7780,#7781,#7782,#7783,#7784,#7785,#7786,#7787,#7788,#7789,
#7790,#7791,#7792,#7793,#7794,#7795,#7796,#7797,#7798,#7799,#7800,#7801,
#7802,#7803,#7804,#7805,#7806,#7807,#7808,#7809,#7810,#7811,#7812,#7813,
#7814,#7815,#7816,#7817,#7818,#7819,#7820,#7821,#7822,#7823,#7824,#7825,
#7826,#7827,#7828,#7829,#7830,#7831,#7832,#7833,#7834,#7835,#7836,#7837,
#7838,#7839,#7840,#7841,#7842,#7843,#7844,#7845,#7846,#7847,#7848,#7849,
#7850,#7851,#7852,#7853,#7854,#7855,#7856,#7857,#7858,#7859,#7860,#7861,
#7862,#7863,#7864,#7865,#7866,#7867,#7868,#7869,#7870,#7871,#7872,#7873,
#7874,#7875,#7876,#7877,#7878,#7879,#7880,#7881,#7882,#7883,#7884,#7885,
#7886,#7887,#7888,#7889,#7890,#7891,#7892,#7893,#7894,#7895,#7896,#7897,
#7898,#7899,#7900,#7901,#7902,#7903,#7904,#7905,#7906,#7907,#7908,#7909,
#7910,#7911,#7912,#7913,#7914,#7915,#7916,#7917,#7918,#7919,#7920,#7921,
#7922,#7923,#7924,#7925,#7926,#7927,#7928,#7929,#7930,#7931,#7932,#7933,
#7934,#7935,#7936,#7937,#7938,#7939,#7940,#7941,#7942,#7943,#7944,#7945,
#7946,#7947,#7948,#7949,#7950,#7951,#7952,#7953,#7954,#7955,#7956,#7957,
#7958,#7959,#7960,#7961,#7962,#7963,#7964,#7965,#7966,#7967,#7968,#7969,
#7970,#7971,#7972,#7973,#7974,#7975,#7976,#7977,#7978,#7979,#7980,#7981,
#7982,#7983,#7984,#7985,#7986,#7987,#7988,#7989,#7990,#7991,#7992,#7993,
#7994,#7995,#7996,#7997,#7998,#7999,#8000,#8001,#8002,#8003,#8004,#8005,
#8006,#8007,#8008,#8009,#8010,#8011,#8012,#8013,#8014,#8015,#8016,#8017,
#8018,#8019,#8020,#8021));
#8023=DERIVED_UNIT_ELEMENT(#8025,1.);
#8024=DERIVED_UNIT_ELEMENT(#13486,3.);
#8025=(
MASS_UNIT()
NAMED_UNIT(*)
SI_UNIT(.KILO.,.GRAM.)
);
#8026=DERIVED_UNIT((#8023,#8024));
#8027=MEASURE_REPRESENTATION_ITEM('density measure',
POSITIVE_RATIO_MEASURE(7850.),#8026);
#8028=PROPERTY_DEFINITION_REPRESENTATION(#8033,#8030);
#8029=PROPERTY_DEFINITION_REPRESENTATION(#8034,#8031);
#8030=REPRESENTATION('material name',(#8032),#13483);
#8031=REPRESENTATION('density',(#8027),#13483);
#8032=DESCRIPTIVE_REPRESENTATION_ITEM('Steel','Steel');
#8033=PROPERTY_DEFINITION('material property','material name',#13493);
#8034=PROPERTY_DEFINITION('material property','density of part',#13493);
#8035=AXIS2_PLACEMENT_3D('placement',#10224,#8443,#8444);
#8036=AXIS2_PLACEMENT_3D('',#10225,#8445,#8446);
#8037=AXIS2_PLACEMENT_3D('',#10227,#8447,#8448);
#8038=AXIS2_PLACEMENT_3D('',#10230,#8450,#8451);
#8039=AXIS2_PLACEMENT_3D('',#10231,#8452,#8453);
#8040=AXIS2_PLACEMENT_3D('',#10241,#8458,#8459);
#8041=AXIS2_PLACEMENT_3D('',#10243,#8460,#8461);
#8042=AXIS2_PLACEMENT_3D('',#10269,#8474,#8475);
#8043=AXIS2_PLACEMENT_3D('',#10270,#8476,#8477);
#8044=AXIS2_PLACEMENT_3D('',#10272,#8478,#8479);
#8045=AXIS2_PLACEMENT_3D('',#10274,#8481,#8482);
#8046=AXIS2_PLACEMENT_3D('',#10276,#8483,#8484);
#8047=AXIS2_PLACEMENT_3D('',#10279,#8486,#8487);
#8048=AXIS2_PLACEMENT_3D('',#10280,#8488,#8489);
#8049=AXIS2_PLACEMENT_3D('',#10283,#8491,#8492);
#8050=AXIS2_PLACEMENT_3D('',#10284,#8493,#8494);
#8051=AXIS2_PLACEMENT_3D('',#10293,#8499,#8500);
#8052=AXIS2_PLACEMENT_3D('',#10295,#8501,#8502);
#8053=AXIS2_PLACEMENT_3D('',#10298,#8504,#8505);
#8054=AXIS2_PLACEMENT_3D('',#10299,#8506,#8507);
#8055=AXIS2_PLACEMENT_3D('',#10302,#8509,#8510);
#8056=AXIS2_PLACEMENT_3D('',#10303,#8511,#8512);
#8057=AXIS2_PLACEMENT_3D('',#10312,#8517,#8518);
#8058=AXIS2_PLACEMENT_3D('',#10314,#8519,#8520);
#8059=AXIS2_PLACEMENT_3D('',#10317,#8522,#8523);
#8060=AXIS2_PLACEMENT_3D('',#10318,#8524,#8525);
#8061=AXIS2_PLACEMENT_3D('',#10321,#8527,#8528);
#8062=AXIS2_PLACEMENT_3D('',#10322,#8529,#8530);
#8063=AXIS2_PLACEMENT_3D('',#10331,#8535,#8536);
#8064=AXIS2_PLACEMENT_3D('',#10334,#8538,#8539);
#8065=AXIS2_PLACEMENT_3D('',#10335,#8540,#8541);
#8066=AXIS2_PLACEMENT_3D('',#10337,#8542,#8543);
#8067=AXIS2_PLACEMENT_3D('',#10339,#8545,#8546);
#8068=AXIS2_PLACEMENT_3D('',#10342,#8548,#8549);
#8069=AXIS2_PLACEMENT_3D('',#10343,#8550,#8551);
#8070=AXIS2_PLACEMENT_3D('',#10345,#8552,#8553);
#8071=AXIS2_PLACEMENT_3D('',#10347,#8555,#8556);
#8072=AXIS2_PLACEMENT_3D('',#10349,#8557,#8558);
#8073=AXIS2_PLACEMENT_3D('',#10352,#8560,#8561);
#8074=AXIS2_PLACEMENT_3D('',#10353,#8562,#8563);
#8075=AXIS2_PLACEMENT_3D('',#10356,#8565,#8566);
#8076=AXIS2_PLACEMENT_3D('',#10357,#8567,#8568);
#8077=AXIS2_PLACEMENT_3D('',#10366,#8573,#8574);
#8078=AXIS2_PLACEMENT_3D('',#10368,#8575,#8576);
#8079=AXIS2_PLACEMENT_3D('',#10371,#8578,#8579);
#8080=AXIS2_PLACEMENT_3D('',#10372,#8580,#8581);
#8081=AXIS2_PLACEMENT_3D('',#10375,#8583,#8584);
#8082=AXIS2_PLACEMENT_3D('',#10376,#8585,#8586);
#8083=AXIS2_PLACEMENT_3D('',#10385,#8591,#8592);
#8084=AXIS2_PLACEMENT_3D('',#10387,#8593,#8594);
#8085=AXIS2_PLACEMENT_3D('',#10390,#8596,#8597);
#8086=AXIS2_PLACEMENT_3D('',#10391,#8598,#8599);
#8087=AXIS2_PLACEMENT_3D('',#10394,#8601,#8602);
#8088=AXIS2_PLACEMENT_3D('',#10395,#8603,#8604);
#8089=AXIS2_PLACEMENT_3D('',#10404,#8609,#8610);
#8090=AXIS2_PLACEMENT_3D('',#10407,#8612,#8613);
#8091=AXIS2_PLACEMENT_3D('',#10408,#8614,#8615);
#8092=AXIS2_PLACEMENT_3D('',#10410,#8616,#8617);
#8093=AXIS2_PLACEMENT_3D('',#10412,#8619,#8620);
#8094=AXIS2_PLACEMENT_3D('',#10413,#8621,#8622);
#8095=AXIS2_PLACEMENT_3D('',#10414,#8623,#8624);
#8096=AXIS2_PLACEMENT_3D('',#10415,#8625,#8626);
#8097=AXIS2_PLACEMENT_3D('',#10741,#8642,#8643);
#8098=AXIS2_PLACEMENT_3D('',#11161,#8665,#8666);
#8099=AXIS2_PLACEMENT_3D('',#11187,#8670,#8671);
#8100=AXIS2_PLACEMENT_3D('',#11188,#8672,#8673);
#8101=AXIS2_PLACEMENT_3D('',#11197,#8678,#8679);
#8102=AXIS2_PLACEMENT_3D('',#11203,#8683,#8684);
#8103=AXIS2_PLACEMENT_3D('',#11209,#8688,#8689);
#8104=AXIS2_PLACEMENT_3D('',#11215,#8693,#8694);
#8105=AXIS2_PLACEMENT_3D('',#11221,#8698,#8699);
#8106=AXIS2_PLACEMENT_3D('',#11227,#8703,#8704);
#8107=AXIS2_PLACEMENT_3D('',#11230,#8707,#8708);
#8108=AXIS2_PLACEMENT_3D('',#11231,#8709,#8710);
#8109=AXIS2_PLACEMENT_3D('',#11240,#8715,#8716);
#8110=AXIS2_PLACEMENT_3D('',#11246,#8720,#8721);
#8111=AXIS2_PLACEMENT_3D('',#11252,#8725,#8726);
#8112=AXIS2_PLACEMENT_3D('',#11258,#8730,#8731);
#8113=AXIS2_PLACEMENT_3D('',#11264,#8735,#8736);
#8114=AXIS2_PLACEMENT_3D('',#11270,#8740,#8741);
#8115=AXIS2_PLACEMENT_3D('',#11273,#8744,#8745);
#8116=AXIS2_PLACEMENT_3D('',#11274,#8746,#8747);
#8117=AXIS2_PLACEMENT_3D('',#11329,#8754,#8755);
#8118=AXIS2_PLACEMENT_3D('',#11335,#8759,#8760);
#8119=AXIS2_PLACEMENT_3D('',#11341,#8764,#8765);
#8120=AXIS2_PLACEMENT_3D('',#11347,#8769,#8770);
#8121=AXIS2_PLACEMENT_3D('',#11353,#8774,#8775);
#8122=AXIS2_PLACEMENT_3D('',#11359,#8779,#8780);
#8123=AXIS2_PLACEMENT_3D('',#11411,#8786,#8787);
#8124=AXIS2_PLACEMENT_3D('',#11417,#8791,#8792);
#8125=AXIS2_PLACEMENT_3D('',#11423,#8796,#8797);
#8126=AXIS2_PLACEMENT_3D('',#11429,#8801,#8802);
#8127=AXIS2_PLACEMENT_3D('',#11435,#8806,#8807);
#8128=AXIS2_PLACEMENT_3D('',#11438,#8810,#8811);
#8129=AXIS2_PLACEMENT_3D('',#11439,#8812,#8813);
#8130=AXIS2_PLACEMENT_3D('',#11448,#8818,#8819);
#8131=AXIS2_PLACEMENT_3D('',#11454,#8823,#8824);
#8132=AXIS2_PLACEMENT_3D('',#11460,#8828,#8829);
#8133=AXIS2_PLACEMENT_3D('',#11466,#8833,#8834);
#8134=AXIS2_PLACEMENT_3D('',#11472,#8838,#8839);
#8135=AXIS2_PLACEMENT_3D('',#11478,#8843,#8844);
#8136=AXIS2_PLACEMENT_3D('',#11484,#8848,#8849);
#8137=AXIS2_PLACEMENT_3D('',#11490,#8853,#8854);
#8138=AXIS2_PLACEMENT_3D('',#11542,#8860,#8861);
#8139=AXIS2_PLACEMENT_3D('',#11548,#8865,#8866);
#8140=AXIS2_PLACEMENT_3D('',#11554,#8870,#8871);
#8141=AXIS2_PLACEMENT_3D('',#11560,#8875,#8876);
#8142=AXIS2_PLACEMENT_3D('',#11563,#8879,#8880);
#8143=AXIS2_PLACEMENT_3D('',#11564,#8881,#8882);
#8144=AXIS2_PLACEMENT_3D('',#11573,#8887,#8888);
#8145=AXIS2_PLACEMENT_3D('',#11579,#8892,#8893);
#8146=AXIS2_PLACEMENT_3D('',#11585,#8897,#8898);
#8147=AXIS2_PLACEMENT_3D('',#11591,#8902,#8903);
#8148=AXIS2_PLACEMENT_3D('',#11597,#8907,#8908);
#8149=AXIS2_PLACEMENT_3D('',#11603,#8912,#8913);
#8150=AXIS2_PLACEMENT_3D('',#11609,#8917,#8918);
#8151=AXIS2_PLACEMENT_3D('',#11615,#8922,#8923);
#8152=AXIS2_PLACEMENT_3D('',#11621,#8927,#8928);
#8153=AXIS2_PLACEMENT_3D('',#11627,#8932,#8933);
#8154=AXIS2_PLACEMENT_3D('',#11633,#8937,#8938);
#8155=AXIS2_PLACEMENT_3D('',#11636,#8941,#8942);
#8156=AXIS2_PLACEMENT_3D('',#11637,#8943,#8944);
#8157=AXIS2_PLACEMENT_3D('',#11761,#8954,#8955);
#8158=AXIS2_PLACEMENT_3D('',#11767,#8959,#8960);
#8159=AXIS2_PLACEMENT_3D('',#11770,#8963,#8964);
#8160=AXIS2_PLACEMENT_3D('',#11779,#8969,#8970);
#8161=AXIS2_PLACEMENT_3D('',#11877,#8978,#8979);
#8162=AXIS2_PLACEMENT_3D('',#11883,#8983,#8984);
#8163=AXIS2_PLACEMENT_3D('',#11889,#8988,#8989);
#8164=AXIS2_PLACEMENT_3D('',#12056,#9000,#9001);
#8165=AXIS2_PLACEMENT_3D('',#12062,#9005,#9006);
#8166=AXIS2_PLACEMENT_3D('',#12068,#9010,#9011);
#8167=AXIS2_PLACEMENT_3D('',#12071,#9014,#9015);
#8168=AXIS2_PLACEMENT_3D('',#12072,#9016,#9017);
#8169=AXIS2_PLACEMENT_3D('',#12081,#9022,#9023);
#8170=AXIS2_PLACEMENT_3D('',#12087,#9027,#9028);
#8171=AXIS2_PLACEMENT_3D('',#12093,#9032,#9033);
#8172=AXIS2_PLACEMENT_3D('',#12099,#9037,#9038);
#8173=AXIS2_PLACEMENT_3D('',#12105,#9042,#9043);
#8174=AXIS2_PLACEMENT_3D('',#12111,#9047,#9048);
#8175=AXIS2_PLACEMENT_3D('',#12114,#9051,#9052);
#8176=AXIS2_PLACEMENT_3D('',#12115,#9053,#9054);
#8177=AXIS2_PLACEMENT_3D('',#12124,#9059,#9060);
#8178=AXIS2_PLACEMENT_3D('',#12130,#9064,#9065);
#8179=AXIS2_PLACEMENT_3D('',#12136,#9069,#9070);
#8180=AXIS2_PLACEMENT_3D('',#12142,#9074,#9075);
#8181=AXIS2_PLACEMENT_3D('',#12148,#9079,#9080);
#8182=AXIS2_PLACEMENT_3D('',#12154,#9084,#9085);
#8183=AXIS2_PLACEMENT_3D('',#12157,#9088,#9089);
#8184=AXIS2_PLACEMENT_3D('',#12158,#9090,#9091);
#8185=AXIS2_PLACEMENT_3D('',#12167,#9096,#9097);
#8186=AXIS2_PLACEMENT_3D('',#12173,#9101,#9102);
#8187=AXIS2_PLACEMENT_3D('',#12179,#9106,#9107);
#8188=AXIS2_PLACEMENT_3D('',#12185,#9111,#9112);
#8189=AXIS2_PLACEMENT_3D('',#12191,#9116,#9117);
#8190=AXIS2_PLACEMENT_3D('',#12197,#9121,#9122);
#8191=AXIS2_PLACEMENT_3D('',#12203,#9126,#9127);
#8192=AXIS2_PLACEMENT_3D('',#12209,#9131,#9132);
#8193=AXIS2_PLACEMENT_3D('',#12261,#9138,#9139);
#8194=AXIS2_PLACEMENT_3D('',#12267,#9143,#9144);
#8195=AXIS2_PLACEMENT_3D('',#12273,#9148,#9149);
#8196=AXIS2_PLACEMENT_3D('',#12279,#9153,#9154);
#8197=AXIS2_PLACEMENT_3D('',#12282,#9157,#9158);
#8198=AXIS2_PLACEMENT_3D('',#12283,#9159,#9160);
#8199=AXIS2_PLACEMENT_3D('',#12292,#9165,#9166);
#8200=AXIS2_PLACEMENT_3D('',#12298,#9170,#9171);
#8201=AXIS2_PLACEMENT_3D('',#12304,#9175,#9176);
#8202=AXIS2_PLACEMENT_3D('',#12307,#9179,#9180);
#8203=AXIS2_PLACEMENT_3D('',#12308,#9181,#9182);
#8204=AXIS2_PLACEMENT_3D('',#12326,#9191,#9192);
#8205=AXIS2_PLACEMENT_3D('',#12328,#9193,#9194);
#8206=AXIS2_PLACEMENT_3D('',#12330,#9195,#9196);
#8207=AXIS2_PLACEMENT_3D('',#12332,#9197,#9198);
#8208=AXIS2_PLACEMENT_3D('',#12334,#9199,#9200);
#8209=AXIS2_PLACEMENT_3D('',#12336,#9201,#9202);
#8210=AXIS2_PLACEMENT_3D('',#12338,#9203,#9204);
#8211=AXIS2_PLACEMENT_3D('',#12595,#9333,#9334);
#8212=AXIS2_PLACEMENT_3D('',#12604,#9339,#9340);
#8213=AXIS2_PLACEMENT_3D('',#12610,#9344,#9345);
#8214=AXIS2_PLACEMENT_3D('',#12616,#9349,#9350);
#8215=AXIS2_PLACEMENT_3D('',#12619,#9353,#9354);
#8216=AXIS2_PLACEMENT_3D('',#12620,#9355,#9356);
#8217=AXIS2_PLACEMENT_3D('',#12629,#9361,#9362);
#8218=AXIS2_PLACEMENT_3D('',#12635,#9366,#9367);
#8219=AXIS2_PLACEMENT_3D('',#12641,#9371,#9372);
#8220=AXIS2_PLACEMENT_3D('',#12644,#9375,#9376);
#8221=AXIS2_PLACEMENT_3D('',#12645,#9377,#9378);
#8222=AXIS2_PLACEMENT_3D('',#12654,#9383,#9384);
#8223=AXIS2_PLACEMENT_3D('',#12660,#9388,#9389);
#8224=AXIS2_PLACEMENT_3D('',#12666,#9393,#9394);
#8225=AXIS2_PLACEMENT_3D('',#12669,#9397,#9398);
#8226=AXIS2_PLACEMENT_3D('',#12670,#9399,#9400);
#8227=AXIS2_PLACEMENT_3D('',#12679,#9405,#9406);
#8228=AXIS2_PLACEMENT_3D('',#12685,#9410,#9411);
#8229=AXIS2_PLACEMENT_3D('',#12691,#9415,#9416);
#8230=AXIS2_PLACEMENT_3D('',#12694,#9419,#9420);
#8231=AXIS2_PLACEMENT_3D('',#12695,#9421,#9422);
#8232=AXIS2_PLACEMENT_3D('',#12704,#9427,#9428);
#8233=AXIS2_PLACEMENT_3D('',#12710,#9432,#9433);
#8234=AXIS2_PLACEMENT_3D('',#12716,#9437,#9438);
#8235=AXIS2_PLACEMENT_3D('',#12719,#9441,#9442);
#8236=AXIS2_PLACEMENT_3D('',#12720,#9443,#9444);
#8237=AXIS2_PLACEMENT_3D('',#12729,#9449,#9450);
#8238=AXIS2_PLACEMENT_3D('',#12735,#9454,#9455);
#8239=AXIS2_PLACEMENT_3D('',#12741,#9459,#9460);
#8240=AXIS2_PLACEMENT_3D('',#12744,#9463,#9464);
#8241=AXIS2_PLACEMENT_3D('',#12745,#9465,#9466);
#8242=AXIS2_PLACEMENT_3D('',#12751,#9470,#9471);
#8243=AXIS2_PLACEMENT_3D('',#12755,#9474,#9475);
#8244=AXIS2_PLACEMENT_3D('',#12759,#9478,#9479);
#8245=AXIS2_PLACEMENT_3D('',#12761,#9481,#9482);
#8246=AXIS2_PLACEMENT_3D('',#12767,#9486,#9487);
#8247=AXIS2_PLACEMENT_3D('',#12771,#9490,#9491);
#8248=AXIS2_PLACEMENT_3D('',#12772,#9492,#9493);
#8249=AXIS2_PLACEMENT_3D('',#12775,#9495,#9496);
#8250=AXIS2_PLACEMENT_3D('',#12776,#9497,#9498);
#8251=AXIS2_PLACEMENT_3D('',#12779,#9500,#9501);
#8252=AXIS2_PLACEMENT_3D('',#12780,#9502,#9503);
#8253=AXIS2_PLACEMENT_3D('',#12783,#9505,#9506);
#8254=AXIS2_PLACEMENT_3D('',#12784,#9507,#9508);
#8255=AXIS2_PLACEMENT_3D('',#12787,#9510,#9511);
#8256=AXIS2_PLACEMENT_3D('',#12788,#9512,#9513);
#8257=AXIS2_PLACEMENT_3D('',#12789,#9514,#9515);
#8258=AXIS2_PLACEMENT_3D('',#12792,#9517,#9518);
#8259=AXIS2_PLACEMENT_3D('',#12793,#9519,#9520);
#8260=AXIS2_PLACEMENT_3D('',#12794,#9521,#9522);
#8261=AXIS2_PLACEMENT_3D('',#12797,#9524,#9525);
#8262=AXIS2_PLACEMENT_3D('',#12798,#9526,#9527);
#8263=AXIS2_PLACEMENT_3D('',#12799,#9528,#9529);
#8264=AXIS2_PLACEMENT_3D('',#12802,#9531,#9532);
#8265=AXIS2_PLACEMENT_3D('',#12803,#9533,#9534);
#8266=AXIS2_PLACEMENT_3D('',#12804,#9535,#9536);
#8267=AXIS2_PLACEMENT_3D('',#12810,#9540,#9541);
#8268=AXIS2_PLACEMENT_3D('',#12814,#9544,#9545);
#8269=AXIS2_PLACEMENT_3D('',#12818,#9548,#9549);
#8270=AXIS2_PLACEMENT_3D('',#12820,#9551,#9552);
#8271=AXIS2_PLACEMENT_3D('',#13016,#9651,#9652);
#8272=AXIS2_PLACEMENT_3D('',#13019,#9655,#9656);
#8273=AXIS2_PLACEMENT_3D('',#13021,#9658,#9659);
#8274=AXIS2_PLACEMENT_3D('',#13023,#9661,#9662);
#8275=AXIS2_PLACEMENT_3D('',#13024,#9663,#9664);
#8276=AXIS2_PLACEMENT_3D('',#13025,#9665,#9666);
#8277=AXIS2_PLACEMENT_3D('',#13028,#9669,#9670);
#8278=AXIS2_PLACEMENT_3D('',#13030,#9672,#9673);
#8279=AXIS2_PLACEMENT_3D('',#13032,#9675,#9676);
#8280=AXIS2_PLACEMENT_3D('',#13033,#9677,#9678);
#8281=AXIS2_PLACEMENT_3D('',#13034,#9679,#9680);
#8282=AXIS2_PLACEMENT_3D('',#13037,#9683,#9684);
#8283=AXIS2_PLACEMENT_3D('',#13039,#9686,#9687);
#8284=AXIS2_PLACEMENT_3D('',#13041,#9689,#9690);
#8285=AXIS2_PLACEMENT_3D('',#13042,#9691,#9692);
#8286=AXIS2_PLACEMENT_3D('',#13043,#9693,#9694);
#8287=AXIS2_PLACEMENT_3D('',#13046,#9697,#9698);
#8288=AXIS2_PLACEMENT_3D('',#13048,#9700,#9701);
#8289=AXIS2_PLACEMENT_3D('',#13050,#9703,#9704);
#8290=AXIS2_PLACEMENT_3D('',#13051,#9705,#9706);
#8291=AXIS2_PLACEMENT_3D('',#13052,#9707,#9708);
#8292=AXIS2_PLACEMENT_3D('',#13055,#9711,#9712);
#8293=AXIS2_PLACEMENT_3D('',#13057,#9714,#9715);
#8294=AXIS2_PLACEMENT_3D('',#13059,#9717,#9718);
#8295=AXIS2_PLACEMENT_3D('',#13060,#9719,#9720);
#8296=AXIS2_PLACEMENT_3D('',#13061,#9721,#9722);
#8297=AXIS2_PLACEMENT_3D('',#13070,#9727,#9728);
#8298=AXIS2_PLACEMENT_3D('',#13079,#9733,#9734);
#8299=AXIS2_PLACEMENT_3D('',#13088,#9739,#9740);
#8300=AXIS2_PLACEMENT_3D('',#13097,#9745,#9746);
#8301=AXIS2_PLACEMENT_3D('',#13106,#9751,#9752);
#8302=AXIS2_PLACEMENT_3D('',#13115,#9757,#9758);
#8303=AXIS2_PLACEMENT_3D('',#13124,#9763,#9764);
#8304=AXIS2_PLACEMENT_3D('',#13133,#9769,#9770);
#8305=AXIS2_PLACEMENT_3D('',#13136,#9773,#9774);
#8306=AXIS2_PLACEMENT_3D('',#13139,#9777,#9778);
#8307=AXIS2_PLACEMENT_3D('',#13142,#9781,#9782);
#8308=AXIS2_PLACEMENT_3D('',#13145,#9785,#9786);
#8309=AXIS2_PLACEMENT_3D('',#13148,#9789,#9790);
#8310=AXIS2_PLACEMENT_3D('',#13151,#9793,#9794);
#8311=AXIS2_PLACEMENT_3D('',#13154,#9797,#9798);
#8312=AXIS2_PLACEMENT_3D('',#13157,#9801,#9802);
#8313=AXIS2_PLACEMENT_3D('',#13158,#9803,#9804);
#8314=AXIS2_PLACEMENT_3D('',#13167,#9809,#9810);
#8315=AXIS2_PLACEMENT_3D('',#13176,#9815,#9816);
#8316=AXIS2_PLACEMENT_3D('',#13185,#9821,#9822);
#8317=AXIS2_PLACEMENT_3D('',#13194,#9827,#9828);
#8318=AXIS2_PLACEMENT_3D('',#13203,#9833,#9834);
#8319=AXIS2_PLACEMENT_3D('',#13212,#9839,#9840);
#8320=AXIS2_PLACEMENT_3D('',#13221,#9845,#9846);
#8321=AXIS2_PLACEMENT_3D('',#13230,#9851,#9852);
#8322=AXIS2_PLACEMENT_3D('',#13233,#9855,#9856);
#8323=AXIS2_PLACEMENT_3D('',#13235,#9858,#9859);
#8324=AXIS2_PLACEMENT_3D('',#13238,#9862,#9863);
#8325=AXIS2_PLACEMENT_3D('',#13240,#9865,#9866);
#8326=AXIS2_PLACEMENT_3D('',#13242,#9868,#9869);
#8327=AXIS2_PLACEMENT_3D('',#13244,#9871,#9872);
#8328=AXIS2_PLACEMENT_3D('',#13246,#9874,#9875);
#8329=AXIS2_PLACEMENT_3D('',#13248,#9877,#9878);
#8330=AXIS2_PLACEMENT_3D('',#13250,#9880,#9881);
#8331=AXIS2_PLACEMENT_3D('',#13252,#9883,#9884);
#8332=AXIS2_PLACEMENT_3D('',#13254,#9886,#9887);
#8333=AXIS2_PLACEMENT_3D('',#13256,#9889,#9890);
#8334=AXIS2_PLACEMENT_3D('',#13257,#9891,#9892);
#8335=AXIS2_PLACEMENT_3D('',#13260,#9895,#9896);
#8336=AXIS2_PLACEMENT_3D('',#13262,#9898,#9899);
#8337=AXIS2_PLACEMENT_3D('',#13265,#9902,#9903);
#8338=AXIS2_PLACEMENT_3D('',#13268,#9906,#9907);
#8339=AXIS2_PLACEMENT_3D('',#13270,#9909,#9910);
#8340=AXIS2_PLACEMENT_3D('',#13272,#9912,#9913);
#8341=AXIS2_PLACEMENT_3D('',#13273,#9914,#9915);
#8342=AXIS2_PLACEMENT_3D('',#13275,#9917,#9918);
#8343=AXIS2_PLACEMENT_3D('',#13277,#9920,#9921);
#8344=AXIS2_PLACEMENT_3D('',#13279,#9923,#9924);
#8345=AXIS2_PLACEMENT_3D('',#13281,#9926,#9927);
#8346=AXIS2_PLACEMENT_3D('',#13283,#9929,#9930);
#8347=AXIS2_PLACEMENT_3D('',#13284,#9931,#9932);
#8348=AXIS2_PLACEMENT_3D('',#13287,#9935,#9936);
#8349=AXIS2_PLACEMENT_3D('',#13290,#9939,#9940);
#8350=AXIS2_PLACEMENT_3D('',#13292,#9942,#9943);
#8351=AXIS2_PLACEMENT_3D('',#13294,#9945,#9946);
#8352=AXIS2_PLACEMENT_3D('',#13296,#9948,#9949);
#8353=AXIS2_PLACEMENT_3D('',#13298,#9951,#9952);
#8354=AXIS2_PLACEMENT_3D('',#13300,#9954,#9955);
#8355=AXIS2_PLACEMENT_3D('',#13302,#9957,#9958);
#8356=AXIS2_PLACEMENT_3D('',#13304,#9960,#9961);
#8357=AXIS2_PLACEMENT_3D('',#13306,#9963,#9964);
#8358=AXIS2_PLACEMENT_3D('',#13308,#9966,#9967);
#8359=AXIS2_PLACEMENT_3D('',#13310,#9969,#9970);
#8360=AXIS2_PLACEMENT_3D('',#13311,#9971,#9972);
#8361=AXIS2_PLACEMENT_3D('',#13314,#9975,#9976);
#8362=AXIS2_PLACEMENT_3D('',#13316,#9978,#9979);
#8363=AXIS2_PLACEMENT_3D('',#13319,#9982,#9983);
#8364=AXIS2_PLACEMENT_3D('',#13323,#9987,#9988);
#8365=AXIS2_PLACEMENT_3D('',#13325,#9990,#9991);
#8366=AXIS2_PLACEMENT_3D('',#13327,#9993,#9994);
#8367=AXIS2_PLACEMENT_3D('',#13328,#9995,#9996);
#8368=AXIS2_PLACEMENT_3D('',#13329,#9997,#9998);
#8369=AXIS2_PLACEMENT_3D('',#13331,#10000,#10001);
#8370=AXIS2_PLACEMENT_3D('',#13333,#10003,#10004);
#8371=AXIS2_PLACEMENT_3D('',#13335,#10006,#10007);
#8372=AXIS2_PLACEMENT_3D('',#13337,#10009,#10010);
#8373=AXIS2_PLACEMENT_3D('',#13338,#10011,#10012);
#8374=AXIS2_PLACEMENT_3D('',#13341,#10015,#10016);
#8375=AXIS2_PLACEMENT_3D('',#13343,#10018,#10019);
#8376=AXIS2_PLACEMENT_3D('',#13346,#10022,#10023);
#8377=AXIS2_PLACEMENT_3D('',#13350,#10027,#10028);
#8378=AXIS2_PLACEMENT_3D('',#13352,#10030,#10031);
#8379=AXIS2_PLACEMENT_3D('',#13354,#10033,#10034);
#8380=AXIS2_PLACEMENT_3D('',#13355,#10035,#10036);
#8381=AXIS2_PLACEMENT_3D('',#13356,#10037,#10038);
#8382=AXIS2_PLACEMENT_3D('',#13358,#10040,#10041);
#8383=AXIS2_PLACEMENT_3D('',#13360,#10043,#10044);
#8384=AXIS2_PLACEMENT_3D('',#13362,#10046,#10047);
#8385=AXIS2_PLACEMENT_3D('',#13364,#10049,#10050);
#8386=AXIS2_PLACEMENT_3D('',#13365,#10051,#10052);
#8387=AXIS2_PLACEMENT_3D('',#13368,#10055,#10056);
#8388=AXIS2_PLACEMENT_3D('',#13371,#10059,#10060);
#8389=AXIS2_PLACEMENT_3D('',#13373,#10062,#10063);
#8390=AXIS2_PLACEMENT_3D('',#13375,#10065,#10066);
#8391=AXIS2_PLACEMENT_3D('',#13377,#10068,#10069);
#8392=AXIS2_PLACEMENT_3D('',#13379,#10071,#10072);
#8393=AXIS2_PLACEMENT_3D('',#13381,#10074,#10075);
#8394=AXIS2_PLACEMENT_3D('',#13383,#10077,#10078);
#8395=AXIS2_PLACEMENT_3D('',#13385,#10080,#10081);
#8396=AXIS2_PLACEMENT_3D('',#13387,#10083,#10084);
#8397=AXIS2_PLACEMENT_3D('',#13389,#10086,#10087);
#8398=AXIS2_PLACEMENT_3D('',#13391,#10089,#10090);
#8399=AXIS2_PLACEMENT_3D('',#13392,#10091,#10092);
#8400=AXIS2_PLACEMENT_3D('',#13395,#10095,#10096);
#8401=AXIS2_PLACEMENT_3D('',#13398,#10099,#10100);
#8402=AXIS2_PLACEMENT_3D('',#13400,#10102,#10103);
#8403=AXIS2_PLACEMENT_3D('',#13402,#10105,#10106);
#8404=AXIS2_PLACEMENT_3D('',#13404,#10108,#10109);
#8405=AXIS2_PLACEMENT_3D('',#13406,#10111,#10112);
#8406=AXIS2_PLACEMENT_3D('',#13408,#10114,#10115);
#8407=AXIS2_PLACEMENT_3D('',#13410,#10117,#10118);
#8408=AXIS2_PLACEMENT_3D('',#13412,#10120,#10121);
#8409=AXIS2_PLACEMENT_3D('',#13414,#10123,#10124);
#8410=AXIS2_PLACEMENT_3D('',#13416,#10126,#10127);
#8411=AXIS2_PLACEMENT_3D('',#13418,#10129,#10130);
#8412=AXIS2_PLACEMENT_3D('',#13419,#10131,#10132);
#8413=AXIS2_PLACEMENT_3D('',#13422,#10135,#10136);
#8414=AXIS2_PLACEMENT_3D('',#13424,#10138,#10139);
#8415=AXIS2_PLACEMENT_3D('',#13427,#10142,#10143);
#8416=AXIS2_PLACEMENT_3D('',#13429,#10145,#10146);
#8417=AXIS2_PLACEMENT_3D('',#13431,#10148,#10149);
#8418=AXIS2_PLACEMENT_3D('',#13433,#10151,#10152);
#8419=AXIS2_PLACEMENT_3D('',#13435,#10154,#10155);
#8420=AXIS2_PLACEMENT_3D('',#13437,#10157,#10158);
#8421=AXIS2_PLACEMENT_3D('',#13439,#10160,#10161);
#8422=AXIS2_PLACEMENT_3D('',#13441,#10163,#10164);
#8423=AXIS2_PLACEMENT_3D('',#13443,#10166,#10167);
#8424=AXIS2_PLACEMENT_3D('',#13445,#10169,#10170);
#8425=AXIS2_PLACEMENT_3D('',#13446,#10171,#10172);
#8426=AXIS2_PLACEMENT_3D('',#13448,#10174,#10175);
#8427=AXIS2_PLACEMENT_3D('',#13449,#10176,#10177);
#8428=AXIS2_PLACEMENT_3D('',#13452,#10180,#10181);
#8429=AXIS2_PLACEMENT_3D('',#13454,#10183,#10184);
#8430=AXIS2_PLACEMENT_3D('',#13457,#10187,#10188);
#8431=AXIS2_PLACEMENT_3D('',#13459,#10190,#10191);
#8432=AXIS2_PLACEMENT_3D('',#13462,#10194,#10195);
#8433=AXIS2_PLACEMENT_3D('',#13464,#10197,#10198);
#8434=AXIS2_PLACEMENT_3D('',#13466,#10200,#10201);
#8435=AXIS2_PLACEMENT_3D('',#13469,#10204,#10205);
#8436=AXIS2_PLACEMENT_3D('',#13470,#10206,#10207);
#8437=AXIS2_PLACEMENT_3D('',#13473,#10210,#10211);
#8438=AXIS2_PLACEMENT_3D('',#13476,#10214,#10215);
#8439=AXIS2_PLACEMENT_3D('',#13477,#10216,#10217);
#8440=AXIS2_PLACEMENT_3D('',#13478,#10218,#10219);
#8441=AXIS2_PLACEMENT_3D('',#13479,#10220,#10221);
#8442=AXIS2_PLACEMENT_3D('',#13480,#10222,#10223);
#8443=DIRECTION('axis',(0.,0.,1.));
#8444=DIRECTION('refdir',(1.,0.,0.));
#8445=DIRECTION('center_axis',(0.,1.,0.));
#8446=DIRECTION('ref_axis',(1.,0.,0.));
#8447=DIRECTION('center_axis',(0.,1.,0.));
#8448=DIRECTION('ref_axis',(1.,0.,0.));
#8449=DIRECTION('',(0.707106781186547,-0.707106781186547,-8.65956056235493E-17));
#8450=DIRECTION('center_axis',(0.,-1.,0.));
#8451=DIRECTION('ref_axis',(1.,0.,0.));
#8452=DIRECTION('center_axis',(0.,1.,0.));
#8453=DIRECTION('ref_axis',(-1.,0.,0.));
#8454=DIRECTION('',(-1.,0.,0.));
#8455=DIRECTION('',(0.,0.,1.));
#8456=DIRECTION('',(-1.,0.,0.));
#8457=DIRECTION('',(0.,0.,1.));
#8458=DIRECTION('center_axis',(0.,1.,0.));
#8459=DIRECTION('ref_axis',(1.,0.,0.));
#8460=DIRECTION('center_axis',(0.,1.,0.));
#8461=DIRECTION('ref_axis',(1.,0.,0.));
#8462=DIRECTION('',(0.,0.,-1.));
#8463=DIRECTION('',(1.,0.,0.));
#8464=DIRECTION('',(0.,0.,1.));
#8465=DIRECTION('',(-1.,0.,0.));
#8466=DIRECTION('',(0.,0.,1.));
#8467=DIRECTION('',(-1.,0.,0.));
#8468=DIRECTION('',(0.,0.,1.));
#8469=DIRECTION('',(-1.,0.,0.));
#8470=DIRECTION('',(0.,0.,1.));
#8471=DIRECTION('',(1.,0.,0.));
#8472=DIRECTION('',(0.,0.,-1.));
#8473=DIRECTION('',(1.,0.,0.));
#8474=DIRECTION('center_axis',(0.,1.,0.));
#8475=DIRECTION('ref_axis',(1.,0.,0.));
#8476=DIRECTION('center_axis',(0.,1.,0.));
#8477=DIRECTION('ref_axis',(1.,0.,0.));
#8478=DIRECTION('center_axis',(0.,-1.,0.));
#8479=DIRECTION('ref_axis',(1.,0.,0.));
#8480=DIRECTION('',(0.,1.,0.));
#8481=DIRECTION('center_axis',(0.,1.,0.));
#8482=DIRECTION('ref_axis',(1.,5.99058335775718E-17,0.));
#8483=DIRECTION('center_axis',(-1.05140850768799E-16,1.,0.));
#8484=DIRECTION('ref_axis',(1.,1.05140850768799E-16,0.));
#8485=DIRECTION('',(0.70710678118655,-0.707106781186545,-8.65956056235497E-17));
#8486=DIRECTION('center_axis',(1.05140850768799E-16,-1.,0.));
#8487=DIRECTION('ref_axis',(1.,0.,0.));
#8488=DIRECTION('center_axis',(0.,1.,0.));
#8489=DIRECTION('ref_axis',(1.,0.,0.));
#8490=DIRECTION('',(0.,-1.,0.));
#8491=DIRECTION('center_axis',(-1.05140850768799E-16,1.,0.));
#8492=DIRECTION('ref_axis',(1.,0.,0.));
#8493=DIRECTION('center_axis',(-1.05140850768799E-16,1.,0.));
#8494=DIRECTION('ref_axis',(0.,0.,1.));
#8495=DIRECTION('',(1.,1.05140850768799E-16,0.));
#8496=DIRECTION('',(0.,0.,-1.));
#8497=DIRECTION('',(-1.,-1.05140850768799E-16,0.));
#8498=DIRECTION('',(0.,0.,1.));
#8499=DIRECTION('center_axis',(0.,1.,0.));
#8500=DIRECTION('ref_axis',(1.,5.99058335775718E-17,0.));
#8501=DIRECTION('center_axis',(-1.05140850768799E-16,1.,0.));
#8502=DIRECTION('ref_axis',(1.,1.05140850768799E-16,0.));
#8503=DIRECTION('',(0.70710678118655,-0.707106781186545,-8.65956056235497E-17));
#8504=DIRECTION('center_axis',(1.05140850768799E-16,-1.,0.));
#8505=DIRECTION('ref_axis',(1.,0.,0.));
#8506=DIRECTION('center_axis',(0.,1.,0.));
#8507=DIRECTION('ref_axis',(1.,0.,0.));
#8508=DIRECTION('',(0.,-1.,0.));
#8509=DIRECTION('center_axis',(-1.05140850768799E-16,1.,0.));
#8510=DIRECTION('ref_axis',(1.,0.,0.));
#8511=DIRECTION('center_axis',(-1.05140850768799E-16,1.,0.));
#8512=DIRECTION('ref_axis',(0.,0.,1.));
#8513=DIRECTION('',(-1.,-1.05140850768799E-16,0.));
#8514=DIRECTION('',(0.,0.,1.));
#8515=DIRECTION('',(1.,1.05140850768799E-16,0.));
#8516=DIRECTION('',(0.,0.,-1.));
#8517=DIRECTION('center_axis',(0.,1.,0.));
#8518=DIRECTION('ref_axis',(1.,5.99058335775718E-17,0.));
#8519=DIRECTION('center_axis',(-1.05140850768799E-16,1.,0.));
#8520=DIRECTION('ref_axis',(1.,1.05140850768799E-16,0.));
#8521=DIRECTION('',(0.70710678118655,-0.707106781186545,-8.65956056235497E-17));
#8522=DIRECTION('center_axis',(1.05140850768799E-16,-1.,0.));
#8523=DIRECTION('ref_axis',(1.,0.,0.));
#8524=DIRECTION('center_axis',(0.,1.,0.));
#8525=DIRECTION('ref_axis',(1.,0.,0.));
#8526=DIRECTION('',(0.,-1.,0.));
#8527=DIRECTION('center_axis',(-1.05140850768799E-16,1.,0.));
#8528=DIRECTION('ref_axis',(1.,0.,0.));
#8529=DIRECTION('center_axis',(-1.05140850768799E-16,1.,0.));
#8530=DIRECTION('ref_axis',(0.,0.,1.));
#8531=DIRECTION('',(0.,0.,1.));
#8532=DIRECTION('',(1.,1.05140850768799E-16,0.));
#8533=DIRECTION('',(0.,0.,-1.));
#8534=DIRECTION('',(-1.,-1.05140850768799E-16,0.));
#8535=DIRECTION('center_axis',(0.,1.,0.));
#8536=DIRECTION('ref_axis',(1.,0.,0.));
#8537=DIRECTION('',(0.707106781186547,-0.707106781186547,-8.65956056235493E-17));
#8538=DIRECTION('center_axis',(0.,-1.,0.));
#8539=DIRECTION('ref_axis',(1.,0.,0.));
#8540=DIRECTION('center_axis',(0.,1.,0.));
#8541=DIRECTION('ref_axis',(1.,0.,0.));
#8542=DIRECTION('center_axis',(0.,-1.,0.));
#8543=DIRECTION('ref_axis',(1.,0.,0.));
#8544=DIRECTION('',(0.,1.,0.));
#8545=DIRECTION('center_axis',(0.,1.,0.));
#8546=DIRECTION('ref_axis',(1.,0.,0.));
#8547=DIRECTION('',(0.707106781186545,-0.70710678118655,-8.6595605623549E-17));
#8548=DIRECTION('center_axis',(0.,-1.,0.));
#8549=DIRECTION('ref_axis',(1.,0.,0.));
#8550=DIRECTION('center_axis',(0.,1.,0.));
#8551=DIRECTION('ref_axis',(1.,0.,0.));
#8552=DIRECTION('center_axis',(0.,-1.,0.));
#8553=DIRECTION('ref_axis',(1.,0.,0.));
#8554=DIRECTION('',(0.,1.,0.));
#8555=DIRECTION('center_axis',(0.,1.,0.));
#8556=DIRECTION('ref_axis',(1.,5.99058335775718E-17,0.));
#8557=DIRECTION('center_axis',(-1.05140850768799E-16,1.,0.));
#8558=DIRECTION('ref_axis',(1.,1.05140850768799E-16,0.));
#8559=DIRECTION('',(0.707106781186542,-0.707106781186553,-8.65956056235487E-17));
#8560=DIRECTION('center_axis',(1.05140850768799E-16,-1.,0.));
#8561=DIRECTION('ref_axis',(1.,0.,0.));
#8562=DIRECTION('center_axis',(0.,1.,0.));
#8563=DIRECTION('ref_axis',(1.,0.,0.));
#8564=DIRECTION('',(0.,-1.,0.));
#8565=DIRECTION('center_axis',(-1.05140850768799E-16,1.,0.));
#8566=DIRECTION('ref_axis',(1.,0.,0.));
#8567=DIRECTION('center_axis',(-1.05140850768799E-16,1.,0.));
#8568=DIRECTION('ref_axis',(0.,0.,1.));
#8569=DIRECTION('',(-9.34924652315921E-17,-9.829877334922E-33,-1.));
#8570=DIRECTION('',(-1.,-1.05140850768799E-16,0.));
#8571=DIRECTION('',(0.,0.,1.));
#8572=DIRECTION('',(1.,1.05140850768799E-16,0.));
#8573=DIRECTION('center_axis',(0.,1.,0.));
#8574=DIRECTION('ref_axis',(1.,5.99058335775718E-17,0.));
#8575=DIRECTION('center_axis',(-1.05140850768799E-16,1.,0.));
#8576=DIRECTION('ref_axis',(1.,1.05140850768799E-16,0.));
#8577=DIRECTION('',(0.707106781186542,-0.707106781186553,-8.65956056235487E-17));
#8578=DIRECTION('center_axis',(1.05140850768799E-16,-1.,0.));
#8579=DIRECTION('ref_axis',(1.,0.,0.));
#8580=DIRECTION('center_axis',(0.,1.,0.));
#8581=DIRECTION('ref_axis',(1.,0.,0.));
#8582=DIRECTION('',(0.,-1.,0.));
#8583=DIRECTION('center_axis',(-1.05140850768799E-16,1.,0.));
#8584=DIRECTION('ref_axis',(1.,0.,0.));
#8585=DIRECTION('center_axis',(-1.05140850768799E-16,1.,0.));
#8586=DIRECTION('ref_axis',(0.,0.,1.));
#8587=DIRECTION('',(-9.34924652315921E-17,-9.829877334922E-33,-1.));
#8588=DIRECTION('',(-1.,-1.05140850768799E-16,0.));
#8589=DIRECTION('',(0.,0.,1.));
#8590=DIRECTION('',(1.,1.05140850768799E-16,0.));
#8591=DIRECTION('center_axis',(0.,1.,0.));
#8592=DIRECTION('ref_axis',(1.,5.99058335775718E-17,0.));
#8593=DIRECTION('center_axis',(-1.05140850768799E-16,1.,0.));
#8594=DIRECTION('ref_axis',(1.,1.05140850768799E-16,0.));
#8595=DIRECTION('',(0.707106781186542,-0.707106781186553,-8.65956056235487E-17));
#8596=DIRECTION('center_axis',(1.05140850768799E-16,-1.,0.));
#8597=DIRECTION('ref_axis',(1.,0.,0.));
#8598=DIRECTION('center_axis',(0.,1.,0.));
#8599=DIRECTION('ref_axis',(1.,0.,0.));
#8600=DIRECTION('',(0.,-1.,0.));
#8601=DIRECTION('center_axis',(-1.05140850768799E-16,1.,0.));
#8602=DIRECTION('ref_axis',(1.,0.,0.));
#8603=DIRECTION('center_axis',(-1.05140850768799E-16,1.,0.));
#8604=DIRECTION('ref_axis',(0.,0.,1.));
#8605=DIRECTION('',(-9.34924652315921E-17,-9.829877334922E-33,-1.));
#8606=DIRECTION('',(-1.,-1.05140850768799E-16,0.));
#8607=DIRECTION('',(0.,0.,1.));
#8608=DIRECTION('',(1.,1.05140850768799E-16,0.));
#8609=DIRECTION('center_axis',(0.,1.,0.));
#8610=DIRECTION('ref_axis',(1.,0.,0.));
#8611=DIRECTION('',(0.707106781186545,-0.70710678118655,-8.6595605623549E-17));
#8612=DIRECTION('center_axis',(0.,-1.,0.));
#8613=DIRECTION('ref_axis',(1.,0.,0.));
#8614=DIRECTION('center_axis',(0.,1.,0.));
#8615=DIRECTION('ref_axis',(1.,0.,0.));
#8616=DIRECTION('center_axis',(0.,-1.,0.));
#8617=DIRECTION('ref_axis',(1.,0.,0.));
#8618=DIRECTION('',(0.,1.,0.));
#8619=DIRECTION('center_axis',(0.,-1.,0.));
#8620=DIRECTION('ref_axis',(0.,0.,-1.));
#8621=DIRECTION('center_axis',(0.,-1.,0.));
#8622=DIRECTION('ref_axis',(0.,0.,-1.));
#8623=DIRECTION('center_axis',(0.,-1.,0.));
#8624=DIRECTION('ref_axis',(0.,0.,-1.));
#8625=DIRECTION('center_axis',(0.,-1.,0.));
#8626=DIRECTION('ref_axis',(0.,0.,-1.));
#8627=DIRECTION('',(0.,1.,0.));
#8628=DIRECTION('',(0.,1.,0.));
#8629=DIRECTION('',(0.,1.,0.));
#8630=DIRECTION('',(0.,1.,0.));
#8631=DIRECTION('',(0.,1.,0.));
#8632=DIRECTION('',(0.,1.,0.));
#8633=DIRECTION('',(0.,1.,0.));
#8634=DIRECTION('',(0.,1.,0.));
#8635=DIRECTION('',(0.,1.,0.));
#8636=DIRECTION('',(0.,1.,0.));
#8637=DIRECTION('',(0.,1.,0.));
#8638=DIRECTION('',(0.,1.,0.));
#8639=DIRECTION('',(0.,1.,0.));
#8640=DIRECTION('',(0.,1.,0.));
#8641=DIRECTION('',(0.,1.,0.));
#8642=DIRECTION('center_axis',(0.997179289819507,0.,0.075056405156809));
#8643=DIRECTION('ref_axis',(0.075056405156809,0.,-0.997179289819507));
#8644=DIRECTION('',(0.075056405156809,0.,-0.997179289819507));
#8645=DIRECTION('',(0.,1.,0.));
#8646=DIRECTION('',(0.075056405156809,0.,-0.997179289819507));
#8647=DIRECTION('',(0.,1.,0.));
#8648=DIRECTION('',(0.,1.,0.));
#8649=DIRECTION('',(0.,1.,0.));
#8650=DIRECTION('',(0.,1.,0.));
#8651=DIRECTION('',(0.,1.,0.));
#8652=DIRECTION('',(0.,1.,0.));
#8653=DIRECTION('',(0.,1.,0.));
#8654=DIRECTION('',(0.,1.,0.));
#8655=DIRECTION('',(0.,1.,0.));
#8656=DIRECTION('',(0.,1.,0.));
#8657=DIRECTION('',(0.,1.,0.));
#8658=DIRECTION('',(0.,1.,0.));
#8659=DIRECTION('',(0.,1.,0.));
#8660=DIRECTION('',(0.,1.,0.));
#8661=DIRECTION('',(0.,1.,0.));
#8662=DIRECTION('',(0.,1.,0.));
#8663=DIRECTION('',(0.,1.,0.));
#8664=DIRECTION('',(0.,1.,0.));
#8665=DIRECTION('center_axis',(-0.996199574517663,0.,-0.0870999869737539));
#8666=DIRECTION('ref_axis',(-0.0870999869737539,0.,0.996199574517663));
#8667=DIRECTION('',(-0.0870999869737539,0.,0.996199574517663));
#8668=DIRECTION('',(0.,1.,0.));
#8669=DIRECTION('',(-0.0870999869737539,0.,0.996199574517663));
#8670=DIRECTION('center_axis',(0.,-1.,0.));
#8671=DIRECTION('ref_axis',(1.,0.,0.));
#8672=DIRECTION('center_axis',(0.921242006182023,0.,-0.388989930519701));
#8673=DIRECTION('ref_axis',(-0.388989930519701,0.,-0.921242006182023));
#8674=DIRECTION('',(-0.388989930519701,0.,-0.921242006182023));
#8675=DIRECTION('',(0.,1.,0.));
#8676=DIRECTION('',(-0.388989930519701,0.,-0.921242006182023));
#8677=DIRECTION('',(0.,1.,0.));
#8678=DIRECTION('center_axis',(0.,0.,1.));
#8679=DIRECTION('ref_axis',(1.,0.,0.));
#8680=DIRECTION('',(1.,0.,0.));
#8681=DIRECTION('',(0.,1.,0.));
#8682=DIRECTION('',(1.,0.,0.));
#8683=DIRECTION('center_axis',(-0.924951869281361,0.,0.380084253176736));
#8684=DIRECTION('ref_axis',(0.380084253176736,0.,0.92495186928136));
#8685=DIRECTION('',(0.380084253176736,0.,0.92495186928136));
#8686=DIRECTION('',(0.,1.,0.));
#8687=DIRECTION('',(0.380084253176736,0.,0.92495186928136));
#8688=DIRECTION('center_axis',(0.923679910170526,0.,0.383165008250192));
#8689=DIRECTION('ref_axis',(0.383165008250192,0.,-0.923679910170526));
#8690=DIRECTION('',(0.383165008250192,0.,-0.923679910170526));
#8691=DIRECTION('',(0.,1.,0.));
#8692=DIRECTION('',(0.383165008250192,0.,-0.923679910170526));
#8693=DIRECTION('center_axis',(0.,0.,1.));
#8694=DIRECTION('ref_axis',(1.,0.,0.));
#8695=DIRECTION('',(1.,0.,0.));
#8696=DIRECTION('',(0.,1.,0.));
#8697=DIRECTION('',(1.,0.,0.));
#8698=DIRECTION('center_axis',(-0.919536437062724,0.,-0.393004759403739));
#8699=DIRECTION('ref_axis',(-0.393004759403739,0.,0.919536437062724));
#8700=DIRECTION('',(-0.393004759403739,0.,0.919536437062724));
#8701=DIRECTION('',(0.,1.,0.));
#8702=DIRECTION('',(-0.393004759403739,0.,0.919536437062724));
#8703=DIRECTION('center_axis',(0.,0.,-1.));
#8704=DIRECTION('ref_axis',(-1.,0.,0.));
#8705=DIRECTION('',(-1.,0.,0.));
#8706=DIRECTION('',(-1.,0.,0.));
#8707=DIRECTION('center_axis',(0.,1.,0.));
#8708=DIRECTION('ref_axis',(0.,0.,1.));
#8709=DIRECTION('center_axis',(-0.921242006182023,0.,0.388989930519701));
#8710=DIRECTION('ref_axis',(0.388989930519701,0.,0.921242006182023));
#8711=DIRECTION('',(0.388989930519701,0.,0.921242006182023));
#8712=DIRECTION('',(0.,1.,0.));
#8713=DIRECTION('',(0.388989930519701,0.,0.921242006182023));
#8714=DIRECTION('',(0.,1.,0.));
#8715=DIRECTION('center_axis',(0.,0.,-1.));
#8716=DIRECTION('ref_axis',(-1.,0.,0.));
#8717=DIRECTION('',(-1.,0.,0.));
#8718=DIRECTION('',(0.,1.,0.));
#8719=DIRECTION('',(-1.,0.,0.));
#8720=DIRECTION('center_axis',(0.924951869281361,0.,-0.380084253176736));
#8721=DIRECTION('ref_axis',(-0.380084253176736,0.,-0.92495186928136));
#8722=DIRECTION('',(-0.380084253176736,0.,-0.92495186928136));
#8723=DIRECTION('',(0.,1.,0.));
#8724=DIRECTION('',(-0.380084253176736,0.,-0.92495186928136));
#8725=DIRECTION('center_axis',(-0.923679910170526,0.,-0.383165008250192));
#8726=DIRECTION('ref_axis',(-0.383165008250192,0.,0.923679910170526));
#8727=DIRECTION('',(-0.383165008250192,0.,0.923679910170526));
#8728=DIRECTION('',(0.,1.,0.));
#8729=DIRECTION('',(-0.383165008250192,0.,0.923679910170526));
#8730=DIRECTION('center_axis',(0.,0.,-1.));
#8731=DIRECTION('ref_axis',(-1.,0.,0.));
#8732=DIRECTION('',(-1.,0.,0.));
#8733=DIRECTION('',(0.,1.,0.));
#8734=DIRECTION('',(-1.,0.,0.));
#8735=DIRECTION('center_axis',(0.919536437062724,0.,0.393004759403739));
#8736=DIRECTION('ref_axis',(0.393004759403739,0.,-0.919536437062724));
#8737=DIRECTION('',(0.393004759403739,0.,-0.919536437062724));
#8738=DIRECTION('',(0.,1.,0.));
#8739=DIRECTION('',(0.393004759403739,0.,-0.919536437062724));
#8740=DIRECTION('center_axis',(0.,0.,1.));
#8741=DIRECTION('ref_axis',(1.,0.,0.));
#8742=DIRECTION('',(1.,0.,0.));
#8743=DIRECTION('',(1.,0.,0.));
#8744=DIRECTION('center_axis',(0.,1.,0.));
#8745=DIRECTION('ref_axis',(0.,0.,1.));
#8746=DIRECTION('center_axis',(0.584388390386216,0.,0.811474096433033));
#8747=DIRECTION('ref_axis',(0.811474096433033,0.,-0.584388390386216));
#8748=DIRECTION('',(0.811474096433033,0.,-0.584388390386216));
#8749=DIRECTION('',(0.,1.,0.));
#8750=DIRECTION('',(0.811474096433033,0.,-0.584388390386216));
#8751=DIRECTION('',(0.,1.,0.));
#8752=DIRECTION('',(0.,1.,0.));
#8753=DIRECTION('',(0.,1.,0.));
#8754=DIRECTION('center_axis',(0.576499167388606,0.,-0.817097735892252));
#8755=DIRECTION('ref_axis',(-0.817097735892252,0.,-0.576499167388606));
#8756=DIRECTION('',(-0.817097735892252,0.,-0.576499167388606));
#8757=DIRECTION('',(0.,1.,0.));
#8758=DIRECTION('',(-0.817097735892252,0.,-0.576499167388606));
#8759=DIRECTION('center_axis',(1.,0.,0.));
#8760=DIRECTION('ref_axis',(0.,0.,-1.));
#8761=DIRECTION('',(0.,0.,-1.));
#8762=DIRECTION('',(0.,1.,0.));
#8763=DIRECTION('',(0.,0.,-1.));
#8764=DIRECTION('center_axis',(-0.582230118661747,0.,0.81302403957271));
#8765=DIRECTION('ref_axis',(0.81302403957271,0.,0.582230118661747));
#8766=DIRECTION('',(0.81302403957271,0.,0.582230118661747));
#8767=DIRECTION('',(0.,1.,0.));
#8768=DIRECTION('',(0.81302403957271,0.,0.582230118661747));
#8769=DIRECTION('center_axis',(0.597583727393605,0.,0.801806515784429));
#8770=DIRECTION('ref_axis',(0.801806515784429,0.,-0.597583727393605));
#8771=DIRECTION('',(0.801806515784429,0.,-0.597583727393605));
#8772=DIRECTION('',(0.,1.,0.));
#8773=DIRECTION('',(0.801806515784429,0.,-0.597583727393605));
#8774=DIRECTION('center_axis',(-1.,0.,0.));
#8775=DIRECTION('ref_axis',(0.,0.,1.));
#8776=DIRECTION('',(0.,0.,1.));
#8777=DIRECTION('',(0.,1.,0.));
#8778=DIRECTION('',(0.,0.,1.));
#8779=DIRECTION('center_axis',(-0.604251979836765,0.,-0.796793288666107));
#8780=DIRECTION('ref_axis',(-0.796793288666107,0.,0.604251979836765));
#8781=DIRECTION('',(-0.796793288666107,0.,0.604251979836765));
#8782=DIRECTION('',(0.,1.,0.));
#8783=DIRECTION('',(-0.796793288666107,0.,0.604251979836765));
#8784=DIRECTION('',(0.,1.,0.));
#8785=DIRECTION('',(0.,1.,0.));
#8786=DIRECTION('center_axis',(-0.577535312124464,0.,0.816365704356386));
#8787=DIRECTION('ref_axis',(0.816365704356386,0.,0.577535312124464));
#8788=DIRECTION('',(0.816365704356386,0.,0.577535312124464));
#8789=DIRECTION('',(0.,1.,0.));
#8790=DIRECTION('',(0.816365704356386,0.,0.577535312124464));
#8791=DIRECTION('center_axis',(-1.,0.,0.));
#8792=DIRECTION('ref_axis',(0.,0.,1.));
#8793=DIRECTION('',(0.,0.,1.));
#8794=DIRECTION('',(0.,1.,0.));
#8795=DIRECTION('',(0.,0.,1.));
#8796=DIRECTION('center_axis',(0.580140102651671,0.,-0.814516704122947));
#8797=DIRECTION('ref_axis',(-0.814516704122947,0.,-0.580140102651672));
#8798=DIRECTION('',(-0.814516704122947,0.,-0.580140102651671));
#8799=DIRECTION('',(0.,1.,0.));
#8800=DIRECTION('',(-0.814516704122947,0.,-0.580140102651671));
#8801=DIRECTION('center_axis',(-0.59595625806855,0.,-0.803016897997129));
#8802=DIRECTION('ref_axis',(-0.803016897997129,0.,0.59595625806855));
#8803=DIRECTION('',(-0.803016897997129,0.,0.59595625806855));
#8804=DIRECTION('',(0.,1.,0.));
#8805=DIRECTION('',(-0.803016897997129,0.,0.59595625806855));
#8806=DIRECTION('center_axis',(1.,0.,0.));
#8807=DIRECTION('ref_axis',(0.,0.,-1.));
#8808=DIRECTION('',(0.,0.,-1.));
#8809=DIRECTION('',(0.,0.,-1.));
#8810=DIRECTION('center_axis',(0.,-1.,0.));
#8811=DIRECTION('ref_axis',(1.,0.,0.));
#8812=DIRECTION('center_axis',(0.,0.,1.));
#8813=DIRECTION('ref_axis',(1.,0.,0.));
#8814=DIRECTION('',(1.,0.,0.));
#8815=DIRECTION('',(0.,1.,0.));
#8816=DIRECTION('',(1.,0.,0.));
#8817=DIRECTION('',(0.,1.,0.));
#8818=DIRECTION('center_axis',(0.321685100847973,0.,-0.946846711929882));
#8819=DIRECTION('ref_axis',(-0.946846711929882,0.,-0.321685100847973));
#8820=DIRECTION('',(-0.946846711929882,0.,-0.321685100847973));
#8821=DIRECTION('',(0.,1.,0.));
#8822=DIRECTION('',(-0.946846711929882,0.,-0.321685100847973));
#8823=DIRECTION('center_axis',(1.,0.,0.));
#8824=DIRECTION('ref_axis',(0.,0.,-1.));
#8825=DIRECTION('',(0.,0.,-1.));
#8826=DIRECTION('',(0.,1.,0.));
#8827=DIRECTION('',(0.,0.,-1.));
#8828=DIRECTION('center_axis',(0.327983060610088,0.,0.944683604151591));
#8829=DIRECTION('ref_axis',(0.944683604151591,0.,-0.327983060610088));
#8830=DIRECTION('',(0.944683604151591,0.,-0.327983060610088));
#8831=DIRECTION('',(0.,1.,0.));
#8832=DIRECTION('',(0.944683604151591,0.,-0.327983060610088));
#8833=DIRECTION('center_axis',(0.,0.,-1.));
#8834=DIRECTION('ref_axis',(-1.,0.,0.));
#8835=DIRECTION('',(-1.,0.,0.));
#8836=DIRECTION('',(0.,1.,0.));
#8837=DIRECTION('',(-1.,0.,0.));
#8838=DIRECTION('center_axis',(1.,0.,0.));
#8839=DIRECTION('ref_axis',(0.,0.,-1.));
#8840=DIRECTION('',(0.,0.,-1.));
#8841=DIRECTION('',(0.,1.,0.));
#8842=DIRECTION('',(0.,0.,-1.));
#8843=DIRECTION('center_axis',(0.,0.,1.));
#8844=DIRECTION('ref_axis',(1.,0.,0.));
#8845=DIRECTION('',(1.,0.,0.));
#8846=DIRECTION('',(0.,1.,0.));
#8847=DIRECTION('',(1.,0.,0.));
#8848=DIRECTION('center_axis',(-1.,0.,0.));
#8849=DIRECTION('ref_axis',(0.,0.,1.));
#8850=DIRECTION('',(0.,0.,1.));
#8851=DIRECTION('',(0.,1.,0.));
#8852=DIRECTION('',(0.,0.,1.));
#8853=DIRECTION('center_axis',(-0.325390653071547,0.,-0.945579675592529));
#8854=DIRECTION('ref_axis',(-0.945579675592529,0.,0.325390653071547));
#8855=DIRECTION('',(-0.945579675592529,0.,0.325390653071547));
#8856=DIRECTION('',(0.,1.,0.));
#8857=DIRECTION('',(-0.945579675592529,0.,0.325390653071547));
#8858=DIRECTION('',(0.,1.,0.));
#8859=DIRECTION('',(0.,1.,0.));
#8860=DIRECTION('center_axis',(-0.317049967018036,0.,0.948408835056835));
#8861=DIRECTION('ref_axis',(0.948408835056835,0.,0.317049967018036));
#8862=DIRECTION('',(0.948408835056835,0.,0.317049967018036));
#8863=DIRECTION('',(0.,1.,0.));
#8864=DIRECTION('',(0.948408835056835,0.,0.317049967018036));
#8865=DIRECTION('center_axis',(-1.,0.,0.));
#8866=DIRECTION('ref_axis',(0.,0.,1.));
#8867=DIRECTION('',(0.,0.,1.));
#8868=DIRECTION('',(0.,1.,0.));
#8869=DIRECTION('',(0.,0.,1.));
#8870=DIRECTION('center_axis',(0.,0.,-1.));
#8871=DIRECTION('ref_axis',(-1.,0.,0.));
#8872=DIRECTION('',(-1.,0.,0.));
#8873=DIRECTION('',(0.,1.,0.));
#8874=DIRECTION('',(-1.,0.,0.));
#8875=DIRECTION('center_axis',(1.,0.,0.));
#8876=DIRECTION('ref_axis',(0.,0.,-1.));
#8877=DIRECTION('',(0.,0.,-1.));
#8878=DIRECTION('',(0.,0.,-1.));
#8879=DIRECTION('center_axis',(0.,-1.,0.));
#8880=DIRECTION('ref_axis',(1.,0.,0.));
#8881=DIRECTION('center_axis',(0.,0.,1.));
#8882=DIRECTION('ref_axis',(1.,0.,0.));
#8883=DIRECTION('',(1.,0.,0.));
#8884=DIRECTION('',(0.,1.,0.));
#8885=DIRECTION('',(1.,0.,0.));
#8886=DIRECTION('',(0.,1.,0.));
#8887=DIRECTION('center_axis',(-1.,0.,0.));
#8888=DIRECTION('ref_axis',(0.,0.,1.));
#8889=DIRECTION('',(0.,0.,1.));
#8890=DIRECTION('',(0.,1.,0.));
#8891=DIRECTION('',(0.,0.,1.));
#8892=DIRECTION('center_axis',(0.,0.,1.));
#8893=DIRECTION('ref_axis',(1.,0.,0.));
#8894=DIRECTION('',(1.,0.,0.));
#8895=DIRECTION('',(0.,1.,0.));
#8896=DIRECTION('',(1.,0.,0.));
#8897=DIRECTION('center_axis',(1.,0.,0.));
#8898=DIRECTION('ref_axis',(0.,0.,-1.));
#8899=DIRECTION('',(0.,0.,-1.));
#8900=DIRECTION('',(0.,1.,0.));
#8901=DIRECTION('',(0.,0.,-1.));
#8902=DIRECTION('center_axis',(0.,0.,1.));
#8903=DIRECTION('ref_axis',(1.,0.,0.));
#8904=DIRECTION('',(1.,0.,0.));
#8905=DIRECTION('',(0.,1.,0.));
#8906=DIRECTION('',(1.,0.,0.));
#8907=DIRECTION('center_axis',(-1.,0.,0.));
#8908=DIRECTION('ref_axis',(0.,0.,1.));
#8909=DIRECTION('',(0.,0.,1.));
#8910=DIRECTION('',(0.,1.,0.));
#8911=DIRECTION('',(0.,0.,1.));
#8912=DIRECTION('center_axis',(0.,0.,1.));
#8913=DIRECTION('ref_axis',(1.,0.,0.));
#8914=DIRECTION('',(1.,0.,0.));
#8915=DIRECTION('',(0.,1.,0.));
#8916=DIRECTION('',(1.,0.,0.));
#8917=DIRECTION('center_axis',(1.,0.,0.));
#8918=DIRECTION('ref_axis',(0.,0.,-1.));
#8919=DIRECTION('',(0.,0.,-1.));
#8920=DIRECTION('',(0.,1.,0.));
#8921=DIRECTION('',(0.,0.,-1.));
#8922=DIRECTION('center_axis',(0.,0.,1.));
#8923=DIRECTION('ref_axis',(1.,0.,0.));
#8924=DIRECTION('',(1.,0.,0.));
#8925=DIRECTION('',(0.,1.,0.));
#8926=DIRECTION('',(1.,0.,0.));
#8927=DIRECTION('center_axis',(-1.,0.,-4.29006934798551E-16));
#8928=DIRECTION('ref_axis',(-4.29006934798551E-16,0.,1.));
#8929=DIRECTION('',(-4.29006934798551E-16,0.,1.));
#8930=DIRECTION('',(0.,1.,0.));
#8931=DIRECTION('',(-4.29006934798551E-16,0.,1.));
#8932=DIRECTION('center_axis',(0.,0.,-1.));
#8933=DIRECTION('ref_axis',(-1.,0.,0.));
#8934=DIRECTION('',(-1.,0.,0.));
#8935=DIRECTION('',(0.,1.,0.));
#8936=DIRECTION('',(-1.,0.,0.));
#8937=DIRECTION('center_axis',(1.,0.,0.));
#8938=DIRECTION('ref_axis',(0.,0.,-1.));
#8939=DIRECTION('',(0.,0.,-1.));
#8940=DIRECTION('',(0.,0.,-1.));
#8941=DIRECTION('center_axis',(0.,1.,0.));
#8942=DIRECTION('ref_axis',(0.,0.,1.));
#8943=DIRECTION('center_axis',(1.,0.,0.));
#8944=DIRECTION('ref_axis',(0.,0.,-1.));
#8945=DIRECTION('',(0.,0.,-1.));
#8946=DIRECTION('',(0.,1.,0.));
#8947=DIRECTION('',(0.,0.,-1.));
#8948=DIRECTION('',(0.,1.,0.));
#8949=DIRECTION('',(0.,1.,0.));
#8950=DIRECTION('',(0.,1.,0.));
#8951=DIRECTION('',(0.,1.,0.));
#8952=DIRECTION('',(0.,1.,0.));
#8953=DIRECTION('',(0.,1.,0.));
#8954=DIRECTION('center_axis',(-1.,0.,0.));
#8955=DIRECTION('ref_axis',(0.,0.,1.));
#8956=DIRECTION('',(0.,0.,1.));
#8957=DIRECTION('',(0.,1.,0.));
#8958=DIRECTION('',(0.,0.,1.));
#8959=DIRECTION('center_axis',(0.,0.,1.));
#8960=DIRECTION('ref_axis',(1.,0.,0.));
#8961=DIRECTION('',(1.,0.,0.));
#8962=DIRECTION('',(1.,0.,0.));
#8963=DIRECTION('center_axis',(0.,0.,1.));
#8964=DIRECTION('ref_axis',(1.,0.,0.));
#8965=DIRECTION('',(1.,0.,0.));
#8966=DIRECTION('',(0.,1.,0.));
#8967=DIRECTION('',(1.,0.,0.));
#8968=DIRECTION('',(0.,1.,0.));
#8969=DIRECTION('center_axis',(1.,0.,0.));
#8970=DIRECTION('ref_axis',(0.,0.,-1.));
#8971=DIRECTION('',(0.,0.,-1.));
#8972=DIRECTION('',(0.,1.,0.));
#8973=DIRECTION('',(0.,0.,-1.));
#8974=DIRECTION('',(0.,1.,0.));
#8975=DIRECTION('',(0.,1.,0.));
#8976=DIRECTION('',(0.,1.,0.));
#8977=DIRECTION('',(0.,1.,0.));
#8978=DIRECTION('center_axis',(0.536696472794557,0.,-0.843775382486288));
#8979=DIRECTION('ref_axis',(-0.843775382486288,0.,-0.536696472794557));
#8980=DIRECTION('',(-0.843775382486288,0.,-0.536696472794557));
#8981=DIRECTION('',(0.,1.,0.));
#8982=DIRECTION('',(-0.843775382486288,0.,-0.536696472794557));
#8983=DIRECTION('center_axis',(1.,0.,0.));
#8984=DIRECTION('ref_axis',(0.,0.,-1.));
#8985=DIRECTION('',(0.,0.,-1.));
#8986=DIRECTION('',(0.,1.,0.));
#8987=DIRECTION('',(0.,0.,-1.));
#8988=DIRECTION('center_axis',(-0.538514244672786,0.,0.84261640637036));
#8989=DIRECTION('ref_axis',(0.842616406370359,0.,0.538514244672786));
#8990=DIRECTION('',(0.842616406370359,0.,0.538514244672786));
#8991=DIRECTION('',(0.,1.,0.));
#8992=DIRECTION('',(0.842616406370359,0.,0.538514244672786));
#8993=DIRECTION('',(0.,1.,0.));
#8994=DIRECTION('',(0.,1.,0.));
#8995=DIRECTION('',(0.,1.,0.));
#8996=DIRECTION('',(0.,1.,0.));
#8997=DIRECTION('',(0.,1.,0.));
#8998=DIRECTION('',(0.,1.,0.));
#8999=DIRECTION('',(0.,1.,0.));
#9000=DIRECTION('center_axis',(-1.,0.,0.));
#9001=DIRECTION('ref_axis',(0.,0.,1.));
#9002=DIRECTION('',(0.,0.,1.));
#9003=DIRECTION('',(0.,1.,0.));
#9004=DIRECTION('',(0.,0.,1.));
#9005=DIRECTION('center_axis',(0.,0.,-1.));
#9006=DIRECTION('ref_axis',(-1.,0.,0.));
#9007=DIRECTION('',(-1.,0.,0.));
#9008=DIRECTION('',(0.,1.,0.));
#9009=DIRECTION('',(-1.,0.,0.));
#9010=DIRECTION('center_axis',(1.,0.,0.));
#9011=DIRECTION('ref_axis',(0.,0.,-1.));
#9012=DIRECTION('',(0.,0.,-1.));
#9013=DIRECTION('',(0.,0.,-1.));
#9014=DIRECTION('center_axis',(0.,-1.,0.));
#9015=DIRECTION('ref_axis',(1.,0.,0.));
#9016=DIRECTION('center_axis',(0.388989930519701,0.,0.921242006182023));
#9017=DIRECTION('ref_axis',(0.921242006182023,0.,-0.388989930519701));
#9018=DIRECTION('',(0.921242006182023,0.,-0.388989930519701));
#9019=DIRECTION('',(0.,1.,0.));
#9020=DIRECTION('',(0.921242006182023,0.,-0.388989930519701));
#9021=DIRECTION('',(0.,1.,0.));
#9022=DIRECTION('center_axis',(-1.,0.,0.));
#9023=DIRECTION('ref_axis',(0.,0.,1.));
#9024=DIRECTION('',(0.,0.,1.));
#9025=DIRECTION('',(0.,1.,0.));
#9026=DIRECTION('',(0.,0.,1.));
#9027=DIRECTION('center_axis',(-0.380084253176736,0.,-0.924951869281361));
#9028=DIRECTION('ref_axis',(-0.92495186928136,0.,0.380084253176736));
#9029=DIRECTION('',(-0.92495186928136,0.,0.380084253176736));
#9030=DIRECTION('',(0.,1.,0.));
#9031=DIRECTION('',(-0.92495186928136,0.,0.380084253176736));
#9032=DIRECTION('center_axis',(-0.383165008250192,0.,0.923679910170526));
#9033=DIRECTION('ref_axis',(0.923679910170526,0.,0.383165008250192));
#9034=DIRECTION('',(0.923679910170526,0.,0.383165008250192));
#9035=DIRECTION('',(0.,1.,0.));
#9036=DIRECTION('',(0.923679910170526,0.,0.383165008250192));
#9037=DIRECTION('center_axis',(-1.,0.,0.));
#9038=DIRECTION('ref_axis',(0.,0.,1.));
#9039=DIRECTION('',(0.,0.,1.));
#9040=DIRECTION('',(0.,1.,0.));
#9041=DIRECTION('',(0.,0.,1.));
#9042=DIRECTION('center_axis',(0.393004759403739,0.,-0.919536437062724));
#9043=DIRECTION('ref_axis',(-0.919536437062724,0.,-0.393004759403739));
#9044=DIRECTION('',(-0.919536437062724,0.,-0.393004759403739));
#9045=DIRECTION('',(0.,1.,0.));
#9046=DIRECTION('',(-0.919536437062724,0.,-0.393004759403739));
#9047=DIRECTION('center_axis',(1.,0.,0.));
#9048=DIRECTION('ref_axis',(0.,0.,-1.));
#9049=DIRECTION('',(0.,0.,-1.));
#9050=DIRECTION('',(0.,0.,-1.));
#9051=DIRECTION('center_axis',(0.,1.,0.));
#9052=DIRECTION('ref_axis',(0.,0.,1.));
#9053=DIRECTION('center_axis',(-0.388989930519701,0.,-0.921242006182023));
#9054=DIRECTION('ref_axis',(-0.921242006182023,0.,0.388989930519701));
#9055=DIRECTION('',(-0.921242006182023,0.,0.388989930519701));
#9056=DIRECTION('',(0.,1.,0.));
#9057=DIRECTION('',(-0.921242006182023,0.,0.388989930519701));
#9058=DIRECTION('',(0.,1.,0.));
#9059=DIRECTION('center_axis',(1.,0.,0.));
#9060=DIRECTION('ref_axis',(0.,0.,-1.));
#9061=DIRECTION('',(0.,0.,-1.));
#9062=DIRECTION('',(0.,1.,0.));
#9063=DIRECTION('',(0.,0.,-1.));
#9064=DIRECTION('center_axis',(0.380084253176736,0.,0.924951869281361));
#9065=DIRECTION('ref_axis',(0.92495186928136,0.,-0.380084253176736));
#9066=DIRECTION('',(0.92495186928136,0.,-0.380084253176736));
#9067=DIRECTION('',(0.,1.,0.));
#9068=DIRECTION('',(0.92495186928136,0.,-0.380084253176736));
#9069=DIRECTION('center_axis',(0.383165008250192,0.,-0.923679910170526));
#9070=DIRECTION('ref_axis',(-0.923679910170526,0.,-0.383165008250192));
#9071=DIRECTION('',(-0.923679910170526,0.,-0.383165008250192));
#9072=DIRECTION('',(0.,1.,0.));
#9073=DIRECTION('',(-0.923679910170526,0.,-0.383165008250192));
#9074=DIRECTION('center_axis',(1.,0.,0.));
#9075=DIRECTION('ref_axis',(0.,0.,-1.));
#9076=DIRECTION('',(0.,0.,-1.));
#9077=DIRECTION('',(0.,1.,0.));
#9078=DIRECTION('',(0.,0.,-1.));
#9079=DIRECTION('center_axis',(-0.393004759403739,0.,0.919536437062724));
#9080=DIRECTION('ref_axis',(0.919536437062724,0.,0.393004759403739));
#9081=DIRECTION('',(0.919536437062724,0.,0.393004759403739));
#9082=DIRECTION('',(0.,1.,0.));
#9083=DIRECTION('',(0.919536437062724,0.,0.393004759403739));
#9084=DIRECTION('center_axis',(-1.,0.,0.));
#9085=DIRECTION('ref_axis',(0.,0.,1.));
#9086=DIRECTION('',(0.,0.,1.));
#9087=DIRECTION('',(0.,0.,1.));
#9088=DIRECTION('center_axis',(0.,1.,0.));
#9089=DIRECTION('ref_axis',(0.,0.,1.));
#9090=DIRECTION('center_axis',(0.,0.,1.));
#9091=DIRECTION('ref_axis',(1.,0.,0.));
#9092=DIRECTION('',(1.,0.,0.));
#9093=DIRECTION('',(0.,1.,0.));
#9094=DIRECTION('',(1.,0.,0.));
#9095=DIRECTION('',(0.,1.,0.));
#9096=DIRECTION('center_axis',(0.321685097046238,0.,-0.946846713221497));
#9097=DIRECTION('ref_axis',(-0.946846713221497,0.,-0.321685097046238));
#9098=DIRECTION('',(-0.946846713221497,0.,-0.321685097046238));
#9099=DIRECTION('',(0.,1.,0.));
#9100=DIRECTION('',(-0.946846713221497,0.,-0.321685097046237));
#9101=DIRECTION('center_axis',(1.,0.,0.));
#9102=DIRECTION('ref_axis',(0.,0.,-1.));
#9103=DIRECTION('',(0.,0.,-1.));
#9104=DIRECTION('',(0.,1.,0.));
#9105=DIRECTION('',(0.,0.,-1.));
#9106=DIRECTION('center_axis',(0.327983025162338,0.,0.944683616458633));
#9107=DIRECTION('ref_axis',(0.944683616458633,0.,-0.327983025162338));
#9108=DIRECTION('',(0.944683616458633,0.,-0.327983025162338));
#9109=DIRECTION('',(0.,1.,0.));
#9110=DIRECTION('',(0.944683616458633,0.,-0.327983025162338));
#9111=DIRECTION('center_axis',(0.,0.,-1.));
#9112=DIRECTION('ref_axis',(-1.,0.,0.));
#9113=DIRECTION('',(-1.,0.,0.));
#9114=DIRECTION('',(0.,1.,0.));
#9115=DIRECTION('',(-1.,0.,0.));
#9116=DIRECTION('center_axis',(1.,0.,0.));
#9117=DIRECTION('ref_axis',(0.,0.,-1.));
#9118=DIRECTION('',(0.,0.,-1.));
#9119=DIRECTION('',(0.,1.,0.));
#9120=DIRECTION('',(0.,0.,-1.));
#9121=DIRECTION('center_axis',(0.,0.,1.));
#9122=DIRECTION('ref_axis',(1.,0.,0.));
#9123=DIRECTION('',(1.,0.,0.));
#9124=DIRECTION('',(0.,1.,0.));
#9125=DIRECTION('',(1.,0.,0.));
#9126=DIRECTION('center_axis',(-1.,0.,0.));
#9127=DIRECTION('ref_axis',(0.,0.,1.));
#9128=DIRECTION('',(0.,0.,1.));
#9129=DIRECTION('',(0.,1.,0.));
#9130=DIRECTION('',(0.,0.,1.));
#9131=DIRECTION('center_axis',(-0.325390667526152,0.,-0.945579670618444));
#9132=DIRECTION('ref_axis',(-0.945579670618444,0.,0.325390667526152));
#9133=DIRECTION('',(-0.945579670618444,0.,0.325390667526152));
#9134=DIRECTION('',(0.,1.,0.));
#9135=DIRECTION('',(-0.945579670618444,0.,0.325390667526152));
#9136=DIRECTION('',(0.,1.,0.));
#9137=DIRECTION('',(0.,1.,0.));
#9138=DIRECTION('center_axis',(-0.317050005263846,0.,0.948408822271385));
#9139=DIRECTION('ref_axis',(0.948408822271385,0.,0.317050005263846));
#9140=DIRECTION('',(0.948408822271385,0.,0.317050005263846));
#9141=DIRECTION('',(0.,1.,0.));
#9142=DIRECTION('',(0.948408822271385,0.,0.317050005263846));
#9143=DIRECTION('center_axis',(-1.,0.,0.));
#9144=DIRECTION('ref_axis',(0.,0.,1.));
#9145=DIRECTION('',(0.,0.,1.));
#9146=DIRECTION('',(0.,1.,0.));
#9147=DIRECTION('',(0.,0.,1.));
#9148=DIRECTION('center_axis',(0.,0.,-1.));
#9149=DIRECTION('ref_axis',(-1.,0.,0.));
#9150=DIRECTION('',(-1.,0.,0.));
#9151=DIRECTION('',(0.,1.,0.));
#9152=DIRECTION('',(-1.,0.,0.));
#9153=DIRECTION('center_axis',(1.,0.,0.));
#9154=DIRECTION('ref_axis',(0.,0.,-1.));
#9155=DIRECTION('',(0.,0.,-1.));
#9156=DIRECTION('',(0.,0.,-1.));
#9157=DIRECTION('center_axis',(0.,-1.,0.));
#9158=DIRECTION('ref_axis',(1.,0.,0.));
#9159=DIRECTION('center_axis',(0.,0.,1.));
#9160=DIRECTION('ref_axis',(1.,0.,0.));
#9161=DIRECTION('',(1.,0.,0.));
#9162=DIRECTION('',(0.,1.,0.));
#9163=DIRECTION('',(1.,0.,0.));
#9164=DIRECTION('',(0.,1.,0.));
#9165=DIRECTION('center_axis',(-1.,0.,0.));
#9166=DIRECTION('ref_axis',(0.,0.,1.));
#9167=DIRECTION('',(0.,0.,1.));
#9168=DIRECTION('',(0.,1.,0.));
#9169=DIRECTION('',(0.,0.,1.));
#9170=DIRECTION('center_axis',(0.,0.,-1.));
#9171=DIRECTION('ref_axis',(-1.,0.,0.));
#9172=DIRECTION('',(-1.,0.,0.));
#9173=DIRECTION('',(0.,1.,0.));
#9174=DIRECTION('',(-1.,0.,0.));
#9175=DIRECTION('center_axis',(1.,0.,0.));
#9176=DIRECTION('ref_axis',(0.,0.,-1.));
#9177=DIRECTION('',(0.,0.,-1.));
#9178=DIRECTION('',(0.,0.,-1.));
#9179=DIRECTION('center_axis',(0.,1.,0.));
#9180=DIRECTION('ref_axis',(0.,0.,1.));
#9181=DIRECTION('center_axis',(0.,-1.,0.));
#9182=DIRECTION('ref_axis',(1.,0.,0.));
#9183=DIRECTION('',(1.,0.,0.));
#9184=DIRECTION('',(0.,0.,1.));
#9185=DIRECTION('',(1.,0.,0.));
#9186=DIRECTION('',(0.,0.,1.));
#9187=DIRECTION('',(-1.,0.,0.));
#9188=DIRECTION('',(0.,0.,1.));
#9189=DIRECTION('',(1.,0.,0.));
#9190=DIRECTION('',(0.,0.,-1.));
#9191=DIRECTION('center_axis',(0.,1.,0.));
#9192=DIRECTION('ref_axis',(1.,0.,0.));
#9193=DIRECTION('center_axis',(0.,1.,0.));
#9194=DIRECTION('ref_axis',(1.,0.,0.));
#9195=DIRECTION('center_axis',(0.,1.,0.));
#9196=DIRECTION('ref_axis',(1.,0.,0.));
#9197=DIRECTION('center_axis',(0.,1.,0.));
#9198=DIRECTION('ref_axis',(1.,0.,0.));
#9199=DIRECTION('center_axis',(0.,1.,0.));
#9200=DIRECTION('ref_axis',(1.,0.,0.));
#9201=DIRECTION('center_axis',(0.,1.,0.));
#9202=DIRECTION('ref_axis',(1.,0.,0.));
#9203=DIRECTION('center_axis',(0.,1.,0.));
#9204=DIRECTION('ref_axis',(1.,0.,0.));
#9205=DIRECTION('',(0.,0.,1.));
#9206=DIRECTION('',(-1.,0.,0.));
#9207=DIRECTION('',(-1.8503717077086E-16,0.,-1.));
#9208=DIRECTION('',(1.,0.,0.));
#9209=DIRECTION('',(7.105427357601E-15,0.,1.));
#9210=DIRECTION('',(1.,0.,-5.9211894646675E-15));
#9211=DIRECTION('',(3.55271367880058E-14,0.,-1.));
#9212=DIRECTION('',(-1.,0.,3.22973970800043E-15));
#9213=DIRECTION('',(0.,0.,-1.));
#9214=DIRECTION('',(-1.,0.,0.));
#9215=DIRECTION('',(1.70803542250024E-16,0.,1.));
#9216=DIRECTION('',(1.,0.,0.));
#9217=DIRECTION('',(0.,0.,-1.));
#9218=DIRECTION('',(1.,0.,0.));
#9219=DIRECTION('',(0.,0.,-1.));
#9220=DIRECTION('',(-1.,0.,0.));
#9221=DIRECTION('',(-1.,0.,0.));
#9222=DIRECTION('',(0.,0.,-1.));
#9223=DIRECTION('',(1.,0.,0.));
#9224=DIRECTION('',(0.,0.,1.));
#9225=DIRECTION('',(-1.,0.,7.105427357601E-15));
#9226=DIRECTION('',(4.44089209850063E-15,0.,1.));
#9227=DIRECTION('',(1.,0.,3.55271367880055E-14));
#9228=DIRECTION('',(-4.03717463500054E-15,0.,-1.));
#9229=DIRECTION('',(1.,0.,0.));
#9230=DIRECTION('',(0.,0.,-1.));
#9231=DIRECTION('',(-1.,0.,0.));
#9232=DIRECTION('',(0.,0.,1.));
#9233=DIRECTION('',(1.,0.,0.));
#9234=DIRECTION('',(0.,0.,1.));
#9235=DIRECTION('',(1.,0.,0.));
#9236=DIRECTION('',(0.,0.,-1.));
#9237=DIRECTION('',(-1.,0.,0.));
#9238=DIRECTION('',(0.,0.,1.));
#9239=DIRECTION('',(-1.,0.,0.));
#9240=DIRECTION('',(-1.8503717077086E-16,0.,-1.));
#9241=DIRECTION('',(1.,0.,0.));
#9242=DIRECTION('',(7.105427357601E-15,0.,1.));
#9243=DIRECTION('',(1.,0.,-5.9211894646675E-15));
#9244=DIRECTION('',(3.55271367880058E-14,0.,-1.));
#9245=DIRECTION('',(-1.,0.,3.22973970800043E-15));
#9246=DIRECTION('',(0.,0.,-1.));
#9247=DIRECTION('',(-1.,0.,0.));
#9248=DIRECTION('',(1.70803542250024E-16,0.,1.));
#9249=DIRECTION('',(1.,0.,0.));
#9250=DIRECTION('',(0.,0.,-1.));
#9251=DIRECTION('',(1.,0.,0.));
#9252=DIRECTION('',(0.,0.,-1.));
#9253=DIRECTION('',(8.88178419700119E-16,0.,1.));
#9254=DIRECTION('',(-1.,0.,-1.77635683940025E-15));
#9255=DIRECTION('',(3.70074341541718E-16,0.,-1.));
#9256=DIRECTION('',(1.,0.,0.));
#9257=DIRECTION('',(7.105427357601E-15,0.,1.));
#9258=DIRECTION('',(1.,0.,-5.9211894646675E-15));
#9259=DIRECTION('',(0.,0.,-1.));
#9260=DIRECTION('',(-1.,0.,3.22973970800044E-15));
#9261=DIRECTION('',(8.88178419700125E-16,0.,-1.));
#9262=DIRECTION('',(-1.,0.,0.));
#9263=DIRECTION('',(5.12410626750072E-16,0.,1.));
#9264=DIRECTION('',(1.,0.,0.));
#9265=DIRECTION('',(-1.77635683940024E-15,0.,-1.));
#9266=DIRECTION('',(1.,0.,3.22973970800045E-15));
#9267=DIRECTION('',(-4.44089209850056E-14,0.,-1.));
#9268=DIRECTION('',(-1.,0.,0.));
#9269=DIRECTION('',(0.,0.,-1.));
#9270=DIRECTION('',(1.,0.,1.77635683940025E-15));
#9271=DIRECTION('',(7.40148683083437E-16,0.,1.));
#9272=DIRECTION('',(-1.,0.,0.));
#9273=DIRECTION('',(-5.32907051820075E-15,0.,-1.));
#9274=DIRECTION('',(-1.,0.,5.92118946466749E-15));
#9275=DIRECTION('',(0.,0.,1.));
#9276=DIRECTION('',(1.,0.,-3.22973970800044E-15));
#9277=DIRECTION('',(1.77635683940025E-15,0.,1.));
#9278=DIRECTION('',(1.,0.,0.));
#9279=DIRECTION('',(-6.83214169000096E-16,0.,-1.));
#9280=DIRECTION('',(-1.,0.,0.));
#9281=DIRECTION('',(1.77635683940024E-15,0.,1.));
#9282=DIRECTION('',(-1.,0.,-3.22973970800046E-15));
#9283=DIRECTION('',(4.44089209850056E-14,0.,1.));
#9284=DIRECTION('',(1.,0.,0.));
#9285=DIRECTION('',(1.,0.,0.));
#9286=DIRECTION('',(0.,0.,-1.));
#9287=DIRECTION('',(1.,0.,0.));
#9288=DIRECTION('',(0.,0.,1.));
#9289=DIRECTION('',(-1.,0.,0.));
#9290=DIRECTION('',(-7.105427357601E-15,0.,-1.));
#9291=DIRECTION('',(-1.,0.,2.96059473233375E-15));
#9292=DIRECTION('',(-3.55271367880058E-14,0.,1.));
#9293=DIRECTION('',(1.,0.,-3.22973970800043E-15));
#9294=DIRECTION('',(0.,0.,1.));
#9295=DIRECTION('',(1.,0.,0.));
#9296=DIRECTION('',(0.,0.,-1.));
#9297=DIRECTION('',(-1.,0.,0.));
#9298=DIRECTION('',(0.,0.,1.));
#9299=DIRECTION('',(-1.,0.,0.));
#9300=DIRECTION('',(0.,0.,1.));
#9301=DIRECTION('',(0.,0.,1.));
#9302=DIRECTION('',(1.,0.,0.));
#9303=DIRECTION('',(0.,0.,1.));
#9304=DIRECTION('',(-1.,0.,0.));
#9305=DIRECTION('',(0.,0.,-1.));
#9306=DIRECTION('',(1.,0.,-7.105427357601E-15));
#9307=DIRECTION('',(-4.44089209850063E-15,0.,-1.));
#9308=DIRECTION('',(-1.,0.,-3.55271367880055E-14));
#9309=DIRECTION('',(4.03717463500054E-15,0.,1.));
#9310=DIRECTION('',(-1.,0.,0.));
#9311=DIRECTION('',(0.,0.,1.));
#9312=DIRECTION('',(1.,0.,0.));
#9313=DIRECTION('',(0.,0.,-1.));
#9314=DIRECTION('',(-1.,0.,0.));
#9315=DIRECTION('',(0.,0.,-1.));
#9316=DIRECTION('',(-1.,0.,0.));
#9317=DIRECTION('',(0.,0.,-1.));
#9318=DIRECTION('',(1.,0.,1.77635683940025E-15));
#9319=DIRECTION('',(7.40148683083437E-16,0.,1.));
#9320=DIRECTION('',(-1.,0.,0.));
#9321=DIRECTION('',(-5.32907051820075E-15,0.,-1.));
#9322=DIRECTION('',(-1.,0.,5.92118946466749E-15));
#9323=DIRECTION('',(0.,0.,1.));
#9324=DIRECTION('',(1.,0.,-3.22973970800044E-15));
#9325=DIRECTION('',(1.77635683940025E-15,0.,1.));
#9326=DIRECTION('',(1.,0.,0.));
#9327=DIRECTION('',(-6.83214169000096E-16,0.,-1.));
#9328=DIRECTION('',(-1.,0.,0.));
#9329=DIRECTION('',(1.77635683940024E-15,0.,1.));
#9330=DIRECTION('',(-1.,0.,-3.22973970800046E-15));
#9331=DIRECTION('',(4.44089209850056E-14,0.,1.));
#9332=DIRECTION('',(1.,0.,0.));
#9333=DIRECTION('center_axis',(0.,0.,-1.));
#9334=DIRECTION('ref_axis',(-1.,-1.05140850768799E-16,0.));
#9335=DIRECTION('',(1.,1.05140850768799E-16,0.));
#9336=DIRECTION('',(0.,1.,0.));
#9337=DIRECTION('',(-1.,-1.05140850768799E-16,0.));
#9338=DIRECTION('',(0.,1.,0.));
#9339=DIRECTION('center_axis',(1.,0.,0.));
#9340=DIRECTION('ref_axis',(0.,0.,-1.));
#9341=DIRECTION('',(0.,0.,1.));
#9342=DIRECTION('',(0.,0.,-1.));
#9343=DIRECTION('',(0.,1.,0.));
#9344=DIRECTION('center_axis',(4.64528462186258E-17,0.,1.));
#9345=DIRECTION('ref_axis',(1.,1.05140850768799E-16,-4.64528462186258E-17));
#9346=DIRECTION('',(-1.,-1.05140850768799E-16,4.64528462186258E-17));
#9347=DIRECTION('',(1.,1.05140850768799E-16,-4.64528462186258E-17));
#9348=DIRECTION('',(0.,1.,0.));
#9349=DIRECTION('center_axis',(-1.,0.,0.));
#9350=DIRECTION('ref_axis',(0.,0.,1.));
#9351=DIRECTION('',(0.,0.,-1.));
#9352=DIRECTION('',(0.,0.,1.));
#9353=DIRECTION('center_axis',(0.,1.,0.));
#9354=DIRECTION('ref_axis',(0.,0.,1.));
#9355=DIRECTION('center_axis',(1.,0.,8.98966011842232E-17));
#9356=DIRECTION('ref_axis',(8.98966011842232E-17,9.4518051297327E-33,-1.));
#9357=DIRECTION('',(-8.98966011842232E-17,-9.4518051297327E-33,1.));
#9358=DIRECTION('',(0.,1.,0.));
#9359=DIRECTION('',(8.98966011842232E-17,9.4518051297327E-33,-1.));
#9360=DIRECTION('',(0.,1.,0.));
#9361=DIRECTION('center_axis',(0.,0.,1.));
#9362=DIRECTION('ref_axis',(1.,1.05140850768799E-16,0.));
#9363=DIRECTION('',(-1.,-1.05140850768799E-16,0.));
#9364=DIRECTION('',(1.,1.05140850768799E-16,0.));
#9365=DIRECTION('',(0.,1.,0.));
#9366=DIRECTION('center_axis',(-1.,0.,0.));
#9367=DIRECTION('ref_axis',(0.,0.,1.));
#9368=DIRECTION('',(0.,0.,-1.));
#9369=DIRECTION('',(0.,0.,1.));
#9370=DIRECTION('',(0.,1.,0.));
#9371=DIRECTION('center_axis',(0.,0.,-1.));
#9372=DIRECTION('ref_axis',(-1.,-1.05140850768799E-16,0.));
#9373=DIRECTION('',(1.,1.05140850768799E-16,0.));
#9374=DIRECTION('',(-1.,-1.05140850768799E-16,0.));
#9375=DIRECTION('center_axis',(0.,1.,0.));
#9376=DIRECTION('ref_axis',(0.,0.,1.));
#9377=DIRECTION('center_axis',(0.,0.,-1.));
#9378=DIRECTION('ref_axis',(-1.,-1.05140850768799E-16,0.));
#9379=DIRECTION('',(1.,1.05140850768799E-16,0.));
#9380=DIRECTION('',(0.,1.,0.));
#9381=DIRECTION('',(-1.,-1.05140850768799E-16,0.));
#9382=DIRECTION('',(0.,1.,0.));
#9383=DIRECTION('center_axis',(1.,0.,0.));
#9384=DIRECTION('ref_axis',(0.,0.,-1.));
#9385=DIRECTION('',(0.,0.,1.));
#9386=DIRECTION('',(0.,0.,-1.));
#9387=DIRECTION('',(0.,1.,0.));
#9388=DIRECTION('center_axis',(0.,0.,1.));
#9389=DIRECTION('ref_axis',(1.,1.05140850768799E-16,0.));
#9390=DIRECTION('',(-1.,-1.05140850768799E-16,0.));
#9391=DIRECTION('',(1.,1.05140850768799E-16,0.));
#9392=DIRECTION('',(0.,1.,0.));
#9393=DIRECTION('center_axis',(-1.,0.,0.));
#9394=DIRECTION('ref_axis',(0.,0.,1.));
#9395=DIRECTION('',(0.,0.,-1.));
#9396=DIRECTION('',(0.,0.,1.));
#9397=DIRECTION('center_axis',(0.,1.,0.));
#9398=DIRECTION('ref_axis',(0.,0.,1.));
#9399=DIRECTION('center_axis',(1.,0.,0.));
#9400=DIRECTION('ref_axis',(0.,0.,-1.));
#9401=DIRECTION('',(0.,0.,1.));
#9402=DIRECTION('',(0.,1.,0.));
#9403=DIRECTION('',(0.,0.,-1.));
#9404=DIRECTION('',(0.,1.,0.));
#9405=DIRECTION('center_axis',(0.,0.,1.));
#9406=DIRECTION('ref_axis',(1.,1.05140850768799E-16,0.));
#9407=DIRECTION('',(-1.,-1.05140850768799E-16,0.));
#9408=DIRECTION('',(1.,1.05140850768799E-16,0.));
#9409=DIRECTION('',(0.,1.,0.));
#9410=DIRECTION('center_axis',(-1.,0.,0.));
#9411=DIRECTION('ref_axis',(0.,0.,1.));
#9412=DIRECTION('',(0.,0.,-1.));
#9413=DIRECTION('',(0.,0.,1.));
#9414=DIRECTION('',(0.,1.,0.));
#9415=DIRECTION('center_axis',(0.,0.,-1.));
#9416=DIRECTION('ref_axis',(-1.,-1.05140850768799E-16,0.));
#9417=DIRECTION('',(1.,1.05140850768799E-16,0.));
#9418=DIRECTION('',(-1.,-1.05140850768799E-16,0.));
#9419=DIRECTION('center_axis',(0.,1.,0.));
#9420=DIRECTION('ref_axis',(0.,0.,1.));
#9421=DIRECTION('center_axis',(-1.,0.,0.));
#9422=DIRECTION('ref_axis',(0.,0.,1.));
#9423=DIRECTION('',(0.,0.,-1.));
#9424=DIRECTION('',(0.,1.,0.));
#9425=DIRECTION('',(0.,0.,1.));
#9426=DIRECTION('',(0.,1.,0.));
#9427=DIRECTION('center_axis',(0.,0.,-1.));
#9428=DIRECTION('ref_axis',(-1.,-1.05140850768799E-16,0.));
#9429=DIRECTION('',(1.,1.05140850768799E-16,0.));
#9430=DIRECTION('',(-1.,-1.05140850768799E-16,0.));
#9431=DIRECTION('',(0.,1.,0.));
#9432=DIRECTION('center_axis',(1.,0.,0.));
#9433=DIRECTION('ref_axis',(0.,0.,-1.));
#9434=DIRECTION('',(0.,0.,1.));
#9435=DIRECTION('',(0.,0.,-1.));
#9436=DIRECTION('',(0.,1.,0.));
#9437=DIRECTION('center_axis',(4.64528462186258E-17,0.,1.));
#9438=DIRECTION('ref_axis',(1.,1.05140850768799E-16,-4.64528462186258E-17));
#9439=DIRECTION('',(-1.,-1.05140850768799E-16,4.64528462186258E-17));
#9440=DIRECTION('',(1.,1.05140850768799E-16,-4.64528462186258E-17));
#9441=DIRECTION('center_axis',(0.,1.,0.));
#9442=DIRECTION('ref_axis',(0.,0.,1.));
#9443=DIRECTION('center_axis',(1.,0.,0.));
#9444=DIRECTION('ref_axis',(0.,0.,-1.));
#9445=DIRECTION('',(0.,0.,1.));
#9446=DIRECTION('',(0.,1.,0.));
#9447=DIRECTION('',(0.,0.,-1.));
#9448=DIRECTION('',(0.,1.,0.));
#9449=DIRECTION('center_axis',(0.,0.,1.));
#9450=DIRECTION('ref_axis',(1.,1.05140850768799E-16,0.));
#9451=DIRECTION('',(-1.,-1.05140850768799E-16,0.));
#9452=DIRECTION('',(1.,1.05140850768799E-16,0.));
#9453=DIRECTION('',(0.,1.,0.));
#9454=DIRECTION('center_axis',(-1.,0.,0.));
#9455=DIRECTION('ref_axis',(0.,0.,1.));
#9456=DIRECTION('',(0.,0.,-1.));
#9457=DIRECTION('',(0.,0.,1.));
#9458=DIRECTION('',(0.,1.,0.));
#9459=DIRECTION('center_axis',(-2.96059473233375E-15,0.,-1.));
#9460=DIRECTION('ref_axis',(-1.,-1.05140850768799E-16,2.96059473233375E-15));
#9461=DIRECTION('',(1.,1.05140850768799E-16,-2.96059473233375E-15));
#9462=DIRECTION('',(-1.,-1.05140850768799E-16,2.96059473233375E-15));
#9463=DIRECTION('center_axis',(0.,1.,0.));
#9464=DIRECTION('ref_axis',(0.,0.,1.));
#9465=DIRECTION('center_axis',(0.,-0.707106781186548,-0.707106781186547));
#9466=DIRECTION('ref_axis',(-1.,0.,0.));
#9467=DIRECTION('',(0.577350269189626,0.577350269189625,-0.577350269189626));
#9468=DIRECTION('',(1.,0.,0.));
#9469=DIRECTION('',(0.577350269189626,-0.577350269189625,0.577350269189626));
#9470=DIRECTION('center_axis',(0.707106781186547,-0.707106781186548,0.));
#9471=DIRECTION('ref_axis',(0.,0.,-1.));
#9472=DIRECTION('',(0.577350269189626,0.577350269189625,0.577350269189626));
#9473=DIRECTION('',(0.,0.,1.));
#9474=DIRECTION('center_axis',(0.,-0.707106781186548,0.707106781186547));
#9475=DIRECTION('ref_axis',(1.,0.,0.));
#9476=DIRECTION('',(-0.577350269189626,0.577350269189625,0.577350269189626));
#9477=DIRECTION('',(-1.,0.,0.));
#9478=DIRECTION('center_axis',(-0.707106781186547,-0.707106781186548,0.));
#9479=DIRECTION('ref_axis',(0.,0.,1.));
#9480=DIRECTION('',(0.,0.,-1.));
#9481=DIRECTION('center_axis',(1.,0.,0.));
#9482=DIRECTION('ref_axis',(0.,0.,-1.));
#9483=DIRECTION('',(0.,1.,0.));
#9484=DIRECTION('',(0.,0.,1.));
#9485=DIRECTION('',(0.,1.,0.));
#9486=DIRECTION('center_axis',(0.,0.,1.));
#9487=DIRECTION('ref_axis',(1.,0.,0.));
#9488=DIRECTION('',(0.,1.,0.));
#9489=DIRECTION('',(-1.,-1.05140850768799E-16,0.));
#9490=DIRECTION('center_axis',(0.,-1.,0.));
#9491=DIRECTION('ref_axis',(1.,0.,0.));
#9492=DIRECTION('center_axis',(0.,1.,0.));
#9493=DIRECTION('ref_axis',(1.,0.,0.));
#9494=DIRECTION('',(0.,1.,0.));
#9495=DIRECTION('center_axis',(1.05140850768799E-16,-1.,0.));
#9496=DIRECTION('ref_axis',(1.,0.,0.));
#9497=DIRECTION('center_axis',(0.,1.,0.));
#9498=DIRECTION('ref_axis',(1.,0.,0.));
#9499=DIRECTION('',(0.,1.,0.));
#9500=DIRECTION('center_axis',(1.05140850768799E-16,-1.,0.));
#9501=DIRECTION('ref_axis',(1.,0.,0.));
#9502=DIRECTION('center_axis',(0.,1.,0.));
#9503=DIRECTION('ref_axis',(1.,0.,0.));
#9504=DIRECTION('',(0.,1.,0.));
#9505=DIRECTION('center_axis',(1.05140850768799E-16,-1.,0.));
#9506=DIRECTION('ref_axis',(1.,0.,0.));
#9507=DIRECTION('center_axis',(0.,1.,0.));
#9508=DIRECTION('ref_axis',(1.,0.,0.));
#9509=DIRECTION('',(0.,1.,0.));
#9510=DIRECTION('center_axis',(0.,1.,0.));
#9511=DIRECTION('ref_axis',(1.,0.,0.));
#9512=DIRECTION('center_axis',(0.,-1.,0.));
#9513=DIRECTION('ref_axis',(1.,0.,0.));
#9514=DIRECTION('center_axis',(0.,1.,0.));
#9515=DIRECTION('ref_axis',(1.,0.,0.));
#9516=DIRECTION('',(0.,1.,0.));
#9517=DIRECTION('center_axis',(0.,1.,0.));
#9518=DIRECTION('ref_axis',(1.,0.,0.));
#9519=DIRECTION('center_axis',(0.,-1.,0.));
#9520=DIRECTION('ref_axis',(1.,0.,0.));
#9521=DIRECTION('center_axis',(0.,1.,0.));
#9522=DIRECTION('ref_axis',(1.,0.,0.));
#9523=DIRECTION('',(0.,1.,0.));
#9524=DIRECTION('center_axis',(0.,1.,0.));
#9525=DIRECTION('ref_axis',(1.,0.,0.));
#9526=DIRECTION('center_axis',(0.,-1.,0.));
#9527=DIRECTION('ref_axis',(1.,0.,0.));
#9528=DIRECTION('center_axis',(0.,1.,0.));
#9529=DIRECTION('ref_axis',(1.,0.,0.));
#9530=DIRECTION('',(0.,1.,0.));
#9531=DIRECTION('center_axis',(0.,1.,0.));
#9532=DIRECTION('ref_axis',(1.,0.,0.));
#9533=DIRECTION('center_axis',(0.,-1.,0.));
#9534=DIRECTION('ref_axis',(1.,0.,0.));
#9535=DIRECTION('center_axis',(1.,0.,0.));
#9536=DIRECTION('ref_axis',(0.,0.,-1.));
#9537=DIRECTION('',(0.,0.,1.));
#9538=DIRECTION('',(0.,1.,0.));
#9539=DIRECTION('',(0.,1.,0.));
#9540=DIRECTION('center_axis',(0.,0.,1.));
#9541=DIRECTION('ref_axis',(1.,1.05140850768799E-16,0.));
#9542=DIRECTION('',(-1.,-1.05140850768799E-16,0.));
#9543=DIRECTION('',(0.,1.,0.));
#9544=DIRECTION('center_axis',(-1.,0.,0.));
#9545=DIRECTION('ref_axis',(0.,0.,1.));
#9546=DIRECTION('',(0.,0.,-1.));
#9547=DIRECTION('',(0.,1.,0.));
#9548=DIRECTION('center_axis',(0.,0.,-1.));
#9549=DIRECTION('ref_axis',(-1.,-1.05140850768799E-16,0.));
#9550=DIRECTION('',(1.,1.05140850768799E-16,0.));
#9551=DIRECTION('center_axis',(-1.05140850768799E-16,1.,0.));
#9552=DIRECTION('ref_axis',(-1.,-1.05140850768799E-16,0.));
#9553=DIRECTION('',(0.,0.,1.));
#9554=DIRECTION('',(-1.,-1.05140850768799E-16,0.));
#9555=DIRECTION('',(0.,0.,-1.));
#9556=DIRECTION('',(1.,1.05140850768799E-16,0.));
#9557=DIRECTION('',(0.,0.,1.));
#9558=DIRECTION('',(-1.,-1.05140850768799E-16,0.));
#9559=DIRECTION('',(0.,0.,-1.));
#9560=DIRECTION('',(1.,1.05140850768799E-16,0.));
#9561=DIRECTION('',(0.,0.,1.));
#9562=DIRECTION('',(-1.,-1.05140850768799E-16,0.));
#9563=DIRECTION('',(0.,0.,1.));
#9564=DIRECTION('',(1.,1.05140850768799E-16,0.));
#9565=DIRECTION('',(-1.,-1.05140850768799E-16,0.));
#9566=DIRECTION('',(0.,0.,-1.));
#9567=DIRECTION('',(1.,1.05140850768799E-16,0.));
#9568=DIRECTION('',(9.34924652315921E-17,9.829877334922E-33,1.));
#9569=DIRECTION('',(1.,1.05140850768799E-16,0.));
#9570=DIRECTION('',(0.,0.,1.));
#9571=DIRECTION('',(-1.,-1.05140850768799E-16,0.));
#9572=DIRECTION('',(0.,0.,-1.));
#9573=DIRECTION('',(-1.,-1.05140850768799E-16,0.));
#9574=DIRECTION('',(0.,0.,-1.));
#9575=DIRECTION('',(1.,1.05140850768799E-16,0.));
#9576=DIRECTION('',(9.34924652315921E-17,9.829877334922E-33,1.));
#9577=DIRECTION('',(-3.55271367880058E-14,-3.73535338727044E-30,1.));
#9578=DIRECTION('',(-1.,-1.05140850768799E-16,0.));
#9579=DIRECTION('',(0.,0.,1.));
#9580=DIRECTION('',(-1.,-1.05140850768799E-16,0.));
#9581=DIRECTION('',(-1.70803542250024E-16,-1.79584297464921E-32,-1.));
#9582=DIRECTION('',(1.,1.05140850768799E-16,0.));
#9583=DIRECTION('',(0.,0.,1.));
#9584=DIRECTION('',(1.,1.05140850768799E-16,-3.22973970800043E-15));
#9585=DIRECTION('',(-3.55271367880058E-14,-3.73535338727044E-30,1.));
#9586=DIRECTION('',(-1.,-1.05140850768799E-16,0.));
#9587=DIRECTION('',(0.,0.,1.));
#9588=DIRECTION('',(-1.,-1.05140850768799E-16,0.));
#9589=DIRECTION('',(-1.70803542250024E-16,-1.79584297464921E-32,-1.));
#9590=DIRECTION('',(1.,1.05140850768799E-16,0.));
#9591=DIRECTION('',(0.,0.,1.));
#9592=DIRECTION('',(1.,1.05140850768799E-16,-3.22973970800043E-15));
#9593=DIRECTION('',(1.,1.05140850768799E-16,3.55271367880055E-14));
#9594=DIRECTION('',(0.,0.,1.));
#9595=DIRECTION('',(1.,1.05140850768799E-16,0.));
#9596=DIRECTION('',(0.,0.,1.));
#9597=DIRECTION('',(-1.,-1.05140850768799E-16,0.));
#9598=DIRECTION('',(0.,0.,-1.));
#9599=DIRECTION('',(1.,1.05140850768799E-16,0.));
#9600=DIRECTION('',(-4.03717463500054E-15,-4.24471975826174E-31,-1.));
#9601=DIRECTION('',(-1.,-1.05140850768799E-16,-3.55271367880055E-14));
#9602=DIRECTION('',(0.,0.,-1.));
#9603=DIRECTION('',(-1.,-1.05140850768799E-16,0.));
#9604=DIRECTION('',(0.,0.,-1.));
#9605=DIRECTION('',(1.,1.05140850768799E-16,0.));
#9606=DIRECTION('',(0.,0.,1.));
#9607=DIRECTION('',(-1.,-1.05140850768799E-16,0.));
#9608=DIRECTION('',(4.03717463500054E-15,4.24471975826174E-31,1.));
#9609=DIRECTION('',(3.55271367880058E-14,3.73535338727044E-30,-1.));
#9610=DIRECTION('',(1.,1.05140850768799E-16,0.));
#9611=DIRECTION('',(0.,0.,-1.));
#9612=DIRECTION('',(1.,1.05140850768799E-16,0.));
#9613=DIRECTION('',(0.,0.,1.));
#9614=DIRECTION('',(-1.,-1.05140850768799E-16,0.));
#9615=DIRECTION('',(0.,0.,-1.));
#9616=DIRECTION('',(-1.,-1.05140850768799E-16,3.22973970800043E-15));
#9617=DIRECTION('',(0.,0.,-1.));
#9618=DIRECTION('',(1.,1.05140850768799E-16,3.22973970800046E-15));
#9619=DIRECTION('',(-1.77635683940024E-15,-1.86767669363517E-31,-1.));
#9620=DIRECTION('',(1.,1.05140850768799E-16,0.));
#9621=DIRECTION('',(6.83214169000096E-16,7.18337189859684E-32,1.));
#9622=DIRECTION('',(-1.,-1.05140850768799E-16,0.));
#9623=DIRECTION('',(-1.77635683940025E-15,-1.86767669363518E-31,-1.));
#9624=DIRECTION('',(-1.,-1.05140850768799E-16,3.22973970800044E-15));
#9625=DIRECTION('',(0.,0.,1.));
#9626=DIRECTION('',(-1.,-1.05140850768799E-16,-3.22973970800045E-15));
#9627=DIRECTION('',(1.77635683940024E-15,1.86767669363517E-31,1.));
#9628=DIRECTION('',(-1.,-1.05140850768799E-16,0.));
#9629=DIRECTION('',(-5.12410626750072E-16,-5.38752892394763E-32,-1.));
#9630=DIRECTION('',(1.,1.05140850768799E-16,0.));
#9631=DIRECTION('',(-8.88178419700125E-16,-9.3383834681759E-32,1.));
#9632=DIRECTION('',(1.,1.05140850768799E-16,-3.22973970800044E-15));
#9633=DIRECTION('',(0.,0.,-1.));
#9634=DIRECTION('',(1.,1.05140850768799E-16,3.22973970800046E-15));
#9635=DIRECTION('',(-1.77635683940024E-15,-1.86767669363517E-31,-1.));
#9636=DIRECTION('',(1.,1.05140850768799E-16,0.));
#9637=DIRECTION('',(6.83214169000096E-16,7.18337189859684E-32,1.));
#9638=DIRECTION('',(-1.,-1.05140850768799E-16,0.));
#9639=DIRECTION('',(-1.77635683940025E-15,-1.86767669363518E-31,-1.));
#9640=DIRECTION('',(-1.,-1.05140850768799E-16,3.22973970800044E-15));
#9641=DIRECTION('',(0.,0.,-1.));
#9642=DIRECTION('',(1.,1.05140850768799E-16,0.));
#9643=DIRECTION('',(0.,0.,-1.));
#9644=DIRECTION('',(1.,1.05140850768799E-16,0.));
#9645=DIRECTION('',(0.,0.,1.));
#9646=DIRECTION('',(-1.,-1.05140850768799E-16,0.));
#9647=DIRECTION('',(-1.,-1.05140850768799E-16,0.));
#9648=DIRECTION('',(0.,0.,-1.));
#9649=DIRECTION('',(1.,1.05140850768799E-16,0.));
#9650=DIRECTION('',(9.34924652315921E-17,9.829877334922E-33,1.));
#9651=DIRECTION('center_axis',(0.,0.,1.));
#9652=DIRECTION('ref_axis',(1.,1.05140850768799E-16,0.));
#9653=DIRECTION('',(0.,1.,0.));
#9654=DIRECTION('',(0.,1.,0.));
#9655=DIRECTION('center_axis',(-1.,0.,0.));
#9656=DIRECTION('ref_axis',(0.,0.,1.));
#9657=DIRECTION('',(0.,1.,0.));
#9658=DIRECTION('center_axis',(0.,0.,-1.));
#9659=DIRECTION('ref_axis',(-1.,-1.05140850768799E-16,0.));
#9660=DIRECTION('',(0.,1.,0.));
#9661=DIRECTION('center_axis',(1.,0.,-9.34924652315921E-17));
#9662=DIRECTION('ref_axis',(-9.34924652315921E-17,-9.829877334922E-33,-1.));
#9663=DIRECTION('center_axis',(-1.05140850768799E-16,1.,0.));
#9664=DIRECTION('ref_axis',(-1.,-1.05140850768799E-16,0.));
#9665=DIRECTION('center_axis',(0.,0.,1.));
#9666=DIRECTION('ref_axis',(1.,1.05140850768799E-16,0.));
#9667=DIRECTION('',(0.,1.,0.));
#9668=DIRECTION('',(0.,1.,0.));
#9669=DIRECTION('center_axis',(-1.,0.,0.));
#9670=DIRECTION('ref_axis',(0.,0.,1.));
#9671=DIRECTION('',(0.,1.,0.));
#9672=DIRECTION('center_axis',(0.,0.,-1.));
#9673=DIRECTION('ref_axis',(-1.,-1.05140850768799E-16,0.));
#9674=DIRECTION('',(0.,1.,0.));
#9675=DIRECTION('center_axis',(1.,0.,-9.34924652315921E-17));
#9676=DIRECTION('ref_axis',(-9.34924652315921E-17,-9.829877334922E-33,-1.));
#9677=DIRECTION('center_axis',(-1.05140850768799E-16,1.,0.));
#9678=DIRECTION('ref_axis',(-1.,-1.05140850768799E-16,0.));
#9679=DIRECTION('center_axis',(0.,0.,-1.));
#9680=DIRECTION('ref_axis',(-1.,-1.05140850768799E-16,0.));
#9681=DIRECTION('',(0.,1.,0.));
#9682=DIRECTION('',(0.,1.,0.));
#9683=DIRECTION('center_axis',(1.,0.,0.));
#9684=DIRECTION('ref_axis',(0.,0.,-1.));
#9685=DIRECTION('',(0.,1.,0.));
#9686=DIRECTION('center_axis',(0.,0.,1.));
#9687=DIRECTION('ref_axis',(1.,1.05140850768799E-16,0.));
#9688=DIRECTION('',(0.,1.,0.));
#9689=DIRECTION('center_axis',(-1.,0.,0.));
#9690=DIRECTION('ref_axis',(0.,0.,1.));
#9691=DIRECTION('center_axis',(-1.05140850768799E-16,1.,0.));
#9692=DIRECTION('ref_axis',(-1.,-1.05140850768799E-16,0.));
#9693=DIRECTION('center_axis',(-1.,0.,0.));
#9694=DIRECTION('ref_axis',(0.,0.,1.));
#9695=DIRECTION('',(0.,1.,0.));
#9696=DIRECTION('',(0.,1.,0.));
#9697=DIRECTION('center_axis',(0.,0.,-1.));
#9698=DIRECTION('ref_axis',(-1.,-1.05140850768799E-16,0.));
#9699=DIRECTION('',(0.,1.,0.));
#9700=DIRECTION('center_axis',(1.,0.,0.));
#9701=DIRECTION('ref_axis',(0.,0.,-1.));
#9702=DIRECTION('',(0.,1.,0.));
#9703=DIRECTION('center_axis',(0.,0.,1.));
#9704=DIRECTION('ref_axis',(1.,1.05140850768799E-16,0.));
#9705=DIRECTION('center_axis',(-1.05140850768799E-16,1.,0.));
#9706=DIRECTION('ref_axis',(-1.,-1.05140850768799E-16,0.));
#9707=DIRECTION('center_axis',(0.,0.,1.));
#9708=DIRECTION('ref_axis',(1.,1.05140850768799E-16,0.));
#9709=DIRECTION('',(0.,1.,0.));
#9710=DIRECTION('',(0.,1.,0.));
#9711=DIRECTION('center_axis',(-1.,0.,0.));
#9712=DIRECTION('ref_axis',(0.,0.,1.));
#9713=DIRECTION('',(0.,1.,0.));
#9714=DIRECTION('center_axis',(0.,0.,-1.));
#9715=DIRECTION('ref_axis',(-1.,-1.05140850768799E-16,0.));
#9716=DIRECTION('',(0.,1.,0.));
#9717=DIRECTION('center_axis',(1.,0.,-9.34924652315921E-17));
#9718=DIRECTION('ref_axis',(-9.34924652315921E-17,-9.829877334922E-33,-1.));
#9719=DIRECTION('center_axis',(-1.05140850768799E-16,1.,0.));
#9720=DIRECTION('ref_axis',(-1.,-1.05140850768799E-16,0.));
#9721=DIRECTION('center_axis',(0.,-1.,0.));
#9722=DIRECTION('ref_axis',(0.,0.,-1.));
#9723=DIRECTION('',(1.,0.,-5.9211894646675E-15));
#9724=DIRECTION('',(1.77635683940026E-14,1.86767669363519E-30,-1.));
#9725=DIRECTION('',(-1.,0.,0.));
#9726=DIRECTION('',(-1.77635683940024E-14,-1.86767669363517E-30,1.));
#9727=DIRECTION('center_axis',(0.,-1.,0.));
#9728=DIRECTION('ref_axis',(0.,0.,-1.));
#9729=DIRECTION('',(1.,0.,-5.9211894646675E-15));
#9730=DIRECTION('',(1.77635683940026E-14,1.86767669363519E-30,-1.));
#9731=DIRECTION('',(-1.,0.,0.));
#9732=DIRECTION('',(-1.77635683940024E-14,-1.86767669363517E-30,1.));
#9733=DIRECTION('center_axis',(0.,-1.,0.));
#9734=DIRECTION('ref_axis',(0.,0.,-1.));
#9735=DIRECTION('',(-4.44089209850063E-15,0.,-1.));
#9736=DIRECTION('',(-1.,-1.05140850768799E-16,-1.77635683940026E-14));
#9737=DIRECTION('',(0.,0.,1.));
#9738=DIRECTION('',(1.,1.05140850768799E-16,1.77635683940023E-14));
#9739=DIRECTION('center_axis',(0.,-1.,0.));
#9740=DIRECTION('ref_axis',(0.,0.,-1.));
#9741=DIRECTION('',(-2.66453525910034E-14,-2.80151504045273E-30,1.));
#9742=DIRECTION('',(1.,0.,-5.9211894646675E-15));
#9743=DIRECTION('',(1.77635683940026E-14,1.86767669363519E-30,-1.));
#9744=DIRECTION('',(-1.,0.,0.));
#9745=DIRECTION('center_axis',(0.,-1.,0.));
#9746=DIRECTION('ref_axis',(0.,0.,-1.));
#9747=DIRECTION('',(2.66453525910034E-14,2.80151504045273E-30,-1.));
#9748=DIRECTION('',(-1.,0.,5.92118946466749E-15));
#9749=DIRECTION('',(-1.33226762955019E-14,-1.40075752022639E-30,1.));
#9750=DIRECTION('',(1.,0.,0.));
#9751=DIRECTION('center_axis',(0.,-1.,0.));
#9752=DIRECTION('ref_axis',(0.,0.,-1.));
#9753=DIRECTION('',(1.,1.05140850768799E-16,1.77635683940026E-14));
#9754=DIRECTION('',(0.,0.,-1.));
#9755=DIRECTION('',(-1.,-1.05140850768799E-16,-1.77635683940023E-14));
#9756=DIRECTION('',(4.44089209850063E-15,0.,1.));
#9757=DIRECTION('center_axis',(0.,-1.,0.));
#9758=DIRECTION('ref_axis',(0.,0.,-1.));
#9759=DIRECTION('',(-1.,0.,2.96059473233375E-15));
#9760=DIRECTION('',(-1.77635683940026E-14,-1.86767669363519E-30,1.));
#9761=DIRECTION('',(1.,0.,0.));
#9762=DIRECTION('',(1.77635683940023E-14,1.86767669363515E-30,-1.));
#9763=DIRECTION('center_axis',(0.,-1.,0.));
#9764=DIRECTION('ref_axis',(0.,0.,-1.));
#9765=DIRECTION('',(-1.,0.,5.92118946466749E-15));
#9766=DIRECTION('',(-1.33226762955019E-14,-1.40075752022639E-30,1.));
#9767=DIRECTION('',(1.,0.,0.));
#9768=DIRECTION('',(2.66453525910034E-14,2.80151504045273E-30,-1.));
#9769=DIRECTION('center_axis',(5.9211894646675E-15,0.,1.));
#9770=DIRECTION('ref_axis',(1.,0.,-5.9211894646675E-15));
#9771=DIRECTION('',(0.,1.,0.));
#9772=DIRECTION('',(0.,1.,0.));
#9773=DIRECTION('center_axis',(5.9211894646675E-15,0.,1.));
#9774=DIRECTION('ref_axis',(1.,0.,-5.9211894646675E-15));
#9775=DIRECTION('',(0.,1.,0.));
#9776=DIRECTION('',(0.,1.,0.));
#9777=DIRECTION('center_axis',(1.,0.,-4.44089209850063E-15));
#9778=DIRECTION('ref_axis',(-4.44089209850063E-15,0.,-1.));
#9779=DIRECTION('',(0.,1.,0.));
#9780=DIRECTION('',(0.,1.,0.));
#9781=DIRECTION('center_axis',(5.9211894646675E-15,0.,1.));
#9782=DIRECTION('ref_axis',(1.,0.,-5.9211894646675E-15));
#9783=DIRECTION('',(0.,1.,0.));
#9784=DIRECTION('',(0.,1.,0.));
#9785=DIRECTION('center_axis',(-5.92118946466749E-15,0.,-1.));
#9786=DIRECTION('ref_axis',(-1.,0.,5.92118946466749E-15));
#9787=DIRECTION('',(0.,1.,0.));
#9788=DIRECTION('',(0.,1.,0.));
#9789=DIRECTION('center_axis',(1.,0.,0.));
#9790=DIRECTION('ref_axis',(0.,0.,-1.));
#9791=DIRECTION('',(0.,1.,0.));
#9792=DIRECTION('',(0.,1.,0.));
#9793=DIRECTION('center_axis',(-2.96059473233375E-15,0.,-1.));
#9794=DIRECTION('ref_axis',(-1.,0.,2.96059473233375E-15));
#9795=DIRECTION('',(0.,1.,0.));
#9796=DIRECTION('',(0.,1.,0.));
#9797=DIRECTION('center_axis',(-5.92118946466749E-15,0.,-1.));
#9798=DIRECTION('ref_axis',(-1.,0.,5.92118946466749E-15));
#9799=DIRECTION('',(0.,1.,0.));
#9800=DIRECTION('',(0.,1.,0.));
#9801=DIRECTION('center_axis',(-1.05140850768799E-16,1.,0.));
#9802=DIRECTION('ref_axis',(-1.,-1.05140850768799E-16,0.));
#9803=DIRECTION('center_axis',(-1.05140850768799E-16,1.,0.));
#9804=DIRECTION('ref_axis',(-1.,-1.05140850768799E-16,0.));
#9805=DIRECTION('',(0.,0.,1.));
#9806=DIRECTION('',(1.,1.05140850768799E-16,0.));
#9807=DIRECTION('',(-7.40148683083437E-16,-7.78198622347991E-32,-1.));
#9808=DIRECTION('',(-1.,-1.05140850768799E-16,-1.77635683940025E-15));
#9809=DIRECTION('center_axis',(-1.05140850768799E-16,1.,0.));
#9810=DIRECTION('ref_axis',(-1.,-1.05140850768799E-16,0.));
#9811=DIRECTION('',(-1.77635683940026E-14,-1.86767669363519E-30,1.));
#9812=DIRECTION('',(1.,1.05140850768799E-16,0.));
#9813=DIRECTION('',(0.,0.,-1.));
#9814=DIRECTION('',(-1.,-1.05140850768799E-16,0.));
#9815=DIRECTION('center_axis',(-1.05140850768799E-16,1.,0.));
#9816=DIRECTION('ref_axis',(-1.,-1.05140850768799E-16,0.));
#9817=DIRECTION('',(1.,1.05140850768799E-16,0.));
#9818=DIRECTION('',(0.,0.,-1.));
#9819=DIRECTION('',(-1.,-1.05140850768799E-16,0.));
#9820=DIRECTION('',(0.,0.,1.));
#9821=DIRECTION('center_axis',(-1.05140850768799E-16,1.,0.));
#9822=DIRECTION('ref_axis',(-1.,-1.05140850768799E-16,0.));
#9823=DIRECTION('',(0.,0.,1.));
#9824=DIRECTION('',(1.,1.05140850768799E-16,0.));
#9825=DIRECTION('',(-7.40148683083437E-16,-7.78198622347991E-32,-1.));
#9826=DIRECTION('',(-1.,-1.05140850768799E-16,-1.77635683940025E-15));
#9827=DIRECTION('center_axis',(-1.05140850768799E-16,1.,0.));
#9828=DIRECTION('ref_axis',(-1.,-1.05140850768799E-16,0.));
#9829=DIRECTION('',(-8.88178419700119E-16,-9.33838346817584E-32,-1.));
#9830=DIRECTION('',(-1.,-1.05140850768799E-16,0.));
#9831=DIRECTION('',(-3.70074341541718E-16,-3.89099311173996E-32,1.));
#9832=DIRECTION('',(1.,1.05140850768799E-16,1.77635683940025E-15));
#9833=DIRECTION('center_axis',(-1.05140850768799E-16,1.,0.));
#9834=DIRECTION('ref_axis',(-1.,-1.05140850768799E-16,0.));
#9835=DIRECTION('',(-1.,-1.05140850768799E-16,-1.77635683940026E-14));
#9836=DIRECTION('',(0.,0.,1.));
#9837=DIRECTION('',(1.,1.05140850768799E-16,0.));
#9838=DIRECTION('',(0.,0.,-1.));
#9839=DIRECTION('center_axis',(-1.05140850768799E-16,1.,0.));
#9840=DIRECTION('ref_axis',(-1.,-1.05140850768799E-16,0.));
#9841=DIRECTION('',(1.77635683940026E-14,1.86767669363519E-30,-1.));
#9842=DIRECTION('',(-1.,-1.05140850768799E-16,0.));
#9843=DIRECTION('',(1.8503717077086E-16,1.94549655586998E-32,1.));
#9844=DIRECTION('',(1.,1.05140850768799E-16,0.));
#9845=DIRECTION('center_axis',(-1.05140850768799E-16,1.,0.));
#9846=DIRECTION('ref_axis',(-1.,-1.05140850768799E-16,0.));
#9847=DIRECTION('',(0.,0.,-1.));
#9848=DIRECTION('',(-1.,-1.05140850768799E-16,0.));
#9849=DIRECTION('',(1.8503717077086E-16,1.94549655586998E-32,1.));
#9850=DIRECTION('',(1.,1.05140850768799E-16,0.));
#9851=DIRECTION('center_axis',(1.,0.,0.));
#9852=DIRECTION('ref_axis',(0.,0.,-1.));
#9853=DIRECTION('',(0.,1.,0.));
#9854=DIRECTION('',(0.,1.,0.));
#9855=DIRECTION('center_axis',(-3.22973970800043E-15,0.,-1.));
#9856=DIRECTION('ref_axis',(-1.,0.,3.22973970800043E-15));
#9857=DIRECTION('',(0.,1.,0.));
#9858=DIRECTION('center_axis',(0.,0.,1.));
#9859=DIRECTION('ref_axis',(1.,0.,0.));
#9860=DIRECTION('',(0.,1.,0.));
#9861=DIRECTION('',(0.,1.,0.));
#9862=DIRECTION('center_axis',(1.,0.,-1.8503717077086E-16));
#9863=DIRECTION('ref_axis',(-1.8503717077086E-16,0.,-1.));
#9864=DIRECTION('',(0.,1.,0.));
#9865=DIRECTION('center_axis',(0.,0.,-1.));
#9866=DIRECTION('ref_axis',(-1.,0.,0.));
#9867=DIRECTION('',(0.,1.,0.));
#9868=DIRECTION('center_axis',(-1.,0.,0.));
#9869=DIRECTION('ref_axis',(0.,0.,1.));
#9870=DIRECTION('',(0.,1.,0.));
#9871=DIRECTION('center_axis',(0.,0.,-1.));
#9872=DIRECTION('ref_axis',(-1.,0.,0.));
#9873=DIRECTION('',(0.,1.,0.));
#9874=DIRECTION('center_axis',(1.,0.,0.));
#9875=DIRECTION('ref_axis',(0.,0.,-1.));
#9876=DIRECTION('',(0.,1.,0.));
#9877=DIRECTION('center_axis',(0.,0.,1.));
#9878=DIRECTION('ref_axis',(1.,0.,0.));
#9879=DIRECTION('',(0.,1.,0.));
#9880=DIRECTION('center_axis',(1.,0.,0.));
#9881=DIRECTION('ref_axis',(0.,0.,-1.));
#9882=DIRECTION('',(0.,1.,0.));
#9883=DIRECTION('center_axis',(0.,0.,1.));
#9884=DIRECTION('ref_axis',(1.,0.,0.));
#9885=DIRECTION('',(0.,1.,0.));
#9886=DIRECTION('center_axis',(-1.,0.,1.70803542250024E-16));
#9887=DIRECTION('ref_axis',(1.70803542250024E-16,0.,1.));
#9888=DIRECTION('',(0.,1.,0.));
#9889=DIRECTION('center_axis',(0.,0.,-1.));
#9890=DIRECTION('ref_axis',(-1.,0.,0.));
#9891=DIRECTION('center_axis',(0.,0.,1.));
#9892=DIRECTION('ref_axis',(1.,0.,0.));
#9893=DIRECTION('',(0.,1.,0.));
#9894=DIRECTION('',(0.,1.,0.));
#9895=DIRECTION('center_axis',(1.,0.,-4.03717463500054E-15));
#9896=DIRECTION('ref_axis',(-4.03717463500054E-15,0.,-1.));
#9897=DIRECTION('',(0.,1.,0.));
#9898=DIRECTION('center_axis',(-1.,0.,4.44089209850063E-15));
#9899=DIRECTION('ref_axis',(4.44089209850063E-15,0.,1.));
#9900=DIRECTION('',(0.,1.,0.));
#9901=DIRECTION('',(0.,1.,0.));
#9902=DIRECTION('center_axis',(-1.,0.,0.));
#9903=DIRECTION('ref_axis',(0.,0.,1.));
#9904=DIRECTION('',(0.,1.,0.));
#9905=DIRECTION('',(0.,1.,0.));
#9906=DIRECTION('center_axis',(0.,0.,1.));
#9907=DIRECTION('ref_axis',(1.,0.,0.));
#9908=DIRECTION('',(0.,1.,0.));
#9909=DIRECTION('center_axis',(1.,0.,0.));
#9910=DIRECTION('ref_axis',(0.,0.,-1.));
#9911=DIRECTION('',(0.,1.,0.));
#9912=DIRECTION('center_axis',(0.,0.,-1.));
#9913=DIRECTION('ref_axis',(-1.,0.,0.));
#9914=DIRECTION('center_axis',(0.,0.,1.));
#9915=DIRECTION('ref_axis',(1.,0.,0.));
#9916=DIRECTION('',(0.,1.,0.));
#9917=DIRECTION('center_axis',(-1.,0.,0.));
#9918=DIRECTION('ref_axis',(0.,0.,1.));
#9919=DIRECTION('',(0.,1.,0.));
#9920=DIRECTION('center_axis',(0.,0.,1.));
#9921=DIRECTION('ref_axis',(1.,0.,0.));
#9922=DIRECTION('',(0.,1.,0.));
#9923=DIRECTION('center_axis',(-1.,0.,0.));
#9924=DIRECTION('ref_axis',(0.,0.,1.));
#9925=DIRECTION('',(0.,1.,0.));
#9926=DIRECTION('center_axis',(0.,0.,-1.));
#9927=DIRECTION('ref_axis',(-1.,0.,0.));
#9928=DIRECTION('',(0.,1.,0.));
#9929=DIRECTION('center_axis',(1.,0.,0.));
#9930=DIRECTION('ref_axis',(0.,0.,-1.));
#9931=DIRECTION('center_axis',(-3.22973970800043E-15,0.,-1.));
#9932=DIRECTION('ref_axis',(-1.,0.,3.22973970800043E-15));
#9933=DIRECTION('',(0.,1.,0.));
#9934=DIRECTION('',(0.,1.,0.));
#9935=DIRECTION('center_axis',(0.,0.,1.));
#9936=DIRECTION('ref_axis',(1.,0.,0.));
#9937=DIRECTION('',(0.,1.,0.));
#9938=DIRECTION('',(0.,1.,0.));
#9939=DIRECTION('center_axis',(1.,0.,-1.8503717077086E-16));
#9940=DIRECTION('ref_axis',(-1.8503717077086E-16,0.,-1.));
#9941=DIRECTION('',(0.,1.,0.));
#9942=DIRECTION('center_axis',(0.,0.,-1.));
#9943=DIRECTION('ref_axis',(-1.,0.,0.));
#9944=DIRECTION('',(0.,1.,0.));
#9945=DIRECTION('center_axis',(-1.,0.,0.));
#9946=DIRECTION('ref_axis',(0.,0.,1.));
#9947=DIRECTION('',(0.,1.,0.));
#9948=DIRECTION('center_axis',(0.,0.,-1.));
#9949=DIRECTION('ref_axis',(-1.,0.,0.));
#9950=DIRECTION('',(0.,1.,0.));
#9951=DIRECTION('center_axis',(1.,0.,0.));
#9952=DIRECTION('ref_axis',(0.,0.,-1.));
#9953=DIRECTION('',(0.,1.,0.));
#9954=DIRECTION('center_axis',(0.,0.,1.));
#9955=DIRECTION('ref_axis',(1.,0.,0.));
#9956=DIRECTION('',(0.,1.,0.));
#9957=DIRECTION('center_axis',(1.,0.,0.));
#9958=DIRECTION('ref_axis',(0.,0.,-1.));
#9959=DIRECTION('',(0.,1.,0.));
#9960=DIRECTION('center_axis',(0.,0.,1.));
#9961=DIRECTION('ref_axis',(1.,0.,0.));
#9962=DIRECTION('',(0.,1.,0.));
#9963=DIRECTION('center_axis',(-1.,0.,1.70803542250024E-16));
#9964=DIRECTION('ref_axis',(1.70803542250024E-16,0.,1.));
#9965=DIRECTION('',(0.,1.,0.));
#9966=DIRECTION('center_axis',(0.,0.,-1.));
#9967=DIRECTION('ref_axis',(-1.,0.,0.));
#9968=DIRECTION('',(0.,1.,0.));
#9969=DIRECTION('center_axis',(1.,0.,0.));
#9970=DIRECTION('ref_axis',(0.,0.,-1.));
#9971=DIRECTION('center_axis',(1.,0.,8.88178419700125E-16));
#9972=DIRECTION('ref_axis',(8.88178419700125E-16,0.,-1.));
#9973=DIRECTION('',(0.,1.,0.));
#9974=DIRECTION('',(0.,1.,0.));
#9975=DIRECTION('center_axis',(-3.22973970800044E-15,0.,-1.));
#9976=DIRECTION('ref_axis',(-1.,0.,3.22973970800044E-15));
#9977=DIRECTION('',(0.,1.,0.));
#9978=DIRECTION('center_axis',(1.,0.,0.));
#9979=DIRECTION('ref_axis',(0.,0.,-1.));
#9980=DIRECTION('',(0.,1.,0.));
#9981=DIRECTION('',(0.,1.,0.));
#9982=DIRECTION('center_axis',(-1.,0.,7.105427357601E-15));
#9983=DIRECTION('ref_axis',(7.105427357601E-15,0.,1.));
#9984=DIRECTION('',(0.,1.,0.));
#9985=DIRECTION('',(0.,1.,0.));
#9986=DIRECTION('',(0.,1.,0.));
#9987=DIRECTION('center_axis',(0.,0.,1.));
#9988=DIRECTION('ref_axis',(1.,0.,0.));
#9989=DIRECTION('',(0.,1.,0.));
#9990=DIRECTION('center_axis',(1.,0.,3.70074341541719E-16));
#9991=DIRECTION('ref_axis',(3.70074341541718E-16,0.,-1.));
#9992=DIRECTION('',(0.,1.,0.));
#9993=DIRECTION('center_axis',(1.77635683940025E-15,0.,-1.));
#9994=DIRECTION('ref_axis',(-1.,0.,-1.77635683940025E-15));
#9995=DIRECTION('center_axis',(0.,0.,-1.));
#9996=DIRECTION('ref_axis',(-1.,0.,0.));
#9997=DIRECTION('center_axis',(-3.22973970800045E-15,0.,1.));
#9998=DIRECTION('ref_axis',(1.,0.,3.22973970800045E-15));
#9999=DIRECTION('',(0.,1.,0.));
#10000=DIRECTION('center_axis',(1.,0.,-1.77635683940024E-15));
#10001=DIRECTION('ref_axis',(-1.77635683940024E-15,0.,-1.));
#10002=DIRECTION('',(0.,1.,0.));
#10003=DIRECTION('center_axis',(0.,0.,1.));
#10004=DIRECTION('ref_axis',(1.,0.,0.));
#10005=DIRECTION('',(0.,1.,0.));
#10006=DIRECTION('center_axis',(-1.,0.,5.12410626750072E-16));
#10007=DIRECTION('ref_axis',(5.12410626750072E-16,0.,1.));
#10008=DIRECTION('',(0.,1.,0.));
#10009=DIRECTION('center_axis',(0.,0.,-1.));
#10010=DIRECTION('ref_axis',(-1.,0.,0.));
#10011=DIRECTION('center_axis',(-1.,0.,1.77635683940025E-15));
#10012=DIRECTION('ref_axis',(1.77635683940025E-15,0.,1.));
#10013=DIRECTION('',(0.,1.,0.));
#10014=DIRECTION('',(0.,1.,0.));
#10015=DIRECTION('center_axis',(3.22973970800044E-15,0.,1.));
#10016=DIRECTION('ref_axis',(1.,0.,-3.22973970800044E-15));
#10017=DIRECTION('',(0.,1.,0.));
#10018=DIRECTION('center_axis',(-1.,0.,0.));
#10019=DIRECTION('ref_axis',(0.,0.,1.));
#10020=DIRECTION('',(0.,1.,0.));
#10021=DIRECTION('',(0.,1.,0.));
#10022=DIRECTION('center_axis',(1.,0.,-5.32907051820075E-15));
#10023=DIRECTION('ref_axis',(-5.32907051820075E-15,0.,-1.));
#10024=DIRECTION('',(0.,1.,0.));
#10025=DIRECTION('',(0.,1.,0.));
#10026=DIRECTION('',(0.,1.,0.));
#10027=DIRECTION('center_axis',(0.,0.,-1.));
#10028=DIRECTION('ref_axis',(-1.,0.,0.));
#10029=DIRECTION('',(0.,1.,0.));
#10030=DIRECTION('center_axis',(-1.,0.,7.40148683083437E-16));
#10031=DIRECTION('ref_axis',(7.40148683083437E-16,0.,1.));
#10032=DIRECTION('',(0.,1.,0.));
#10033=DIRECTION('center_axis',(-1.77635683940025E-15,0.,1.));
#10034=DIRECTION('ref_axis',(1.,0.,1.77635683940025E-15));
#10035=DIRECTION('center_axis',(0.,0.,1.));
#10036=DIRECTION('ref_axis',(1.,0.,0.));
#10037=DIRECTION('center_axis',(3.22973970800046E-15,0.,-1.));
#10038=DIRECTION('ref_axis',(-1.,0.,-3.22973970800046E-15));
#10039=DIRECTION('',(0.,1.,0.));
#10040=DIRECTION('center_axis',(-1.,0.,1.77635683940024E-15));
#10041=DIRECTION('ref_axis',(1.77635683940024E-15,0.,1.));
#10042=DIRECTION('',(0.,1.,0.));
#10043=DIRECTION('center_axis',(0.,0.,-1.));
#10044=DIRECTION('ref_axis',(-1.,0.,0.));
#10045=DIRECTION('',(0.,1.,0.));
#10046=DIRECTION('center_axis',(1.,0.,-6.83214169000096E-16));
#10047=DIRECTION('ref_axis',(-6.83214169000096E-16,0.,-1.));
#10048=DIRECTION('',(0.,1.,0.));
#10049=DIRECTION('center_axis',(0.,0.,1.));
#10050=DIRECTION('ref_axis',(1.,0.,0.));
#10051=DIRECTION('center_axis',(3.22973970800043E-15,0.,1.));
#10052=DIRECTION('ref_axis',(1.,0.,-3.22973970800043E-15));
#10053=DIRECTION('',(0.,1.,0.));
#10054=DIRECTION('',(0.,1.,0.));
#10055=DIRECTION('center_axis',(0.,0.,-1.));
#10056=DIRECTION('ref_axis',(-1.,0.,0.));
#10057=DIRECTION('',(0.,1.,0.));
#10058=DIRECTION('',(0.,1.,0.));
#10059=DIRECTION('center_axis',(-1.,0.,0.));
#10060=DIRECTION('ref_axis',(0.,0.,1.));
#10061=DIRECTION('',(0.,1.,0.));
#10062=DIRECTION('center_axis',(0.,0.,1.));
#10063=DIRECTION('ref_axis',(1.,0.,0.));
#10064=DIRECTION('',(0.,1.,0.));
#10065=DIRECTION('center_axis',(1.,0.,0.));
#10066=DIRECTION('ref_axis',(0.,0.,-1.));
#10067=DIRECTION('',(0.,1.,0.));
#10068=DIRECTION('center_axis',(0.,0.,1.));
#10069=DIRECTION('ref_axis',(1.,0.,0.));
#10070=DIRECTION('',(0.,1.,0.));
#10071=DIRECTION('center_axis',(-1.,0.,0.));
#10072=DIRECTION('ref_axis',(0.,0.,1.));
#10073=DIRECTION('',(0.,1.,0.));
#10074=DIRECTION('center_axis',(0.,0.,-1.));
#10075=DIRECTION('ref_axis',(-1.,0.,0.));
#10076=DIRECTION('',(0.,1.,0.));
#10077=DIRECTION('center_axis',(-1.,0.,0.));
#10078=DIRECTION('ref_axis',(0.,0.,1.));
#10079=DIRECTION('',(0.,1.,0.));
#10080=DIRECTION('center_axis',(0.,0.,-1.));
#10081=DIRECTION('ref_axis',(-1.,0.,0.));
#10082=DIRECTION('',(0.,1.,0.));
#10083=DIRECTION('center_axis',(1.,0.,0.));
#10084=DIRECTION('ref_axis',(0.,0.,-1.));
#10085=DIRECTION('',(0.,1.,0.));
#10086=DIRECTION('center_axis',(0.,0.,1.));
#10087=DIRECTION('ref_axis',(1.,0.,0.));
#10088=DIRECTION('',(0.,1.,0.));
#10089=DIRECTION('center_axis',(-1.,0.,0.));
#10090=DIRECTION('ref_axis',(0.,0.,1.));
#10091=DIRECTION('center_axis',(-1.,0.,4.03717463500054E-15));
#10092=DIRECTION('ref_axis',(4.03717463500054E-15,0.,1.));
#10093=DIRECTION('',(0.,1.,0.));
#10094=DIRECTION('',(0.,1.,0.));
#10095=DIRECTION('center_axis',(1.,0.,0.));
#10096=DIRECTION('ref_axis',(0.,0.,-1.));
#10097=DIRECTION('',(0.,1.,0.));
#10098=DIRECTION('',(0.,1.,0.));
#10099=DIRECTION('center_axis',(0.,0.,-1.));
#10100=DIRECTION('ref_axis',(-1.,0.,0.));
#10101=DIRECTION('',(0.,1.,0.));
#10102=DIRECTION('center_axis',(-1.,0.,0.));
#10103=DIRECTION('ref_axis',(0.,0.,1.));
#10104=DIRECTION('',(0.,1.,0.));
#10105=DIRECTION('center_axis',(0.,0.,1.));
#10106=DIRECTION('ref_axis',(1.,0.,0.));
#10107=DIRECTION('',(0.,1.,0.));
#10108=DIRECTION('center_axis',(-1.,0.,0.));
#10109=DIRECTION('ref_axis',(0.,0.,1.));
#10110=DIRECTION('',(0.,1.,0.));
#10111=DIRECTION('center_axis',(0.,0.,-1.));
#10112=DIRECTION('ref_axis',(-1.,0.,0.));
#10113=DIRECTION('',(0.,1.,0.));
#10114=DIRECTION('center_axis',(1.,0.,0.));
#10115=DIRECTION('ref_axis',(0.,0.,-1.));
#10116=DIRECTION('',(0.,1.,0.));
#10117=DIRECTION('center_axis',(0.,0.,-1.));
#10118=DIRECTION('ref_axis',(-1.,0.,0.));
#10119=DIRECTION('',(0.,1.,0.));
#10120=DIRECTION('center_axis',(1.,0.,0.));
#10121=DIRECTION('ref_axis',(0.,0.,-1.));
#10122=DIRECTION('',(0.,1.,0.));
#10123=DIRECTION('center_axis',(0.,0.,1.));
#10124=DIRECTION('ref_axis',(1.,0.,0.));
#10125=DIRECTION('',(0.,1.,0.));
#10126=DIRECTION('center_axis',(-1.,0.,0.));
#10127=DIRECTION('ref_axis',(0.,0.,1.));
#10128=DIRECTION('',(0.,1.,0.));
#10129=DIRECTION('center_axis',(0.,0.,-1.));
#10130=DIRECTION('ref_axis',(-1.,0.,0.));
#10131=DIRECTION('center_axis',(-1.,0.,1.77635683940025E-15));
#10132=DIRECTION('ref_axis',(1.77635683940025E-15,0.,1.));
#10133=DIRECTION('',(0.,1.,0.));
#10134=DIRECTION('',(0.,1.,0.));
#10135=DIRECTION('center_axis',(3.22973970800044E-15,0.,1.));
#10136=DIRECTION('ref_axis',(1.,0.,-3.22973970800044E-15));
#10137=DIRECTION('',(0.,1.,0.));
#10138=DIRECTION('center_axis',(0.,0.,-1.));
#10139=DIRECTION('ref_axis',(-1.,0.,0.));
#10140=DIRECTION('',(0.,1.,0.));
#10141=DIRECTION('',(0.,1.,0.));
#10142=DIRECTION('center_axis',(-1.,0.,7.40148683083437E-16));
#10143=DIRECTION('ref_axis',(7.40148683083437E-16,0.,1.));
#10144=DIRECTION('',(0.,1.,0.));
#10145=DIRECTION('center_axis',(-1.77635683940025E-15,0.,1.));
#10146=DIRECTION('ref_axis',(1.,0.,1.77635683940025E-15));
#10147=DIRECTION('',(0.,1.,0.));
#10148=DIRECTION('center_axis',(1.,0.,0.));
#10149=DIRECTION('ref_axis',(0.,0.,-1.));
#10150=DIRECTION('',(0.,1.,0.));
#10151=DIRECTION('center_axis',(0.,0.,1.));
#10152=DIRECTION('ref_axis',(1.,0.,0.));
#10153=DIRECTION('',(0.,1.,0.));
#10154=DIRECTION('center_axis',(-1.,0.,4.44089209850056E-14));
#10155=DIRECTION('ref_axis',(4.44089209850056E-14,0.,1.));
#10156=DIRECTION('',(0.,1.,0.));
#10157=DIRECTION('center_axis',(3.22973970800046E-15,0.,-1.));
#10158=DIRECTION('ref_axis',(-1.,0.,-3.22973970800046E-15));
#10159=DIRECTION('',(0.,1.,0.));
#10160=DIRECTION('center_axis',(-1.,0.,1.77635683940024E-15));
#10161=DIRECTION('ref_axis',(1.77635683940024E-15,0.,1.));
#10162=DIRECTION('',(0.,1.,0.));
#10163=DIRECTION('center_axis',(0.,0.,-1.));
#10164=DIRECTION('ref_axis',(-1.,0.,0.));
#10165=DIRECTION('',(0.,1.,0.));
#10166=DIRECTION('center_axis',(1.,0.,-6.83214169000096E-16));
#10167=DIRECTION('ref_axis',(-6.83214169000096E-16,0.,-1.));
#10168=DIRECTION('',(0.,1.,0.));
#10169=DIRECTION('center_axis',(0.,0.,1.));
#10170=DIRECTION('ref_axis',(1.,0.,0.));
#10171=DIRECTION('center_axis',(0.,0.,-1.));
#10172=DIRECTION('ref_axis',(-1.,0.,0.));
#10173=DIRECTION('',(0.,1.,0.));
#10174=DIRECTION('center_axis',(-1.,0.,0.));
#10175=DIRECTION('ref_axis',(0.,0.,1.));
#10176=DIRECTION('center_axis',(1.,0.,0.));
#10177=DIRECTION('ref_axis',(0.,-1.,0.));
#10178=DIRECTION('',(0.,1.,0.));
#10179=DIRECTION('',(0.,-1.,0.));
#10180=DIRECTION('center_axis',(0.,0.,-1.));
#10181=DIRECTION('ref_axis',(-1.,0.,0.));
#10182=DIRECTION('',(0.766044443118978,-0.642787609686539,0.));
#10183=DIRECTION('center_axis',(0.,0.,1.));
#10184=DIRECTION('ref_axis',(1.,0.,0.));
#10185=DIRECTION('',(0.766044443118978,-0.642787609686539,0.));
#10186=DIRECTION('',(0.642787609686538,0.766044443118979,0.));
#10187=DIRECTION('center_axis',(0.642787609686539,0.766044443118978,0.));
#10188=DIRECTION('ref_axis',(-0.766044443118978,0.642787609686539,0.));
#10189=DIRECTION('',(-0.766044443118978,0.642787609686539,0.));
#10190=DIRECTION('center_axis',(-1.,0.,0.));
#10191=DIRECTION('ref_axis',(0.,1.,0.));
#10192=DIRECTION('',(0.,-1.,0.));
#10193=DIRECTION('',(0.,1.,0.));
#10194=DIRECTION('center_axis',(0.,0.,-1.));
#10195=DIRECTION('ref_axis',(-1.,0.,0.));
#10196=DIRECTION('',(0.642787609686538,0.766044443118979,0.));
#10197=DIRECTION('center_axis',(-0.766044443118979,0.642787609686539,0.));
#10198=DIRECTION('ref_axis',(-0.642787609686538,-0.766044443118979,0.));
#10199=DIRECTION('',(-0.642787609686538,-0.766044443118979,0.));
#10200=DIRECTION('center_axis',(1.,0.,0.));
#10201=DIRECTION('ref_axis',(0.,1.,0.));
#10202=DIRECTION('',(0.,-1.,0.));
#10203=DIRECTION('',(0.,1.,0.));
#10204=DIRECTION('center_axis',(0.,0.,1.));
#10205=DIRECTION('ref_axis',(1.,0.,0.));
#10206=DIRECTION('center_axis',(0.,0.,1.));
#10207=DIRECTION('ref_axis',(1.,0.,0.));
#10208=DIRECTION('',(0.642787609686538,0.766044443118979,0.));
#10209=DIRECTION('',(0.766044443118978,-0.642787609686539,0.));
#10210=DIRECTION('center_axis',(-1.,0.,0.));
#10211=DIRECTION('ref_axis',(0.,-1.,0.));
#10212=DIRECTION('',(0.,1.,0.));
#10213=DIRECTION('',(0.,-1.,0.));
#10214=DIRECTION('center_axis',(0.,0.,1.));
#10215=DIRECTION('ref_axis',(1.,0.,0.));
#10216=DIRECTION('center_axis',(0.,0.,1.));
#10217=DIRECTION('ref_axis',(1.,0.,0.));
#10218=DIRECTION('center_axis',(0.,0.,1.));
#10219=DIRECTION('ref_axis',(1.,0.,0.));
#10220=DIRECTION('center_axis',(0.766044443118979,-0.642787609686539,0.));
#10221=DIRECTION('ref_axis',(0.642787609686538,0.766044443118979,0.));
#10222=DIRECTION('center_axis',(-0.642787609686539,-0.766044443118978,0.));
#10223=DIRECTION('ref_axis',(0.766044443118978,-0.642787609686539,0.));
#10224=CARTESIAN_POINT('',(0.,0.,0.));
#10225=CARTESIAN_POINT('Origin',(8.9344678367909,9.7,174.));
#10226=CARTESIAN_POINT('',(6.4844678367909,10.,174.));
#10227=CARTESIAN_POINT('Origin',(8.9344678367909,10.,174.));
#10228=CARTESIAN_POINT('',(7.0844678367909,9.4,174.));
#10229=CARTESIAN_POINT('',(6.7844678367909,9.7,174.));
#10230=CARTESIAN_POINT('Origin',(8.9344678367909,9.4,174.));
#10231=CARTESIAN_POINT('Origin',(75.3254641485637,10.,0.));
#10232=CARTESIAN_POINT('',(75.3254641485637,10.,180.));
#10233=CARTESIAN_POINT('',(-6.9175358514363,10.,180.));
#10234=CARTESIAN_POINT('',(54.7647141485637,10.,180.));
#10235=CARTESIAN_POINT('',(75.3254641485637,10.,0.));
#10236=CARTESIAN_POINT('',(75.3254641485637,10.,0.));
#10237=CARTESIAN_POINT('',(-6.9175358514363,10.,0.));
#10238=CARTESIAN_POINT('',(75.3254641485637,10.,0.));
#10239=CARTESIAN_POINT('',(-6.9175358514363,10.,0.));
#10240=CARTESIAN_POINT('',(6.4844678367909,10.,6.));
#10241=CARTESIAN_POINT('Origin',(8.9344678367909,10.,6.));
#10242=CARTESIAN_POINT('',(60.4844678367909,10.,174.));
#10243=CARTESIAN_POINT('Origin',(62.9344678367909,10.,174.));
#10244=CARTESIAN_POINT('',(15.0824641485637,10.,178.));
#10245=CARTESIAN_POINT('',(15.0824641485637,10.,168.));
#10246=CARTESIAN_POINT('',(15.0824641485637,10.,180.));
#10247=CARTESIAN_POINT('',(-5.0506672592038,10.,168.));
#10248=CARTESIAN_POINT('',(24.7183091098221,10.,168.));
#10249=CARTESIAN_POINT('',(-5.0506672592038,10.,12.));
#10250=CARTESIAN_POINT('',(-5.0506672592038,10.,2.));
#10251=CARTESIAN_POINT('',(15.0824641485637,10.,12.));
#10252=CARTESIAN_POINT('',(75.3254641485637,10.,12.));
#10253=CARTESIAN_POINT('',(15.0824641485637,10.,2.));
#10254=CARTESIAN_POINT('',(15.0824641485637,10.,0.));
#10255=CARTESIAN_POINT('',(56.8254641485637,10.,2.));
#10256=CARTESIAN_POINT('',(75.3254641485637,10.,2.));
#10257=CARTESIAN_POINT('',(56.8254641485637,10.,12.));
#10258=CARTESIAN_POINT('',(56.8254641485637,10.,0.));
#10259=CARTESIAN_POINT('',(73.758975401365,10.,12.));
#10260=CARTESIAN_POINT('',(75.3254641485637,10.,12.));
#10261=CARTESIAN_POINT('',(73.758975401365,10.,168.));
#10262=CARTESIAN_POINT('',(73.758975401365,10.,2.));
#10263=CARTESIAN_POINT('',(56.8254641485637,10.,168.));
#10264=CARTESIAN_POINT('',(54.0565647362228,10.,168.));
#10265=CARTESIAN_POINT('',(56.8254641485637,10.,178.));
#10266=CARTESIAN_POINT('',(56.8254641485637,10.,180.));
#10267=CARTESIAN_POINT('',(54.7647141485637,10.,178.));
#10268=CARTESIAN_POINT('',(60.4844678367909,10.,6.));
#10269=CARTESIAN_POINT('Origin',(62.9344678367909,10.,6.));
#10270=CARTESIAN_POINT('Origin',(8.9344678367909,0.,174.));
#10271=CARTESIAN_POINT('',(7.0844678367909,3.7,174.));
#10272=CARTESIAN_POINT('Origin',(8.9344678367909,3.7,174.));
#10273=CARTESIAN_POINT('',(7.0844678367909,0.,174.));
#10274=CARTESIAN_POINT('Origin',(20.9344678367909,11.7,160.));
#10275=CARTESIAN_POINT('',(18.4844678367909,12.,160.));
#10276=CARTESIAN_POINT('Origin',(20.9344678367909,12.,160.));
#10277=CARTESIAN_POINT('',(19.0844678367909,11.4,160.));
#10278=CARTESIAN_POINT('',(18.7844678367909,11.7,160.));
#10279=CARTESIAN_POINT('Origin',(20.9344678367909,11.4,160.));
#10280=CARTESIAN_POINT('Origin',(20.9344678367909,2.,160.));
#10281=CARTESIAN_POINT('',(19.0844678367909,2.,160.));
#10282=CARTESIAN_POINT('',(19.0844678367909,2.,160.));
#10283=CARTESIAN_POINT('Origin',(20.9344678367909,2.,160.));
#10284=CARTESIAN_POINT('Origin',(35.9344678367909,12.,117.5));
#10285=CARTESIAN_POINT('',(15.9344678367909,12.,165.));
#10286=CARTESIAN_POINT('',(25.9344678367909,12.,165.));
#10287=CARTESIAN_POINT('',(25.9344678367909,12.,165.));
#10288=CARTESIAN_POINT('',(25.9344678367909,12.,155.));
#10289=CARTESIAN_POINT('',(25.9344678367909,12.,141.25));
#10290=CARTESIAN_POINT('',(15.9344684328374,12.,155.));
#10291=CARTESIAN_POINT('',(30.9344678367909,12.,155.));
#10292=CARTESIAN_POINT('',(15.9344678367909,12.,136.25));
#10293=CARTESIAN_POINT('Origin',(20.9344678367909,11.7,105.));
#10294=CARTESIAN_POINT('',(18.4844678367909,12.,105.));
#10295=CARTESIAN_POINT('Origin',(20.9344678367909,12.,105.));
#10296=CARTESIAN_POINT('',(19.0844678367909,11.4,105.));
#10297=CARTESIAN_POINT('',(18.7844678367909,11.7,105.));
#10298=CARTESIAN_POINT('Origin',(20.9344678367909,11.4,105.));
#10299=CARTESIAN_POINT('Origin',(20.9344678367909,2.,105.));
#10300=CARTESIAN_POINT('',(19.0844678367909,2.,105.));
#10301=CARTESIAN_POINT('',(19.0844678367909,2.,105.));
#10302=CARTESIAN_POINT('Origin',(20.9344678367909,2.,105.));
#10303=CARTESIAN_POINT('Origin',(35.9344678367909,12.,117.5));
#10304=CARTESIAN_POINT('',(25.9344678367909,12.,100.));
#10305=CARTESIAN_POINT('',(15.9344678367909,12.,100.));
#10306=CARTESIAN_POINT('',(30.9344678367909,12.,100.));
#10307=CARTESIAN_POINT('',(15.9344678367909,12.,110.));
#10308=CARTESIAN_POINT('',(15.9344678367909,12.,108.75));
#10309=CARTESIAN_POINT('',(25.9344678367909,12.,110.));
#10310=CARTESIAN_POINT('',(25.9344678367909,12.,110.));
#10311=CARTESIAN_POINT('',(25.9344678367909,12.,113.75));
#10312=CARTESIAN_POINT('Origin',(20.9344678367909,11.7,75.));
#10313=CARTESIAN_POINT('',(18.4844678367909,12.,75.));
#10314=CARTESIAN_POINT('Origin',(20.9344678367909,12.,75.));
#10315=CARTESIAN_POINT('',(19.0844678367909,11.4,75.));
#10316=CARTESIAN_POINT('',(18.7844678367909,11.7,75.));
#10317=CARTESIAN_POINT('Origin',(20.9344678367909,11.4,75.));
#10318=CARTESIAN_POINT('Origin',(20.9344678367909,2.,75.));
#10319=CARTESIAN_POINT('',(19.0844678367909,2.,75.));
#10320=CARTESIAN_POINT('',(19.0844678367909,2.,75.));
#10321=CARTESIAN_POINT('Origin',(20.9344678367909,2.,75.));
#10322=CARTESIAN_POINT('Origin',(35.9344678367909,12.,117.5));
#10323=CARTESIAN_POINT('',(15.9344678367909,12.,70.));
#10324=CARTESIAN_POINT('',(15.9344678367909,12.,80.));
#10325=CARTESIAN_POINT('',(15.9344678367909,12.,93.75));
#10326=CARTESIAN_POINT('',(25.9344678367909,12.,80.));
#10327=CARTESIAN_POINT('',(25.9344678367909,12.,80.));
#10328=CARTESIAN_POINT('',(25.9344678367909,12.,70.));
#10329=CARTESIAN_POINT('',(25.9344678367909,12.,98.75));
#10330=CARTESIAN_POINT('',(30.9344678367909,12.,70.));
#10331=CARTESIAN_POINT('Origin',(8.9344678367909,9.7,6.));
#10332=CARTESIAN_POINT('',(7.0844678367909,9.4,6.));
#10333=CARTESIAN_POINT('',(6.7844678367909,9.7,6.));
#10334=CARTESIAN_POINT('Origin',(8.9344678367909,9.4,6.));
#10335=CARTESIAN_POINT('Origin',(8.9344678367909,0.,6.));
#10336=CARTESIAN_POINT('',(7.0844678367909,3.7,6.));
#10337=CARTESIAN_POINT('Origin',(8.9344678367909,3.7,6.));
#10338=CARTESIAN_POINT('',(7.0844678367909,0.,6.));
#10339=CARTESIAN_POINT('Origin',(62.9344678367909,9.7,6.));
#10340=CARTESIAN_POINT('',(61.0844678367909,9.4,6.));
#10341=CARTESIAN_POINT('',(60.7844678367909,9.7,6.));
#10342=CARTESIAN_POINT('Origin',(62.9344678367909,9.4,6.));
#10343=CARTESIAN_POINT('Origin',(62.9344678367909,0.,6.));
#10344=CARTESIAN_POINT('',(61.0844678367909,3.7,6.));
#10345=CARTESIAN_POINT('Origin',(62.9344678367909,3.7,6.));
#10346=CARTESIAN_POINT('',(61.0844678367909,0.,6.));
#10347=CARTESIAN_POINT('Origin',(50.9344678367909,11.7,75.));
#10348=CARTESIAN_POINT('',(48.4844678367909,12.,75.));
#10349=CARTESIAN_POINT('Origin',(50.9344678367909,12.,75.));
#10350=CARTESIAN_POINT('',(49.0844678367909,11.4,75.));
#10351=CARTESIAN_POINT('',(48.7844678367909,11.7,75.));
#10352=CARTESIAN_POINT('Origin',(50.9344678367909,11.4,75.));
#10353=CARTESIAN_POINT('Origin',(50.9344678367909,2.,75.));
#10354=CARTESIAN_POINT('',(49.0844678367909,2.,75.));
#10355=CARTESIAN_POINT('',(49.0844678367909,2.,75.));
#10356=CARTESIAN_POINT('Origin',(50.9344678367909,2.,75.));
#10357=CARTESIAN_POINT('Origin',(35.9344678367909,12.,117.5));
#10358=CARTESIAN_POINT('',(55.9344678367909,12.,80.));
#10359=CARTESIAN_POINT('',(55.9344678367909,12.,70.));
#10360=CARTESIAN_POINT('',(55.9344678367909,12.,98.75));
#10361=CARTESIAN_POINT('',(45.9344678367909,12.,70.));
#10362=CARTESIAN_POINT('',(45.9344678367909,12.,70.));
#10363=CARTESIAN_POINT('',(45.9344678367909,12.,80.));
#10364=CARTESIAN_POINT('',(45.9344678367909,12.,93.75));
#10365=CARTESIAN_POINT('',(40.9344678367909,12.,80.));
#10366=CARTESIAN_POINT('Origin',(50.9344678367909,11.7,105.));
#10367=CARTESIAN_POINT('',(48.4844678367909,12.,105.));
#10368=CARTESIAN_POINT('Origin',(50.9344678367909,12.,105.));
#10369=CARTESIAN_POINT('',(49.0844678367909,11.4,105.));
#10370=CARTESIAN_POINT('',(48.7844678367909,11.7,105.));
#10371=CARTESIAN_POINT('Origin',(50.9344678367909,11.4,105.));
#10372=CARTESIAN_POINT('Origin',(50.9344678367909,2.,105.));
#10373=CARTESIAN_POINT('',(49.0844678367909,2.,105.));
#10374=CARTESIAN_POINT('',(49.0844678367909,2.,105.));
#10375=CARTESIAN_POINT('Origin',(50.9344678367909,2.,105.));
#10376=CARTESIAN_POINT('Origin',(35.9344678367909,12.,117.5));
#10377=CARTESIAN_POINT('',(55.9344678367909,12.,110.));
#10378=CARTESIAN_POINT('',(55.9344678367909,12.,100.));
#10379=CARTESIAN_POINT('',(55.9344678367909,12.,113.75));
#10380=CARTESIAN_POINT('',(45.9344678367909,12.,100.));
#10381=CARTESIAN_POINT('',(45.9344678367909,12.,100.));
#10382=CARTESIAN_POINT('',(45.9344678367909,12.,110.));
#10383=CARTESIAN_POINT('',(45.9344678367909,12.,108.75));
#10384=CARTESIAN_POINT('',(40.9344678367909,12.,110.));
#10385=CARTESIAN_POINT('Origin',(50.9344678367909,11.7,160.));
#10386=CARTESIAN_POINT('',(48.4844678367909,12.,160.));
#10387=CARTESIAN_POINT('Origin',(50.9344678367909,12.,160.));
#10388=CARTESIAN_POINT('',(49.0844678367909,11.4,160.));
#10389=CARTESIAN_POINT('',(48.7844678367909,11.7,160.));
#10390=CARTESIAN_POINT('Origin',(50.9344678367909,11.4,160.));
#10391=CARTESIAN_POINT('Origin',(50.9344678367909,2.,160.));
#10392=CARTESIAN_POINT('',(49.0844678367909,2.,160.));
#10393=CARTESIAN_POINT('',(49.0844678367909,2.,160.));
#10394=CARTESIAN_POINT('Origin',(50.9344678367909,2.,160.));
#10395=CARTESIAN_POINT('Origin',(35.9344678367909,12.,117.5));
#10396=CARTESIAN_POINT('',(55.9344678367909,12.,165.));
#10397=CARTESIAN_POINT('',(55.9344678367909,12.,155.));
#10398=CARTESIAN_POINT('',(55.9344678367909,12.,141.25));
#10399=CARTESIAN_POINT('',(45.9344678367909,12.,155.));
#10400=CARTESIAN_POINT('',(45.9344678367909,12.,155.));
#10401=CARTESIAN_POINT('',(45.9344678367909,12.,165.));
#10402=CARTESIAN_POINT('',(45.9344678367909,12.,136.25));
#10403=CARTESIAN_POINT('',(40.9344678367909,12.,165.));
#10404=CARTESIAN_POINT('Origin',(62.9344678367909,9.7,174.));
#10405=CARTESIAN_POINT('',(61.0844678367909,9.4,174.));
#10406=CARTESIAN_POINT('',(60.7844678367909,9.7,174.));
#10407=CARTESIAN_POINT('Origin',(62.9344678367909,9.4,174.));
#10408=CARTESIAN_POINT('Origin',(62.9344678367909,0.,174.));
#10409=CARTESIAN_POINT('',(61.0844678367909,3.7,174.));
#10410=CARTESIAN_POINT('Origin',(62.9344678367909,3.7,174.));
#10411=CARTESIAN_POINT('',(61.0844678367909,0.,174.));
#10412=CARTESIAN_POINT('Origin',(35.9344678367909,3.7,90.));
#10413=CARTESIAN_POINT('Origin',(35.9344678367909,3.7,90.));
#10414=CARTESIAN_POINT('Origin',(35.9344678367909,3.7,90.));
#10415=CARTESIAN_POINT('Origin',(35.9344678367909,3.7,90.));
#10416=CARTESIAN_POINT('Ctrl Pts',(38.6807579772518,0.,166.439092523655));
#10417=CARTESIAN_POINT('Ctrl Pts',(38.6807579772518,0.5,166.439092523655));
#10418=CARTESIAN_POINT('Ctrl Pts',(38.6072451742852,0.,166.294709076918));
#10419=CARTESIAN_POINT('Ctrl Pts',(38.6072451742852,0.5,166.294709076918));
#10420=CARTESIAN_POINT('Ctrl Pts',(38.462140699984,0.,166.009715398388));
#10421=CARTESIAN_POINT('Ctrl Pts',(38.462140699984,0.5,166.009715398388));
#10422=CARTESIAN_POINT('Ctrl Pts',(38.2091452508509,0.,165.814310139285));
#10423=CARTESIAN_POINT('Ctrl Pts',(38.2091452508509,0.5,165.814310139285));
#10424=CARTESIAN_POINT('Ctrl Pts',(38.0843223111675,0.,165.7179010578));
#10425=CARTESIAN_POINT('Ctrl Pts',(38.0843223111675,0.5,165.7179010578));
#10426=CARTESIAN_POINT('',(38.6807579772518,0.,166.439092523655));
#10427=CARTESIAN_POINT('',(38.0843223111675,0.,165.7179010578));
#10428=CARTESIAN_POINT('Ctrl Pts',(38.6807579772518,0.,166.439092523655));
#10429=CARTESIAN_POINT('Ctrl Pts',(38.6072451742852,0.,166.294709076918));
#10430=CARTESIAN_POINT('Ctrl Pts',(38.462140699984,0.,166.009715398388));
#10431=CARTESIAN_POINT('Ctrl Pts',(38.2091452508509,0.,165.814310139285));
#10432=CARTESIAN_POINT('Ctrl Pts',(38.0843223111675,0.,165.7179010578));
#10433=CARTESIAN_POINT('',(38.6807579772518,0.5,166.439092523655));
#10434=CARTESIAN_POINT('',(38.6807579772518,0.,166.439092523655));
#10435=CARTESIAN_POINT('',(38.0843223111675,0.5,165.7179010578));
#10436=CARTESIAN_POINT('Ctrl Pts',(38.6807579772518,0.5,166.439092523655));
#10437=CARTESIAN_POINT('Ctrl Pts',(38.6072451742852,0.5,166.294709076918));
#10438=CARTESIAN_POINT('Ctrl Pts',(38.462140699984,0.5,166.009715398388));
#10439=CARTESIAN_POINT('Ctrl Pts',(38.2091452508509,0.5,165.814310139285));
#10440=CARTESIAN_POINT('Ctrl Pts',(38.0843223111675,0.5,165.7179010578));
#10441=CARTESIAN_POINT('',(38.0843223111675,0.,165.7179010578));
#10442=CARTESIAN_POINT('Ctrl Pts',(38.8790000455425,0.,167.578985012373));
#10443=CARTESIAN_POINT('Ctrl Pts',(38.8790000455425,0.5,167.578985012373));
#10444=CARTESIAN_POINT('Ctrl Pts',(38.873660096676,0.,167.368595332704));
#10445=CARTESIAN_POINT('Ctrl Pts',(38.873660096676,0.5,167.368595332704));
#10446=CARTESIAN_POINT('Ctrl Pts',(38.8637564796084,0.,166.978400805654));
#10447=CARTESIAN_POINT('Ctrl Pts',(38.8637564796084,0.5,166.978400805654));
#10448=CARTESIAN_POINT('Ctrl Pts',(38.7384843876008,0.,166.609215944286));
#10449=CARTESIAN_POINT('Ctrl Pts',(38.7384843876008,0.5,166.609215944286));
#10450=CARTESIAN_POINT('Ctrl Pts',(38.6807579772518,0.,166.439092523655));
#10451=CARTESIAN_POINT('Ctrl Pts',(38.6807579772518,0.5,166.439092523655));
#10452=CARTESIAN_POINT('',(38.8790000455425,0.,167.578985012373));
#10453=CARTESIAN_POINT('Ctrl Pts',(38.8790000455425,0.,167.578985012373));
#10454=CARTESIAN_POINT('Ctrl Pts',(38.873660096676,0.,167.368595332704));
#10455=CARTESIAN_POINT('Ctrl Pts',(38.8637564796084,0.,166.978400805654));
#10456=CARTESIAN_POINT('Ctrl Pts',(38.7384843876008,0.,166.609215944286));
#10457=CARTESIAN_POINT('Ctrl Pts',(38.6807579772518,0.,166.439092523655));
#10458=CARTESIAN_POINT('',(38.8790000455425,0.5,167.578985012373));
#10459=CARTESIAN_POINT('',(38.8790000455425,0.,167.578985012373));
#10460=CARTESIAN_POINT('Ctrl Pts',(38.8790000455425,0.5,167.578985012373));
#10461=CARTESIAN_POINT('Ctrl Pts',(38.873660096676,0.5,167.368595332704));
#10462=CARTESIAN_POINT('Ctrl Pts',(38.8637564796084,0.5,166.978400805654));
#10463=CARTESIAN_POINT('Ctrl Pts',(38.7384843876008,0.5,166.609215944286));
#10464=CARTESIAN_POINT('Ctrl Pts',(38.6807579772518,0.5,166.439092523655));
#10465=CARTESIAN_POINT('Ctrl Pts',(38.6824668424175,0.,168.544561333259));
#10466=CARTESIAN_POINT('Ctrl Pts',(38.6824668424175,0.5,168.544561333259));
#10467=CARTESIAN_POINT('Ctrl Pts',(38.7397715015491,0.,168.394298048243));
#10468=CARTESIAN_POINT('Ctrl Pts',(38.7397715015491,0.5,168.394298048243));
#10469=CARTESIAN_POINT('Ctrl Pts',(38.858322780184,0.,168.083434937974));
#10470=CARTESIAN_POINT('Ctrl Pts',(38.858322780184,0.5,168.083434937974));
#10471=CARTESIAN_POINT('Ctrl Pts',(38.8719565115697,0.,167.750821574267));
#10472=CARTESIAN_POINT('Ctrl Pts',(38.8719565115697,0.5,167.750821574267));
#10473=CARTESIAN_POINT('Ctrl Pts',(38.8790000455425,0.,167.578985012373));
#10474=CARTESIAN_POINT('Ctrl Pts',(38.8790000455425,0.5,167.578985012373));
#10475=CARTESIAN_POINT('',(38.6824668424175,0.,168.544561333259));
#10476=CARTESIAN_POINT('Ctrl Pts',(38.6824668424175,0.,168.544561333259));
#10477=CARTESIAN_POINT('Ctrl Pts',(38.7397715015491,0.,168.394298048243));
#10478=CARTESIAN_POINT('Ctrl Pts',(38.858322780184,0.,168.083434937974));
#10479=CARTESIAN_POINT('Ctrl Pts',(38.8719565115697,0.,167.750821574267));
#10480=CARTESIAN_POINT('Ctrl Pts',(38.8790000455425,0.,167.578985012373));
#10481=CARTESIAN_POINT('',(38.6824668424175,0.5,168.544561333259));
#10482=CARTESIAN_POINT('',(38.6824668424175,0.,168.544561333259));
#10483=CARTESIAN_POINT('Ctrl Pts',(38.6824668424175,0.5,168.544561333259));
#10484=CARTESIAN_POINT('Ctrl Pts',(38.7397715015491,0.5,168.394298048243));
#10485=CARTESIAN_POINT('Ctrl Pts',(38.858322780184,0.5,168.083434937974));
#10486=CARTESIAN_POINT('Ctrl Pts',(38.8719565115697,0.5,167.750821574267));
#10487=CARTESIAN_POINT('Ctrl Pts',(38.8790000455425,0.5,167.578985012373));
#10488=CARTESIAN_POINT('Ctrl Pts',(38.1321741120861,0.,169.202520317634));
#10489=CARTESIAN_POINT('Ctrl Pts',(38.1321741120861,0.5,169.202520317634));
#10490=CARTESIAN_POINT('Ctrl Pts',(38.2444560277062,0.,169.115821309595));
#10491=CARTESIAN_POINT('Ctrl Pts',(38.2444560277062,0.5,169.115821309595));
#10492=CARTESIAN_POINT('Ctrl Pts',(38.475959566616,0.,168.937064765673));
#10493=CARTESIAN_POINT('Ctrl Pts',(38.475959566616,0.5,168.937064765673));
#10494=CARTESIAN_POINT('Ctrl Pts',(38.6122690485444,0.,168.677984598547));
#10495=CARTESIAN_POINT('Ctrl Pts',(38.6122690485444,0.5,168.677984598547));
#10496=CARTESIAN_POINT('Ctrl Pts',(38.6824668424175,0.,168.544561333259));
#10497=CARTESIAN_POINT('Ctrl Pts',(38.6824668424175,0.5,168.544561333259));
#10498=CARTESIAN_POINT('',(38.1321741120861,0.,169.202520317634));
#10499=CARTESIAN_POINT('Ctrl Pts',(38.1321741120861,0.,169.202520317634));
#10500=CARTESIAN_POINT('Ctrl Pts',(38.2444560277062,0.,169.115821309595));
#10501=CARTESIAN_POINT('Ctrl Pts',(38.475959566616,0.,168.937064765673));
#10502=CARTESIAN_POINT('Ctrl Pts',(38.6122690485444,0.,168.677984598547));
#10503=CARTESIAN_POINT('Ctrl Pts',(38.6824668424175,0.,168.544561333259));
#10504=CARTESIAN_POINT('',(38.1321741120861,0.5,169.202520317634));
#10505=CARTESIAN_POINT('',(38.1321741120861,0.,169.202520317634));
#10506=CARTESIAN_POINT('Ctrl Pts',(38.1321741120861,0.5,169.202520317634));
#10507=CARTESIAN_POINT('Ctrl Pts',(38.2444560277062,0.5,169.115821309595));
#10508=CARTESIAN_POINT('Ctrl Pts',(38.475959566616,0.5,168.937064765673));
#10509=CARTESIAN_POINT('Ctrl Pts',(38.6122690485444,0.5,168.677984598547));
#10510=CARTESIAN_POINT('Ctrl Pts',(38.6824668424175,0.5,168.544561333259));
#10511=CARTESIAN_POINT('Ctrl Pts',(37.3785118238972,0.,169.431524045071));
#10512=CARTESIAN_POINT('Ctrl Pts',(37.3785118238972,0.5,169.431524045071));
#10513=CARTESIAN_POINT('Ctrl Pts',(37.5106882532587,0.,169.421461285325));
#10514=CARTESIAN_POINT('Ctrl Pts',(37.5106882532587,0.5,169.421461285325));
#10515=CARTESIAN_POINT('Ctrl Pts',(37.7787764100884,0.,169.401051392835));
#10516=CARTESIAN_POINT('Ctrl Pts',(37.7787764100884,0.5,169.401051392835));
#10517=CARTESIAN_POINT('Ctrl Pts',(38.0132857311024,0.,169.269309201581));
#10518=CARTESIAN_POINT('Ctrl Pts',(38.0132857311024,0.5,169.269309201581));
#10519=CARTESIAN_POINT('Ctrl Pts',(38.1321741120861,0.,169.202520317634));
#10520=CARTESIAN_POINT('Ctrl Pts',(38.1321741120861,0.5,169.202520317634));
#10521=CARTESIAN_POINT('',(37.3785118238972,0.,169.431524045071));
#10522=CARTESIAN_POINT('Ctrl Pts',(37.3785118238972,0.,169.431524045071));
#10523=CARTESIAN_POINT('Ctrl Pts',(37.5106882532587,0.,169.421461285325));
#10524=CARTESIAN_POINT('Ctrl Pts',(37.7787764100884,0.,169.401051392835));
#10525=CARTESIAN_POINT('Ctrl Pts',(38.0132857311024,0.,169.269309201581));
#10526=CARTESIAN_POINT('Ctrl Pts',(38.1321741120861,0.,169.202520317634));
#10527=CARTESIAN_POINT('',(37.3785118238972,0.5,169.431524045071));
#10528=CARTESIAN_POINT('',(37.3785118238972,0.,169.431524045071));
#10529=CARTESIAN_POINT('Ctrl Pts',(37.3785118238972,0.5,169.431524045071));
#10530=CARTESIAN_POINT('Ctrl Pts',(37.5106882532587,0.5,169.421461285325));
#10531=CARTESIAN_POINT('Ctrl Pts',(37.7787764100884,0.5,169.401051392835));
#10532=CARTESIAN_POINT('Ctrl Pts',(38.0132857311024,0.5,169.269309201581));
#10533=CARTESIAN_POINT('Ctrl Pts',(38.1321741120861,0.5,169.202520317634));
#10534=CARTESIAN_POINT('Ctrl Pts',(36.6658652799175,0.,169.223028189739));
#10535=CARTESIAN_POINT('Ctrl Pts',(36.6658652799175,0.5,169.223028189739));
#10536=CARTESIAN_POINT('Ctrl Pts',(36.7742373663634,0.,169.283832089));
#10537=CARTESIAN_POINT('Ctrl Pts',(36.7742373663634,0.5,169.283832089));
#10538=CARTESIAN_POINT('Ctrl Pts',(36.9955946290878,0.,169.408028135646));
#10539=CARTESIAN_POINT('Ctrl Pts',(36.9955946290878,0.5,169.408028135646));
#10540=CARTESIAN_POINT('Ctrl Pts',(37.2491116589506,0.,169.423584013658));
#10541=CARTESIAN_POINT('Ctrl Pts',(37.2491116589506,0.5,169.423584013658));
#10542=CARTESIAN_POINT('Ctrl Pts',(37.3785118238972,0.,169.431524045071));
#10543=CARTESIAN_POINT('Ctrl Pts',(37.3785118238972,0.5,169.431524045071));
#10544=CARTESIAN_POINT('',(36.6658652799175,0.,169.223028189739));
#10545=CARTESIAN_POINT('Ctrl Pts',(36.6658652799175,0.,169.223028189739));
#10546=CARTESIAN_POINT('Ctrl Pts',(36.7742373663634,0.,169.283832089));
#10547=CARTESIAN_POINT('Ctrl Pts',(36.9955946290878,0.,169.408028135646));
#10548=CARTESIAN_POINT('Ctrl Pts',(37.2491116589506,0.,169.423584013658));
#10549=CARTESIAN_POINT('Ctrl Pts',(37.3785118238972,0.,169.431524045071));
#10550=CARTESIAN_POINT('',(36.6658652799175,0.5,169.223028189739));
#10551=CARTESIAN_POINT('',(36.6658652799175,0.,169.223028189739));
#10552=CARTESIAN_POINT('Ctrl Pts',(36.6658652799175,0.5,169.223028189739));
#10553=CARTESIAN_POINT('Ctrl Pts',(36.7742373663634,0.5,169.283832089));
#10554=CARTESIAN_POINT('Ctrl Pts',(36.9955946290878,0.5,169.408028135646));
#10555=CARTESIAN_POINT('Ctrl Pts',(37.2491116589506,0.5,169.423584013658));
#10556=CARTESIAN_POINT('Ctrl Pts',(37.3785118238972,0.5,169.431524045071));
#10557=CARTESIAN_POINT('Ctrl Pts',(36.1548791306065,0.,168.577031857571));
#10558=CARTESIAN_POINT('Ctrl Pts',(36.1548791306065,0.5,168.577031857571));
#10559=CARTESIAN_POINT('Ctrl Pts',(36.2226645392332,0.,168.71055919862));
#10560=CARTESIAN_POINT('Ctrl Pts',(36.2226645392332,0.5,168.71055919862));
#10561=CARTESIAN_POINT('Ctrl Pts',(36.3496979274253,0.,168.960796394109));
#10562=CARTESIAN_POINT('Ctrl Pts',(36.3496979274253,0.5,168.960796394109));
#10563=CARTESIAN_POINT('Ctrl Pts',(36.565306232788,0.,169.139623691179));
#10564=CARTESIAN_POINT('Ctrl Pts',(36.565306232788,0.5,169.139623691179));
#10565=CARTESIAN_POINT('Ctrl Pts',(36.6658652799175,0.,169.223028189739));
#10566=CARTESIAN_POINT('Ctrl Pts',(36.6658652799175,0.5,169.223028189739));
#10567=CARTESIAN_POINT('',(36.1548791306065,0.,168.577031857571));
#10568=CARTESIAN_POINT('Ctrl Pts',(36.1548791306065,0.,168.577031857571));
#10569=CARTESIAN_POINT('Ctrl Pts',(36.2226645392332,0.,168.71055919862));
#10570=CARTESIAN_POINT('Ctrl Pts',(36.3496979274253,0.,168.960796394109));
#10571=CARTESIAN_POINT('Ctrl Pts',(36.565306232788,0.,169.139623691179));
#10572=CARTESIAN_POINT('Ctrl Pts',(36.6658652799175,0.,169.223028189739));
#10573=CARTESIAN_POINT('',(36.1548791306065,0.5,168.577031857571));
#10574=CARTESIAN_POINT('',(36.1548791306065,0.,168.577031857571));
#10575=CARTESIAN_POINT('Ctrl Pts',(36.1548791306065,0.5,168.577031857571));
#10576=CARTESIAN_POINT('Ctrl Pts',(36.2226645392332,0.5,168.71055919862));
#10577=CARTESIAN_POINT('Ctrl Pts',(36.3496979274253,0.5,168.960796394109));
#10578=CARTESIAN_POINT('Ctrl Pts',(36.565306232788,0.5,169.139623691179));
#10579=CARTESIAN_POINT('Ctrl Pts',(36.6658652799175,0.5,169.223028189739));
#10580=CARTESIAN_POINT('Ctrl Pts',(35.8352989928768,0.,167.467901027998));
#10581=CARTESIAN_POINT('Ctrl Pts',(35.8352989928768,0.5,167.467901027998));
#10582=CARTESIAN_POINT('Ctrl Pts',(35.8864452196483,0.,167.696832820866));
#10583=CARTESIAN_POINT('Ctrl Pts',(35.8864452196483,0.5,167.696832820866));
#10584=CARTESIAN_POINT('Ctrl Pts',(35.9705387144697,0.,168.073237411258));
#10585=CARTESIAN_POINT('Ctrl Pts',(35.9705387144697,0.5,168.073237411258));
#10586=CARTESIAN_POINT('Ctrl Pts',(36.1029868415108,0.,168.435212458436));
#10587=CARTESIAN_POINT('Ctrl Pts',(36.1029868415108,0.5,168.435212458436));
#10588=CARTESIAN_POINT('Ctrl Pts',(36.1548791306065,0.,168.577031857571));
#10589=CARTESIAN_POINT('Ctrl Pts',(36.1548791306065,0.5,168.577031857571));
#10590=CARTESIAN_POINT('',(35.8352989928768,0.,167.467901027998));
#10591=CARTESIAN_POINT('Ctrl Pts',(35.8352989928768,0.,167.467901027998));
#10592=CARTESIAN_POINT('Ctrl Pts',(35.8864452196483,0.,167.696832820866));
#10593=CARTESIAN_POINT('Ctrl Pts',(35.9705387144697,0.,168.073237411258));
#10594=CARTESIAN_POINT('Ctrl Pts',(36.1029868415108,0.,168.435212458436));
#10595=CARTESIAN_POINT('Ctrl Pts',(36.1548791306065,0.,168.577031857571));
#10596=CARTESIAN_POINT('',(35.8352989928768,0.5,167.467901027998));
#10597=CARTESIAN_POINT('',(35.8352989928768,0.,167.467901027998));
#10598=CARTESIAN_POINT('Ctrl Pts',(35.8352989928768,0.5,167.467901027998));
#10599=CARTESIAN_POINT('Ctrl Pts',(35.8864452196483,0.5,167.696832820866));
#10600=CARTESIAN_POINT('Ctrl Pts',(35.9705387144697,0.5,168.073237411258));
#10601=CARTESIAN_POINT('Ctrl Pts',(36.1029868415108,0.5,168.435212458436));
#10602=CARTESIAN_POINT('Ctrl Pts',(36.1548791306065,0.5,168.577031857571));
#10603=CARTESIAN_POINT('Ctrl Pts',(35.4781211392925,0.,166.468145168623));
#10604=CARTESIAN_POINT('Ctrl Pts',(35.4781211392925,0.5,166.468145168623));
#10605=CARTESIAN_POINT('Ctrl Pts',(35.5413713197348,0.,166.581635922992));
#10606=CARTESIAN_POINT('Ctrl Pts',(35.5413713197348,0.5,166.581635922992));
#10607=CARTESIAN_POINT('Ctrl Pts',(35.7152254722603,0.,166.893585055505));
#10608=CARTESIAN_POINT('Ctrl Pts',(35.7152254722603,0.5,166.893585055505));
#10609=CARTESIAN_POINT('Ctrl Pts',(35.7886115996428,0.,167.244593545127));
#10610=CARTESIAN_POINT('Ctrl Pts',(35.7886115996428,0.5,167.244593545127));
#10611=CARTESIAN_POINT('Ctrl Pts',(35.8352989928768,0.,167.467901027998));
#10612=CARTESIAN_POINT('Ctrl Pts',(35.8352989928768,0.5,167.467901027998));
#10613=CARTESIAN_POINT('',(35.4781211392925,0.,166.468145168623));
#10614=CARTESIAN_POINT('Ctrl Pts',(35.4781211392925,0.,166.468145168623));
#10615=CARTESIAN_POINT('Ctrl Pts',(35.5413713197348,0.,166.581635922992));
#10616=CARTESIAN_POINT('Ctrl Pts',(35.7152254722603,0.,166.893585055505));
#10617=CARTESIAN_POINT('Ctrl Pts',(35.7886115996428,0.,167.244593545127));
#10618=CARTESIAN_POINT('Ctrl Pts',(35.8352989928768,0.,167.467901027998));
#10619=CARTESIAN_POINT('',(35.4781211392925,0.5,166.468145168623));
#10620=CARTESIAN_POINT('',(35.4781211392925,0.,166.468145168623));
#10621=CARTESIAN_POINT('Ctrl Pts',(35.4781211392925,0.5,166.468145168623));
#10622=CARTESIAN_POINT('Ctrl Pts',(35.5413713197348,0.5,166.581635922992));
#10623=CARTESIAN_POINT('Ctrl Pts',(35.7152254722603,0.5,166.893585055505));
#10624=CARTESIAN_POINT('Ctrl Pts',(35.7886115996428,0.5,167.244593545127));
#10625=CARTESIAN_POINT('Ctrl Pts',(35.8352989928768,0.5,167.467901027998));
#10626=CARTESIAN_POINT('Ctrl Pts',(35.0337852017925,0.,166.273320979675));
#10627=CARTESIAN_POINT('Ctrl Pts',(35.0337852017925,0.5,166.273320979675));
#10628=CARTESIAN_POINT('Ctrl Pts',(35.1195299508562,0.,166.281134392049));
#10629=CARTESIAN_POINT('Ctrl Pts',(35.1195299508562,0.5,166.281134392049));
#10630=CARTESIAN_POINT('Ctrl Pts',(35.2894491186295,0.,166.29661812187));
#10631=CARTESIAN_POINT('Ctrl Pts',(35.2894491186295,0.5,166.29661812187));
#10632=CARTESIAN_POINT('Ctrl Pts',(35.4156191380185,0.,166.411322839287));
#10633=CARTESIAN_POINT('Ctrl Pts',(35.4156191380185,0.5,166.411322839287));
#10634=CARTESIAN_POINT('Ctrl Pts',(35.4781211392925,0.,166.468145168623));
#10635=CARTESIAN_POINT('Ctrl Pts',(35.4781211392925,0.5,166.468145168623));
#10636=CARTESIAN_POINT('',(35.0337852017925,0.,166.273320979675));
#10637=CARTESIAN_POINT('Ctrl Pts',(35.0337852017925,0.,166.273320979675));
#10638=CARTESIAN_POINT('Ctrl Pts',(35.1195299508562,0.,166.281134392049));
#10639=CARTESIAN_POINT('Ctrl Pts',(35.2894491186295,0.,166.29661812187));
#10640=CARTESIAN_POINT('Ctrl Pts',(35.4156191380185,0.,166.411322839287));
#10641=CARTESIAN_POINT('Ctrl Pts',(35.4781211392925,0.,166.468145168623));
#10642=CARTESIAN_POINT('',(35.0337852017925,0.5,166.273320979675));
#10643=CARTESIAN_POINT('',(35.0337852017925,0.,166.273320979675));
#10644=CARTESIAN_POINT('Ctrl Pts',(35.0337852017925,0.5,166.273320979675));
#10645=CARTESIAN_POINT('Ctrl Pts',(35.1195299508562,0.5,166.281134392049));
#10646=CARTESIAN_POINT('Ctrl Pts',(35.2894491186295,0.5,166.29661812187));
#10647=CARTESIAN_POINT('Ctrl Pts',(35.4156191380185,0.5,166.411322839287));
#10648=CARTESIAN_POINT('Ctrl Pts',(35.4781211392925,0.5,166.468145168623));
#10649=CARTESIAN_POINT('Ctrl Pts',(34.5022911803768,0.,166.548467493853));
#10650=CARTESIAN_POINT('Ctrl Pts',(34.5022911803768,0.5,166.548467493853));
#10651=CARTESIAN_POINT('Ctrl Pts',(34.5775325073104,0.,166.468247930543));
#10652=CARTESIAN_POINT('Ctrl Pts',(34.5775325073104,0.5,166.468247930543));
#10653=CARTESIAN_POINT('Ctrl Pts',(34.7227303720329,0.,166.313443253696));
#10654=CARTESIAN_POINT('Ctrl Pts',(34.7227303720329,0.5,166.313443253696));
#10655=CARTESIAN_POINT('Ctrl Pts',(34.9326470484548,0.,166.286366566221));
#10656=CARTESIAN_POINT('Ctrl Pts',(34.9326470484548,0.5,166.286366566221));
#10657=CARTESIAN_POINT('Ctrl Pts',(35.0337852017925,0.,166.273320979675));
#10658=CARTESIAN_POINT('Ctrl Pts',(35.0337852017925,0.5,166.273320979675));
#10659=CARTESIAN_POINT('',(34.5022911803768,0.,166.548467493853));
#10660=CARTESIAN_POINT('Ctrl Pts',(34.5022911803768,0.,166.548467493853));
#10661=CARTESIAN_POINT('Ctrl Pts',(34.5775325073104,0.,166.468247930543));
#10662=CARTESIAN_POINT('Ctrl Pts',(34.7227303720329,0.,166.313443253696));
#10663=CARTESIAN_POINT('Ctrl Pts',(34.9326470484548,0.,166.286366566221));
#10664=CARTESIAN_POINT('Ctrl Pts',(35.0337852017925,0.,166.273320979675));
#10665=CARTESIAN_POINT('',(34.5022911803768,0.5,166.548467493853));
#10666=CARTESIAN_POINT('',(34.5022911803768,0.,166.548467493853));
#10667=CARTESIAN_POINT('Ctrl Pts',(34.5022911803768,0.5,166.548467493853));
#10668=CARTESIAN_POINT('Ctrl Pts',(34.5775325073104,0.5,166.468247930543));
#10669=CARTESIAN_POINT('Ctrl Pts',(34.7227303720329,0.5,166.313443253696));
#10670=CARTESIAN_POINT('Ctrl Pts',(34.9326470484548,0.5,166.286366566221));
#10671=CARTESIAN_POINT('Ctrl Pts',(35.0337852017925,0.5,166.273320979675));
#10672=CARTESIAN_POINT('Ctrl Pts',(34.2818320767925,0.,167.425176418623));
#10673=CARTESIAN_POINT('Ctrl Pts',(34.2818320767925,0.5,167.425176418623));
#10674=CARTESIAN_POINT('Ctrl Pts',(34.2845306853008,0.,167.247522589262));
#10675=CARTESIAN_POINT('Ctrl Pts',(34.2845306853008,0.5,167.247522589262));
#10676=CARTESIAN_POINT('Ctrl Pts',(34.2892586725358,0.,166.936271425975));
#10677=CARTESIAN_POINT('Ctrl Pts',(34.2892586725358,0.5,166.936271425975));
#10678=CARTESIAN_POINT('Ctrl Pts',(34.4383130501472,0.,166.664933148434));
#10679=CARTESIAN_POINT('Ctrl Pts',(34.4383130501472,0.5,166.664933148434));
#10680=CARTESIAN_POINT('Ctrl Pts',(34.5022911803768,0.,166.548467493853));
#10681=CARTESIAN_POINT('Ctrl Pts',(34.5022911803768,0.5,166.548467493853));
#10682=CARTESIAN_POINT('',(34.2818320767925,0.,167.425176418623));
#10683=CARTESIAN_POINT('Ctrl Pts',(34.2818320767925,0.,167.425176418623));
#10684=CARTESIAN_POINT('Ctrl Pts',(34.2845306853008,0.,167.247522589262));
#10685=CARTESIAN_POINT('Ctrl Pts',(34.2892586725358,0.,166.936271425975));
#10686=CARTESIAN_POINT('Ctrl Pts',(34.4383130501472,0.,166.664933148434));
#10687=CARTESIAN_POINT('Ctrl Pts',(34.5022911803768,0.,166.548467493853));
#10688=CARTESIAN_POINT('',(34.2818320767925,0.5,167.425176418623));
#10689=CARTESIAN_POINT('',(34.2818320767925,0.,167.425176418623));
#10690=CARTESIAN_POINT('Ctrl Pts',(34.2818320767925,0.5,167.425176418623));
#10691=CARTESIAN_POINT('Ctrl Pts',(34.2845306853008,0.5,167.247522589262));
#10692=CARTESIAN_POINT('Ctrl Pts',(34.2892586725358,0.5,166.936271425975));
#10693=CARTESIAN_POINT('Ctrl Pts',(34.4383130501472,0.5,166.664933148434));
#10694=CARTESIAN_POINT('Ctrl Pts',(34.5022911803768,0.5,166.548467493853));
#10695=CARTESIAN_POINT('Ctrl Pts',(34.5245079176472,0.,168.29846746405));
#10696=CARTESIAN_POINT('Ctrl Pts',(34.5245079176472,0.5,168.29846746405));
#10697=CARTESIAN_POINT('Ctrl Pts',(34.4539508744255,0.,168.17937027248));
#10698=CARTESIAN_POINT('Ctrl Pts',(34.4539508744255,0.5,168.17937027248));
#10699=CARTESIAN_POINT('Ctrl Pts',(34.2952591383438,0.,167.911505588394));
#10700=CARTESIAN_POINT('Ctrl Pts',(34.2952591383438,0.5,167.911505588394));
#10701=CARTESIAN_POINT('Ctrl Pts',(34.2866264983255,0.,167.598830723757));
#10702=CARTESIAN_POINT('Ctrl Pts',(34.2866264983255,0.5,167.598830723757));
#10703=CARTESIAN_POINT('Ctrl Pts',(34.2818320767925,0.,167.425176418623));
#10704=CARTESIAN_POINT('Ctrl Pts',(34.2818320767925,0.5,167.425176418623));
#10705=CARTESIAN_POINT('',(34.5245079176472,0.,168.29846746405));
#10706=CARTESIAN_POINT('Ctrl Pts',(34.5245079176472,0.,168.29846746405));
#10707=CARTESIAN_POINT('Ctrl Pts',(34.4539508744255,0.,168.17937027248));
#10708=CARTESIAN_POINT('Ctrl Pts',(34.2952591383438,0.,167.911505588394));
#10709=CARTESIAN_POINT('Ctrl Pts',(34.2866264983255,0.,167.598830723757));
#10710=CARTESIAN_POINT('Ctrl Pts',(34.2818320767925,0.,167.425176418623));
#10711=CARTESIAN_POINT('',(34.5245079176472,0.5,168.29846746405));
#10712=CARTESIAN_POINT('',(34.5245079176472,0.,168.29846746405));
#10713=CARTESIAN_POINT('Ctrl Pts',(34.5245079176472,0.5,168.29846746405));
#10714=CARTESIAN_POINT('Ctrl Pts',(34.4539508744255,0.5,168.17937027248));
#10715=CARTESIAN_POINT('Ctrl Pts',(34.2952591383438,0.5,167.911505588394));
#10716=CARTESIAN_POINT('Ctrl Pts',(34.2866264983255,0.5,167.598830723757));
#10717=CARTESIAN_POINT('Ctrl Pts',(34.2818320767925,0.5,167.425176418623));
#10718=CARTESIAN_POINT('Ctrl Pts',(35.2422813551472,0.,168.645391232571));
#10719=CARTESIAN_POINT('Ctrl Pts',(35.2422813551472,0.5,168.645391232571));
#10720=CARTESIAN_POINT('Ctrl Pts',(35.0965192987353,0.,168.621495229816));
#10721=CARTESIAN_POINT('Ctrl Pts',(35.0965192987353,0.5,168.621495229816));
#10722=CARTESIAN_POINT('Ctrl Pts',(34.8220190953677,0.,168.576494097304));
#10723=CARTESIAN_POINT('Ctrl Pts',(34.8220190953677,0.5,168.576494097304));
#10724=CARTESIAN_POINT('Ctrl Pts',(34.6194915363621,0.,168.387230433993));
#10725=CARTESIAN_POINT('Ctrl Pts',(34.6194915363621,0.5,168.387230433993));
#10726=CARTESIAN_POINT('Ctrl Pts',(34.5245079176472,0.,168.29846746405));
#10727=CARTESIAN_POINT('Ctrl Pts',(34.5245079176472,0.5,168.29846746405));
#10728=CARTESIAN_POINT('',(35.2422813551472,0.,168.645391232571));
#10729=CARTESIAN_POINT('Ctrl Pts',(35.2422813551472,0.,168.645391232571));
#10730=CARTESIAN_POINT('Ctrl Pts',(35.0965192987353,0.,168.621495229816));
#10731=CARTESIAN_POINT('Ctrl Pts',(34.8220190953677,0.,168.576494097304));
#10732=CARTESIAN_POINT('Ctrl Pts',(34.6194915363621,0.,168.387230433993));
#10733=CARTESIAN_POINT('Ctrl Pts',(34.5245079176472,0.,168.29846746405));
#10734=CARTESIAN_POINT('',(35.2422813551472,0.5,168.645391232571));
#10735=CARTESIAN_POINT('',(35.2422813551472,0.,168.645391232571));
#10736=CARTESIAN_POINT('Ctrl Pts',(35.2422813551472,0.5,168.645391232571));
#10737=CARTESIAN_POINT('Ctrl Pts',(35.0965192987353,0.5,168.621495229816));
#10738=CARTESIAN_POINT('Ctrl Pts',(34.8220190953677,0.5,168.576494097304));
#10739=CARTESIAN_POINT('Ctrl Pts',(34.6194915363621,0.5,168.387230433993));
#10740=CARTESIAN_POINT('Ctrl Pts',(34.5245079176472,0.5,168.29846746405));
#10741=CARTESIAN_POINT('Origin',(35.1944298522518,0.,169.281133479675));
#10742=CARTESIAN_POINT('',(35.1944298522518,0.,169.281133479675));
#10743=CARTESIAN_POINT('',(41.444277451625,0.,86.247332732055));
#10744=CARTESIAN_POINT('',(35.1944298522518,0.5,169.281133479675));
#10745=CARTESIAN_POINT('',(35.1944298522518,0.,169.281133479675));
#10746=CARTESIAN_POINT('',(35.1944298522518,0.5,169.281133479675));
#10747=CARTESIAN_POINT('Ctrl Pts',(34.4048790113972,0.,169.035039908489));
#10748=CARTESIAN_POINT('Ctrl Pts',(34.4048790113972,0.5,169.035039908489));
#10749=CARTESIAN_POINT('Ctrl Pts',(34.5259965491326,0.,169.102582010205));
#10750=CARTESIAN_POINT('Ctrl Pts',(34.5259965491326,0.5,169.102582010205));
#10751=CARTESIAN_POINT('Ctrl Pts',(34.771884417772,0.,169.239703221097));
#10752=CARTESIAN_POINT('Ctrl Pts',(34.771884417772,0.5,169.239703221097));
#10753=CARTESIAN_POINT('Ctrl Pts',(35.0521933288268,0.,169.2671872967));
#10754=CARTESIAN_POINT('Ctrl Pts',(35.0521933288268,0.5,169.2671872967));
#10755=CARTESIAN_POINT('Ctrl Pts',(35.1944298522518,0.,169.281133479675));
#10756=CARTESIAN_POINT('Ctrl Pts',(35.1944298522518,0.5,169.281133479675));
#10757=CARTESIAN_POINT('',(34.4048790113972,0.,169.035039908489));
#10758=CARTESIAN_POINT('Ctrl Pts',(34.4048790113972,0.,169.035039908489));
#10759=CARTESIAN_POINT('Ctrl Pts',(34.5259965491326,0.,169.102582010205));
#10760=CARTESIAN_POINT('Ctrl Pts',(34.771884417772,0.,169.239703221097));
#10761=CARTESIAN_POINT('Ctrl Pts',(35.0521933288268,0.,169.2671872967));
#10762=CARTESIAN_POINT('Ctrl Pts',(35.1944298522518,0.,169.281133479675));
#10763=CARTESIAN_POINT('',(34.4048790113972,0.5,169.035039908489));
#10764=CARTESIAN_POINT('',(34.4048790113972,0.,169.035039908489));
#10765=CARTESIAN_POINT('Ctrl Pts',(34.4048790113972,0.5,169.035039908489));
#10766=CARTESIAN_POINT('Ctrl Pts',(34.5259965491326,0.5,169.102582010205));
#10767=CARTESIAN_POINT('Ctrl Pts',(34.771884417772,0.5,169.239703221097));
#10768=CARTESIAN_POINT('Ctrl Pts',(35.0521933288268,0.5,169.2671872967));
#10769=CARTESIAN_POINT('Ctrl Pts',(35.1944298522518,0.5,169.281133479675));
#10770=CARTESIAN_POINT('Ctrl Pts',(33.8768030183361,0.,168.380498654446));
#10771=CARTESIAN_POINT('Ctrl Pts',(33.8768030183361,0.5,168.380498654446));
#10772=CARTESIAN_POINT('Ctrl Pts',(33.9420118595598,0.,168.513048890515));
#10773=CARTESIAN_POINT('Ctrl Pts',(33.9420118595598,0.5,168.513048890515));
#10774=CARTESIAN_POINT('Ctrl Pts',(34.0689819175346,0.,168.771141364519));
#10775=CARTESIAN_POINT('Ctrl Pts',(34.0689819175346,0.5,168.771141364519));
#10776=CARTESIAN_POINT('Ctrl Pts',(34.2949586325397,0.,168.948680638155));
#10777=CARTESIAN_POINT('Ctrl Pts',(34.2949586325397,0.5,168.948680638155));
#10778=CARTESIAN_POINT('Ctrl Pts',(34.4048790113972,0.,169.035039908489));
#10779=CARTESIAN_POINT('Ctrl Pts',(34.4048790113972,0.5,169.035039908489));
#10780=CARTESIAN_POINT('',(33.8768030183361,0.,168.380498654446));
#10781=CARTESIAN_POINT('Ctrl Pts',(33.8768030183361,0.,168.380498654446));
#10782=CARTESIAN_POINT('Ctrl Pts',(33.9420118595598,0.,168.513048890515));
#10783=CARTESIAN_POINT('Ctrl Pts',(34.0689819175346,0.,168.771141364519));
#10784=CARTESIAN_POINT('Ctrl Pts',(34.2949586325397,0.,168.948680638155));
#10785=CARTESIAN_POINT('Ctrl Pts',(34.4048790113972,0.,169.035039908489));
#10786=CARTESIAN_POINT('',(33.8768030183361,0.5,168.380498654446));
#10787=CARTESIAN_POINT('',(33.8768030183361,0.,168.380498654446));
#10788=CARTESIAN_POINT('Ctrl Pts',(33.8768030183361,0.5,168.380498654446));
#10789=CARTESIAN_POINT('Ctrl Pts',(33.9420118595598,0.5,168.513048890515));
#10790=CARTESIAN_POINT('Ctrl Pts',(34.0689819175346,0.5,168.771141364519));
#10791=CARTESIAN_POINT('Ctrl Pts',(34.2949586325397,0.5,168.948680638155));
#10792=CARTESIAN_POINT('Ctrl Pts',(34.4048790113972,0.5,169.035039908489));
#10793=CARTESIAN_POINT('Ctrl Pts',(33.6973596589611,0.,167.397832638821));
#10794=CARTESIAN_POINT('Ctrl Pts',(33.6973596589611,0.5,167.397832638821));
#10795=CARTESIAN_POINT('Ctrl Pts',(33.7032862442472,0.,167.574269955069));
#10796=CARTESIAN_POINT('Ctrl Pts',(33.7032862442472,0.5,167.574269955069));
#10797=CARTESIAN_POINT('Ctrl Pts',(33.7145946154745,0.,167.910925647035));
#10798=CARTESIAN_POINT('Ctrl Pts',(33.7145946154745,0.5,167.910925647035));
#10799=CARTESIAN_POINT('Ctrl Pts',(33.8244984837979,0.,168.229083578833));
#10800=CARTESIAN_POINT('Ctrl Pts',(33.8244984837979,0.5,168.229083578833));
#10801=CARTESIAN_POINT('Ctrl Pts',(33.8768030183361,0.,168.380498654446));
#10802=CARTESIAN_POINT('Ctrl Pts',(33.8768030183361,0.5,168.380498654446));
#10803=CARTESIAN_POINT('',(33.6973596589611,0.,167.397832638821));
#10804=CARTESIAN_POINT('Ctrl Pts',(33.6973596589611,0.,167.397832638821));
#10805=CARTESIAN_POINT('Ctrl Pts',(33.7032862442472,0.,167.574269955069));
#10806=CARTESIAN_POINT('Ctrl Pts',(33.7145946154745,0.,167.910925647035));
#10807=CARTESIAN_POINT('Ctrl Pts',(33.8244984837979,0.,168.229083578833));
#10808=CARTESIAN_POINT('Ctrl Pts',(33.8768030183361,0.,168.380498654446));
#10809=CARTESIAN_POINT('',(33.6973596589611,0.5,167.397832638821));
#10810=CARTESIAN_POINT('',(33.6973596589611,0.,167.397832638821));
#10811=CARTESIAN_POINT('Ctrl Pts',(33.6973596589611,0.5,167.397832638821));
#10812=CARTESIAN_POINT('Ctrl Pts',(33.7032862442472,0.5,167.574269955069));
#10813=CARTESIAN_POINT('Ctrl Pts',(33.7145946154745,0.5,167.910925647035));
#10814=CARTESIAN_POINT('Ctrl Pts',(33.8244984837979,0.5,168.229083578833));
#10815=CARTESIAN_POINT('Ctrl Pts',(33.8768030183361,0.5,168.380498654446));
#10816=CARTESIAN_POINT('Ctrl Pts',(33.8682580964611,0.,166.478399104675));
#10817=CARTESIAN_POINT('Ctrl Pts',(33.8682580964611,0.5,166.478399104675));
#10818=CARTESIAN_POINT('Ctrl Pts',(33.8184264220892,0.,166.62260363787));
#10819=CARTESIAN_POINT('Ctrl Pts',(33.8184264220892,0.5,166.62260363787));
#10820=CARTESIAN_POINT('Ctrl Pts',(33.7155211232309,0.,166.920394365799));
#10821=CARTESIAN_POINT('Ctrl Pts',(33.7155211232309,0.5,166.920394365799));
#10822=CARTESIAN_POINT('Ctrl Pts',(33.7035393062757,0.,167.235378769577));
#10823=CARTESIAN_POINT('Ctrl Pts',(33.7035393062757,0.5,167.235378769577));
#10824=CARTESIAN_POINT('Ctrl Pts',(33.6973596589611,0.,167.397832638821));
#10825=CARTESIAN_POINT('Ctrl Pts',(33.6973596589611,0.5,167.397832638821));
#10826=CARTESIAN_POINT('',(33.8682580964611,0.,166.478399104675));
#10827=CARTESIAN_POINT('Ctrl Pts',(33.8682580964611,0.,166.478399104675));
#10828=CARTESIAN_POINT('Ctrl Pts',(33.8184264220892,0.,166.62260363787));
#10829=CARTESIAN_POINT('Ctrl Pts',(33.7155211232309,0.,166.920394365799));
#10830=CARTESIAN_POINT('Ctrl Pts',(33.7035393062757,0.,167.235378769577));
#10831=CARTESIAN_POINT('Ctrl Pts',(33.6973596589611,0.,167.397832638821));
#10832=CARTESIAN_POINT('',(33.8682580964611,0.5,166.478399104675));
#10833=CARTESIAN_POINT('',(33.8682580964611,0.,166.478399104675));
#10834=CARTESIAN_POINT('Ctrl Pts',(33.8682580964611,0.5,166.478399104675));
#10835=CARTESIAN_POINT('Ctrl Pts',(33.8184264220892,0.5,166.62260363787));
#10836=CARTESIAN_POINT('Ctrl Pts',(33.7155211232309,0.5,166.920394365799));
#10837=CARTESIAN_POINT('Ctrl Pts',(33.7035393062757,0.5,167.235378769577));
#10838=CARTESIAN_POINT('Ctrl Pts',(33.6973596589611,0.5,167.397832638821));
#10839=CARTESIAN_POINT('Ctrl Pts',(34.3689904587315,0.,165.849492839774));
#10840=CARTESIAN_POINT('Ctrl Pts',(34.3689904587315,0.5,165.849492839774));
#10841=CARTESIAN_POINT('Ctrl Pts',(34.2647763398544,0.,165.931742858055));
#10842=CARTESIAN_POINT('Ctrl Pts',(34.2647763398544,0.5,165.931742858055));
#10843=CARTESIAN_POINT('Ctrl Pts',(34.0489951049391,0.,166.102046178832));
#10844=CARTESIAN_POINT('Ctrl Pts',(34.0489951049391,0.5,166.102046178832));
#10845=CARTESIAN_POINT('Ctrl Pts',(33.9298570223104,0.,166.350130211838));
#10846=CARTESIAN_POINT('Ctrl Pts',(33.9298570223104,0.5,166.350130211838));
#10847=CARTESIAN_POINT('Ctrl Pts',(33.8682580964611,0.,166.478399104675));
#10848=CARTESIAN_POINT('Ctrl Pts',(33.8682580964611,0.5,166.478399104675));
#10849=CARTESIAN_POINT('',(34.3689904587315,0.,165.849492839774));
#10850=CARTESIAN_POINT('Ctrl Pts',(34.3689904587315,0.,165.849492839774));
#10851=CARTESIAN_POINT('Ctrl Pts',(34.2647763398544,0.,165.931742858055));
#10852=CARTESIAN_POINT('Ctrl Pts',(34.0489951049391,0.,166.102046178832));
#10853=CARTESIAN_POINT('Ctrl Pts',(33.9298570223104,0.,166.350130211838));
#10854=CARTESIAN_POINT('Ctrl Pts',(33.8682580964611,0.,166.478399104675));
#10855=CARTESIAN_POINT('',(34.3689904587315,0.5,165.849492839774));
#10856=CARTESIAN_POINT('',(34.3689904587315,0.,165.849492839774));
#10857=CARTESIAN_POINT('Ctrl Pts',(34.3689904587315,0.5,165.849492839774));
#10858=CARTESIAN_POINT('Ctrl Pts',(34.2647763398544,0.5,165.931742858055));
#10859=CARTESIAN_POINT('Ctrl Pts',(34.0489951049391,0.5,166.102046178832));
#10860=CARTESIAN_POINT('Ctrl Pts',(33.9298570223104,0.5,166.350130211838));
#10861=CARTESIAN_POINT('Ctrl Pts',(33.8682580964611,0.5,166.478399104675));
#10862=CARTESIAN_POINT('Ctrl Pts',(35.0782189743565,0.,165.634160853228));
#10863=CARTESIAN_POINT('Ctrl Pts',(35.0782189743565,0.5,165.634160853228));
#10864=CARTESIAN_POINT('Ctrl Pts',(34.9532812385967,0.,165.643486168539));
#10865=CARTESIAN_POINT('Ctrl Pts',(34.9532812385967,0.5,165.643486168539));
#10866=CARTESIAN_POINT('Ctrl Pts',(34.7008846871559,0.,165.662324971816));
#10867=CARTESIAN_POINT('Ctrl Pts',(34.7008846871559,0.5,165.662324971816));
#10868=CARTESIAN_POINT('Ctrl Pts',(34.4803561230022,0.,165.786689476051));
#10869=CARTESIAN_POINT('Ctrl Pts',(34.4803561230022,0.5,165.786689476051));
#10870=CARTESIAN_POINT('Ctrl Pts',(34.3689904587315,0.,165.849492839774));
#10871=CARTESIAN_POINT('Ctrl Pts',(34.3689904587315,0.5,165.849492839774));
#10872=CARTESIAN_POINT('',(35.0782189743565,0.,165.634160853228));
#10873=CARTESIAN_POINT('Ctrl Pts',(35.0782189743565,0.,165.634160853228));
#10874=CARTESIAN_POINT('Ctrl Pts',(34.9532812385967,0.,165.643486168539));
#10875=CARTESIAN_POINT('Ctrl Pts',(34.7008846871559,0.,165.662324971816));
#10876=CARTESIAN_POINT('Ctrl Pts',(34.4803561230022,0.,165.786689476051));
#10877=CARTESIAN_POINT('Ctrl Pts',(34.3689904587315,0.,165.849492839774));
#10878=CARTESIAN_POINT('',(35.0782189743565,0.5,165.634160853228));
#10879=CARTESIAN_POINT('',(35.0782189743565,0.,165.634160853228));
#10880=CARTESIAN_POINT('Ctrl Pts',(35.0782189743565,0.5,165.634160853228));
#10881=CARTESIAN_POINT('Ctrl Pts',(34.9532812385967,0.5,165.643486168539));
#10882=CARTESIAN_POINT('Ctrl Pts',(34.7008846871559,0.5,165.662324971816));
#10883=CARTESIAN_POINT('Ctrl Pts',(34.4803561230022,0.5,165.786689476051));
#10884=CARTESIAN_POINT('Ctrl Pts',(34.3689904587315,0.5,165.849492839774));
#10885=CARTESIAN_POINT('Ctrl Pts',(35.7019982712315,0.,165.810186184248));
#10886=CARTESIAN_POINT('Ctrl Pts',(35.7019982712315,0.5,165.810186184248));
#10887=CARTESIAN_POINT('Ctrl Pts',(35.6056724414412,0.,165.75884767134));
#10888=CARTESIAN_POINT('Ctrl Pts',(35.6056724414412,0.5,165.75884767134));
#10889=CARTESIAN_POINT('Ctrl Pts',(35.4106125520363,0.,165.654887137889));
#10890=CARTESIAN_POINT('Ctrl Pts',(35.4106125520363,0.5,165.654887137889));
#10891=CARTESIAN_POINT('Ctrl Pts',(35.189925043946,0.,165.641126245919));
#10892=CARTESIAN_POINT('Ctrl Pts',(35.189925043946,0.5,165.641126245919));
#10893=CARTESIAN_POINT('Ctrl Pts',(35.0782189743565,0.,165.634160853228));
#10894=CARTESIAN_POINT('Ctrl Pts',(35.0782189743565,0.5,165.634160853228));
#10895=CARTESIAN_POINT('',(35.7019982712315,0.,165.810186184248));
#10896=CARTESIAN_POINT('Ctrl Pts',(35.7019982712315,0.,165.810186184248));
#10897=CARTESIAN_POINT('Ctrl Pts',(35.6056724414412,0.,165.75884767134));
#10898=CARTESIAN_POINT('Ctrl Pts',(35.4106125520363,0.,165.654887137889));
#10899=CARTESIAN_POINT('Ctrl Pts',(35.189925043946,0.,165.641126245919));
#10900=CARTESIAN_POINT('Ctrl Pts',(35.0782189743565,0.,165.634160853228));
#10901=CARTESIAN_POINT('',(35.7019982712315,0.5,165.810186184248));
#10902=CARTESIAN_POINT('',(35.7019982712315,0.,165.810186184248));
#10903=CARTESIAN_POINT('Ctrl Pts',(35.7019982712315,0.5,165.810186184248));
#10904=CARTESIAN_POINT('Ctrl Pts',(35.6056724414412,0.5,165.75884767134));
#10905=CARTESIAN_POINT('Ctrl Pts',(35.4106125520363,0.5,165.654887137889));
#10906=CARTESIAN_POINT('Ctrl Pts',(35.189925043946,0.5,165.641126245919));
#10907=CARTESIAN_POINT('Ctrl Pts',(35.0782189743565,0.5,165.634160853228));
#10908=CARTESIAN_POINT('Ctrl Pts',(36.1685509460018,0.,166.34509838303));
#10909=CARTESIAN_POINT('Ctrl Pts',(36.1685509460018,0.5,166.34509838303));
#10910=CARTESIAN_POINT('Ctrl Pts',(36.1048943037637,0.,166.234907562196));
#10911=CARTESIAN_POINT('Ctrl Pts',(36.1048943037637,0.5,166.234907562196));
#10912=CARTESIAN_POINT('Ctrl Pts',(35.9841242643591,0.,166.025852398333));
#10913=CARTESIAN_POINT('Ctrl Pts',(35.9841242643591,0.5,166.025852398333));
#10914=CARTESIAN_POINT('Ctrl Pts',(35.7925810382787,0.,165.87943057472));
#10915=CARTESIAN_POINT('Ctrl Pts',(35.7925810382787,0.5,165.87943057472));
#10916=CARTESIAN_POINT('Ctrl Pts',(35.7019982712315,0.,165.810186184248));
#10917=CARTESIAN_POINT('Ctrl Pts',(35.7019982712315,0.5,165.810186184248));
#10918=CARTESIAN_POINT('',(36.1685509460018,0.,166.34509838303));
#10919=CARTESIAN_POINT('Ctrl Pts',(36.1685509460018,0.,166.34509838303));
#10920=CARTESIAN_POINT('Ctrl Pts',(36.1048943037637,0.,166.234907562196));
#10921=CARTESIAN_POINT('Ctrl Pts',(35.9841242643591,0.,166.025852398333));
#10922=CARTESIAN_POINT('Ctrl Pts',(35.7925810382787,0.,165.87943057472));
#10923=CARTESIAN_POINT('Ctrl Pts',(35.7019982712315,0.,165.810186184248));
#10924=CARTESIAN_POINT('',(36.1685509460018,0.5,166.34509838303));
#10925=CARTESIAN_POINT('',(36.1685509460018,0.,166.34509838303));
#10926=CARTESIAN_POINT('Ctrl Pts',(36.1685509460018,0.5,166.34509838303));
#10927=CARTESIAN_POINT('Ctrl Pts',(36.1048943037637,0.5,166.234907562196));
#10928=CARTESIAN_POINT('Ctrl Pts',(35.9841242643591,0.5,166.025852398333));
#10929=CARTESIAN_POINT('Ctrl Pts',(35.7925810382787,0.5,165.87943057472));
#10930=CARTESIAN_POINT('Ctrl Pts',(35.7019982712315,0.5,165.810186184248));
#10931=CARTESIAN_POINT('Ctrl Pts',(36.4812950270222,0.,167.312383420071));
#10932=CARTESIAN_POINT('Ctrl Pts',(36.4812950270222,0.5,167.312383420071));
#10933=CARTESIAN_POINT('Ctrl Pts',(36.4340277243948,0.,167.114549992792));
#10934=CARTESIAN_POINT('Ctrl Pts',(36.4340277243948,0.5,167.114549992792));
#10935=CARTESIAN_POINT('Ctrl Pts',(36.3549724172953,0.,166.783670473999));
#10936=CARTESIAN_POINT('Ctrl Pts',(36.3549724172953,0.5,166.783670473999));
#10937=CARTESIAN_POINT('Ctrl Pts',(36.2220135002971,0.,166.470873510021));
#10938=CARTESIAN_POINT('Ctrl Pts',(36.2220135002971,0.5,166.470873510021));
#10939=CARTESIAN_POINT('Ctrl Pts',(36.1685509460018,0.,166.34509838303));
#10940=CARTESIAN_POINT('Ctrl Pts',(36.1685509460018,0.5,166.34509838303));
#10941=CARTESIAN_POINT('',(36.4812950270222,0.,167.312383420071));
#10942=CARTESIAN_POINT('Ctrl Pts',(36.4812950270222,0.,167.312383420071));
#10943=CARTESIAN_POINT('Ctrl Pts',(36.4340277243948,0.,167.114549992792));
#10944=CARTESIAN_POINT('Ctrl Pts',(36.3549724172953,0.,166.783670473999));
#10945=CARTESIAN_POINT('Ctrl Pts',(36.2220135002971,0.,166.470873510021));
#10946=CARTESIAN_POINT('Ctrl Pts',(36.1685509460018,0.,166.34509838303));
#10947=CARTESIAN_POINT('',(36.4812950270222,0.5,167.312383420071));
#10948=CARTESIAN_POINT('',(36.4812950270222,0.,167.312383420071));
#10949=CARTESIAN_POINT('Ctrl Pts',(36.4812950270222,0.5,167.312383420071));
#10950=CARTESIAN_POINT('Ctrl Pts',(36.4340277243948,0.5,167.114549992792));
#10951=CARTESIAN_POINT('Ctrl Pts',(36.3549724172953,0.5,166.783670473999));
#10952=CARTESIAN_POINT('Ctrl Pts',(36.2220135002971,0.5,166.470873510021));
#10953=CARTESIAN_POINT('Ctrl Pts',(36.1685509460018,0.5,166.34509838303));
#10954=CARTESIAN_POINT('Ctrl Pts',(36.7256797330425,0.,168.204473323425));
#10955=CARTESIAN_POINT('Ctrl Pts',(36.7256797330425,0.5,168.204473323425));
#10956=CARTESIAN_POINT('Ctrl Pts',(36.6911663550574,0.,168.096816836141));
#10957=CARTESIAN_POINT('Ctrl Pts',(36.6911663550574,0.5,168.096816836141));
#10958=CARTESIAN_POINT('Ctrl Pts',(36.5969832893333,0.,167.803034580986));
#10959=CARTESIAN_POINT('Ctrl Pts',(36.5969832893333,0.5,167.803034580986));
#10960=CARTESIAN_POINT('Ctrl Pts',(36.5261631384585,0.,167.502675767147));
#10961=CARTESIAN_POINT('Ctrl Pts',(36.5261631384585,0.5,167.502675767147));
#10962=CARTESIAN_POINT('Ctrl Pts',(36.4812950270222,0.,167.312383420071));
#10963=CARTESIAN_POINT('Ctrl Pts',(36.4812950270222,0.5,167.312383420071));
#10964=CARTESIAN_POINT('',(36.7256797330425,0.,168.204473323425));
#10965=CARTESIAN_POINT('Ctrl Pts',(36.7256797330425,0.,168.204473323425));
#10966=CARTESIAN_POINT('Ctrl Pts',(36.6911663550574,0.,168.096816836141));
#10967=CARTESIAN_POINT('Ctrl Pts',(36.5969832893333,0.,167.803034580986));
#10968=CARTESIAN_POINT('Ctrl Pts',(36.5261631384585,0.,167.502675767147));
#10969=CARTESIAN_POINT('Ctrl Pts',(36.4812950270222,0.,167.312383420071));
#10970=CARTESIAN_POINT('',(36.7256797330425,0.5,168.204473323425));
#10971=CARTESIAN_POINT('',(36.7256797330425,0.,168.204473323425));
#10972=CARTESIAN_POINT('Ctrl Pts',(36.7256797330425,0.5,168.204473323425));
#10973=CARTESIAN_POINT('Ctrl Pts',(36.6911663550574,0.5,168.096816836141));
#10974=CARTESIAN_POINT('Ctrl Pts',(36.5969832893333,0.5,167.803034580986));
#10975=CARTESIAN_POINT('Ctrl Pts',(36.5261631384585,0.5,167.502675767147));
#10976=CARTESIAN_POINT('Ctrl Pts',(36.4812950270222,0.5,167.312383420071));
#10977=CARTESIAN_POINT('Ctrl Pts',(37.0213342683361,0.,168.655645317634));
#10978=CARTESIAN_POINT('Ctrl Pts',(37.0213342683361,0.5,168.655645317634));
#10979=CARTESIAN_POINT('Ctrl Pts',(36.9633341258887,0.,168.597982982845));
#10980=CARTESIAN_POINT('Ctrl Pts',(36.9633341258887,0.5,168.597982982845));
#10981=CARTESIAN_POINT('Ctrl Pts',(36.8334061102806,0.,168.468811701217));
#10982=CARTESIAN_POINT('Ctrl Pts',(36.8334061102806,0.5,168.468811701217));
#10983=CARTESIAN_POINT('Ctrl Pts',(36.7640661742076,0.,168.298665756578));
#10984=CARTESIAN_POINT('Ctrl Pts',(36.7640661742076,0.5,168.298665756578));
#10985=CARTESIAN_POINT('Ctrl Pts',(36.7256797330425,0.,168.204473323425));
#10986=CARTESIAN_POINT('Ctrl Pts',(36.7256797330425,0.5,168.204473323425));
#10987=CARTESIAN_POINT('',(37.0213342683361,0.,168.655645317634));
#10988=CARTESIAN_POINT('Ctrl Pts',(37.0213342683361,0.,168.655645317634));
#10989=CARTESIAN_POINT('Ctrl Pts',(36.9633341258887,0.,168.597982982845));
#10990=CARTESIAN_POINT('Ctrl Pts',(36.8334061102806,0.,168.468811701217));
#10991=CARTESIAN_POINT('Ctrl Pts',(36.7640661742076,0.,168.298665756578));
#10992=CARTESIAN_POINT('Ctrl Pts',(36.7256797330425,0.,168.204473323425));
#10993=CARTESIAN_POINT('',(37.0213342683361,0.5,168.655645317634));
#10994=CARTESIAN_POINT('',(37.0213342683361,0.,168.655645317634));
#10995=CARTESIAN_POINT('Ctrl Pts',(37.0213342683361,0.5,168.655645317634));
#10996=CARTESIAN_POINT('Ctrl Pts',(36.9633341258887,0.5,168.597982982845));
#10997=CARTESIAN_POINT('Ctrl Pts',(36.8334061102806,0.5,168.468811701217));
#10998=CARTESIAN_POINT('Ctrl Pts',(36.7640661742076,0.5,168.298665756578));
#10999=CARTESIAN_POINT('Ctrl Pts',(36.7256797330425,0.5,168.204473323425));
#11000=CARTESIAN_POINT('Ctrl Pts',(37.4331993835018,0.,168.792364067634));
#11001=CARTESIAN_POINT('Ctrl Pts',(37.4331993835018,0.5,168.792364067634));
#11002=CARTESIAN_POINT('Ctrl Pts',(37.3575432286059,0.,168.787024965071));
#11003=CARTESIAN_POINT('Ctrl Pts',(37.3575432286059,0.5,168.787024965071));
#11004=CARTESIAN_POINT('Ctrl Pts',(37.2085157476221,0.,168.776508001755));
#11005=CARTESIAN_POINT('Ctrl Pts',(37.2085157476221,0.5,168.776508001755));
#11006=CARTESIAN_POINT('Ctrl Pts',(37.0830870876751,0.,168.69551898209));
#11007=CARTESIAN_POINT('Ctrl Pts',(37.0830870876751,0.5,168.69551898209));
#11008=CARTESIAN_POINT('Ctrl Pts',(37.0213342683361,0.,168.655645317634));
#11009=CARTESIAN_POINT('Ctrl Pts',(37.0213342683361,0.5,168.655645317634));
#11010=CARTESIAN_POINT('',(37.4331993835018,0.,168.792364067634));
#11011=CARTESIAN_POINT('Ctrl Pts',(37.4331993835018,0.,168.792364067634));
#11012=CARTESIAN_POINT('Ctrl Pts',(37.3575432286059,0.,168.787024965071));
#11013=CARTESIAN_POINT('Ctrl Pts',(37.2085157476221,0.,168.776508001755));
#11014=CARTESIAN_POINT('Ctrl Pts',(37.0830870876751,0.,168.69551898209));
#11015=CARTESIAN_POINT('Ctrl Pts',(37.0213342683361,0.,168.655645317634));
#11016=CARTESIAN_POINT('',(37.4331993835018,0.5,168.792364067634));
#11017=CARTESIAN_POINT('',(37.4331993835018,0.,168.792364067634));
#11018=CARTESIAN_POINT('Ctrl Pts',(37.4331993835018,0.5,168.792364067634));
#11019=CARTESIAN_POINT('Ctrl Pts',(37.3575432286059,0.5,168.787024965071));
#11020=CARTESIAN_POINT('Ctrl Pts',(37.2085157476221,0.5,168.776508001755));
#11021=CARTESIAN_POINT('Ctrl Pts',(37.0830870876751,0.5,168.69551898209));
#11022=CARTESIAN_POINT('Ctrl Pts',(37.0213342683361,0.5,168.655645317634));
#11023=CARTESIAN_POINT('Ctrl Pts',(37.8621543424175,0.,168.650518424114));
#11024=CARTESIAN_POINT('Ctrl Pts',(37.8621543424175,0.5,168.650518424114));
#11025=CARTESIAN_POINT('Ctrl Pts',(37.7955944634944,0.,168.691888661023));
#11026=CARTESIAN_POINT('Ctrl Pts',(37.7955944634944,0.5,168.691888661023));
#11027=CARTESIAN_POINT('Ctrl Pts',(37.6639598116304,0.,168.773706068462));
#11028=CARTESIAN_POINT('Ctrl Pts',(37.6639598116304,0.5,168.773706068462));
#11029=CARTESIAN_POINT('Ctrl Pts',(37.5095387987541,0.,168.786191688955));
#11030=CARTESIAN_POINT('Ctrl Pts',(37.5095387987541,0.5,168.786191688955));
#11031=CARTESIAN_POINT('Ctrl Pts',(37.4331993835018,0.,168.792364067634));
#11032=CARTESIAN_POINT('Ctrl Pts',(37.4331993835018,0.5,168.792364067634));
#11033=CARTESIAN_POINT('',(37.8621543424175,0.,168.650518424114));
#11034=CARTESIAN_POINT('Ctrl Pts',(37.8621543424175,0.,168.650518424114));
#11035=CARTESIAN_POINT('Ctrl Pts',(37.7955944634944,0.,168.691888661023));
#11036=CARTESIAN_POINT('Ctrl Pts',(37.6639598116304,0.,168.773706068462));
#11037=CARTESIAN_POINT('Ctrl Pts',(37.5095387987541,0.,168.786191688955));
#11038=CARTESIAN_POINT('Ctrl Pts',(37.4331993835018,0.,168.792364067634));
#11039=CARTESIAN_POINT('',(37.8621543424175,0.5,168.650518424114));
#11040=CARTESIAN_POINT('',(37.8621543424175,0.,168.650518424114));
#11041=CARTESIAN_POINT('Ctrl Pts',(37.8621543424175,0.5,168.650518424114));
#11042=CARTESIAN_POINT('Ctrl Pts',(37.7955944634944,0.5,168.691888661023));
#11043=CARTESIAN_POINT('Ctrl Pts',(37.6639598116304,0.5,168.773706068462));
#11044=CARTESIAN_POINT('Ctrl Pts',(37.5095387987541,0.5,168.786191688955));
#11045=CARTESIAN_POINT('Ctrl Pts',(37.4331993835018,0.5,168.792364067634));
#11046=CARTESIAN_POINT('Ctrl Pts',(38.1714803950832,0.,168.218145138821));
#11047=CARTESIAN_POINT('Ctrl Pts',(38.1714803950832,0.5,168.218145138821));
#11048=CARTESIAN_POINT('Ctrl Pts',(38.1328488047794,0.,168.306938031993));
#11049=CARTESIAN_POINT('Ctrl Pts',(38.1328488047794,0.5,168.306938031993));
#11050=CARTESIAN_POINT('Ctrl Pts',(38.0604025982105,0.,168.473452230089));
#11051=CARTESIAN_POINT('Ctrl Pts',(38.0604025982105,0.5,168.473452230089));
#11052=CARTESIAN_POINT('Ctrl Pts',(37.9252414568974,0.,168.594171924578));
#11053=CARTESIAN_POINT('Ctrl Pts',(37.9252414568974,0.5,168.594171924578));
#11054=CARTESIAN_POINT('Ctrl Pts',(37.8621543424175,0.,168.650518424114));
#11055=CARTESIAN_POINT('Ctrl Pts',(37.8621543424175,0.5,168.650518424114));
#11056=CARTESIAN_POINT('',(38.1714803950832,0.,168.218145138821));
#11057=CARTESIAN_POINT('Ctrl Pts',(38.1714803950832,0.,168.218145138821));
#11058=CARTESIAN_POINT('Ctrl Pts',(38.1328488047794,0.,168.306938031993));
#11059=CARTESIAN_POINT('Ctrl Pts',(38.0604025982105,0.,168.473452230089));
#11060=CARTESIAN_POINT('Ctrl Pts',(37.9252414568974,0.,168.594171924578));
#11061=CARTESIAN_POINT('Ctrl Pts',(37.8621543424175,0.,168.650518424114));
#11062=CARTESIAN_POINT('',(38.1714803950832,0.5,168.218145138821));
#11063=CARTESIAN_POINT('',(38.1714803950832,0.,168.218145138821));
#11064=CARTESIAN_POINT('Ctrl Pts',(38.1714803950832,0.5,168.218145138821));
#11065=CARTESIAN_POINT('Ctrl Pts',(38.1328488047794,0.5,168.306938031993));
#11066=CARTESIAN_POINT('Ctrl Pts',(38.0604025982105,0.5,168.473452230089));
#11067=CARTESIAN_POINT('Ctrl Pts',(37.9252414568974,0.5,168.594171924578));
#11068=CARTESIAN_POINT('Ctrl Pts',(37.8621543424175,0.5,168.650518424114));
#11069=CARTESIAN_POINT('Ctrl Pts',(38.2842732446239,0.,167.548223204216));
#11070=CARTESIAN_POINT('Ctrl Pts',(38.2842732446239,0.5,167.548223204216));
#11071=CARTESIAN_POINT('Ctrl Pts',(38.2805937759772,0.,167.668273062109));
#11072=CARTESIAN_POINT('Ctrl Pts',(38.2805937759772,0.5,167.668273062109));
#11073=CARTESIAN_POINT('Ctrl Pts',(38.2735871464674,0.,167.896878047696));
#11074=CARTESIAN_POINT('Ctrl Pts',(38.2735871464674,0.5,167.896878047696));
#11075=CARTESIAN_POINT('Ctrl Pts',(38.20435561074,0.,168.11470707267));
#11076=CARTESIAN_POINT('Ctrl Pts',(38.20435561074,0.5,168.11470707267));
#11077=CARTESIAN_POINT('Ctrl Pts',(38.1714803950832,0.,168.218145138821));
#11078=CARTESIAN_POINT('Ctrl Pts',(38.1714803950832,0.5,168.218145138821));
#11079=CARTESIAN_POINT('',(38.2842732446239,0.,167.548223204216));
#11080=CARTESIAN_POINT('Ctrl Pts',(38.2842732446239,0.,167.548223204216));
#11081=CARTESIAN_POINT('Ctrl Pts',(38.2805937759772,0.,167.668273062109));
#11082=CARTESIAN_POINT('Ctrl Pts',(38.2735871464674,0.,167.896878047696));
#11083=CARTESIAN_POINT('Ctrl Pts',(38.20435561074,0.,168.11470707267));
#11084=CARTESIAN_POINT('Ctrl Pts',(38.1714803950832,0.,168.218145138821));
#11085=CARTESIAN_POINT('',(38.2842732446239,0.5,167.548223204216));
#11086=CARTESIAN_POINT('',(38.2842732446239,0.,167.548223204216));
#11087=CARTESIAN_POINT('Ctrl Pts',(38.2842732446239,0.5,167.548223204216));
#11088=CARTESIAN_POINT('Ctrl Pts',(38.2805937759772,0.5,167.668273062109));
#11089=CARTESIAN_POINT('Ctrl Pts',(38.2735871464674,0.5,167.896878047696));
#11090=CARTESIAN_POINT('Ctrl Pts',(38.20435561074,0.5,168.11470707267));
#11091=CARTESIAN_POINT('Ctrl Pts',(38.1714803950832,0.5,168.218145138821));
#11092=CARTESIAN_POINT('Ctrl Pts',(38.1355918424175,0.,166.779180235466));
#11093=CARTESIAN_POINT('Ctrl Pts',(38.1355918424175,0.5,166.779180235466));
#11094=CARTESIAN_POINT('Ctrl Pts',(38.1789425996095,0.,166.899015051909));
#11095=CARTESIAN_POINT('Ctrl Pts',(38.1789425996095,0.5,166.899015051909));
#11096=CARTESIAN_POINT('Ctrl Pts',(38.2688037060347,0.,167.147418768276));
#11097=CARTESIAN_POINT('Ctrl Pts',(38.2688037060347,0.5,167.147418768276));
#11098=CARTESIAN_POINT('Ctrl Pts',(38.2789972604469,0.,167.411526311162));
#11099=CARTESIAN_POINT('Ctrl Pts',(38.2789972604469,0.5,167.411526311162));
#11100=CARTESIAN_POINT('Ctrl Pts',(38.2842732446239,0.,167.548223204216));
#11101=CARTESIAN_POINT('Ctrl Pts',(38.2842732446239,0.5,167.548223204216));
#11102=CARTESIAN_POINT('',(38.1355918424175,0.,166.779180235466));
#11103=CARTESIAN_POINT('Ctrl Pts',(38.1355918424175,0.,166.779180235466));
#11104=CARTESIAN_POINT('Ctrl Pts',(38.1789425996095,0.,166.899015051909));
#11105=CARTESIAN_POINT('Ctrl Pts',(38.2688037060347,0.,167.147418768276));
#11106=CARTESIAN_POINT('Ctrl Pts',(38.2789972604469,0.,167.411526311162));
#11107=CARTESIAN_POINT('Ctrl Pts',(38.2842732446239,0.,167.548223204216));
#11108=CARTESIAN_POINT('',(38.1355918424175,0.5,166.779180235466));
#11109=CARTESIAN_POINT('',(38.1355918424175,0.,166.779180235466));
#11110=CARTESIAN_POINT('Ctrl Pts',(38.1355918424175,0.5,166.779180235466));
#11111=CARTESIAN_POINT('Ctrl Pts',(38.1789425996095,0.5,166.899015051909));
#11112=CARTESIAN_POINT('Ctrl Pts',(38.2688037060347,0.5,167.147418768276));
#11113=CARTESIAN_POINT('Ctrl Pts',(38.2789972604469,0.5,167.411526311162));
#11114=CARTESIAN_POINT('Ctrl Pts',(38.2842732446239,0.5,167.548223204216));
#11115=CARTESIAN_POINT('Ctrl Pts',(37.7459431664989,0.,166.275029993853));
#11116=CARTESIAN_POINT('Ctrl Pts',(37.7459431664989,0.5,166.275029993853));
#11117=CARTESIAN_POINT('Ctrl Pts',(37.8238176343339,0.,166.339969588247));
#11118=CARTESIAN_POINT('Ctrl Pts',(37.8238176343339,0.5,166.339969588247));
#11119=CARTESIAN_POINT('Ctrl Pts',(37.9905313504807,0.,166.478992318131));
#11120=CARTESIAN_POINT('Ctrl Pts',(37.9905313504807,0.5,166.478992318131));
#11121=CARTESIAN_POINT('Ctrl Pts',(38.0851636852224,0.,166.674824298978));
#11122=CARTESIAN_POINT('Ctrl Pts',(38.0851636852224,0.5,166.674824298978));
#11123=CARTESIAN_POINT('Ctrl Pts',(38.1355918424175,0.,166.779180235466));
#11124=CARTESIAN_POINT('Ctrl Pts',(38.1355918424175,0.5,166.779180235466));
#11125=CARTESIAN_POINT('',(37.7459431664989,0.,166.275029993853));
#11126=CARTESIAN_POINT('Ctrl Pts',(37.7459431664989,0.,166.275029993853));
#11127=CARTESIAN_POINT('Ctrl Pts',(37.8238176343339,0.,166.339969588247));
#11128=CARTESIAN_POINT('Ctrl Pts',(37.9905313504807,0.,166.478992318131));
#11129=CARTESIAN_POINT('Ctrl Pts',(38.0851636852224,0.,166.674824298978));
#11130=CARTESIAN_POINT('Ctrl Pts',(38.1355918424175,0.,166.779180235466));
#11131=CARTESIAN_POINT('',(37.7459431664989,0.5,166.275029993853));
#11132=CARTESIAN_POINT('',(37.7459431664989,0.,166.275029993853));
#11133=CARTESIAN_POINT('Ctrl Pts',(37.7459431664989,0.5,166.275029993853));
#11134=CARTESIAN_POINT('Ctrl Pts',(37.8238176343339,0.5,166.339969588247));
#11135=CARTESIAN_POINT('Ctrl Pts',(37.9905313504807,0.5,166.478992318131));
#11136=CARTESIAN_POINT('Ctrl Pts',(38.0851636852224,0.5,166.674824298978));
#11137=CARTESIAN_POINT('Ctrl Pts',(38.1355918424175,0.5,166.779180235466));
#11138=CARTESIAN_POINT('Ctrl Pts',(37.1289999263332,0.,166.068242854675));
#11139=CARTESIAN_POINT('Ctrl Pts',(37.1289999263332,0.5,166.068242854675));
#11140=CARTESIAN_POINT('Ctrl Pts',(37.2454825808421,0.,166.085887508988));
#11141=CARTESIAN_POINT('Ctrl Pts',(37.2454825808421,0.5,166.085887508988));
#11142=CARTESIAN_POINT('Ctrl Pts',(37.4634931635399,0.,166.118911493412));
#11143=CARTESIAN_POINT('Ctrl Pts',(37.4634931635399,0.5,166.118911493412));
#11144=CARTESIAN_POINT('Ctrl Pts',(37.6561994810264,0.,166.22542599508));
#11145=CARTESIAN_POINT('Ctrl Pts',(37.6561994810264,0.5,166.22542599508));
#11146=CARTESIAN_POINT('Ctrl Pts',(37.7459431664989,0.,166.275029993853));
#11147=CARTESIAN_POINT('Ctrl Pts',(37.7459431664989,0.5,166.275029993853));
#11148=CARTESIAN_POINT('',(37.1289999263332,0.,166.068242854675));
#11149=CARTESIAN_POINT('Ctrl Pts',(37.1289999263332,0.,166.068242854675));
#11150=CARTESIAN_POINT('Ctrl Pts',(37.2454825808421,0.,166.085887508988));
#11151=CARTESIAN_POINT('Ctrl Pts',(37.4634931635399,0.,166.118911493412));
#11152=CARTESIAN_POINT('Ctrl Pts',(37.6561994810264,0.,166.22542599508));
#11153=CARTESIAN_POINT('Ctrl Pts',(37.7459431664989,0.,166.275029993853));
#11154=CARTESIAN_POINT('',(37.1289999263332,0.5,166.068242854675));
#11155=CARTESIAN_POINT('',(37.1289999263332,0.,166.068242854675));
#11156=CARTESIAN_POINT('Ctrl Pts',(37.1289999263332,0.5,166.068242854675));
#11157=CARTESIAN_POINT('Ctrl Pts',(37.2454825808421,0.5,166.085887508988));
#11158=CARTESIAN_POINT('Ctrl Pts',(37.4634931635399,0.5,166.118911493412));
#11159=CARTESIAN_POINT('Ctrl Pts',(37.6561994810264,0.5,166.22542599508));
#11160=CARTESIAN_POINT('Ctrl Pts',(37.7459431664989,0.5,166.275029993853));
#11161=CARTESIAN_POINT('Origin',(37.1836877839611,0.,165.442754580876));
#11162=CARTESIAN_POINT('',(37.1836877839611,0.,165.442754580876));
#11163=CARTESIAN_POINT('',(44.2392571968122,0.,84.745208102711));
#11164=CARTESIAN_POINT('',(37.1836877839611,0.5,165.442754580876));
#11165=CARTESIAN_POINT('',(37.1836877839611,0.,165.442754580876));
#11166=CARTESIAN_POINT('',(37.1836877839611,0.5,165.442754580876));
#11167=CARTESIAN_POINT('Ctrl Pts',(38.0843223111675,0.,165.7179010578));
#11168=CARTESIAN_POINT('Ctrl Pts',(38.0843223111675,0.5,165.7179010578));
#11169=CARTESIAN_POINT('Ctrl Pts',(37.9460894961827,0.,165.641040622357));
#11170=CARTESIAN_POINT('Ctrl Pts',(37.9460894961827,0.5,165.641040622357));
#11171=CARTESIAN_POINT('Ctrl Pts',(37.6656394064978,0.,165.485104305674));
#11172=CARTESIAN_POINT('Ctrl Pts',(37.6656394064978,0.5,165.485104305674));
#11173=CARTESIAN_POINT('Ctrl Pts',(37.345852767752,0.,165.457004231908));
#11174=CARTESIAN_POINT('Ctrl Pts',(37.345852767752,0.5,165.457004231908));
#11175=CARTESIAN_POINT('Ctrl Pts',(37.1836877839611,0.,165.442754580876));
#11176=CARTESIAN_POINT('Ctrl Pts',(37.1836877839611,0.5,165.442754580876));
#11177=CARTESIAN_POINT('Ctrl Pts',(38.0843223111675,0.,165.7179010578));
#11178=CARTESIAN_POINT('Ctrl Pts',(37.9460894961827,0.,165.641040622357));
#11179=CARTESIAN_POINT('Ctrl Pts',(37.6656394064978,0.,165.485104305674));
#11180=CARTESIAN_POINT('Ctrl Pts',(37.345852767752,0.,165.457004231908));
#11181=CARTESIAN_POINT('Ctrl Pts',(37.1836877839611,0.,165.442754580876));
#11182=CARTESIAN_POINT('Ctrl Pts',(38.0843223111675,0.5,165.7179010578));
#11183=CARTESIAN_POINT('Ctrl Pts',(37.9460894961827,0.5,165.641040622357));
#11184=CARTESIAN_POINT('Ctrl Pts',(37.6656394064978,0.5,165.485104305674));
#11185=CARTESIAN_POINT('Ctrl Pts',(37.345852767752,0.5,165.457004231908));
#11186=CARTESIAN_POINT('Ctrl Pts',(37.1836877839611,0.5,165.442754580876));
#11187=CARTESIAN_POINT('Origin',(36.2881798522518,0.5,167.437139312973));
#11188=CARTESIAN_POINT('Origin',(38.3552130486173,0.,78.2223128567528));
#11189=CARTESIAN_POINT('',(38.3552130486173,0.,78.2223128567528));
#11190=CARTESIAN_POINT('',(36.3532599236173,0.,73.4811019192528));
#11191=CARTESIAN_POINT('',(21.8160375782953,0.,39.0527046087463));
#11192=CARTESIAN_POINT('',(38.3552130486173,0.5,78.2223128567528));
#11193=CARTESIAN_POINT('',(38.3552130486173,0.,78.2223128567528));
#11194=CARTESIAN_POINT('',(36.3532599236173,0.5,73.4811019192528));
#11195=CARTESIAN_POINT('',(38.3552130486173,0.5,78.2223128567528));
#11196=CARTESIAN_POINT('',(36.3532599236173,0.,73.4811019192528));
#11197=CARTESIAN_POINT('Origin',(37.4811896111173,0.,78.2223128567528));
#11198=CARTESIAN_POINT('',(37.4811896111173,0.,78.2223128567528));
#11199=CARTESIAN_POINT('',(21.2405948428116,0.,78.2223128567528));
#11200=CARTESIAN_POINT('',(37.4811896111173,0.5,78.2223128567528));
#11201=CARTESIAN_POINT('',(37.4811896111173,0.,78.2223128567528));
#11202=CARTESIAN_POINT('',(37.4811896111173,0.5,78.2223128567528));
#11203=CARTESIAN_POINT('Origin',(35.9382208611173,0.,74.4674300442528));
#11204=CARTESIAN_POINT('',(35.9382208611173,0.,74.4674300442528));
#11205=CARTESIAN_POINT('',(20.6136192198516,0.,37.1743330121854));
#11206=CARTESIAN_POINT('',(35.9382208611173,0.5,74.4674300442528));
#11207=CARTESIAN_POINT('',(35.9382208611173,0.,74.4674300442528));
#11208=CARTESIAN_POINT('',(35.9382208611173,0.5,74.4674300442528));
#11209=CARTESIAN_POINT('Origin',(34.3806036736173,0.,78.2223128567528));
#11210=CARTESIAN_POINT('',(34.3806036736173,0.,78.2223128567528));
#11211=CARTESIAN_POINT('',(46.0661324739971,0.,50.0524957799752));
#11212=CARTESIAN_POINT('',(34.3806036736173,0.5,78.2223128567528));
#11213=CARTESIAN_POINT('',(34.3806036736173,0.,78.2223128567528));
#11214=CARTESIAN_POINT('',(34.3806036736173,0.5,78.2223128567528));
#11215=CARTESIAN_POINT('Origin',(33.5065802361173,0.,78.2223128567528));
#11216=CARTESIAN_POINT('',(33.5065802361173,0.,78.2223128567528));
#11217=CARTESIAN_POINT('',(19.2532901553116,0.,78.2223128567528));
#11218=CARTESIAN_POINT('',(33.5065802361173,0.5,78.2223128567528));
#11219=CARTESIAN_POINT('',(33.5065802361173,0.,78.2223128567528));
#11220=CARTESIAN_POINT('',(33.5065802361173,0.5,78.2223128567528));
#11221=CARTESIAN_POINT('Origin',(35.5329474236173,0.,73.4811019192528));
#11222=CARTESIAN_POINT('',(35.5329474236173,0.,73.4811019192528));
#11223=CARTESIAN_POINT('',(46.4523797162757,0.,47.9322615429363));
#11224=CARTESIAN_POINT('',(35.5329474236173,0.5,73.4811019192528));
#11225=CARTESIAN_POINT('',(35.5329474236173,0.,73.4811019192528));
#11226=CARTESIAN_POINT('',(35.5329474236173,0.5,73.4811019192528));
#11227=CARTESIAN_POINT('Origin',(36.3532599236173,0.,73.4811019192528));
#11228=CARTESIAN_POINT('',(20.6766299990616,0.,73.4811019192528));
#11229=CARTESIAN_POINT('',(36.3532599236173,0.5,73.4811019192528));
#11230=CARTESIAN_POINT('Origin',(35.9308966423673,0.5,75.8517073880028));
#11231=CARTESIAN_POINT('Origin',(33.5172241127247,0.,101.762690254294));
#11232=CARTESIAN_POINT('',(33.5172241127247,0.,101.762690254294));
#11233=CARTESIAN_POINT('',(35.5191772377247,0.,106.503901191794));
#11234=CARTESIAN_POINT('',(13.1261817540569,0.,53.4707338390097));
#11235=CARTESIAN_POINT('',(33.5172241127247,0.5,101.762690254294));
#11236=CARTESIAN_POINT('',(33.5172241127247,0.,101.762690254294));
#11237=CARTESIAN_POINT('',(35.5191772377247,0.5,106.503901191794));
#11238=CARTESIAN_POINT('',(33.5172241127247,0.5,101.762690254294));
#11239=CARTESIAN_POINT('',(35.5191772377247,0.,106.503901191794));
#11240=CARTESIAN_POINT('Origin',(34.3912475502247,0.,101.762690254294));
#11241=CARTESIAN_POINT('',(34.3912475502247,0.,101.762690254294));
#11242=CARTESIAN_POINT('',(19.6956238123653,0.,101.762690254294));
#11243=CARTESIAN_POINT('',(34.3912475502247,0.5,101.762690254294));
#11244=CARTESIAN_POINT('',(34.3912475502247,0.,101.762690254294));
#11245=CARTESIAN_POINT('',(34.3912475502247,0.5,101.762690254294));
#11246=CARTESIAN_POINT('Origin',(35.9342163002247,0.,105.517573066794));
#11247=CARTESIAN_POINT('',(35.9342163002247,0.,105.517573066794));
#11248=CARTESIAN_POINT('',(15.1519153578589,0.,54.9429229886946));
#11249=CARTESIAN_POINT('',(35.9342163002247,0.5,105.517573066794));
#11250=CARTESIAN_POINT('',(35.9342163002247,0.,105.517573066794));
#11251=CARTESIAN_POINT('',(35.9342163002247,0.5,105.517573066794));
#11252=CARTESIAN_POINT('Origin',(37.4918334877247,0.,101.762690254294));
#11253=CARTESIAN_POINT('',(37.4918334877247,0.,101.762690254294));
#11254=CARTESIAN_POINT('',(53.1147006373812,0.,64.1012957775354));
#11255=CARTESIAN_POINT('',(37.4918334877247,0.5,101.762690254294));
#11256=CARTESIAN_POINT('',(37.4918334877247,0.,101.762690254294));
#11257=CARTESIAN_POINT('',(37.4918334877247,0.5,101.762690254294));
#11258=CARTESIAN_POINT('Origin',(38.3658569252247,0.,101.762690254294));
#11259=CARTESIAN_POINT('',(38.3658569252247,0.,101.762690254294));
#11260=CARTESIAN_POINT('',(21.6829284998652,0.,101.762690254294));
#11261=CARTESIAN_POINT('',(38.3658569252247,0.5,101.762690254294));
#11262=CARTESIAN_POINT('',(38.3658569252247,0.,101.762690254294));
#11263=CARTESIAN_POINT('',(38.3658569252247,0.5,101.762690254294));
#11264=CARTESIAN_POINT('Origin',(36.3394897377247,0.,106.503901191794));
#11265=CARTESIAN_POINT('',(36.3394897377247,0.,106.503901191794));
#11266=CARTESIAN_POINT('',(53.1635615579144,0.,67.1396271257594));
#11267=CARTESIAN_POINT('',(36.3394897377247,0.5,106.503901191794));
#11268=CARTESIAN_POINT('',(36.3394897377247,0.,106.503901191794));
#11269=CARTESIAN_POINT('',(36.3394897377247,0.5,106.503901191794));
#11270=CARTESIAN_POINT('Origin',(35.5191772377247,0.,106.503901191794));
#11271=CARTESIAN_POINT('',(20.2595886561152,0.,106.503901191794));
#11272=CARTESIAN_POINT('',(35.5191772377247,0.5,106.503901191794));
#11273=CARTESIAN_POINT('Origin',(35.9415405189747,0.5,104.133295723044));
#11274=CARTESIAN_POINT('Origin',(51.0278122224169,0.,120.942974180069));
#11275=CARTESIAN_POINT('',(51.0278122224169,0.,120.942974180069));
#11276=CARTESIAN_POINT('',(53.5229294099169,0.,119.146099180069));
#11277=CARTESIAN_POINT('',(64.5499296022085,0.,111.20493270108));
#11278=CARTESIAN_POINT('',(51.0278122224169,0.5,120.942974180069));
#11279=CARTESIAN_POINT('',(51.0278122224169,0.,120.942974180069));
#11280=CARTESIAN_POINT('',(53.5229294099169,0.5,119.146099180069));
#11281=CARTESIAN_POINT('',(51.0278122224169,0.5,120.942974180069));
#11282=CARTESIAN_POINT('',(53.5229294099169,0.,119.146099180069));
#11283=CARTESIAN_POINT('Ctrl Pts',(50.4907028474169,0.,121.284771055069));
#11284=CARTESIAN_POINT('Ctrl Pts',(50.4907028474169,0.5,121.284771055069));
#11285=CARTESIAN_POINT('Ctrl Pts',(50.6011181961001,0.,121.217273785966));
#11286=CARTESIAN_POINT('Ctrl Pts',(50.6011181961001,0.5,121.217273785966));
#11287=CARTESIAN_POINT('Ctrl Pts',(50.7822195048117,0.,121.106565954901));
#11288=CARTESIAN_POINT('Ctrl Pts',(50.7822195048117,0.5,121.106565954901));
#11289=CARTESIAN_POINT('Ctrl Pts',(50.9588653010464,0.,120.988900416588));
#11290=CARTESIAN_POINT('Ctrl Pts',(50.9588653010464,0.5,120.988900416588));
#11291=CARTESIAN_POINT('Ctrl Pts',(51.0278122224169,0.,120.942974180069));
#11292=CARTESIAN_POINT('Ctrl Pts',(51.0278122224169,0.5,120.942974180069));
#11293=CARTESIAN_POINT('',(50.4907028474169,0.,121.284771055069));
#11294=CARTESIAN_POINT('Ctrl Pts',(50.4907028474169,0.,121.284771055069));
#11295=CARTESIAN_POINT('Ctrl Pts',(50.6011181961001,0.,121.217273785966));
#11296=CARTESIAN_POINT('Ctrl Pts',(50.7822195048117,0.,121.106565954901));
#11297=CARTESIAN_POINT('Ctrl Pts',(50.9588653010464,0.,120.988900416588));
#11298=CARTESIAN_POINT('Ctrl Pts',(51.0278122224169,0.,120.942974180069));
#11299=CARTESIAN_POINT('',(50.4907028474169,0.5,121.284771055069));
#11300=CARTESIAN_POINT('',(50.4907028474169,0.,121.284771055069));
#11301=CARTESIAN_POINT('Ctrl Pts',(50.4907028474169,0.5,121.284771055069));
#11302=CARTESIAN_POINT('Ctrl Pts',(50.6011181961001,0.5,121.217273785966));
#11303=CARTESIAN_POINT('Ctrl Pts',(50.7822195048117,0.5,121.106565954901));
#11304=CARTESIAN_POINT('Ctrl Pts',(50.9588653010464,0.5,120.988900416588));
#11305=CARTESIAN_POINT('Ctrl Pts',(51.0278122224169,0.5,120.942974180069));
#11306=CARTESIAN_POINT('Ctrl Pts',(50.9692184724169,0.,121.597271055069));
#11307=CARTESIAN_POINT('Ctrl Pts',(50.9692184724169,0.5,121.597271055069));
#11308=CARTESIAN_POINT('Ctrl Pts',(50.8930022299044,0.,121.545571368917));
#11309=CARTESIAN_POINT('Ctrl Pts',(50.8930022299044,0.5,121.545571368917));
#11310=CARTESIAN_POINT('Ctrl Pts',(50.735322112715,0.,121.438612375633));
#11311=CARTESIAN_POINT('Ctrl Pts',(50.735322112715,0.5,121.438612375633));
#11312=CARTESIAN_POINT('Ctrl Pts',(50.5740318619419,0.,121.337176762445));
#11313=CARTESIAN_POINT('Ctrl Pts',(50.5740318619419,0.5,121.337176762445));
#11314=CARTESIAN_POINT('Ctrl Pts',(50.4907028474169,0.,121.284771055069));
#11315=CARTESIAN_POINT('Ctrl Pts',(50.4907028474169,0.5,121.284771055069));
#11316=CARTESIAN_POINT('',(50.9692184724169,0.,121.597271055069));
#11317=CARTESIAN_POINT('Ctrl Pts',(50.9692184724169,0.,121.597271055069));
#11318=CARTESIAN_POINT('Ctrl Pts',(50.8930022299044,0.,121.545571368917));
#11319=CARTESIAN_POINT('Ctrl Pts',(50.735322112715,0.,121.438612375633));
#11320=CARTESIAN_POINT('Ctrl Pts',(50.5740318619419,0.,121.337176762445));
#11321=CARTESIAN_POINT('Ctrl Pts',(50.4907028474169,0.,121.284771055069));
#11322=CARTESIAN_POINT('',(50.9692184724169,0.5,121.597271055069));
#11323=CARTESIAN_POINT('',(50.9692184724169,0.,121.597271055069));
#11324=CARTESIAN_POINT('Ctrl Pts',(50.9692184724169,0.5,121.597271055069));
#11325=CARTESIAN_POINT('Ctrl Pts',(50.8930022299044,0.5,121.545571368917));
#11326=CARTESIAN_POINT('Ctrl Pts',(50.735322112715,0.5,121.438612375633));
#11327=CARTESIAN_POINT('Ctrl Pts',(50.5740318619419,0.5,121.337176762445));
#11328=CARTESIAN_POINT('Ctrl Pts',(50.4907028474169,0.5,121.284771055069));
#11329=CARTESIAN_POINT('Origin',(53.5229294099169,0.,123.399028867569));
#11330=CARTESIAN_POINT('',(53.5229294099169,0.,123.399028867569));
#11331=CARTESIAN_POINT('',(8.26085720623709,0.,91.4646031636342));
#11332=CARTESIAN_POINT('',(53.5229294099169,0.5,123.399028867569));
#11333=CARTESIAN_POINT('',(53.5229294099169,0.,123.399028867569));
#11334=CARTESIAN_POINT('',(53.5229294099169,0.5,123.399028867569));
#11335=CARTESIAN_POINT('Origin',(53.5229294099169,0.,124.570903867569));
#11336=CARTESIAN_POINT('',(53.5229294099169,0.,124.570903867569));
#11337=CARTESIAN_POINT('',(53.5229294099169,0.,62.2854519337844));
#11338=CARTESIAN_POINT('',(53.5229294099169,0.5,124.570903867569));
#11339=CARTESIAN_POINT('',(53.5229294099169,0.,124.570903867569));
#11340=CARTESIAN_POINT('',(53.5229294099169,0.5,124.570903867569));
#11341=CARTESIAN_POINT('Origin',(49.7387497224169,0.,121.860942930069));
#11342=CARTESIAN_POINT('',(49.7387497224169,0.,121.860942930069));
#11343=CARTESIAN_POINT('',(6.1099324742617,0.,90.6170802555835));
#11344=CARTESIAN_POINT('',(49.7387497224169,0.5,121.860942930069));
#11345=CARTESIAN_POINT('',(49.7387497224169,0.,121.860942930069));
#11346=CARTESIAN_POINT('',(49.7387497224169,0.5,121.860942930069));
#11347=CARTESIAN_POINT('Origin',(46.3647262849169,0.,124.375591367569));
#11348=CARTESIAN_POINT('',(46.3647262849169,0.,124.375591367569));
#11349=CARTESIAN_POINT('',(62.8652318593613,0.,112.077819485023));
#11350=CARTESIAN_POINT('',(46.3647262849169,0.5,124.375591367569));
#11351=CARTESIAN_POINT('',(46.3647262849169,0.,124.375591367569));
#11352=CARTESIAN_POINT('',(46.3647262849169,0.5,124.375591367569));
#11353=CARTESIAN_POINT('Origin',(46.3647262849169,0.,123.345317930069));
#11354=CARTESIAN_POINT('',(46.3647262849169,0.,123.345317930069));
#11355=CARTESIAN_POINT('',(46.3647262849169,0.,61.6726589650344));
#11356=CARTESIAN_POINT('',(46.3647262849169,0.5,123.345317930069));
#11357=CARTESIAN_POINT('',(46.3647262849169,0.,123.345317930069));
#11358=CARTESIAN_POINT('',(46.3647262849169,0.5,123.345317930069));
#11359=CARTESIAN_POINT('Origin',(48.2641403474169,0.,121.904888242569));
#11360=CARTESIAN_POINT('',(48.2641403474169,0.,121.904888242569));
#11361=CARTESIAN_POINT('',(63.8767843188677,0.,110.064965436456));
#11362=CARTESIAN_POINT('',(48.2641403474169,0.5,121.904888242569));
#11363=CARTESIAN_POINT('',(48.2641403474169,0.,121.904888242569));
#11364=CARTESIAN_POINT('',(48.2641403474169,0.5,121.904888242569));
#11365=CARTESIAN_POINT('Ctrl Pts',(49.0795700349169,0.,121.338481992569));
#11366=CARTESIAN_POINT('Ctrl Pts',(49.0795700349169,0.5,121.338481992569));
#11367=CARTESIAN_POINT('Ctrl Pts',(48.9453576271499,0.,121.423891189299));
#11368=CARTESIAN_POINT('Ctrl Pts',(48.9453576271499,0.5,121.423891189299));
#11369=CARTESIAN_POINT('Ctrl Pts',(48.6659346321104,0.,121.601708530863));
#11370=CARTESIAN_POINT('Ctrl Pts',(48.6659346321104,0.5,121.601708530863));
#11371=CARTESIAN_POINT('Ctrl Pts',(48.4015406531708,0.,121.801210846763));
#11372=CARTESIAN_POINT('Ctrl Pts',(48.4015406531708,0.5,121.801210846763));
#11373=CARTESIAN_POINT('Ctrl Pts',(48.2641403474169,0.,121.904888242569));
#11374=CARTESIAN_POINT('Ctrl Pts',(48.2641403474169,0.5,121.904888242569));
#11375=CARTESIAN_POINT('',(49.0795700349169,0.,121.338481992569));
#11376=CARTESIAN_POINT('Ctrl Pts',(49.0795700349169,0.,121.338481992569));
#11377=CARTESIAN_POINT('Ctrl Pts',(48.9453576271499,0.,121.423891189299));
#11378=CARTESIAN_POINT('Ctrl Pts',(48.6659346321104,0.,121.601708530863));
#11379=CARTESIAN_POINT('Ctrl Pts',(48.4015406531708,0.,121.801210846763));
#11380=CARTESIAN_POINT('Ctrl Pts',(48.2641403474169,0.,121.904888242569));
#11381=CARTESIAN_POINT('',(49.0795700349169,0.5,121.338481992569));
#11382=CARTESIAN_POINT('',(49.0795700349169,0.,121.338481992569));
#11383=CARTESIAN_POINT('Ctrl Pts',(49.0795700349169,0.5,121.338481992569));
#11384=CARTESIAN_POINT('Ctrl Pts',(48.9453576271499,0.5,121.423891189299));
#11385=CARTESIAN_POINT('Ctrl Pts',(48.6659346321104,0.5,121.601708530863));
#11386=CARTESIAN_POINT('Ctrl Pts',(48.4015406531708,0.5,121.801210846763));
#11387=CARTESIAN_POINT('Ctrl Pts',(48.2641403474169,0.5,121.904888242569));
#11388=CARTESIAN_POINT('Ctrl Pts',(48.2006637849169,0.,120.762310117569));
#11389=CARTESIAN_POINT('Ctrl Pts',(48.2006637849169,0.5,120.762310117569));
#11390=CARTESIAN_POINT('Ctrl Pts',(48.3674881951749,0.,120.880383287746));
#11391=CARTESIAN_POINT('Ctrl Pts',(48.3674881951749,0.5,120.880383287746));
#11392=CARTESIAN_POINT('Ctrl Pts',(48.6536497688348,0.,121.082919620004));
#11393=CARTESIAN_POINT('Ctrl Pts',(48.6536497688348,0.5,121.082919620004));
#11394=CARTESIAN_POINT('Ctrl Pts',(48.9542228716731,0.,121.26327068899));
#11395=CARTESIAN_POINT('Ctrl Pts',(48.9542228716731,0.5,121.26327068899));
#11396=CARTESIAN_POINT('Ctrl Pts',(49.0795700349169,0.,121.338481992569));
#11397=CARTESIAN_POINT('Ctrl Pts',(49.0795700349169,0.5,121.338481992569));
#11398=CARTESIAN_POINT('',(48.2006637849169,0.,120.762310117569));
#11399=CARTESIAN_POINT('Ctrl Pts',(48.2006637849169,0.,120.762310117569));
#11400=CARTESIAN_POINT('Ctrl Pts',(48.3674881951749,0.,120.880383287746));
#11401=CARTESIAN_POINT('Ctrl Pts',(48.6536497688348,0.,121.082919620004));
#11402=CARTESIAN_POINT('Ctrl Pts',(48.9542228716731,0.,121.26327068899));
#11403=CARTESIAN_POINT('Ctrl Pts',(49.0795700349169,0.,121.338481992569));
#11404=CARTESIAN_POINT('',(48.2006637849169,0.5,120.762310117569));
#11405=CARTESIAN_POINT('',(48.2006637849169,0.,120.762310117569));
#11406=CARTESIAN_POINT('Ctrl Pts',(48.2006637849169,0.5,120.762310117569));
#11407=CARTESIAN_POINT('Ctrl Pts',(48.3674881951749,0.5,120.880383287746));
#11408=CARTESIAN_POINT('Ctrl Pts',(48.6536497688348,0.5,121.082919620004));
#11409=CARTESIAN_POINT('Ctrl Pts',(48.9542228716731,0.5,121.26327068899));
#11410=CARTESIAN_POINT('Ctrl Pts',(49.0795700349169,0.5,121.338481992569));
#11411=CARTESIAN_POINT('Origin',(46.3647262849169,0.,119.463481992569));
#11412=CARTESIAN_POINT('',(46.3647262849169,0.,119.463481992569));
#11413=CARTESIAN_POINT('',(4.41858155500382,0.,89.7888157740665));
#11414=CARTESIAN_POINT('',(46.3647262849169,0.5,119.463481992569));
#11415=CARTESIAN_POINT('',(46.3647262849169,0.,119.463481992569));
#11416=CARTESIAN_POINT('',(46.3647262849169,0.5,119.463481992569));
#11417=CARTESIAN_POINT('Origin',(46.3647262849169,0.,118.335552305069));
#11418=CARTESIAN_POINT('',(46.3647262849169,0.,118.335552305069));
#11419=CARTESIAN_POINT('',(46.3647262849169,0.,59.1677761525344));
#11420=CARTESIAN_POINT('',(46.3647262849169,0.5,118.335552305069));
#11421=CARTESIAN_POINT('',(46.3647262849169,0.,118.335552305069));
#11422=CARTESIAN_POINT('',(46.3647262849169,0.5,118.335552305069));
#11423=CARTESIAN_POINT('Origin',(49.7924606599169,0.,120.776958555069));
#11424=CARTESIAN_POINT('',(49.7924606599169,0.,120.776958555069));
#11425=CARTESIAN_POINT('',(6.39836464053488,0.,89.8694827577882));
#11426=CARTESIAN_POINT('',(49.7924606599169,0.5,120.776958555069));
#11427=CARTESIAN_POINT('',(49.7924606599169,0.,120.776958555069));
#11428=CARTESIAN_POINT('',(49.7924606599169,0.5,120.776958555069));
#11429=CARTESIAN_POINT('Origin',(53.5229294099169,0.,118.008403867569));
#11430=CARTESIAN_POINT('',(53.5229294099169,0.,118.008403867569));
#11431=CARTESIAN_POINT('',(66.1154849058776,0.,108.662881660488));
#11432=CARTESIAN_POINT('',(53.5229294099169,0.5,118.008403867569));
#11433=CARTESIAN_POINT('',(53.5229294099169,0.,118.008403867569));
#11434=CARTESIAN_POINT('',(53.5229294099169,0.5,118.008403867569));
#11435=CARTESIAN_POINT('Origin',(53.5229294099169,0.,119.146099180069));
#11436=CARTESIAN_POINT('',(53.5229294099169,0.,59.5730495900344));
#11437=CARTESIAN_POINT('',(53.5229294099169,0.5,119.146099180069));
#11438=CARTESIAN_POINT('Origin',(49.9438278474169,0.5,121.289653867569));
#11439=CARTESIAN_POINT('Origin',(19.3379703838003,0.,143.51025537207));
#11440=CARTESIAN_POINT('',(19.3379703838003,0.,143.51025537207));
#11441=CARTESIAN_POINT('',(25.4317203838003,0.,143.51025537207));
#11442=CARTESIAN_POINT('',(12.1689852291531,0.,143.51025537207));
#11443=CARTESIAN_POINT('',(19.3379703838003,0.5,143.51025537207));
#11444=CARTESIAN_POINT('',(19.3379703838003,0.,143.51025537207));
#11445=CARTESIAN_POINT('',(25.4317203838003,0.5,143.51025537207));
#11446=CARTESIAN_POINT('',(19.3379703838003,0.5,143.51025537207));
#11447=CARTESIAN_POINT('',(25.4317203838003,0.,143.51025537207));
#11448=CARTESIAN_POINT('Origin',(25.4317203838003,0.,145.58056787207));
#11449=CARTESIAN_POINT('',(25.4317203838003,0.,145.58056787207));
#11450=CARTESIAN_POINT('',(-5.89792560281347,0.,134.936521479182));
#11451=CARTESIAN_POINT('',(25.4317203838003,0.5,145.58056787207));
#11452=CARTESIAN_POINT('',(25.4317203838003,0.,145.58056787207));
#11453=CARTESIAN_POINT('',(25.4317203838003,0.5,145.58056787207));
#11454=CARTESIAN_POINT('Origin',(25.4317203838003,0.,146.43506005957));
#11455=CARTESIAN_POINT('',(25.4317203838003,0.,146.43506005957));
#11456=CARTESIAN_POINT('',(25.4317203838003,0.,73.2175300297848));
#11457=CARTESIAN_POINT('',(25.4317203838003,0.5,146.43506005957));
#11458=CARTESIAN_POINT('',(25.4317203838003,0.,146.43506005957));
#11459=CARTESIAN_POINT('',(25.4317203838003,0.5,146.43506005957));
#11460=CARTESIAN_POINT('Origin',(19.4405094463003,0.,148.51513818457));
#11461=CARTESIAN_POINT('',(19.4405094463003,0.,148.51513818457));
#11462=CARTESIAN_POINT('',(36.0049399386055,0.,142.764162316826));
#11463=CARTESIAN_POINT('',(19.4405094463003,0.5,148.51513818457));
#11464=CARTESIAN_POINT('',(19.4405094463003,0.,148.51513818457));
#11465=CARTESIAN_POINT('',(19.4405094463003,0.5,148.51513818457));
#11466=CARTESIAN_POINT('Origin',(25.4317203838003,0.,148.51513818457));
#11467=CARTESIAN_POINT('',(25.4317203838003,0.,148.51513818457));
#11468=CARTESIAN_POINT('',(15.2158602291531,0.,148.51513818457));
#11469=CARTESIAN_POINT('',(25.4317203838003,0.5,148.51513818457));
#11470=CARTESIAN_POINT('',(25.4317203838003,0.,148.51513818457));
#11471=CARTESIAN_POINT('',(25.4317203838003,0.5,148.51513818457));
#11472=CARTESIAN_POINT('Origin',(25.4317203838003,0.,149.42822412207));
#11473=CARTESIAN_POINT('',(25.4317203838003,0.,149.42822412207));
#11474=CARTESIAN_POINT('',(25.4317203838003,0.,74.7141120610348));
#11475=CARTESIAN_POINT('',(25.4317203838003,0.5,149.42822412207));
#11476=CARTESIAN_POINT('',(25.4317203838003,0.,149.42822412207));
#11477=CARTESIAN_POINT('',(25.4317203838003,0.5,149.42822412207));
#11478=CARTESIAN_POINT('Origin',(18.2735172588003,0.,149.42822412207));
#11479=CARTESIAN_POINT('',(18.2735172588003,0.,149.42822412207));
#11480=CARTESIAN_POINT('',(11.6367586666531,0.,149.42822412207));
#11481=CARTESIAN_POINT('',(18.2735172588003,0.5,149.42822412207));
#11482=CARTESIAN_POINT('',(18.2735172588003,0.,149.42822412207));
#11483=CARTESIAN_POINT('',(18.2735172588003,0.5,149.42822412207));
#11484=CARTESIAN_POINT('Origin',(18.2735172588003,0.,148.15381005957));
#11485=CARTESIAN_POINT('',(18.2735172588003,0.,148.15381005957));
#11486=CARTESIAN_POINT('',(18.2735172588003,0.,74.0769050297848));
#11487=CARTESIAN_POINT('',(18.2735172588003,0.5,148.15381005957));
#11488=CARTESIAN_POINT('',(18.2735172588003,0.,148.15381005957));
#11489=CARTESIAN_POINT('',(18.2735172588003,0.5,148.15381005957));
#11490=CARTESIAN_POINT('Origin',(23.2539860088003,0.,146.43994287207));
#11491=CARTESIAN_POINT('',(23.2539860088003,0.,146.43994287207));
#11492=CARTESIAN_POINT('',(37.6218755951011,0.,141.495698514431));
#11493=CARTESIAN_POINT('',(23.2539860088003,0.5,146.43994287207));
#11494=CARTESIAN_POINT('',(23.2539860088003,0.,146.43994287207));
#11495=CARTESIAN_POINT('',(23.2539860088003,0.5,146.43994287207));
#11496=CARTESIAN_POINT('Ctrl Pts',(24.4014469463003,0.,146.05908349707));
#11497=CARTESIAN_POINT('Ctrl Pts',(24.4014469463003,0.5,146.05908349707));
#11498=CARTESIAN_POINT('Ctrl Pts',(24.2405850463867,0.,146.110755764292));
#11499=CARTESIAN_POINT('Ctrl Pts',(24.2405850463867,0.5,146.110755764292));
#11500=CARTESIAN_POINT('Ctrl Pts',(23.8568749405136,0.,146.234011620013));
#11501=CARTESIAN_POINT('Ctrl Pts',(23.8568749405136,0.5,146.234011620013));
#11502=CARTESIAN_POINT('Ctrl Pts',(23.4754860924761,0.,146.36428417747));
#11503=CARTESIAN_POINT('Ctrl Pts',(23.4754860924761,0.5,146.36428417747));
#11504=CARTESIAN_POINT('Ctrl Pts',(23.2539860088003,0.,146.43994287207));
#11505=CARTESIAN_POINT('Ctrl Pts',(23.2539860088003,0.5,146.43994287207));
#11506=CARTESIAN_POINT('',(24.4014469463003,0.,146.05908349707));
#11507=CARTESIAN_POINT('Ctrl Pts',(24.4014469463003,0.,146.05908349707));
#11508=CARTESIAN_POINT('Ctrl Pts',(24.2405850463867,0.,146.110755764292));
#11509=CARTESIAN_POINT('Ctrl Pts',(23.8568749405136,0.,146.234011620013));
#11510=CARTESIAN_POINT('Ctrl Pts',(23.4754860924761,0.,146.36428417747));
#11511=CARTESIAN_POINT('Ctrl Pts',(23.2539860088003,0.,146.43994287207));
#11512=CARTESIAN_POINT('',(24.4014469463003,0.5,146.05908349707));
#11513=CARTESIAN_POINT('',(24.4014469463003,0.,146.05908349707));
#11514=CARTESIAN_POINT('Ctrl Pts',(24.4014469463003,0.5,146.05908349707));
#11515=CARTESIAN_POINT('Ctrl Pts',(24.2405850463867,0.5,146.110755764292));
#11516=CARTESIAN_POINT('Ctrl Pts',(23.8568749405136,0.5,146.234011620013));
#11517=CARTESIAN_POINT('Ctrl Pts',(23.4754860924761,0.5,146.36428417747));
#11518=CARTESIAN_POINT('Ctrl Pts',(23.2539860088003,0.5,146.43994287207));
#11519=CARTESIAN_POINT('Ctrl Pts',(23.3418766338003,0.,145.71728662207));
#11520=CARTESIAN_POINT('Ctrl Pts',(23.3418766338003,0.5,145.71728662207));
#11521=CARTESIAN_POINT('Ctrl Pts',(23.5479706651975,0.,145.785469014644));
#11522=CARTESIAN_POINT('Ctrl Pts',(23.5479706651975,0.5,145.785469014644));
#11523=CARTESIAN_POINT('Ctrl Pts',(23.900313730563,0.,145.902035190971));
#11524=CARTESIAN_POINT('Ctrl Pts',(23.900313730563,0.5,145.902035190971));
#11525=CARTESIAN_POINT('Ctrl Pts',(24.2544525418785,0.,146.013017458149));
#11526=CARTESIAN_POINT('Ctrl Pts',(24.2544525418785,0.5,146.013017458149));
#11527=CARTESIAN_POINT('Ctrl Pts',(24.4014469463003,0.,146.05908349707));
#11528=CARTESIAN_POINT('Ctrl Pts',(24.4014469463003,0.5,146.05908349707));
#11529=CARTESIAN_POINT('',(23.3418766338003,0.,145.71728662207));
#11530=CARTESIAN_POINT('Ctrl Pts',(23.3418766338003,0.,145.71728662207));
#11531=CARTESIAN_POINT('Ctrl Pts',(23.5479706651975,0.,145.785469014644));
#11532=CARTESIAN_POINT('Ctrl Pts',(23.900313730563,0.,145.902035190971));
#11533=CARTESIAN_POINT('Ctrl Pts',(24.2544525418785,0.,146.013017458149));
#11534=CARTESIAN_POINT('Ctrl Pts',(24.4014469463003,0.,146.05908349707));
#11535=CARTESIAN_POINT('',(23.3418766338003,0.5,145.71728662207));
#11536=CARTESIAN_POINT('',(23.3418766338003,0.,145.71728662207));
#11537=CARTESIAN_POINT('Ctrl Pts',(23.3418766338003,0.5,145.71728662207));
#11538=CARTESIAN_POINT('Ctrl Pts',(23.5479706651975,0.5,145.785469014644));
#11539=CARTESIAN_POINT('Ctrl Pts',(23.900313730563,0.5,145.902035190971));
#11540=CARTESIAN_POINT('Ctrl Pts',(24.2544525418785,0.5,146.013017458149));
#11541=CARTESIAN_POINT('Ctrl Pts',(24.4014469463003,0.5,146.05908349707));
#11542=CARTESIAN_POINT('Origin',(18.2735172588003,0.,144.02295068457));
#11543=CARTESIAN_POINT('',(18.2735172588003,0.,144.02295068457));
#11544=CARTESIAN_POINT('',(-9.34945566207869,0.,134.788681316992));
#11545=CARTESIAN_POINT('',(18.2735172588003,0.5,144.02295068457));
#11546=CARTESIAN_POINT('',(18.2735172588003,0.,144.02295068457));
#11547=CARTESIAN_POINT('',(18.2735172588003,0.5,144.02295068457));
#11548=CARTESIAN_POINT('Origin',(18.2735172588003,0.,142.59716943457));
#11549=CARTESIAN_POINT('',(18.2735172588003,0.,142.59716943457));
#11550=CARTESIAN_POINT('',(18.2735172588003,0.,71.2985847172848));
#11551=CARTESIAN_POINT('',(18.2735172588003,0.5,142.59716943457));
#11552=CARTESIAN_POINT('',(18.2735172588003,0.,142.59716943457));
#11553=CARTESIAN_POINT('',(18.2735172588003,0.5,142.59716943457));
#11554=CARTESIAN_POINT('Origin',(25.4317203838003,0.,142.59716943457));
#11555=CARTESIAN_POINT('',(25.4317203838003,0.,142.59716943457));
#11556=CARTESIAN_POINT('',(15.2158602291531,0.,142.59716943457));
#11557=CARTESIAN_POINT('',(25.4317203838003,0.5,142.59716943457));
#11558=CARTESIAN_POINT('',(25.4317203838003,0.,142.59716943457));
#11559=CARTESIAN_POINT('',(25.4317203838003,0.5,142.59716943457));
#11560=CARTESIAN_POINT('Origin',(25.4317203838003,0.,143.51025537207));
#11561=CARTESIAN_POINT('',(25.4317203838003,0.,71.7551276860348));
#11562=CARTESIAN_POINT('',(25.4317203838003,0.5,143.51025537207));
#11563=CARTESIAN_POINT('Origin',(21.8526188213003,0.5,146.01269677832));
#11564=CARTESIAN_POINT('Origin',(24.6379482151448,0.,123.865419865527));
#11565=CARTESIAN_POINT('',(24.6379482151448,0.,123.865419865527));
#11566=CARTESIAN_POINT('',(25.4826747776448,0.,123.865419865527));
#11567=CARTESIAN_POINT('',(14.8189741448253,0.,123.865419865527));
#11568=CARTESIAN_POINT('',(24.6379482151448,0.5,123.865419865527));
#11569=CARTESIAN_POINT('',(24.6379482151448,0.,123.865419865527));
#11570=CARTESIAN_POINT('',(25.4826747776448,0.5,123.865419865527));
#11571=CARTESIAN_POINT('',(24.6379482151448,0.5,123.865419865527));
#11572=CARTESIAN_POINT('',(25.4826747776448,0.,123.865419865527));
#11573=CARTESIAN_POINT('Origin',(24.6379482151448,0.,119.470888615527));
#11574=CARTESIAN_POINT('',(24.6379482151448,0.,119.470888615527));
#11575=CARTESIAN_POINT('',(24.6379482151448,0.,59.7354443077633));
#11576=CARTESIAN_POINT('',(24.6379482151448,0.5,119.470888615527));
#11577=CARTESIAN_POINT('',(24.6379482151448,0.,119.470888615527));
#11578=CARTESIAN_POINT('',(24.6379482151448,0.5,119.470888615527));
#11579=CARTESIAN_POINT('Origin',(22.2014247776448,0.,119.470888615527));
#11580=CARTESIAN_POINT('',(22.2014247776448,0.,119.470888615527));
#11581=CARTESIAN_POINT('',(13.6007124260753,0.,119.470888615527));
#11582=CARTESIAN_POINT('',(22.2014247776448,0.5,119.470888615527));
#11583=CARTESIAN_POINT('',(22.2014247776448,0.,119.470888615527));
#11584=CARTESIAN_POINT('',(22.2014247776448,0.5,119.470888615527));
#11585=CARTESIAN_POINT('Origin',(22.2014247776448,0.,123.430849553027));
#11586=CARTESIAN_POINT('',(22.2014247776448,0.,123.430849553027));
#11587=CARTESIAN_POINT('',(22.2014247776448,0.,61.7154247765133));
#11588=CARTESIAN_POINT('',(22.2014247776448,0.5,123.430849553027));
#11589=CARTESIAN_POINT('',(22.2014247776448,0.,123.430849553027));
#11590=CARTESIAN_POINT('',(22.2014247776448,0.5,123.430849553027));
#11591=CARTESIAN_POINT('Origin',(21.3615810276448,0.,123.430849553027));
#11592=CARTESIAN_POINT('',(21.3615810276448,0.,123.430849553027));
#11593=CARTESIAN_POINT('',(13.1807905510753,0.,123.430849553027));
#11594=CARTESIAN_POINT('',(21.3615810276448,0.5,123.430849553027));
#11595=CARTESIAN_POINT('',(21.3615810276448,0.,123.430849553027));
#11596=CARTESIAN_POINT('',(21.3615810276448,0.5,123.430849553027));
#11597=CARTESIAN_POINT('Origin',(21.3615810276448,0.,119.470888615527));
#11598=CARTESIAN_POINT('',(21.3615810276448,0.,119.470888615527));
#11599=CARTESIAN_POINT('',(21.3615810276448,0.,59.7354443077633));
#11600=CARTESIAN_POINT('',(21.3615810276448,0.5,119.470888615527));
#11601=CARTESIAN_POINT('',(21.3615810276448,0.,119.470888615527));
#11602=CARTESIAN_POINT('',(21.3615810276448,0.5,119.470888615527));
#11603=CARTESIAN_POINT('Origin',(19.1691982151448,0.,119.470888615527));
#11604=CARTESIAN_POINT('',(19.1691982151448,0.,119.470888615527));
#11605=CARTESIAN_POINT('',(12.0845991448253,0.,119.470888615527));
#11606=CARTESIAN_POINT('',(19.1691982151448,0.5,119.470888615527));
#11607=CARTESIAN_POINT('',(19.1691982151448,0.,119.470888615527));
#11608=CARTESIAN_POINT('',(19.1691982151448,0.5,119.470888615527));
#11609=CARTESIAN_POINT('Origin',(19.1691982151448,0.,123.699404240527));
#11610=CARTESIAN_POINT('',(19.1691982151448,0.,123.699404240527));
#11611=CARTESIAN_POINT('',(19.1691982151448,0.,61.8497021202633));
#11612=CARTESIAN_POINT('',(19.1691982151448,0.5,123.699404240527));
#11613=CARTESIAN_POINT('',(19.1691982151448,0.,123.699404240527));
#11614=CARTESIAN_POINT('',(19.1691982151448,0.5,123.699404240527));
#11615=CARTESIAN_POINT('Origin',(18.3244716526448,0.,123.699404240527));
#11616=CARTESIAN_POINT('',(18.3244716526447,0.,123.699404240527));
#11617=CARTESIAN_POINT('',(11.6622358635753,0.,123.699404240527));
#11618=CARTESIAN_POINT('',(18.3244716526447,0.5,123.699404240527));
#11619=CARTESIAN_POINT('',(18.3244716526447,0.,123.699404240527));
#11620=CARTESIAN_POINT('',(18.3244716526448,0.5,123.699404240527));
#11621=CARTESIAN_POINT('Origin',(18.3244716526448,0.,118.523622990527));
#11622=CARTESIAN_POINT('',(18.3244716526448,0.,118.523622990527));
#11623=CARTESIAN_POINT('',(18.3244716526448,0.,59.2618114952633));
#11624=CARTESIAN_POINT('',(18.3244716526448,0.5,118.523622990527));
#11625=CARTESIAN_POINT('',(18.3244716526448,0.,118.523622990527));
#11626=CARTESIAN_POINT('',(18.3244716526448,0.5,118.523622990527));
#11627=CARTESIAN_POINT('Origin',(25.4826747776448,0.,118.523622990527));
#11628=CARTESIAN_POINT('',(25.4826747776448,0.,118.523622990527));
#11629=CARTESIAN_POINT('',(15.2413374260753,0.,118.523622990527));
#11630=CARTESIAN_POINT('',(25.4826747776448,0.5,118.523622990527));
#11631=CARTESIAN_POINT('',(25.4826747776448,0.,118.523622990527));
#11632=CARTESIAN_POINT('',(25.4826747776448,0.5,118.523622990527));
#11633=CARTESIAN_POINT('Origin',(25.4826747776448,0.,123.865419865527));
#11634=CARTESIAN_POINT('',(25.4826747776448,0.,61.9327099327633));
#11635=CARTESIAN_POINT('',(25.4826747776448,0.5,123.865419865527));
#11636=CARTESIAN_POINT('Origin',(21.9035732151448,0.5,121.194521428027));
#11637=CARTESIAN_POINT('Origin',(47.2309152986332,0.,146.769607268749));
#11638=CARTESIAN_POINT('',(47.2309152986332,0.,146.769607268749));
#11639=CARTESIAN_POINT('',(47.2309152986332,0.,144.503982268749));
#11640=CARTESIAN_POINT('',(47.2309152986332,0.,73.3848036343746));
#11641=CARTESIAN_POINT('',(47.2309152986332,0.5,146.769607268749));
#11642=CARTESIAN_POINT('',(47.2309152986332,0.,146.769607268749));
#11643=CARTESIAN_POINT('',(47.2309152986332,0.5,144.503982268749));
#11644=CARTESIAN_POINT('',(47.2309152986332,0.5,146.769607268749));
#11645=CARTESIAN_POINT('',(47.2309152986332,0.,144.503982268749));
#11646=CARTESIAN_POINT('Ctrl Pts',(47.5580637361332,0.,147.934158049999));
#11647=CARTESIAN_POINT('Ctrl Pts',(47.5580637361332,0.5,147.934158049999));
#11648=CARTESIAN_POINT('Ctrl Pts',(47.4630489380451,0.,147.779722352965));
#11649=CARTESIAN_POINT('Ctrl Pts',(47.4630489380451,0.5,147.779722352965));
#11650=CARTESIAN_POINT('Ctrl Pts',(47.2448041460425,0.,147.424990382207));
#11651=CARTESIAN_POINT('Ctrl Pts',(47.2448041460425,0.5,147.424990382207));
#11652=CARTESIAN_POINT('Ctrl Pts',(47.2359274478528,0.,147.006119188263));
#11653=CARTESIAN_POINT('Ctrl Pts',(47.2359274478528,0.5,147.006119188263));
#11654=CARTESIAN_POINT('Ctrl Pts',(47.2309152986332,0.,146.769607268749));
#11655=CARTESIAN_POINT('Ctrl Pts',(47.2309152986332,0.5,146.769607268749));
#11656=CARTESIAN_POINT('',(47.5580637361332,0.,147.934158049999));
#11657=CARTESIAN_POINT('Ctrl Pts',(47.5580637361332,0.,147.934158049999));
#11658=CARTESIAN_POINT('Ctrl Pts',(47.4630489380451,0.,147.779722352965));
#11659=CARTESIAN_POINT('Ctrl Pts',(47.2448041460425,0.,147.424990382207));
#11660=CARTESIAN_POINT('Ctrl Pts',(47.2359274478528,0.,147.006119188263));
#11661=CARTESIAN_POINT('Ctrl Pts',(47.2309152986332,0.,146.769607268749));
#11662=CARTESIAN_POINT('',(47.5580637361332,0.5,147.934158049999));
#11663=CARTESIAN_POINT('',(47.5580637361332,0.,147.934158049999));
#11664=CARTESIAN_POINT('Ctrl Pts',(47.5580637361332,0.5,147.934158049999));
#11665=CARTESIAN_POINT('Ctrl Pts',(47.4630489380451,0.5,147.779722352965));
#11666=CARTESIAN_POINT('Ctrl Pts',(47.2448041460425,0.5,147.424990382207));
#11667=CARTESIAN_POINT('Ctrl Pts',(47.2359274478528,0.5,147.006119188263));
#11668=CARTESIAN_POINT('Ctrl Pts',(47.2309152986332,0.5,146.769607268749));
#11669=CARTESIAN_POINT('Ctrl Pts',(48.3930246736332,0.,148.302810393749));
#11670=CARTESIAN_POINT('Ctrl Pts',(48.3930246736332,0.5,148.302810393749));
#11671=CARTESIAN_POINT('Ctrl Pts',(48.2317561359607,0.,148.287981213908));
#11672=CARTESIAN_POINT('Ctrl Pts',(48.2317561359607,0.5,148.287981213908));
#11673=CARTESIAN_POINT('Ctrl Pts',(47.9119493974815,0.,148.258573917806));
#11674=CARTESIAN_POINT('Ctrl Pts',(47.9119493974815,0.5,148.258573917806));
#11675=CARTESIAN_POINT('Ctrl Pts',(47.6753523106193,0.,148.041679430014));
#11676=CARTESIAN_POINT('Ctrl Pts',(47.6753523106193,0.5,148.041679430014));
#11677=CARTESIAN_POINT('Ctrl Pts',(47.5580637361332,0.,147.934158049999));
#11678=CARTESIAN_POINT('Ctrl Pts',(47.5580637361332,0.5,147.934158049999));
#11679=CARTESIAN_POINT('',(48.3930246736332,0.,148.302810393749));
#11680=CARTESIAN_POINT('Ctrl Pts',(48.3930246736332,0.,148.302810393749));
#11681=CARTESIAN_POINT('Ctrl Pts',(48.2317561359607,0.,148.287981213908));
#11682=CARTESIAN_POINT('Ctrl Pts',(47.9119493974815,0.,148.258573917806));
#11683=CARTESIAN_POINT('Ctrl Pts',(47.6753523106193,0.,148.041679430014));
#11684=CARTESIAN_POINT('Ctrl Pts',(47.5580637361332,0.,147.934158049999));
#11685=CARTESIAN_POINT('',(48.3930246736332,0.5,148.302810393749));
#11686=CARTESIAN_POINT('',(48.3930246736332,0.,148.302810393749));
#11687=CARTESIAN_POINT('Ctrl Pts',(48.3930246736332,0.5,148.302810393749));
#11688=CARTESIAN_POINT('Ctrl Pts',(48.2317561359607,0.5,148.287981213908));
#11689=CARTESIAN_POINT('Ctrl Pts',(47.9119493974815,0.5,148.258573917806));
#11690=CARTESIAN_POINT('Ctrl Pts',(47.6753523106193,0.5,148.041679430014));
#11691=CARTESIAN_POINT('Ctrl Pts',(47.5580637361332,0.5,147.934158049999));
#11692=CARTESIAN_POINT('Ctrl Pts',(49.0351145173832,0.,148.112380706249));
#11693=CARTESIAN_POINT('Ctrl Pts',(49.0351145173832,0.5,148.112380706249));
#11694=CARTESIAN_POINT('Ctrl Pts',(48.9347205253624,0.,148.167922486433));
#11695=CARTESIAN_POINT('Ctrl Pts',(48.9347205253624,0.5,148.167922486433));
#11696=CARTESIAN_POINT('Ctrl Pts',(48.7346624312831,0.,148.278602243874));
#11697=CARTESIAN_POINT('Ctrl Pts',(48.7346624312831,0.5,148.278602243874));
#11698=CARTESIAN_POINT('Ctrl Pts',(48.506626604969,0.,148.294760661194));
#11699=CARTESIAN_POINT('Ctrl Pts',(48.506626604969,0.5,148.294760661194));
#11700=CARTESIAN_POINT('Ctrl Pts',(48.3930246736332,0.,148.302810393749));
#11701=CARTESIAN_POINT('Ctrl Pts',(48.3930246736332,0.5,148.302810393749));
#11702=CARTESIAN_POINT('',(49.0351145173832,0.,148.112380706249));
#11703=CARTESIAN_POINT('Ctrl Pts',(49.0351145173832,0.,148.112380706249));
#11704=CARTESIAN_POINT('Ctrl Pts',(48.9347205253624,0.,148.167922486433));
#11705=CARTESIAN_POINT('Ctrl Pts',(48.7346624312831,0.,148.278602243874));
#11706=CARTESIAN_POINT('Ctrl Pts',(48.506626604969,0.,148.294760661194));
#11707=CARTESIAN_POINT('Ctrl Pts',(48.3930246736332,0.,148.302810393749));
#11708=CARTESIAN_POINT('',(49.0351145173832,0.5,148.112380706249));
#11709=CARTESIAN_POINT('',(49.0351145173832,0.,148.112380706249));
#11710=CARTESIAN_POINT('Ctrl Pts',(49.0351145173832,0.5,148.112380706249));
#11711=CARTESIAN_POINT('Ctrl Pts',(48.9347205253624,0.5,148.167922486433));
#11712=CARTESIAN_POINT('Ctrl Pts',(48.7346624312831,0.5,148.278602243874));
#11713=CARTESIAN_POINT('Ctrl Pts',(48.506626604969,0.5,148.294760661194));
#11714=CARTESIAN_POINT('Ctrl Pts',(48.3930246736332,0.5,148.302810393749));
#11715=CARTESIAN_POINT('Ctrl Pts',(49.4648020173832,0.,147.555740081249));
#11716=CARTESIAN_POINT('Ctrl Pts',(49.4648020173832,0.5,147.555740081249));
#11717=CARTESIAN_POINT('Ctrl Pts',(49.4147839866276,0.,147.669529279913));
#11718=CARTESIAN_POINT('Ctrl Pts',(49.4147839866276,0.5,147.669529279913));
#11719=CARTESIAN_POINT('Ctrl Pts',(49.3174862179364,0.,147.890878160785));
#11720=CARTESIAN_POINT('Ctrl Pts',(49.3174862179364,0.5,147.890878160785));
#11721=CARTESIAN_POINT('Ctrl Pts',(49.1274557142544,0.,148.039944941199));
#11722=CARTESIAN_POINT('Ctrl Pts',(49.1274557142544,0.5,148.039944941199));
#11723=CARTESIAN_POINT('Ctrl Pts',(49.0351145173832,0.,148.112380706249));
#11724=CARTESIAN_POINT('Ctrl Pts',(49.0351145173832,0.5,148.112380706249));
#11725=CARTESIAN_POINT('',(49.4648020173832,0.,147.555740081249));
#11726=CARTESIAN_POINT('Ctrl Pts',(49.4648020173832,0.,147.555740081249));
#11727=CARTESIAN_POINT('Ctrl Pts',(49.4147839866276,0.,147.669529279913));
#11728=CARTESIAN_POINT('Ctrl Pts',(49.3174862179364,0.,147.890878160785));
#11729=CARTESIAN_POINT('Ctrl Pts',(49.1274557142544,0.,148.039944941199));
#11730=CARTESIAN_POINT('Ctrl Pts',(49.0351145173832,0.,148.112380706249));
#11731=CARTESIAN_POINT('',(49.4648020173832,0.5,147.555740081249));
#11732=CARTESIAN_POINT('',(49.4648020173832,0.,147.555740081249));
#11733=CARTESIAN_POINT('Ctrl Pts',(49.4648020173832,0.5,147.555740081249));
#11734=CARTESIAN_POINT('Ctrl Pts',(49.4147839866276,0.5,147.669529279913));
#11735=CARTESIAN_POINT('Ctrl Pts',(49.3174862179364,0.5,147.890878160785));
#11736=CARTESIAN_POINT('Ctrl Pts',(49.1274557142544,0.5,148.039944941199));
#11737=CARTESIAN_POINT('Ctrl Pts',(49.0351145173832,0.5,148.112380706249));
#11738=CARTESIAN_POINT('Ctrl Pts',(49.5990793611332,0.,146.540115081249));
#11739=CARTESIAN_POINT('Ctrl Pts',(49.5990793611332,0.5,146.540115081249));
#11740=CARTESIAN_POINT('Ctrl Pts',(49.5969647346406,0.,146.734285637956));
#11741=CARTESIAN_POINT('Ctrl Pts',(49.5969647346406,0.5,146.734285637956));
#11742=CARTESIAN_POINT('Ctrl Pts',(49.5932138769383,0.,147.078699240416));
#11743=CARTESIAN_POINT('Ctrl Pts',(49.5932138769383,0.5,147.078699240416));
#11744=CARTESIAN_POINT('Ctrl Pts',(49.5038048064088,0.,147.410847519643));
#11745=CARTESIAN_POINT('Ctrl Pts',(49.5038048064088,0.5,147.410847519643));
#11746=CARTESIAN_POINT('Ctrl Pts',(49.4648020173832,0.,147.555740081249));
#11747=CARTESIAN_POINT('Ctrl Pts',(49.4648020173832,0.5,147.555740081249));
#11748=CARTESIAN_POINT('',(49.5990793611332,0.,146.540115081249));
#11749=CARTESIAN_POINT('Ctrl Pts',(49.5990793611332,0.,146.540115081249));
#11750=CARTESIAN_POINT('Ctrl Pts',(49.5969647346406,0.,146.734285637956));
#11751=CARTESIAN_POINT('Ctrl Pts',(49.5932138769383,0.,147.078699240416));
#11752=CARTESIAN_POINT('Ctrl Pts',(49.5038048064088,0.,147.410847519643));
#11753=CARTESIAN_POINT('Ctrl Pts',(49.4648020173832,0.,147.555740081249));
#11754=CARTESIAN_POINT('',(49.5990793611332,0.5,146.540115081249));
#11755=CARTESIAN_POINT('',(49.5990793611332,0.,146.540115081249));
#11756=CARTESIAN_POINT('Ctrl Pts',(49.5990793611332,0.5,146.540115081249));
#11757=CARTESIAN_POINT('Ctrl Pts',(49.5969647346406,0.5,146.734285637956));
#11758=CARTESIAN_POINT('Ctrl Pts',(49.5932138769383,0.5,147.078699240416));
#11759=CARTESIAN_POINT('Ctrl Pts',(49.5038048064088,0.5,147.410847519643));
#11760=CARTESIAN_POINT('Ctrl Pts',(49.4648020173832,0.5,147.555740081249));
#11761=CARTESIAN_POINT('Origin',(49.5990793611332,0.,144.503982268749));
#11762=CARTESIAN_POINT('',(49.5990793611332,0.,144.503982268749));
#11763=CARTESIAN_POINT('',(49.5990793611332,0.,72.2519911343746));
#11764=CARTESIAN_POINT('',(49.5990793611332,0.5,144.503982268749));
#11765=CARTESIAN_POINT('',(49.5990793611332,0.,144.503982268749));
#11766=CARTESIAN_POINT('',(49.5990793611332,0.5,144.503982268749));
#11767=CARTESIAN_POINT('Origin',(47.2309152986332,0.,144.503982268749));
#11768=CARTESIAN_POINT('',(26.1154576865695,0.,144.503982268749));
#11769=CARTESIAN_POINT('',(47.2309152986332,0.5,144.503982268749));
#11770=CARTESIAN_POINT('Origin',(50.4193918611332,0.,144.503982268749));
#11771=CARTESIAN_POINT('',(50.4193918611332,0.,144.503982268749));
#11772=CARTESIAN_POINT('',(53.5981027986332,0.,144.503982268749));
#11773=CARTESIAN_POINT('',(27.7096959678195,0.,144.503982268749));
#11774=CARTESIAN_POINT('',(50.4193918611332,0.5,144.503982268749));
#11775=CARTESIAN_POINT('',(50.4193918611332,0.,144.503982268749));
#11776=CARTESIAN_POINT('',(53.5981027986332,0.5,144.503982268749));
#11777=CARTESIAN_POINT('',(50.4193918611332,0.5,144.503982268749));
#11778=CARTESIAN_POINT('',(53.5981027986332,0.,144.503982268749));
#11779=CARTESIAN_POINT('Origin',(50.4193918611332,0.,145.602615081249));
#11780=CARTESIAN_POINT('',(50.4193918611332,0.,145.602615081249));
#11781=CARTESIAN_POINT('',(50.4193918611332,0.,72.8013075406246));
#11782=CARTESIAN_POINT('',(50.4193918611332,0.5,145.602615081249));
#11783=CARTESIAN_POINT('',(50.4193918611332,0.,145.602615081249));
#11784=CARTESIAN_POINT('',(50.4193918611332,0.5,145.602615081249));
#11785=CARTESIAN_POINT('Ctrl Pts',(50.4535715486332,0.,146.129958831249));
#11786=CARTESIAN_POINT('Ctrl Pts',(50.4535715486332,0.5,146.129958831249));
#11787=CARTESIAN_POINT('Ctrl Pts',(50.4436898366475,0.,146.059256638549));
#11788=CARTESIAN_POINT('Ctrl Pts',(50.4436898366475,0.5,146.059256638549));
#11789=CARTESIAN_POINT('Ctrl Pts',(50.4192561379526,0.,145.884437125898));
#11790=CARTESIAN_POINT('Ctrl Pts',(50.4192561379526,0.5,145.884437125898));
#11791=CARTESIAN_POINT('Ctrl Pts',(50.4193412004381,0.,145.707809349493));
#11792=CARTESIAN_POINT('Ctrl Pts',(50.4193412004381,0.5,145.707809349493));
#11793=CARTESIAN_POINT('Ctrl Pts',(50.4193918611332,0.,145.602615081249));
#11794=CARTESIAN_POINT('Ctrl Pts',(50.4193918611332,0.5,145.602615081249));
#11795=CARTESIAN_POINT('',(50.4535715486332,0.,146.129958831249));
#11796=CARTESIAN_POINT('Ctrl Pts',(50.4535715486332,0.,146.129958831249));
#11797=CARTESIAN_POINT('Ctrl Pts',(50.4436898366475,0.,146.059256638549));
#11798=CARTESIAN_POINT('Ctrl Pts',(50.4192561379526,0.,145.884437125898));
#11799=CARTESIAN_POINT('Ctrl Pts',(50.4193412004381,0.,145.707809349493));
#11800=CARTESIAN_POINT('Ctrl Pts',(50.4193918611332,0.,145.602615081249));
#11801=CARTESIAN_POINT('',(50.4535715486332,0.5,146.129958831249));
#11802=CARTESIAN_POINT('',(50.4535715486332,0.,146.129958831249));
#11803=CARTESIAN_POINT('Ctrl Pts',(50.4535715486332,0.5,146.129958831249));
#11804=CARTESIAN_POINT('Ctrl Pts',(50.4436898366475,0.5,146.059256638549));
#11805=CARTESIAN_POINT('Ctrl Pts',(50.4192561379526,0.5,145.884437125898));
#11806=CARTESIAN_POINT('Ctrl Pts',(50.4193412004381,0.5,145.707809349493));
#11807=CARTESIAN_POINT('Ctrl Pts',(50.4193918611332,0.5,145.602615081249));
#11808=CARTESIAN_POINT('Ctrl Pts',(50.6440012361332,0.,146.562087737499));
#11809=CARTESIAN_POINT('Ctrl Pts',(50.6440012361332,0.5,146.562087737499));
#11810=CARTESIAN_POINT('Ctrl Pts',(50.6021592010586,0.,146.492071849235));
#11811=CARTESIAN_POINT('Ctrl Pts',(50.6021592010586,0.5,146.492071849235));
#11812=CARTESIAN_POINT('Ctrl Pts',(50.5207662678742,0.,146.355873920403));
#11813=CARTESIAN_POINT('Ctrl Pts',(50.5207662678742,0.5,146.355873920403));
#11814=CARTESIAN_POINT('Ctrl Pts',(50.4755454803813,0.,146.203837296789));
#11815=CARTESIAN_POINT('Ctrl Pts',(50.4755454803813,0.5,146.203837296789));
#11816=CARTESIAN_POINT('Ctrl Pts',(50.4535715486332,0.,146.129958831249));
#11817=CARTESIAN_POINT('Ctrl Pts',(50.4535715486332,0.5,146.129958831249));
#11818=CARTESIAN_POINT('',(50.6440012361332,0.,146.562087737499));
#11819=CARTESIAN_POINT('Ctrl Pts',(50.6440012361332,0.,146.562087737499));
#11820=CARTESIAN_POINT('Ctrl Pts',(50.6021592010586,0.,146.492071849235));
#11821=CARTESIAN_POINT('Ctrl Pts',(50.5207662678742,0.,146.355873920403));
#11822=CARTESIAN_POINT('Ctrl Pts',(50.4755454803813,0.,146.203837296789));
#11823=CARTESIAN_POINT('Ctrl Pts',(50.4535715486332,0.,146.129958831249));
#11824=CARTESIAN_POINT('',(50.6440012361332,0.5,146.562087737499));
#11825=CARTESIAN_POINT('',(50.6440012361332,0.,146.562087737499));
#11826=CARTESIAN_POINT('Ctrl Pts',(50.6440012361332,0.5,146.562087737499));
#11827=CARTESIAN_POINT('Ctrl Pts',(50.6021592010586,0.5,146.492071849235));
#11828=CARTESIAN_POINT('Ctrl Pts',(50.5207662678742,0.5,146.355873920403));
#11829=CARTESIAN_POINT('Ctrl Pts',(50.4755454803813,0.5,146.203837296789));
#11830=CARTESIAN_POINT('Ctrl Pts',(50.4535715486332,0.5,146.129958831249));
#11831=CARTESIAN_POINT('Ctrl Pts',(51.1225168611332,0.,147.043044768749));
#11832=CARTESIAN_POINT('Ctrl Pts',(51.1225168611332,0.5,147.043044768749));
#11833=CARTESIAN_POINT('Ctrl Pts',(51.0215302121332,0.,146.962241529182));
#11834=CARTESIAN_POINT('Ctrl Pts',(51.0215302121332,0.5,146.962241529182));
#11835=CARTESIAN_POINT('Ctrl Pts',(50.843595476177,0.,146.819869213246));
#11836=CARTESIAN_POINT('Ctrl Pts',(50.843595476177,0.5,146.819869213246));
#11837=CARTESIAN_POINT('Ctrl Pts',(50.7042579249259,0.,146.63991091595));
#11838=CARTESIAN_POINT('Ctrl Pts',(50.7042579249259,0.5,146.63991091595));
#11839=CARTESIAN_POINT('Ctrl Pts',(50.6440012361332,0.,146.562087737499));
#11840=CARTESIAN_POINT('Ctrl Pts',(50.6440012361332,0.5,146.562087737499));
#11841=CARTESIAN_POINT('',(51.1225168611332,0.,147.043044768749));
#11842=CARTESIAN_POINT('Ctrl Pts',(51.1225168611332,0.,147.043044768749));
#11843=CARTESIAN_POINT('Ctrl Pts',(51.0215302121332,0.,146.962241529182));
#11844=CARTESIAN_POINT('Ctrl Pts',(50.843595476177,0.,146.819869213246));
#11845=CARTESIAN_POINT('Ctrl Pts',(50.7042579249259,0.,146.63991091595));
#11846=CARTESIAN_POINT('Ctrl Pts',(50.6440012361332,0.,146.562087737499));
#11847=CARTESIAN_POINT('',(51.1225168611332,0.5,147.043044768749));
#11848=CARTESIAN_POINT('',(51.1225168611332,0.,147.043044768749));
#11849=CARTESIAN_POINT('Ctrl Pts',(51.1225168611332,0.5,147.043044768749));
#11850=CARTESIAN_POINT('Ctrl Pts',(51.0215302121332,0.5,146.962241529182));
#11851=CARTESIAN_POINT('Ctrl Pts',(50.843595476177,0.5,146.819869213246));
#11852=CARTESIAN_POINT('Ctrl Pts',(50.7042579249259,0.5,146.63991091595));
#11853=CARTESIAN_POINT('Ctrl Pts',(50.6440012361332,0.5,146.562087737499));
#11854=CARTESIAN_POINT('Ctrl Pts',(52.1088449861332,0.,147.726638518749));
#11855=CARTESIAN_POINT('Ctrl Pts',(52.1088449861332,0.5,147.726638518749));
#11856=CARTESIAN_POINT('Ctrl Pts',(51.9175896575663,0.,147.602849288237));
#11857=CARTESIAN_POINT('Ctrl Pts',(51.9175896575663,0.5,147.602849288237));
#11858=CARTESIAN_POINT('Ctrl Pts',(51.5815730150135,0.,147.385363888313));
#11859=CARTESIAN_POINT('Ctrl Pts',(51.5815730150135,0.5,147.385363888313));
#11860=CARTESIAN_POINT('Ctrl Pts',(51.2607377822991,0.,147.146116394386));
#11861=CARTESIAN_POINT('Ctrl Pts',(51.2607377822991,0.5,147.146116394386));
#11862=CARTESIAN_POINT('Ctrl Pts',(51.1225168611332,0.,147.043044768749));
#11863=CARTESIAN_POINT('Ctrl Pts',(51.1225168611332,0.5,147.043044768749));
#11864=CARTESIAN_POINT('',(52.1088449861332,0.,147.726638518749));
#11865=CARTESIAN_POINT('Ctrl Pts',(52.1088449861332,0.,147.726638518749));
#11866=CARTESIAN_POINT('Ctrl Pts',(51.9175896575663,0.,147.602849288237));
#11867=CARTESIAN_POINT('Ctrl Pts',(51.5815730150135,0.,147.385363888313));
#11868=CARTESIAN_POINT('Ctrl Pts',(51.2607377822991,0.,147.146116394386));
#11869=CARTESIAN_POINT('Ctrl Pts',(51.1225168611332,0.,147.043044768749));
#11870=CARTESIAN_POINT('',(52.1088449861332,0.5,147.726638518749));
#11871=CARTESIAN_POINT('',(52.1088449861332,0.,147.726638518749));
#11872=CARTESIAN_POINT('Ctrl Pts',(52.1088449861332,0.5,147.726638518749));
#11873=CARTESIAN_POINT('Ctrl Pts',(51.9175896575663,0.5,147.602849288237));
#11874=CARTESIAN_POINT('Ctrl Pts',(51.5815730150135,0.5,147.385363888313));
#11875=CARTESIAN_POINT('Ctrl Pts',(51.2607377822991,0.5,147.146116394386));
#11876=CARTESIAN_POINT('Ctrl Pts',(51.1225168611332,0.5,147.043044768749));
#11877=CARTESIAN_POINT('Origin',(53.5981027986332,0.,148.673904143749));
#11878=CARTESIAN_POINT('',(53.5981027986332,0.,148.673904143749));
#11879=CARTESIAN_POINT('',(2.6346423395154,0.,116.257801425491));
#11880=CARTESIAN_POINT('',(53.5981027986332,0.5,148.673904143749));
#11881=CARTESIAN_POINT('',(53.5981027986332,0.,148.673904143749));
#11882=CARTESIAN_POINT('',(53.5981027986332,0.5,148.673904143749));
#11883=CARTESIAN_POINT('Origin',(53.5981027986332,0.,149.865310393749));
#11884=CARTESIAN_POINT('',(53.5981027986332,0.,149.865310393749));
#11885=CARTESIAN_POINT('',(53.5981027986332,0.,74.9326551968746));
#11886=CARTESIAN_POINT('',(53.5981027986332,0.5,149.865310393749));
#11887=CARTESIAN_POINT('',(53.5981027986332,0.,149.865310393749));
#11888=CARTESIAN_POINT('',(53.5981027986332,0.5,149.865310393749));
#11889=CARTESIAN_POINT('Origin',(51.6498606111332,0.,148.620193206249));
#11890=CARTESIAN_POINT('',(51.6498606111332,0.,148.620193206249));
#11891=CARTESIAN_POINT('',(1.3700848378923,0.,116.486501922599));
#11892=CARTESIAN_POINT('',(51.6498606111332,0.5,148.620193206249));
#11893=CARTESIAN_POINT('',(51.6498606111332,0.,148.620193206249));
#11894=CARTESIAN_POINT('',(51.6498606111332,0.5,148.620193206249));
#11895=CARTESIAN_POINT('Ctrl Pts',(50.6977121736332,0.,147.834060393749));
#11896=CARTESIAN_POINT('Ctrl Pts',(50.6977121736332,0.5,147.834060393749));
#11897=CARTESIAN_POINT('Ctrl Pts',(50.8367820150803,0.,147.973261656787));
#11898=CARTESIAN_POINT('Ctrl Pts',(50.8367820150803,0.5,147.973261656787));
#11899=CARTESIAN_POINT('Ctrl Pts',(51.1289285856013,0.,148.265684307058));
#11900=CARTESIAN_POINT('Ctrl Pts',(51.1289285856013,0.5,148.265684307058));
#11901=CARTESIAN_POINT('Ctrl Pts',(51.4707536986899,0.,148.498305913367));
#11902=CARTESIAN_POINT('Ctrl Pts',(51.4707536986899,0.5,148.498305913367));
#11903=CARTESIAN_POINT('Ctrl Pts',(51.6498606111332,0.,148.620193206249));
#11904=CARTESIAN_POINT('Ctrl Pts',(51.6498606111332,0.5,148.620193206249));
#11905=CARTESIAN_POINT('',(50.6977121736332,0.,147.834060393749));
#11906=CARTESIAN_POINT('Ctrl Pts',(50.6977121736332,0.,147.834060393749));
#11907=CARTESIAN_POINT('Ctrl Pts',(50.8367820150803,0.,147.973261656787));
#11908=CARTESIAN_POINT('Ctrl Pts',(51.1289285856013,0.,148.265684307058));
#11909=CARTESIAN_POINT('Ctrl Pts',(51.4707536986899,0.,148.498305913367));
#11910=CARTESIAN_POINT('Ctrl Pts',(51.6498606111332,0.,148.620193206249));
#11911=CARTESIAN_POINT('',(50.6977121736332,0.5,147.834060393749));
#11912=CARTESIAN_POINT('',(50.6977121736332,0.,147.834060393749));
#11913=CARTESIAN_POINT('Ctrl Pts',(50.6977121736332,0.5,147.834060393749));
#11914=CARTESIAN_POINT('Ctrl Pts',(50.8367820150803,0.5,147.973261656787));
#11915=CARTESIAN_POINT('Ctrl Pts',(51.1289285856013,0.5,148.265684307058));
#11916=CARTESIAN_POINT('Ctrl Pts',(51.4707536986899,0.5,148.498305913367));
#11917=CARTESIAN_POINT('Ctrl Pts',(51.6498606111332,0.5,148.620193206249));
#11918=CARTESIAN_POINT('Ctrl Pts',(50.3412668611332,0.,147.262771331249));
#11919=CARTESIAN_POINT('Ctrl Pts',(50.3412668611332,0.5,147.262771331249));
#11920=CARTESIAN_POINT('Ctrl Pts',(50.39702510975,0.,147.375617226017));
#11921=CARTESIAN_POINT('Ctrl Pts',(50.39702510975,0.5,147.375617226017));
#11922=CARTESIAN_POINT('Ctrl Pts',(50.4970225397394,0.,147.577996241526));
#11923=CARTESIAN_POINT('Ctrl Pts',(50.4970225397394,0.5,147.577996241526));
#11924=CARTESIAN_POINT('Ctrl Pts',(50.6361581407867,0.,147.755522300222));
#11925=CARTESIAN_POINT('Ctrl Pts',(50.6361581407867,0.5,147.755522300222));
#11926=CARTESIAN_POINT('Ctrl Pts',(50.6977121736332,0.,147.834060393749));
#11927=CARTESIAN_POINT('Ctrl Pts',(50.6977121736332,0.5,147.834060393749));
#11928=CARTESIAN_POINT('',(50.3412668611332,0.,147.262771331249));
#11929=CARTESIAN_POINT('Ctrl Pts',(50.3412668611332,0.,147.262771331249));
#11930=CARTESIAN_POINT('Ctrl Pts',(50.39702510975,0.,147.375617226017));
#11931=CARTESIAN_POINT('Ctrl Pts',(50.4970225397394,0.,147.577996241526));
#11932=CARTESIAN_POINT('Ctrl Pts',(50.6361581407867,0.,147.755522300222));
#11933=CARTESIAN_POINT('Ctrl Pts',(50.6977121736332,0.,147.834060393749));
#11934=CARTESIAN_POINT('',(50.3412668611332,0.5,147.262771331249));
#11935=CARTESIAN_POINT('',(50.3412668611332,0.,147.262771331249));
#11936=CARTESIAN_POINT('Ctrl Pts',(50.3412668611332,0.5,147.262771331249));
#11937=CARTESIAN_POINT('Ctrl Pts',(50.39702510975,0.5,147.375617226017));
#11938=CARTESIAN_POINT('Ctrl Pts',(50.4970225397394,0.5,147.577996241526));
#11939=CARTESIAN_POINT('Ctrl Pts',(50.6361581407867,0.5,147.755522300222));
#11940=CARTESIAN_POINT('Ctrl Pts',(50.6977121736332,0.5,147.834060393749));
#11941=CARTESIAN_POINT('Ctrl Pts',(49.6772043611332,0.,148.786208831249));
#11942=CARTESIAN_POINT('Ctrl Pts',(49.6772043611332,0.5,148.786208831249));
#11943=CARTESIAN_POINT('Ctrl Pts',(49.8371258774835,0.,148.585050282319));
#11944=CARTESIAN_POINT('Ctrl Pts',(49.8371258774835,0.5,148.585050282319));
#11945=CARTESIAN_POINT('Ctrl Pts',(50.1922928930676,0.,148.138300632158));
#11946=CARTESIAN_POINT('Ctrl Pts',(50.1922928930676,0.5,148.138300632158));
#11947=CARTESIAN_POINT('Ctrl Pts',(50.2884219566575,0.,147.573344130464));
#11948=CARTESIAN_POINT('Ctrl Pts',(50.2884219566575,0.5,147.573344130464));
#11949=CARTESIAN_POINT('Ctrl Pts',(50.3412668611332,0.,147.262771331249));
#11950=CARTESIAN_POINT('Ctrl Pts',(50.3412668611332,0.5,147.262771331249));
#11951=CARTESIAN_POINT('',(49.6772043611332,0.,148.786208831249));
#11952=CARTESIAN_POINT('Ctrl Pts',(49.6772043611332,0.,148.786208831249));
#11953=CARTESIAN_POINT('Ctrl Pts',(49.8371258774835,0.,148.585050282319));
#11954=CARTESIAN_POINT('Ctrl Pts',(50.1922928930676,0.,148.138300632158));
#11955=CARTESIAN_POINT('Ctrl Pts',(50.2884219566575,0.,147.573344130464));
#11956=CARTESIAN_POINT('Ctrl Pts',(50.3412668611332,0.,147.262771331249));
#11957=CARTESIAN_POINT('',(49.6772043611332,0.5,148.786208831249));
#11958=CARTESIAN_POINT('',(49.6772043611332,0.,148.786208831249));
#11959=CARTESIAN_POINT('Ctrl Pts',(49.6772043611332,0.5,148.786208831249));
#11960=CARTESIAN_POINT('Ctrl Pts',(49.8371258774835,0.5,148.585050282319));
#11961=CARTESIAN_POINT('Ctrl Pts',(50.1922928930676,0.5,148.138300632158));
#11962=CARTESIAN_POINT('Ctrl Pts',(50.2884219566575,0.5,147.573344130464));
#11963=CARTESIAN_POINT('Ctrl Pts',(50.3412668611332,0.5,147.262771331249));
#11964=CARTESIAN_POINT('Ctrl Pts',(48.3930246736332,0.,149.279372893749));
#11965=CARTESIAN_POINT('Ctrl Pts',(48.3930246736332,0.5,149.279372893749));
#11966=CARTESIAN_POINT('Ctrl Pts',(48.6354920325658,0.,149.260195645864));
#11967=CARTESIAN_POINT('Ctrl Pts',(48.6354920325658,0.5,149.260195645864));
#11968=CARTESIAN_POINT('Ctrl Pts',(49.1126589235178,0.,149.222455523685));
#11969=CARTESIAN_POINT('Ctrl Pts',(49.1126589235178,0.5,149.222455523685));
#11970=CARTESIAN_POINT('Ctrl Pts',(49.4910759728059,0.,148.930037632911));
#11971=CARTESIAN_POINT('Ctrl Pts',(49.4910759728059,0.5,148.930037632911));
#11972=CARTESIAN_POINT('Ctrl Pts',(49.6772043611332,0.,148.786208831249));
#11973=CARTESIAN_POINT('Ctrl Pts',(49.6772043611332,0.5,148.786208831249));
#11974=CARTESIAN_POINT('',(48.3930246736332,0.,149.279372893749));
#11975=CARTESIAN_POINT('Ctrl Pts',(48.3930246736332,0.,149.279372893749));
#11976=CARTESIAN_POINT('Ctrl Pts',(48.6354920325658,0.,149.260195645864));
#11977=CARTESIAN_POINT('Ctrl Pts',(49.1126589235178,0.,149.222455523685));
#11978=CARTESIAN_POINT('Ctrl Pts',(49.4910759728059,0.,148.930037632911));
#11979=CARTESIAN_POINT('Ctrl Pts',(49.6772043611332,0.,148.786208831249));
#11980=CARTESIAN_POINT('',(48.3930246736332,0.5,149.279372893749));
#11981=CARTESIAN_POINT('',(48.3930246736332,0.,149.279372893749));
#11982=CARTESIAN_POINT('Ctrl Pts',(48.3930246736332,0.5,149.279372893749));
#11983=CARTESIAN_POINT('Ctrl Pts',(48.6354920325658,0.5,149.260195645864));
#11984=CARTESIAN_POINT('Ctrl Pts',(49.1126589235178,0.5,149.222455523685));
#11985=CARTESIAN_POINT('Ctrl Pts',(49.4910759728059,0.5,148.930037632911));
#11986=CARTESIAN_POINT('Ctrl Pts',(49.6772043611332,0.5,148.786208831249));
#11987=CARTESIAN_POINT('Ctrl Pts',(47.3139231111332,0.,148.981521331249));
#11988=CARTESIAN_POINT('Ctrl Pts',(47.3139231111332,0.5,148.981521331249));
#11989=CARTESIAN_POINT('Ctrl Pts',(47.4817873319691,0.,149.068392890983));
#11990=CARTESIAN_POINT('Ctrl Pts',(47.4817873319691,0.5,149.068392890983));
#11991=CARTESIAN_POINT('Ctrl Pts',(47.820422045584,0.,149.243640037786));
#11992=CARTESIAN_POINT('Ctrl Pts',(47.820422045584,0.5,149.243640037786));
#11993=CARTESIAN_POINT('Ctrl Pts',(48.2010681884399,0.,149.267393987086));
#11994=CARTESIAN_POINT('Ctrl Pts',(48.2010681884399,0.5,149.267393987086));
#11995=CARTESIAN_POINT('Ctrl Pts',(48.3930246736332,0.,149.279372893749));
#11996=CARTESIAN_POINT('Ctrl Pts',(48.3930246736332,0.5,149.279372893749));
#11997=CARTESIAN_POINT('',(47.3139231111332,0.,148.981521331249));
#11998=CARTESIAN_POINT('Ctrl Pts',(47.3139231111332,0.,148.981521331249));
#11999=CARTESIAN_POINT('Ctrl Pts',(47.4817873319691,0.,149.068392890983));
#12000=CARTESIAN_POINT('Ctrl Pts',(47.820422045584,0.,149.243640037786));
#12001=CARTESIAN_POINT('Ctrl Pts',(48.2010681884399,0.,149.267393987086));
#12002=CARTESIAN_POINT('Ctrl Pts',(48.3930246736332,0.,149.279372893749));
#12003=CARTESIAN_POINT('',(47.3139231111332,0.5,148.981521331249));
#12004=CARTESIAN_POINT('',(47.3139231111332,0.,148.981521331249));
#12005=CARTESIAN_POINT('Ctrl Pts',(47.3139231111332,0.5,148.981521331249));
#12006=CARTESIAN_POINT('Ctrl Pts',(47.4817873319691,0.5,149.068392890983));
#12007=CARTESIAN_POINT('Ctrl Pts',(47.820422045584,0.5,149.243640037786));
#12008=CARTESIAN_POINT('Ctrl Pts',(48.2010681884399,0.5,149.267393987086));
#12009=CARTESIAN_POINT('Ctrl Pts',(48.3930246736332,0.5,149.279372893749));
#12010=CARTESIAN_POINT('Ctrl Pts',(46.6327707673832,0.,148.185622893749));
#12011=CARTESIAN_POINT('Ctrl Pts',(46.6327707673832,0.5,148.185622893749));
#12012=CARTESIAN_POINT('Ctrl Pts',(46.7108329260358,0.,148.34417878948));
#12013=CARTESIAN_POINT('Ctrl Pts',(46.7108329260358,0.5,148.34417878948));
#12014=CARTESIAN_POINT('Ctrl Pts',(46.8699083088587,0.,148.667284635483));
#12015=CARTESIAN_POINT('Ctrl Pts',(46.8699083088587,0.5,148.667284635483));
#12016=CARTESIAN_POINT('Ctrl Pts',(47.1640989642813,0.,148.875488278721));
#12017=CARTESIAN_POINT('Ctrl Pts',(47.1640989642813,0.5,148.875488278721));
#12018=CARTESIAN_POINT('Ctrl Pts',(47.3139231111332,0.,148.981521331249));
#12019=CARTESIAN_POINT('Ctrl Pts',(47.3139231111332,0.5,148.981521331249));
#12020=CARTESIAN_POINT('',(46.6327707673832,0.,148.185622893749));
#12021=CARTESIAN_POINT('Ctrl Pts',(46.6327707673832,0.,148.185622893749));
#12022=CARTESIAN_POINT('Ctrl Pts',(46.7108329260358,0.,148.34417878948));
#12023=CARTESIAN_POINT('Ctrl Pts',(46.8699083088587,0.,148.667284635483));
#12024=CARTESIAN_POINT('Ctrl Pts',(47.1640989642813,0.,148.875488278721));
#12025=CARTESIAN_POINT('Ctrl Pts',(47.3139231111332,0.,148.981521331249));
#12026=CARTESIAN_POINT('',(46.6327707673832,0.5,148.185622893749));
#12027=CARTESIAN_POINT('',(46.6327707673832,0.,148.185622893749));
#12028=CARTESIAN_POINT('Ctrl Pts',(46.6327707673832,0.5,148.185622893749));
#12029=CARTESIAN_POINT('Ctrl Pts',(46.7108329260358,0.5,148.34417878948));
#12030=CARTESIAN_POINT('Ctrl Pts',(46.8699083088587,0.5,148.667284635483));
#12031=CARTESIAN_POINT('Ctrl Pts',(47.1640989642813,0.5,148.875488278721));
#12032=CARTESIAN_POINT('Ctrl Pts',(47.3139231111332,0.5,148.981521331249));
#12033=CARTESIAN_POINT('Ctrl Pts',(46.4398996736332,0.,146.730544768749));
#12034=CARTESIAN_POINT('Ctrl Pts',(46.4398996736332,0.5,146.730544768749));
#12035=CARTESIAN_POINT('Ctrl Pts',(46.442075621776,0.,147.013328619564));
#12036=CARTESIAN_POINT('Ctrl Pts',(46.442075621776,0.5,147.013328619564));
#12037=CARTESIAN_POINT('Ctrl Pts',(46.4458755008767,0.,147.50715676907));
#12038=CARTESIAN_POINT('Ctrl Pts',(46.4458755008767,0.5,147.50715676907));
#12039=CARTESIAN_POINT('Ctrl Pts',(46.5768128695402,0.,147.982484853903));
#12040=CARTESIAN_POINT('Ctrl Pts',(46.5768128695402,0.5,147.982484853903));
#12041=CARTESIAN_POINT('Ctrl Pts',(46.6327707673832,0.,148.185622893749));
#12042=CARTESIAN_POINT('Ctrl Pts',(46.6327707673832,0.5,148.185622893749));
#12043=CARTESIAN_POINT('',(46.4398996736332,0.,146.730544768749));
#12044=CARTESIAN_POINT('Ctrl Pts',(46.4398996736332,0.,146.730544768749));
#12045=CARTESIAN_POINT('Ctrl Pts',(46.442075621776,0.,147.013328619564));
#12046=CARTESIAN_POINT('Ctrl Pts',(46.4458755008767,0.,147.50715676907));
#12047=CARTESIAN_POINT('Ctrl Pts',(46.5768128695402,0.,147.982484853903));
#12048=CARTESIAN_POINT('Ctrl Pts',(46.6327707673832,0.,148.185622893749));
#12049=CARTESIAN_POINT('',(46.4398996736332,0.5,146.730544768749));
#12050=CARTESIAN_POINT('',(46.4398996736332,0.,146.730544768749));
#12051=CARTESIAN_POINT('Ctrl Pts',(46.4398996736332,0.5,146.730544768749));
#12052=CARTESIAN_POINT('Ctrl Pts',(46.442075621776,0.5,147.013328619564));
#12053=CARTESIAN_POINT('Ctrl Pts',(46.4458755008767,0.5,147.50715676907));
#12054=CARTESIAN_POINT('Ctrl Pts',(46.5768128695402,0.5,147.982484853903));
#12055=CARTESIAN_POINT('Ctrl Pts',(46.6327707673832,0.5,148.185622893749));
#12056=CARTESIAN_POINT('Origin',(46.4398996736332,0.,143.556716643749));
#12057=CARTESIAN_POINT('',(46.4398996736332,0.,143.556716643749));
#12058=CARTESIAN_POINT('',(46.4398996736332,0.,71.7783583218746));
#12059=CARTESIAN_POINT('',(46.4398996736332,0.5,143.556716643749));
#12060=CARTESIAN_POINT('',(46.4398996736332,0.,143.556716643749));
#12061=CARTESIAN_POINT('',(46.4398996736332,0.5,143.556716643749));
#12062=CARTESIAN_POINT('Origin',(53.5981027986332,0.,143.556716643749));
#12063=CARTESIAN_POINT('',(53.5981027986332,0.,143.556716643749));
#12064=CARTESIAN_POINT('',(29.2990514365695,0.,143.556716643749));
#12065=CARTESIAN_POINT('',(53.5981027986332,0.5,143.556716643749));
#12066=CARTESIAN_POINT('',(53.5981027986332,0.,143.556716643749));
#12067=CARTESIAN_POINT('',(53.5981027986332,0.5,143.556716643749));
#12068=CARTESIAN_POINT('Origin',(53.5981027986332,0.,144.503982268749));
#12069=CARTESIAN_POINT('',(53.5981027986332,0.,72.2519911343746));
#12070=CARTESIAN_POINT('',(53.5981027986332,0.5,144.503982268749));
#12071=CARTESIAN_POINT('Origin',(50.0190012361332,0.5,146.711013518749));
#12072=CARTESIAN_POINT('Origin',(47.7411391472808,0.,92.4243192832272));
#12073=CARTESIAN_POINT('',(47.7411391472808,0.,92.4243192832272));
#12074=CARTESIAN_POINT('',(52.4823500847808,0.,90.4223661582272));
#12075=CARTESIAN_POINT('',(46.1645241179189,0.,93.0900372667889));
#12076=CARTESIAN_POINT('',(47.7411391472808,0.5,92.4243192832272));
#12077=CARTESIAN_POINT('',(47.7411391472808,0.,92.4243192832272));
#12078=CARTESIAN_POINT('',(52.4823500847808,0.5,90.4223661582272));
#12079=CARTESIAN_POINT('',(47.7411391472808,0.5,92.4243192832272));
#12080=CARTESIAN_POINT('',(52.4823500847808,0.,90.4223661582272));
#12081=CARTESIAN_POINT('Origin',(47.7411391472808,0.,91.5502958457272));
#12082=CARTESIAN_POINT('',(47.7411391472808,0.,91.5502958457272));
#12083=CARTESIAN_POINT('',(47.7411391472808,0.,45.7751479228636));
#12084=CARTESIAN_POINT('',(47.7411391472808,0.5,91.5502958457272));
#12085=CARTESIAN_POINT('',(47.7411391472808,0.,91.5502958457272));
#12086=CARTESIAN_POINT('',(47.7411391472808,0.5,91.5502958457272));
#12087=CARTESIAN_POINT('Origin',(51.4960219597808,0.,90.0073270957272));
#12088=CARTESIAN_POINT('',(51.4960219597808,0.,90.0073270957272));
#12089=CARTESIAN_POINT('',(47.4279843648374,0.,91.6789784351319));
#12090=CARTESIAN_POINT('',(51.4960219597808,0.5,90.0073270957272));
#12091=CARTESIAN_POINT('',(51.4960219597808,0.,90.0073270957272));
#12092=CARTESIAN_POINT('',(51.4960219597808,0.5,90.0073270957272));
#12093=CARTESIAN_POINT('Origin',(47.7411391472808,0.,88.4497099082272));
#12094=CARTESIAN_POINT('',(47.7411391472808,0.,88.4497099082272));
#12095=CARTESIAN_POINT('',(13.8559576564953,0.,74.3933082234931));
#12096=CARTESIAN_POINT('',(47.7411391472808,0.5,88.4497099082272));
#12097=CARTESIAN_POINT('',(47.7411391472808,0.,88.4497099082272));
#12098=CARTESIAN_POINT('',(47.7411391472808,0.5,88.4497099082272));
#12099=CARTESIAN_POINT('Origin',(47.7411391472808,0.,87.5756864707272));
#12100=CARTESIAN_POINT('',(47.7411391472808,0.,87.5756864707272));
#12101=CARTESIAN_POINT('',(47.7411391472808,0.,43.7878432353636));
#12102=CARTESIAN_POINT('',(47.7411391472808,0.5,87.5756864707272));
#12103=CARTESIAN_POINT('',(47.7411391472808,0.,87.5756864707272));
#12104=CARTESIAN_POINT('',(47.7411391472808,0.5,87.5756864707272));
#12105=CARTESIAN_POINT('Origin',(52.4823500847808,0.,89.6020536582272));
#12106=CARTESIAN_POINT('',(52.4823500847808,0.,89.6020536582272));
#12107=CARTESIAN_POINT('',(16.2177711637011,0.,74.1027743047277));
#12108=CARTESIAN_POINT('',(52.4823500847808,0.5,89.6020536582272));
#12109=CARTESIAN_POINT('',(52.4823500847808,0.,89.6020536582272));
#12110=CARTESIAN_POINT('',(52.4823500847808,0.5,89.6020536582272));
#12111=CARTESIAN_POINT('Origin',(52.4823500847808,0.,90.4223661582272));
#12112=CARTESIAN_POINT('',(52.4823500847808,0.,45.2111830791136));
#12113=CARTESIAN_POINT('',(52.4823500847808,0.5,90.4223661582272));
#12114=CARTESIAN_POINT('Origin',(50.1117446160308,0.5,90.0000028769772));
#12115=CARTESIAN_POINT('Origin',(23.9321322167579,0.,87.5649527841933));
#12116=CARTESIAN_POINT('',(23.9321322167579,0.,87.5649527841933));
#12117=CARTESIAN_POINT('',(19.1909212792579,0.,89.5669059091933));
#12118=CARTESIAN_POINT('',(31.5880261624229,0.,84.3322890172287));
#12119=CARTESIAN_POINT('',(23.9321322167579,0.5,87.5649527841933));
#12120=CARTESIAN_POINT('',(23.9321322167579,0.,87.5649527841933));
#12121=CARTESIAN_POINT('',(19.1909212792579,0.5,89.5669059091933));
#12122=CARTESIAN_POINT('',(23.9321322167579,0.5,87.5649527841933));
#12123=CARTESIAN_POINT('',(19.1909212792579,0.,89.5669059091933));
#12124=CARTESIAN_POINT('Origin',(23.9321322167579,0.,88.4389762216933));
#12125=CARTESIAN_POINT('',(23.9321322167579,0.,88.4389762216933));
#12126=CARTESIAN_POINT('',(23.9321322167579,0.,44.2194881108467));
#12127=CARTESIAN_POINT('',(23.9321322167579,0.5,88.4389762216933));
#12128=CARTESIAN_POINT('',(23.9321322167579,0.,88.4389762216933));
#12129=CARTESIAN_POINT('',(23.9321322167579,0.5,88.4389762216933));
#12130=CARTESIAN_POINT('Origin',(20.1772494042579,0.,89.9819449716933));
#12131=CARTESIAN_POINT('',(20.1772494042579,0.,89.9819449716933));
#12132=CARTESIAN_POINT('',(29.5019182238976,0.,86.1502215035449));
#12133=CARTESIAN_POINT('',(20.1772494042579,0.5,89.9819449716933));
#12134=CARTESIAN_POINT('',(20.1772494042579,0.,89.9819449716933));
#12135=CARTESIAN_POINT('',(20.1772494042579,0.5,89.9819449716933));
#12136=CARTESIAN_POINT('Origin',(23.9321322167579,0.,91.5395621591933));
#12137=CARTESIAN_POINT('',(23.9321322167579,0.,91.5395621591933));
#12138=CARTESIAN_POINT('',(-0.343093593855688,0.,81.4696050283926));
#12139=CARTESIAN_POINT('',(23.9321322167579,0.5,91.5395621591933));
#12140=CARTESIAN_POINT('',(23.9321322167579,0.,91.5395621591933));
#12141=CARTESIAN_POINT('',(23.9321322167579,0.5,91.5395621591933));
#12142=CARTESIAN_POINT('Origin',(23.9321322167579,0.,92.4135855966933));
#12143=CARTESIAN_POINT('',(23.9321322167579,0.,92.4135855966933));
#12144=CARTESIAN_POINT('',(23.9321322167579,0.,46.2067927983467));
#12145=CARTESIAN_POINT('',(23.9321322167579,0.5,92.4135855966933));
#12146=CARTESIAN_POINT('',(23.9321322167579,0.,92.4135855966933));
#12147=CARTESIAN_POINT('',(23.9321322167579,0.5,92.4135855966933));
#12148=CARTESIAN_POINT('Origin',(19.1909212792579,0.,90.3872184091933));
#12149=CARTESIAN_POINT('',(19.1909212792579,0.,90.3872184091933));
#12150=CARTESIAN_POINT('',(-3.14079173408403,0.,80.8427684601337));
#12151=CARTESIAN_POINT('',(19.1909212792579,0.5,90.3872184091933));
#12152=CARTESIAN_POINT('',(19.1909212792579,0.,90.3872184091933));
#12153=CARTESIAN_POINT('',(19.1909212792579,0.5,90.3872184091933));
#12154=CARTESIAN_POINT('Origin',(19.1909212792579,0.,89.5669059091933));
#12155=CARTESIAN_POINT('',(19.1909212792579,0.,44.7834529545967));
#12156=CARTESIAN_POINT('',(19.1909212792579,0.5,89.5669059091933));
#12157=CARTESIAN_POINT('Origin',(21.5615267480079,0.5,89.9892691904433));
#12158=CARTESIAN_POINT('Origin',(26.4845796254835,0.,165.717231276803));
#12159=CARTESIAN_POINT('',(26.4845796254835,0.,165.717231276803));
#12160=CARTESIAN_POINT('',(30.7502045062742,0.,165.717231276803));
#12161=CARTESIAN_POINT('',(15.7422898499946,0.,165.717231276803));
#12162=CARTESIAN_POINT('',(26.4845796254835,0.5,165.717231276803));
#12163=CARTESIAN_POINT('',(26.4845796254835,0.,165.717231276803));
#12164=CARTESIAN_POINT('',(30.7502045062742,0.5,165.717231276803));
#12165=CARTESIAN_POINT('',(26.4845796254835,0.5,165.717231276803));
#12166=CARTESIAN_POINT('',(30.7502045062742,0.,165.717231276803));
#12167=CARTESIAN_POINT('Origin',(30.7502045062742,0.,167.166449967198));
#12168=CARTESIAN_POINT('',(30.7502045062742,0.,167.166449967198));
#12169=CARTESIAN_POINT('',(-6.25088539317475,0.,154.595567026047));
#12170=CARTESIAN_POINT('',(30.7502045062742,0.5,167.166449967198));
#12171=CARTESIAN_POINT('',(30.7502045062742,0.,167.166449967198));
#12172=CARTESIAN_POINT('',(30.7502045062742,0.5,167.166449967198));
#12173=CARTESIAN_POINT('Origin',(30.7502045062742,0.,167.764594796471));
#12174=CARTESIAN_POINT('',(30.7502045062742,0.,167.764594796471));
#12175=CARTESIAN_POINT('',(30.7502045062742,0.,83.8822973982357));
#12176=CARTESIAN_POINT('',(30.7502045062742,0.5,167.764594796471));
#12177=CARTESIAN_POINT('',(30.7502045062742,0.,167.764594796471));
#12178=CARTESIAN_POINT('',(30.7502045062742,0.5,167.764594796471));
#12179=CARTESIAN_POINT('Origin',(26.5563570288381,0.,169.220649245553));
#12180=CARTESIAN_POINT('',(26.5563570288381,0.,169.220649245553));
#12181=CARTESIAN_POINT('',(43.153297174205,0.,163.45838710564));
#12182=CARTESIAN_POINT('',(26.5563570288381,0.5,169.220649245553));
#12183=CARTESIAN_POINT('',(26.5563570288381,0.,169.220649245553));
#12184=CARTESIAN_POINT('',(26.5563570288381,0.5,169.220649245553));
#12185=CARTESIAN_POINT('Origin',(30.7502045062742,0.,169.220649245553));
#12186=CARTESIAN_POINT('',(30.7502045062742,0.,169.220649245553));
#12187=CARTESIAN_POINT('',(17.87510229039,0.,169.220649245553));
#12188=CARTESIAN_POINT('',(30.7502045062742,0.5,169.220649245553));
#12189=CARTESIAN_POINT('',(30.7502045062742,0.,169.220649245553));
#12190=CARTESIAN_POINT('',(30.7502045062742,0.5,169.220649245553));
#12191=CARTESIAN_POINT('Origin',(30.7502045062742,0.,169.859809222989));
#12192=CARTESIAN_POINT('',(30.7502045062742,0.,169.859809222989));
#12193=CARTESIAN_POINT('',(30.7502045062742,0.,84.9299046114944));
#12194=CARTESIAN_POINT('',(30.7502045062742,0.5,169.859809222989));
#12195=CARTESIAN_POINT('',(30.7502045062742,0.,169.859809222989));
#12196=CARTESIAN_POINT('',(30.7502045062742,0.5,169.859809222989));
#12197=CARTESIAN_POINT('Origin',(25.7394625571928,0.,169.859809222989));
#12198=CARTESIAN_POINT('',(25.7394625571928,0.,169.859809222989));
#12199=CARTESIAN_POINT('',(15.3697313158493,0.,169.859809222989));
#12200=CARTESIAN_POINT('',(25.7394625571928,0.5,169.859809222989));
#12201=CARTESIAN_POINT('',(25.7394625571928,0.,169.859809222989));
#12202=CARTESIAN_POINT('',(25.7394625571928,0.5,169.859809222989));
#12203=CARTESIAN_POINT('Origin',(25.7394625571928,0.,168.967719617657));
#12204=CARTESIAN_POINT('',(25.7394625571928,0.,168.967719617657));
#12205=CARTESIAN_POINT('',(25.7394625571928,0.,84.4838598088287));
#12206=CARTESIAN_POINT('',(25.7394625571928,0.5,168.967719617657));
#12207=CARTESIAN_POINT('',(25.7394625571928,0.,168.967719617657));
#12208=CARTESIAN_POINT('',(25.7394625571928,0.5,168.967719617657));
#12209=CARTESIAN_POINT('Origin',(29.2257906821928,0.,167.768012526803));
#12210=CARTESIAN_POINT('',(29.2257906821928,0.,167.768012526803));
#12211=CARTESIAN_POINT('',(44.2050636090867,0.,162.613380116452));
#12212=CARTESIAN_POINT('',(29.2257906821928,0.5,167.768012526803));
#12213=CARTESIAN_POINT('',(29.2257906821928,0.,167.768012526803));
#12214=CARTESIAN_POINT('',(29.2257906821928,0.5,167.768012526803));
#12215=CARTESIAN_POINT('Ctrl Pts',(30.0290133384428,0.,167.501411083512));
#12216=CARTESIAN_POINT('Ctrl Pts',(30.0290133384428,0.5,167.501411083512));
#12217=CARTESIAN_POINT('Ctrl Pts',(29.9164100145661,0.,167.537581728564));
#12218=CARTESIAN_POINT('Ctrl Pts',(29.9164100145661,0.5,167.537581728564));
#12219=CARTESIAN_POINT('Ctrl Pts',(29.6478129952777,0.,167.623860952943));
#12220=CARTESIAN_POINT('Ctrl Pts',(29.6478129952777,0.5,167.623860952943));
#12221=CARTESIAN_POINT('Ctrl Pts',(29.3808407524959,0.,167.715051555384));
#12222=CARTESIAN_POINT('Ctrl Pts',(29.3808407524959,0.5,167.715051555384));
#12223=CARTESIAN_POINT('Ctrl Pts',(29.2257906821928,0.,167.768012526803));
#12224=CARTESIAN_POINT('Ctrl Pts',(29.2257906821928,0.5,167.768012526803));
#12225=CARTESIAN_POINT('',(30.0290133384428,0.,167.501411083512));
#12226=CARTESIAN_POINT('Ctrl Pts',(30.0290133384428,0.,167.501411083512));
#12227=CARTESIAN_POINT('Ctrl Pts',(29.9164100145661,0.,167.537581728564));
#12228=CARTESIAN_POINT('Ctrl Pts',(29.6478129952777,0.,167.623860952943));
#12229=CARTESIAN_POINT('Ctrl Pts',(29.3808407524959,0.,167.715051555384));
#12230=CARTESIAN_POINT('Ctrl Pts',(29.2257906821928,0.,167.768012526803));
#12231=CARTESIAN_POINT('',(30.0290133384428,0.5,167.501411083512));
#12232=CARTESIAN_POINT('',(30.0290133384428,0.,167.501411083512));
#12233=CARTESIAN_POINT('Ctrl Pts',(30.0290133384428,0.5,167.501411083512));
#12234=CARTESIAN_POINT('Ctrl Pts',(29.9164100145661,0.5,167.537581728564));
#12235=CARTESIAN_POINT('Ctrl Pts',(29.6478129952777,0.5,167.623860952943));
#12236=CARTESIAN_POINT('Ctrl Pts',(29.3808407524959,0.5,167.715051555384));
#12237=CARTESIAN_POINT('Ctrl Pts',(29.2257906821928,0.5,167.768012526803));
#12238=CARTESIAN_POINT('Ctrl Pts',(29.2873140004835,0.,167.262153271012));
#12239=CARTESIAN_POINT('Ctrl Pts',(29.2873140004835,0.5,167.262153271012));
#12240=CARTESIAN_POINT('Ctrl Pts',(29.4315797828032,0.,167.309880925771));
#12241=CARTESIAN_POINT('Ctrl Pts',(29.4315797828032,0.5,167.309880925771));
#12242=CARTESIAN_POINT('Ctrl Pts',(29.6782199679964,0.,167.391477250412));
#12243=CARTESIAN_POINT('Ctrl Pts',(29.6782199679964,0.5,167.391477250412));
#12244=CARTESIAN_POINT('Ctrl Pts',(29.9261171757627,0.,167.469164836782));
#12245=CARTESIAN_POINT('Ctrl Pts',(29.9261171757627,0.5,167.469164836782));
#12246=CARTESIAN_POINT('Ctrl Pts',(30.0290133384428,0.,167.501411083512));
#12247=CARTESIAN_POINT('Ctrl Pts',(30.0290133384428,0.5,167.501411083512));
#12248=CARTESIAN_POINT('',(29.2873140004835,0.,167.262153271012));
#12249=CARTESIAN_POINT('Ctrl Pts',(29.2873140004835,0.,167.262153271012));
#12250=CARTESIAN_POINT('Ctrl Pts',(29.4315797828032,0.,167.309880925771));
#12251=CARTESIAN_POINT('Ctrl Pts',(29.6782199679964,0.,167.391477250412));
#12252=CARTESIAN_POINT('Ctrl Pts',(29.9261171757627,0.,167.469164836782));
#12253=CARTESIAN_POINT('Ctrl Pts',(30.0290133384428,0.,167.501411083512));
#12254=CARTESIAN_POINT('',(29.2873140004835,0.5,167.262153271012));
#12255=CARTESIAN_POINT('',(29.2873140004835,0.,167.262153271012));
#12256=CARTESIAN_POINT('Ctrl Pts',(29.2873140004835,0.5,167.262153271012));
#12257=CARTESIAN_POINT('Ctrl Pts',(29.4315797828032,0.5,167.309880925771));
#12258=CARTESIAN_POINT('Ctrl Pts',(29.6782199679964,0.5,167.391477250412));
#12259=CARTESIAN_POINT('Ctrl Pts',(29.9261171757627,0.5,167.469164836782));
#12260=CARTESIAN_POINT('Ctrl Pts',(30.0290133384428,0.5,167.501411083512));
#12261=CARTESIAN_POINT('Origin',(25.7394625571928,0.,166.076117995553));
#12262=CARTESIAN_POINT('',(25.7394625571928,0.,166.076117995553));
#12263=CARTESIAN_POINT('',(-8.55686088923567,0.,154.610967868439));
#12264=CARTESIAN_POINT('',(25.7394625571928,0.5,166.076117995553));
#12265=CARTESIAN_POINT('',(25.7394625571928,0.,166.076117995553));
#12266=CARTESIAN_POINT('',(25.7394625571928,0.5,166.076117995553));
#12267=CARTESIAN_POINT('Origin',(25.7394625571928,0.,165.078071187608));
#12268=CARTESIAN_POINT('',(25.7394625571928,0.,165.078071187608));
#12269=CARTESIAN_POINT('',(25.7394625571928,0.,82.539035593804));
#12270=CARTESIAN_POINT('',(25.7394625571928,0.5,165.078071187608));
#12271=CARTESIAN_POINT('',(25.7394625571928,0.,165.078071187608));
#12272=CARTESIAN_POINT('',(25.7394625571928,0.5,165.078071187608));
#12273=CARTESIAN_POINT('Origin',(30.7502045062742,0.,165.078071187608));
#12274=CARTESIAN_POINT('',(30.7502045062742,0.,165.078071187608));
#12275=CARTESIAN_POINT('',(17.87510229039,0.,165.078071187608));
#12276=CARTESIAN_POINT('',(30.7502045062742,0.5,165.078071187608));
#12277=CARTESIAN_POINT('',(30.7502045062742,0.,165.078071187608));
#12278=CARTESIAN_POINT('',(30.7502045062742,0.5,165.078071187608));
#12279=CARTESIAN_POINT('Origin',(30.7502045062742,0.,165.717231276803));
#12280=CARTESIAN_POINT('',(30.7502045062742,0.,82.8586156384014));
#12281=CARTESIAN_POINT('',(30.7502045062742,0.5,165.717231276803));
#12282=CARTESIAN_POINT('Origin',(28.2448335317335,0.5,167.468940205298));
#12283=CARTESIAN_POINT('Origin',(41.0760372213245,0.,167.913876503539));
#12284=CARTESIAN_POINT('',(41.0760372213245,0.,167.913876503539));
#12285=CARTESIAN_POINT('',(46.0867791704059,0.,167.913876503539));
#12286=CARTESIAN_POINT('',(23.0380186479152,0.,167.913876503539));
#12287=CARTESIAN_POINT('',(41.0760372213245,0.5,167.913876503539));
#12288=CARTESIAN_POINT('',(41.0760372213245,0.,167.913876503539));
#12289=CARTESIAN_POINT('',(46.0867791704059,0.5,167.913876503539));
#12290=CARTESIAN_POINT('',(41.0760372213245,0.5,167.913876503539));
#12291=CARTESIAN_POINT('',(46.0867791704059,0.,167.913876503539));
#12292=CARTESIAN_POINT('Origin',(41.0760372213245,0.,167.250790551138));
#12293=CARTESIAN_POINT('',(41.0760372213245,0.,167.250790551138));
#12294=CARTESIAN_POINT('',(41.0760372213245,0.,83.625395275569));
#12295=CARTESIAN_POINT('',(41.0760372213245,0.5,167.250790551138));
#12296=CARTESIAN_POINT('',(41.0760372213245,0.,167.250790551138));
#12297=CARTESIAN_POINT('',(41.0760372213245,0.5,167.250790551138));
#12298=CARTESIAN_POINT('Origin',(46.0867791704059,0.,167.250790551138));
#12299=CARTESIAN_POINT('',(46.0867791704059,0.,167.250790551138));
#12300=CARTESIAN_POINT('',(25.5433896224559,0.,167.250790551138));
#12301=CARTESIAN_POINT('',(46.0867791704059,0.5,167.250790551138));
#12302=CARTESIAN_POINT('',(46.0867791704059,0.,167.250790551138));
#12303=CARTESIAN_POINT('',(46.0867791704059,0.5,167.250790551138));
#12304=CARTESIAN_POINT('Origin',(46.0867791704059,0.,167.913876503539));
#12305=CARTESIAN_POINT('',(46.0867791704059,0.,83.9569382517696));
#12306=CARTESIAN_POINT('',(46.0867791704059,0.5,167.913876503539));
#12307=CARTESIAN_POINT('Origin',(43.5814081958652,0.5,167.582333527339));
#12308=CARTESIAN_POINT('Origin',(5.00000007450581,0.,0.));
#12309=CARTESIAN_POINT('',(5.00000007450581,0.,0.));
#12310=CARTESIAN_POINT('',(66.9344678367909,0.,0.));
#12311=CARTESIAN_POINT('',(5.00000007450581,0.,0.));
#12312=CARTESIAN_POINT('',(66.9344678367909,0.,180.));
#12313=CARTESIAN_POINT('',(66.9344678367909,0.,0.));
#12314=CARTESIAN_POINT('',(5.00000007450581,0.,180.));
#12315=CARTESIAN_POINT('',(19.6019821115348,0.,180.));
#12316=CARTESIAN_POINT('',(5.00000007450581,0.,0.));
#12317=CARTESIAN_POINT('',(50.1344678367909,0.,62.4));
#12318=CARTESIAN_POINT('',(13.8344678367909,0.,62.4));
#12319=CARTESIAN_POINT('',(10.0172339556484,0.,62.4));
#12320=CARTESIAN_POINT('',(50.1344678367909,0.,13.8));
#12321=CARTESIAN_POINT('',(50.1344678367909,0.,30.6));
#12322=CARTESIAN_POINT('',(13.8344678367909,0.,13.8));
#12323=CARTESIAN_POINT('',(26.9672339556484,0.,13.8));
#12324=CARTESIAN_POINT('',(13.8344678367909,0.,7.5));
#12325=CARTESIAN_POINT('',(26.7844678367909,0.,161.));
#12326=CARTESIAN_POINT('Origin',(28.4344678367909,0.,161.));
#12327=CARTESIAN_POINT('',(34.2844678367909,0.,161.));
#12328=CARTESIAN_POINT('Origin',(35.9344678367909,0.,161.));
#12329=CARTESIAN_POINT('',(41.7844678367909,0.,161.));
#12330=CARTESIAN_POINT('Origin',(43.4344678367909,0.,161.));
#12331=CARTESIAN_POINT('',(5.9344678367909,0.,6.));
#12332=CARTESIAN_POINT('Origin',(8.9344678367909,0.,6.));
#12333=CARTESIAN_POINT('',(59.9344678367909,0.,174.));
#12334=CARTESIAN_POINT('Origin',(62.9344678367909,0.,174.));
#12335=CARTESIAN_POINT('',(59.9344678367909,0.,6.));
#12336=CARTESIAN_POINT('Origin',(62.9344678367909,0.,6.));
#12337=CARTESIAN_POINT('',(5.9344678367909,0.,174.));
#12338=CARTESIAN_POINT('Origin',(8.9344678367909,0.,174.));
#12339=CARTESIAN_POINT('',(26.9344678367909,0.,122.));
#12340=CARTESIAN_POINT('',(26.9344678367909,0.,127.));
#12341=CARTESIAN_POINT('',(26.9344678367909,0.,61.));
#12342=CARTESIAN_POINT('',(16.9344678367909,0.,127.));
#12343=CARTESIAN_POINT('',(15.9672339556484,0.,127.));
#12344=CARTESIAN_POINT('',(16.9344678367909,0.,115.));
#12345=CARTESIAN_POINT('',(16.9344678367909,0.,63.5));
#12346=CARTESIAN_POINT('',(26.9344678367909,0.,115.));
#12347=CARTESIAN_POINT('',(10.9672339556484,0.,115.));
#12348=CARTESIAN_POINT('',(26.9344678367909,0.,120.));
#12349=CARTESIAN_POINT('',(26.9344678367905,0.,57.4999999999999));
#12350=CARTESIAN_POINT('',(32.9344678367909,0.,120.));
#12351=CARTESIAN_POINT('',(15.9672339556487,0.,120.));
#12352=CARTESIAN_POINT('',(32.934467836791,0.,119.5));
#12353=CARTESIAN_POINT('',(32.9344678367931,0.,60.0000000000005));
#12354=CARTESIAN_POINT('',(27.4344678367909,0.,119.5));
#12355=CARTESIAN_POINT('',(18.9672339556486,0.,119.5));
#12356=CARTESIAN_POINT('',(27.4344678367909,0.,114.5));
#12357=CARTESIAN_POINT('',(27.4344678367909,0.,59.75));
#12358=CARTESIAN_POINT('',(16.4344678367909,0.,114.5));
#12359=CARTESIAN_POINT('',(16.2172339556484,0.,114.5));
#12360=CARTESIAN_POINT('',(16.4344678367909,0.,127.5));
#12361=CARTESIAN_POINT('',(16.4344678367909,0.,57.25));
#12362=CARTESIAN_POINT('',(27.4344678367909,0.,127.5));
#12363=CARTESIAN_POINT('',(10.7172339556484,0.,127.5));
#12364=CARTESIAN_POINT('',(27.4344678367909,0.,122.5));
#12365=CARTESIAN_POINT('',(27.4344678367909,0.,63.75));
#12366=CARTESIAN_POINT('',(32.9344678367909,0.,122.5));
#12367=CARTESIAN_POINT('',(16.2172339556484,0.,122.5));
#12368=CARTESIAN_POINT('',(32.9344678367909,0.,122.));
#12369=CARTESIAN_POINT('',(32.9344678367909,0.,61.25));
#12370=CARTESIAN_POINT('',(18.9672339556484,0.,122.));
#12371=CARTESIAN_POINT('',(34.9344678367909,0.,81.));
#12372=CARTESIAN_POINT('',(29.9344678367909,0.,81.));
#12373=CARTESIAN_POINT('',(19.9672339556484,0.,81.));
#12374=CARTESIAN_POINT('',(29.9344678367909,0.,71.));
#12375=CARTESIAN_POINT('',(29.9344678367909,0.,40.5));
#12376=CARTESIAN_POINT('',(41.9344678367909,0.,71.));
#12377=CARTESIAN_POINT('',(17.4672339556484,0.,71.));
#12378=CARTESIAN_POINT('',(41.9344678367909,0.,81.));
#12379=CARTESIAN_POINT('',(41.9344678367909,0.,35.5));
#12380=CARTESIAN_POINT('',(36.9344678367909,0.,81.));
#12381=CARTESIAN_POINT('',(23.4672339556486,0.,81.0000000000001));
#12382=CARTESIAN_POINT('',(36.9344678367909,0.,87.));
#12383=CARTESIAN_POINT('',(36.9344678367907,0.,40.4999999999999));
#12384=CARTESIAN_POINT('',(37.4344678367909,0.,87.));
#12385=CARTESIAN_POINT('',(20.9672339556468,0.,86.9999999999995));
#12386=CARTESIAN_POINT('',(37.4344678367909,0.,81.5));
#12387=CARTESIAN_POINT('',(37.4344678367908,0.,43.5));
#12388=CARTESIAN_POINT('',(42.4344678367909,0.,81.5));
#12389=CARTESIAN_POINT('',(21.2172339556484,0.,81.5));
#12390=CARTESIAN_POINT('',(42.4344678367909,0.,70.5));
#12391=CARTESIAN_POINT('',(42.4344678367909,0.,40.75));
#12392=CARTESIAN_POINT('',(29.4344678367909,0.,70.5));
#12393=CARTESIAN_POINT('',(23.7172339556484,0.,70.5));
#12394=CARTESIAN_POINT('',(29.4344678367909,0.,81.5));
#12395=CARTESIAN_POINT('',(29.4344678367909,0.,35.25));
#12396=CARTESIAN_POINT('',(34.4344678367909,0.,81.5));
#12397=CARTESIAN_POINT('',(17.2172339556484,0.,81.5));
#12398=CARTESIAN_POINT('',(34.4344678367909,0.,87.));
#12399=CARTESIAN_POINT('',(34.4344678367909,0.,40.75));
#12400=CARTESIAN_POINT('',(34.9344678367909,0.,87.));
#12401=CARTESIAN_POINT('',(19.7172339556484,0.,87.));
#12402=CARTESIAN_POINT('',(34.9344678367909,0.,43.5));
#12403=CARTESIAN_POINT('',(32.9344678367909,0.,91.));
#12404=CARTESIAN_POINT('',(26.9344678367909,0.,91.));
#12405=CARTESIAN_POINT('',(18.9672339556484,0.,91.));
#12406=CARTESIAN_POINT('',(26.9344678367909,0.,96.));
#12407=CARTESIAN_POINT('',(26.9344678367909,0.,45.5));
#12408=CARTESIAN_POINT('',(16.9344678367909,0.,96.));
#12409=CARTESIAN_POINT('',(15.9672339556484,0.,96.));
#12410=CARTESIAN_POINT('',(16.9344678367909,0.,84.));
#12411=CARTESIAN_POINT('',(16.9344678367909,0.,48.));
#12412=CARTESIAN_POINT('',(26.9344678367909,0.,84.));
#12413=CARTESIAN_POINT('',(10.9672339556484,0.,84.));
#12414=CARTESIAN_POINT('',(26.9344678367909,0.,89.));
#12415=CARTESIAN_POINT('',(26.9344678367906,0.,41.9999999999999));
#12416=CARTESIAN_POINT('',(32.9344678367909,0.,89.));
#12417=CARTESIAN_POINT('',(15.9672339556486,0.,89.0000000000001));
#12418=CARTESIAN_POINT('',(32.934467836791,0.,88.5));
#12419=CARTESIAN_POINT('',(32.9344678367925,0.,44.5000000000005));
#12420=CARTESIAN_POINT('',(27.4344678367909,0.,88.5));
#12421=CARTESIAN_POINT('',(18.9672339556485,0.,88.5000000000001));
#12422=CARTESIAN_POINT('',(27.4344678367909,0.,83.5));
#12423=CARTESIAN_POINT('',(27.4344678367909,0.,44.25));
#12424=CARTESIAN_POINT('',(16.4344678367909,0.,83.5));
#12425=CARTESIAN_POINT('',(16.2172339556484,0.,83.5));
#12426=CARTESIAN_POINT('',(16.4344678367909,0.,96.5));
#12427=CARTESIAN_POINT('',(16.4344678367909,0.,41.75));
#12428=CARTESIAN_POINT('',(27.4344678367909,0.,96.5));
#12429=CARTESIAN_POINT('',(10.7172339556484,0.,96.5));
#12430=CARTESIAN_POINT('',(27.4344678367909,0.,91.5));
#12431=CARTESIAN_POINT('',(27.4344678367909,0.,48.25));
#12432=CARTESIAN_POINT('',(32.9344678367909,0.,91.5));
#12433=CARTESIAN_POINT('',(16.2172339556484,0.,91.5));
#12434=CARTESIAN_POINT('',(32.9344678367909,0.,45.75));
#12435=CARTESIAN_POINT('',(26.9344678367909,0.,147.));
#12436=CARTESIAN_POINT('',(26.9344678367909,0.,152.));
#12437=CARTESIAN_POINT('',(26.9344678367908,0.,73.5));
#12438=CARTESIAN_POINT('',(16.9344678367909,0.,152.));
#12439=CARTESIAN_POINT('',(15.9672339556482,0.,152.));
#12440=CARTESIAN_POINT('',(16.9344678367909,0.,140.));
#12441=CARTESIAN_POINT('',(16.9344678367909,0.,76.));
#12442=CARTESIAN_POINT('',(26.9344678367909,0.,140.));
#12443=CARTESIAN_POINT('',(10.9672339556484,0.,140.));
#12444=CARTESIAN_POINT('',(26.9344678367909,0.,145.));
#12445=CARTESIAN_POINT('',(26.9344678367904,0.,69.9999999999999));
#12446=CARTESIAN_POINT('',(32.934467836791,0.,145.));
#12447=CARTESIAN_POINT('',(15.9672339556488,0.,145.));
#12448=CARTESIAN_POINT('',(32.934467836791,0.,144.5));
#12449=CARTESIAN_POINT('',(32.934467836791,0.,72.5));
#12450=CARTESIAN_POINT('',(27.4344678367909,0.,144.5));
#12451=CARTESIAN_POINT('',(18.9672339556486,0.,144.5));
#12452=CARTESIAN_POINT('',(27.4344678367909,0.,139.5));
#12453=CARTESIAN_POINT('',(27.434467836791,0.,72.25));
#12454=CARTESIAN_POINT('',(16.4344678367909,0.,139.5));
#12455=CARTESIAN_POINT('',(16.2172339556484,0.,139.5));
#12456=CARTESIAN_POINT('',(16.4344678367909,0.,152.5));
#12457=CARTESIAN_POINT('',(16.4344678367909,0.,69.75));
#12458=CARTESIAN_POINT('',(27.4344678367909,0.,152.5));
#12459=CARTESIAN_POINT('',(10.7172339556484,0.,152.5));
#12460=CARTESIAN_POINT('',(27.4344678367909,0.,147.5));
#12461=CARTESIAN_POINT('',(27.4344678367908,0.,76.25));
#12462=CARTESIAN_POINT('',(32.9344678367909,0.,147.5));
#12463=CARTESIAN_POINT('',(16.2172339556481,0.,147.5));
#12464=CARTESIAN_POINT('',(32.9344678367909,0.,147.));
#12465=CARTESIAN_POINT('',(32.9344678367876,0.,73.7499999999994));
#12466=CARTESIAN_POINT('',(18.9672339556484,0.,147.));
#12467=CARTESIAN_POINT('',(44.9344678367909,0.,120.));
#12468=CARTESIAN_POINT('',(44.9344678367909,0.,115.));
#12469=CARTESIAN_POINT('',(44.9344678367909,0.,60.));
#12470=CARTESIAN_POINT('',(54.9344678367909,0.,115.));
#12471=CARTESIAN_POINT('',(24.9672339556483,0.,115.));
#12472=CARTESIAN_POINT('',(54.9344678367909,0.,127.));
#12473=CARTESIAN_POINT('',(54.9344678367909,0.,57.5));
#12474=CARTESIAN_POINT('',(44.9344678367909,0.,127.));
#12475=CARTESIAN_POINT('',(29.9672339556484,0.,127.));
#12476=CARTESIAN_POINT('',(44.9344678367909,0.,122.));
#12477=CARTESIAN_POINT('',(44.9344678367906,0.,63.4999999999999));
#12478=CARTESIAN_POINT('',(38.9344678367909,0.,122.));
#12479=CARTESIAN_POINT('',(24.9672339556487,0.,122.));
#12480=CARTESIAN_POINT('',(38.9344678367909,0.,122.5));
#12481=CARTESIAN_POINT('',(38.9344678367909,0.,61.));
#12482=CARTESIAN_POINT('',(44.4344678367909,0.,122.5));
#12483=CARTESIAN_POINT('',(21.9672339556485,0.,122.5));
#12484=CARTESIAN_POINT('',(44.4344678367909,0.,127.5));
#12485=CARTESIAN_POINT('',(44.4344678367908,0.,61.25));
#12486=CARTESIAN_POINT('',(55.4344678367909,0.,127.5));
#12487=CARTESIAN_POINT('',(24.7172339556484,0.,127.5));
#12488=CARTESIAN_POINT('',(55.4344678367909,0.,114.5));
#12489=CARTESIAN_POINT('',(55.4344678367909,0.,63.75));
#12490=CARTESIAN_POINT('',(44.4344678367909,0.,114.5));
#12491=CARTESIAN_POINT('',(30.2172339556484,0.,114.5));
#12492=CARTESIAN_POINT('',(44.4344678367909,0.,119.5));
#12493=CARTESIAN_POINT('',(44.4344678367908,0.,57.25));
#12494=CARTESIAN_POINT('',(38.9344678367909,0.,119.5));
#12495=CARTESIAN_POINT('',(24.7172339556482,0.,119.5));
#12496=CARTESIAN_POINT('',(38.9344678367909,0.,120.));
#12497=CARTESIAN_POINT('',(38.9344678367883,0.,59.7499999999992));
#12498=CARTESIAN_POINT('',(21.9672339556484,0.,120.));
#12499=CARTESIAN_POINT('',(38.9344678367909,0.,89.));
#12500=CARTESIAN_POINT('',(44.9344678367909,0.,89.));
#12501=CARTESIAN_POINT('',(21.9672339556484,0.,89.));
#12502=CARTESIAN_POINT('',(44.9344678367909,0.,84.));
#12503=CARTESIAN_POINT('',(44.9344678367909,0.,44.5));
#12504=CARTESIAN_POINT('',(54.9344678367909,0.,84.));
#12505=CARTESIAN_POINT('',(24.9672339556484,0.,84.));
#12506=CARTESIAN_POINT('',(54.9344678367909,0.,96.));
#12507=CARTESIAN_POINT('',(54.9344678367909,0.,42.));
#12508=CARTESIAN_POINT('',(44.9344678367909,0.,96.));
#12509=CARTESIAN_POINT('',(29.9672339556484,0.,96.));
#12510=CARTESIAN_POINT('',(44.9344678367909,0.,91.));
#12511=CARTESIAN_POINT('',(44.9344678367906,0.,47.9999999999999));
#12512=CARTESIAN_POINT('',(38.9344678367909,0.,91.));
#12513=CARTESIAN_POINT('',(24.9672339556485,0.,91.0000000000001));
#12514=CARTESIAN_POINT('',(38.9344678367909,0.,91.5));
#12515=CARTESIAN_POINT('',(38.9344678367925,0.,45.5000000000006));
#12516=CARTESIAN_POINT('',(44.4344678367909,0.,91.5));
#12517=CARTESIAN_POINT('',(21.9672339556485,0.,91.5000000000001));
#12518=CARTESIAN_POINT('',(44.4344678367909,0.,96.5));
#12519=CARTESIAN_POINT('',(44.4344678367909,0.,45.75));
#12520=CARTESIAN_POINT('',(55.4344678367909,0.,96.5));
#12521=CARTESIAN_POINT('',(24.7172339556484,0.,96.5));
#12522=CARTESIAN_POINT('',(55.4344678367909,0.,83.5));
#12523=CARTESIAN_POINT('',(55.4344678367909,0.,48.25));
#12524=CARTESIAN_POINT('',(44.4344678367909,0.,83.5));
#12525=CARTESIAN_POINT('',(30.2172339556484,0.,83.5));
#12526=CARTESIAN_POINT('',(44.4344678367909,0.,88.5));
#12527=CARTESIAN_POINT('',(44.4344678367909,0.,41.75));
#12528=CARTESIAN_POINT('',(38.9344678367909,0.,88.5));
#12529=CARTESIAN_POINT('',(24.7172339556484,0.,88.5));
#12530=CARTESIAN_POINT('',(38.9344678367909,0.,44.25));
#12531=CARTESIAN_POINT('',(36.9344678367909,0.,93.));
#12532=CARTESIAN_POINT('',(36.9344678367909,0.,99.));
#12533=CARTESIAN_POINT('',(36.9344678367909,0.,46.5));
#12534=CARTESIAN_POINT('',(41.9344678367909,0.,99.));
#12535=CARTESIAN_POINT('',(20.9672339556484,0.,99.));
#12536=CARTESIAN_POINT('',(41.9344678367909,0.,109.));
#12537=CARTESIAN_POINT('',(41.9344678367909,0.,49.5));
#12538=CARTESIAN_POINT('',(29.9344678367909,0.,109.));
#12539=CARTESIAN_POINT('',(23.4672339556484,0.,109.));
#12540=CARTESIAN_POINT('',(29.9344678367909,0.,99.));
#12541=CARTESIAN_POINT('',(29.9344678367909,0.,54.5));
#12542=CARTESIAN_POINT('',(34.9344678367909,0.,99.));
#12543=CARTESIAN_POINT('',(17.4672339556487,0.,99.0000000000001));
#12544=CARTESIAN_POINT('',(34.9344678367909,0.,93.));
#12545=CARTESIAN_POINT('',(34.9344678367907,0.,49.4999999999999));
#12546=CARTESIAN_POINT('',(34.4344678367909,0.,93.));
#12547=CARTESIAN_POINT('',(19.9672339556467,0.,92.9999999999994));
#12548=CARTESIAN_POINT('',(34.4344678367909,0.,98.5));
#12549=CARTESIAN_POINT('',(34.4344678367907,0.,46.4999999999999));
#12550=CARTESIAN_POINT('',(29.4344678367909,0.,98.5));
#12551=CARTESIAN_POINT('',(19.7172339556484,0.,98.5));
#12552=CARTESIAN_POINT('',(29.4344678367909,0.,109.5));
#12553=CARTESIAN_POINT('',(29.4344678367909,0.,49.25));
#12554=CARTESIAN_POINT('',(42.4344678367909,0.,109.5));
#12555=CARTESIAN_POINT('',(17.2172339556484,0.,109.5));
#12556=CARTESIAN_POINT('',(42.4344678367909,0.,98.5));
#12557=CARTESIAN_POINT('',(42.4344678367909,0.,54.75));
#12558=CARTESIAN_POINT('',(37.4344678367909,0.,98.5));
#12559=CARTESIAN_POINT('',(23.7172339556484,0.,98.5));
#12560=CARTESIAN_POINT('',(37.4344678367909,0.,93.));
#12561=CARTESIAN_POINT('',(37.4344678367909,0.,49.25));
#12562=CARTESIAN_POINT('',(21.2172339556484,0.,93.));
#12563=CARTESIAN_POINT('',(44.9344678367909,0.,145.));
#12564=CARTESIAN_POINT('',(44.9344678367909,0.,140.));
#12565=CARTESIAN_POINT('',(44.9344678367909,0.,72.5));
#12566=CARTESIAN_POINT('',(54.9344678367909,0.,140.));
#12567=CARTESIAN_POINT('',(24.9672339556482,0.,140.));
#12568=CARTESIAN_POINT('',(54.9344678367909,0.,152.));
#12569=CARTESIAN_POINT('',(54.9344678367909,0.,70.));
#12570=CARTESIAN_POINT('',(44.9344678367909,0.,152.));
#12571=CARTESIAN_POINT('',(29.9672339556484,0.,152.));
#12572=CARTESIAN_POINT('',(44.9344678367909,0.,147.));
#12573=CARTESIAN_POINT('',(44.9344678367905,0.,75.9999999999999));
#12574=CARTESIAN_POINT('',(38.9344678367909,0.,147.));
#12575=CARTESIAN_POINT('',(24.9672339556488,0.,147.));
#12576=CARTESIAN_POINT('',(38.9344678367909,0.,147.5));
#12577=CARTESIAN_POINT('',(38.9344678367909,0.,73.5));
#12578=CARTESIAN_POINT('',(44.4344678367909,0.,147.5));
#12579=CARTESIAN_POINT('',(21.9672339556486,0.,147.5));
#12580=CARTESIAN_POINT('',(44.4344678367909,0.,152.5));
#12581=CARTESIAN_POINT('',(44.4344678367908,0.,73.75));
#12582=CARTESIAN_POINT('',(55.4344678367909,0.,152.5));
#12583=CARTESIAN_POINT('',(24.7172339556484,0.,152.5));
#12584=CARTESIAN_POINT('',(55.4344678367909,0.,139.5));
#12585=CARTESIAN_POINT('',(55.4344678367909,0.,76.25));
#12586=CARTESIAN_POINT('',(44.4344678367909,0.,139.5));
#12587=CARTESIAN_POINT('',(30.2172339556484,0.,139.5));
#12588=CARTESIAN_POINT('',(44.4344678367909,0.,144.5));
#12589=CARTESIAN_POINT('',(44.4344678367908,0.,69.75));
#12590=CARTESIAN_POINT('',(38.9344678367909,0.,144.5));
#12591=CARTESIAN_POINT('',(24.7172339556481,0.,144.5));
#12592=CARTESIAN_POINT('',(38.9344678367909,0.,145.));
#12593=CARTESIAN_POINT('',(38.9344678367877,0.,72.2499999999992));
#12594=CARTESIAN_POINT('',(21.9672339556484,0.,145.));
#12595=CARTESIAN_POINT('Origin',(26.0344678367909,2.,10.4));
#12596=CARTESIAN_POINT('',(17.0344678367909,2.,10.4));
#12597=CARTESIAN_POINT('',(26.0344678367909,2.,10.4));
#12598=CARTESIAN_POINT('',(46.5403230943688,2.,10.4));
#12599=CARTESIAN_POINT('',(17.0344678367909,6.,10.4));
#12600=CARTESIAN_POINT('',(17.0344678367909,2.,10.4));
#12601=CARTESIAN_POINT('',(26.0344678367909,6.,10.4));
#12602=CARTESIAN_POINT('',(30.4844678367909,6.,10.4));
#12603=CARTESIAN_POINT('',(26.0344678367909,2.,10.4));
#12604=CARTESIAN_POINT('Origin',(26.0344678367909,2.,13.4));
#12605=CARTESIAN_POINT('',(26.0344678367909,2.,13.4));
#12606=CARTESIAN_POINT('',(26.0344678367909,2.,7.7));
#12607=CARTESIAN_POINT('',(26.0344678367909,6.,13.4));
#12608=CARTESIAN_POINT('',(26.0344678367909,6.,25.75));
#12609=CARTESIAN_POINT('',(26.0344678367909,2.,13.4));
#12610=CARTESIAN_POINT('Origin',(17.0344678367909,2.,13.4));
#12611=CARTESIAN_POINT('',(17.0344678367909,2.,13.4));
#12612=CARTESIAN_POINT('',(42.0403230943688,2.,13.4));
#12613=CARTESIAN_POINT('',(17.0344678367909,6.,13.4));
#12614=CARTESIAN_POINT('',(25.9844678367909,6.,13.4));
#12615=CARTESIAN_POINT('',(17.0344678367909,2.,13.4));
#12616=CARTESIAN_POINT('Origin',(17.0344678367909,2.,10.4));
#12617=CARTESIAN_POINT('',(17.0344678367909,2.,6.2));
#12618=CARTESIAN_POINT('',(17.0344678367909,6.,24.25));
#12619=CARTESIAN_POINT('Origin',(34.9344678367909,6.,38.1));
#12620=CARTESIAN_POINT('Origin',(11.0344678367909,2.,52.8));
#12621=CARTESIAN_POINT('',(11.0344678367909,2.,23.4));
#12622=CARTESIAN_POINT('',(11.0344678367909,2.,52.8));
#12623=CARTESIAN_POINT('',(11.0344678367909,2.,27.4));
#12624=CARTESIAN_POINT('',(11.0344678367909,6.,23.4));
#12625=CARTESIAN_POINT('',(11.0344678367909,2.,23.4));
#12626=CARTESIAN_POINT('',(11.0344678367909,6.,52.8));
#12627=CARTESIAN_POINT('',(11.0344678367909,6.,45.45));
#12628=CARTESIAN_POINT('',(11.0344678367909,2.,52.8));
#12629=CARTESIAN_POINT('Origin',(8.03446783679091,2.,52.8));
#12630=CARTESIAN_POINT('',(8.03446783679091,2.,52.8));
#12631=CARTESIAN_POINT('',(37.5403230943688,2.,52.8));
#12632=CARTESIAN_POINT('',(8.03446783679091,6.,52.8));
#12633=CARTESIAN_POINT('',(21.4844678367909,6.,52.8));
#12634=CARTESIAN_POINT('',(8.03446783679091,2.,52.8));
#12635=CARTESIAN_POINT('Origin',(8.03446783679091,2.,23.4));
#12636=CARTESIAN_POINT('',(8.03446783679091,2.,23.4));
#12637=CARTESIAN_POINT('',(8.03446783679091,2.,12.7));
#12638=CARTESIAN_POINT('',(8.03446783679091,6.,23.4));
#12639=CARTESIAN_POINT('',(8.03446783679091,6.,30.75));
#12640=CARTESIAN_POINT('',(8.03446783679091,2.,23.4));
#12641=CARTESIAN_POINT('Origin',(11.0344678367909,2.,23.4));
#12642=CARTESIAN_POINT('',(39.0403230943688,2.,23.4));
#12643=CARTESIAN_POINT('',(22.9844678367909,6.,23.4));
#12644=CARTESIAN_POINT('Origin',(34.9344678367909,6.,38.1));
#12645=CARTESIAN_POINT('Origin',(53.8344678367909,2.,62.8));
#12646=CARTESIAN_POINT('',(43.8344678367909,2.,62.8));
#12647=CARTESIAN_POINT('',(53.8344678367909,2.,62.8));
#12648=CARTESIAN_POINT('',(60.4403230943688,2.,62.8));
#12649=CARTESIAN_POINT('',(43.8344678367909,6.,62.8));
#12650=CARTESIAN_POINT('',(43.8344678367909,2.,62.8));
#12651=CARTESIAN_POINT('',(53.8344678367909,6.,62.8));
#12652=CARTESIAN_POINT('',(44.3844678367909,6.,62.8));
#12653=CARTESIAN_POINT('',(53.8344678367909,2.,62.8));
#12654=CARTESIAN_POINT('Origin',(53.8344678367909,2.,65.8));
#12655=CARTESIAN_POINT('',(53.8344678367909,2.,65.8));
#12656=CARTESIAN_POINT('',(53.8344678367909,2.,33.9));
#12657=CARTESIAN_POINT('',(53.8344678367909,6.,65.8));
#12658=CARTESIAN_POINT('',(53.8344678367909,6.,51.95));
#12659=CARTESIAN_POINT('',(53.8344678367909,2.,65.8));
#12660=CARTESIAN_POINT('Origin',(43.8344678367909,2.,65.8));
#12661=CARTESIAN_POINT('',(43.8344678367909,2.,65.8));
#12662=CARTESIAN_POINT('',(55.4403230943688,2.,65.8));
#12663=CARTESIAN_POINT('',(43.8344678367909,6.,65.8));
#12664=CARTESIAN_POINT('',(39.3844678367909,6.,65.8));
#12665=CARTESIAN_POINT('',(43.8344678367909,2.,65.8));
#12666=CARTESIAN_POINT('Origin',(43.8344678367909,2.,62.8));
#12667=CARTESIAN_POINT('',(43.8344678367909,2.,32.4));
#12668=CARTESIAN_POINT('',(43.8344678367909,6.,50.45));
#12669=CARTESIAN_POINT('Origin',(34.9344678367909,6.,38.1));
#12670=CARTESIAN_POINT('Origin',(28.0344678367909,2.,65.8));
#12671=CARTESIAN_POINT('',(28.0344678367909,2.,62.8));
#12672=CARTESIAN_POINT('',(28.0344678367909,2.,65.8));
#12673=CARTESIAN_POINT('',(28.0344678367909,2.,33.9));
#12674=CARTESIAN_POINT('',(28.0344678367909,6.,62.8));
#12675=CARTESIAN_POINT('',(28.0344678367909,2.,62.8));
#12676=CARTESIAN_POINT('',(28.0344678367909,6.,65.8));
#12677=CARTESIAN_POINT('',(28.0344678367909,6.,51.95));
#12678=CARTESIAN_POINT('',(28.0344678367909,2.,65.8));
#12679=CARTESIAN_POINT('Origin',(13.0344678367909,2.,65.8));
#12680=CARTESIAN_POINT('',(13.0344678367909,2.,65.8));
#12681=CARTESIAN_POINT('',(40.0403230943688,2.,65.8));
#12682=CARTESIAN_POINT('',(13.0344678367909,6.,65.8));
#12683=CARTESIAN_POINT('',(23.9844678367909,6.,65.8));
#12684=CARTESIAN_POINT('',(13.0344678367909,2.,65.8));
#12685=CARTESIAN_POINT('Origin',(13.0344678367909,2.,62.8));
#12686=CARTESIAN_POINT('',(13.0344678367909,2.,62.8));
#12687=CARTESIAN_POINT('',(13.0344678367909,2.,32.4));
#12688=CARTESIAN_POINT('',(13.0344678367909,6.,62.8));
#12689=CARTESIAN_POINT('',(13.0344678367909,6.,50.45));
#12690=CARTESIAN_POINT('',(13.0344678367909,2.,62.8));
#12691=CARTESIAN_POINT('Origin',(28.0344678367909,2.,62.8));
#12692=CARTESIAN_POINT('',(47.5403230943688,2.,62.8));
#12693=CARTESIAN_POINT('',(31.4844678367909,6.,62.8));
#12694=CARTESIAN_POINT('Origin',(34.9344678367909,6.,38.1));
#12695=CARTESIAN_POINT('Origin',(43.8344678367909,2.,10.4));
#12696=CARTESIAN_POINT('',(43.8344678367909,2.,13.4));
#12697=CARTESIAN_POINT('',(43.8344678367909,2.,10.4));
#12698=CARTESIAN_POINT('',(43.8344678367909,2.,6.2));
#12699=CARTESIAN_POINT('',(43.8344678367909,6.,13.4));
#12700=CARTESIAN_POINT('',(43.8344678367909,2.,13.4));
#12701=CARTESIAN_POINT('',(43.8344678367909,6.,10.4));
#12702=CARTESIAN_POINT('',(43.8344678367909,6.,24.25));
#12703=CARTESIAN_POINT('',(43.8344678367909,2.,10.4));
#12704=CARTESIAN_POINT('Origin',(53.8344678367909,2.,10.4));
#12705=CARTESIAN_POINT('',(53.8344678367909,2.,10.4));
#12706=CARTESIAN_POINT('',(60.4403230943688,2.,10.4));
#12707=CARTESIAN_POINT('',(53.8344678367909,6.,10.4));
#12708=CARTESIAN_POINT('',(44.3844678367909,6.,10.4));
#12709=CARTESIAN_POINT('',(53.8344678367909,2.,10.4));
#12710=CARTESIAN_POINT('Origin',(53.8344678367909,2.,13.4));
#12711=CARTESIAN_POINT('',(53.8344678367909,2.,13.4));
#12712=CARTESIAN_POINT('',(53.8344678367909,2.,7.7));
#12713=CARTESIAN_POINT('',(53.8344678367909,6.,13.4));
#12714=CARTESIAN_POINT('',(53.8344678367909,6.,25.75));
#12715=CARTESIAN_POINT('',(53.8344678367909,2.,13.4));
#12716=CARTESIAN_POINT('Origin',(43.8344678367909,2.,13.4));
#12717=CARTESIAN_POINT('',(55.4403230943688,2.,13.4));
#12718=CARTESIAN_POINT('',(39.3844678367909,6.,13.4));
#12719=CARTESIAN_POINT('Origin',(34.9344678367909,6.,38.1));
#12720=CARTESIAN_POINT('Origin',(61.8344678367909,2.,28.4));
#12721=CARTESIAN_POINT('',(61.8344678367909,2.,15.4));
#12722=CARTESIAN_POINT('',(61.8344678367909,2.,28.4));
#12723=CARTESIAN_POINT('',(61.8344678367909,2.,15.2));
#12724=CARTESIAN_POINT('',(61.8344678367909,6.,15.4));
#12725=CARTESIAN_POINT('',(61.8344678367909,2.,15.4));
#12726=CARTESIAN_POINT('',(61.8344678367909,6.,28.4));
#12727=CARTESIAN_POINT('',(61.8344678367909,6.,33.25));
#12728=CARTESIAN_POINT('',(61.8344678367909,2.,28.4));
#12729=CARTESIAN_POINT('Origin',(58.8344678367909,2.,28.4));
#12730=CARTESIAN_POINT('',(58.8344678367909,2.,28.4));
#12731=CARTESIAN_POINT('',(62.9403230943688,2.,28.4));
#12732=CARTESIAN_POINT('',(58.8344678367909,6.,28.4));
#12733=CARTESIAN_POINT('',(46.8844678367909,6.,28.4));
#12734=CARTESIAN_POINT('',(58.8344678367909,2.,28.4));
#12735=CARTESIAN_POINT('Origin',(58.8344678367909,2.,15.4));
#12736=CARTESIAN_POINT('',(58.8344678367909,2.,15.4));
#12737=CARTESIAN_POINT('',(58.8344678367909,2.,8.7));
#12738=CARTESIAN_POINT('',(58.8344678367909,6.,15.4));
#12739=CARTESIAN_POINT('',(58.8344678367909,6.,26.75));
#12740=CARTESIAN_POINT('',(58.8344678367909,2.,15.4));
#12741=CARTESIAN_POINT('Origin',(61.8344678367909,2.,15.4));
#12742=CARTESIAN_POINT('',(64.4403230943688,2.,15.4));
#12743=CARTESIAN_POINT('',(48.3844678367909,6.,15.4));
#12744=CARTESIAN_POINT('Origin',(34.9344678367909,6.,38.1));
#12745=CARTESIAN_POINT('Origin',(10.0172339556484,0.6,61.8));
#12746=CARTESIAN_POINT('',(15.0344678367909,1.2,61.2));
#12747=CARTESIAN_POINT('',(13.8344678367909,0.,62.4));
#12748=CARTESIAN_POINT('',(48.9344678367909,1.2,61.2));
#12749=CARTESIAN_POINT('',(10.0172339556484,1.2,61.2));
#12750=CARTESIAN_POINT('',(48.9344678367909,1.2,61.2));
#12751=CARTESIAN_POINT('Origin',(14.4344678367909,0.6,7.5));
#12752=CARTESIAN_POINT('',(15.0344678367909,1.2,15.));
#12753=CARTESIAN_POINT('',(13.8344678367909,0.,13.8));
#12754=CARTESIAN_POINT('',(15.0344678367909,1.2,7.5));
#12755=CARTESIAN_POINT('Origin',(26.9672339556484,0.6,14.4));
#12756=CARTESIAN_POINT('',(48.9344678367909,1.2,15.));
#12757=CARTESIAN_POINT('',(50.1344678367909,0.,13.8));
#12758=CARTESIAN_POINT('',(26.9672339556484,1.2,15.));
#12759=CARTESIAN_POINT('Origin',(49.5344678367909,0.6,30.6));
#12760=CARTESIAN_POINT('',(48.9344678367909,1.2,30.6));
#12761=CARTESIAN_POINT('Origin',(48.9344678367909,0.,61.2));
#12762=CARTESIAN_POINT('',(48.9344678367909,2.,61.2));
#12763=CARTESIAN_POINT('',(48.9344678367909,0.,61.2));
#12764=CARTESIAN_POINT('',(48.9344678367909,2.,15.));
#12765=CARTESIAN_POINT('',(48.9344678367909,2.,31.6));
#12766=CARTESIAN_POINT('',(48.9344678367909,0.,15.));
#12767=CARTESIAN_POINT('Origin',(15.0344678367909,0.,61.2));
#12768=CARTESIAN_POINT('',(15.0344678367909,2.,61.2));
#12769=CARTESIAN_POINT('',(15.0344678367909,0.,61.2));
#12770=CARTESIAN_POINT('',(41.0403230943688,2.,61.2));
#12771=CARTESIAN_POINT('Origin',(5.00000007450581,0.,0.));
#12772=CARTESIAN_POINT('Origin',(28.4344678367909,0.,161.));
#12773=CARTESIAN_POINT('',(26.7844678367909,2.,161.));
#12774=CARTESIAN_POINT('',(26.7844678367909,0.,161.));
#12775=CARTESIAN_POINT('Origin',(28.4344678367909,2.,161.));
#12776=CARTESIAN_POINT('Origin',(35.9344678367909,0.,161.));
#12777=CARTESIAN_POINT('',(34.2844678367909,2.,161.));
#12778=CARTESIAN_POINT('',(34.2844678367909,0.,161.));
#12779=CARTESIAN_POINT('Origin',(35.9344678367909,2.,161.));
#12780=CARTESIAN_POINT('Origin',(43.4344678367909,0.,161.));
#12781=CARTESIAN_POINT('',(41.7844678367909,2.,161.));
#12782=CARTESIAN_POINT('',(41.7844678367909,0.,161.));
#12783=CARTESIAN_POINT('Origin',(43.4344678367909,2.,161.));
#12784=CARTESIAN_POINT('Origin',(8.9344678367909,0.,6.));
#12785=CARTESIAN_POINT('',(5.9344678367909,3.5,6.));
#12786=CARTESIAN_POINT('',(5.9344678367909,0.,6.));
#12787=CARTESIAN_POINT('Origin',(8.9344678367909,3.5,6.));
#12788=CARTESIAN_POINT('Origin',(8.9344678367909,3.5,6.));
#12789=CARTESIAN_POINT('Origin',(62.9344678367909,0.,174.));
#12790=CARTESIAN_POINT('',(59.9344678367909,3.5,174.));
#12791=CARTESIAN_POINT('',(59.9344678367909,0.,174.));
#12792=CARTESIAN_POINT('Origin',(62.9344678367909,3.5,174.));
#12793=CARTESIAN_POINT('Origin',(62.9344678367909,3.5,174.));
#12794=CARTESIAN_POINT('Origin',(62.9344678367909,0.,6.));
#12795=CARTESIAN_POINT('',(59.9344678367909,3.5,6.));
#12796=CARTESIAN_POINT('',(59.9344678367909,0.,6.));
#12797=CARTESIAN_POINT('Origin',(62.9344678367909,3.5,6.));
#12798=CARTESIAN_POINT('Origin',(62.9344678367909,3.5,6.));
#12799=CARTESIAN_POINT('Origin',(8.9344678367909,0.,174.));
#12800=CARTESIAN_POINT('',(5.9344678367909,3.5,174.));
#12801=CARTESIAN_POINT('',(5.9344678367909,0.,174.));
#12802=CARTESIAN_POINT('Origin',(8.9344678367909,3.5,174.));
#12803=CARTESIAN_POINT('Origin',(8.9344678367909,3.5,174.));
#12804=CARTESIAN_POINT('Origin',(25.9344678367909,2.,110.));
#12805=CARTESIAN_POINT('',(25.9344678367909,2.,100.));
#12806=CARTESIAN_POINT('',(25.9344678367909,2.,110.));
#12807=CARTESIAN_POINT('',(25.9344678367909,2.,56.));
#12808=CARTESIAN_POINT('',(25.9344678367909,2.,100.));
#12809=CARTESIAN_POINT('',(25.9344678367909,2.,110.));
#12810=CARTESIAN_POINT('Origin',(15.9344678367909,2.,110.));
#12811=CARTESIAN_POINT('',(15.9344678367909,2.,110.));
#12812=CARTESIAN_POINT('',(41.4903230943688,2.,110.));
#12813=CARTESIAN_POINT('',(15.9344678367909,2.,110.));
#12814=CARTESIAN_POINT('Origin',(15.9344678367909,2.,100.));
#12815=CARTESIAN_POINT('',(15.9344678367909,2.,100.));
#12816=CARTESIAN_POINT('',(15.9344678367909,2.,51.));
#12817=CARTESIAN_POINT('',(15.9344678367909,2.,100.));
#12818=CARTESIAN_POINT('Origin',(25.9344678367909,2.,100.));
#12819=CARTESIAN_POINT('',(46.4903230943688,2.,100.));
#12820=CARTESIAN_POINT('Origin',(67.0461783519467,2.,2.));
#12821=CARTESIAN_POINT('',(15.0824641485637,2.,168.));
#12822=CARTESIAN_POINT('',(15.0824641485637,2.,178.));
#12823=CARTESIAN_POINT('',(15.0824641485637,2.,91.));
#12824=CARTESIAN_POINT('',(56.8254641485637,2.,178.));
#12825=CARTESIAN_POINT('',(50.6250712502552,2.,178.));
#12826=CARTESIAN_POINT('',(56.8254641485637,2.,168.));
#12827=CARTESIAN_POINT('',(56.8254641485637,2.,91.));
#12828=CARTESIAN_POINT('',(67.0461783519467,2.,168.));
#12829=CARTESIAN_POINT('',(50.7001662115137,2.,168.));
#12830=CARTESIAN_POINT('',(67.0461783519467,2.,12.));
#12831=CARTESIAN_POINT('',(67.0461783519467,2.,2.));
#12832=CARTESIAN_POINT('',(56.8254641485637,2.,12.));
#12833=CARTESIAN_POINT('',(66.1691990634555,2.,12.));
#12834=CARTESIAN_POINT('',(56.8254641485637,2.,2.));
#12835=CARTESIAN_POINT('',(56.8254641485637,2.,1.));
#12836=CARTESIAN_POINT('',(15.0824641485637,2.,2.));
#12837=CARTESIAN_POINT('',(50.6250712502552,2.,2.));
#12838=CARTESIAN_POINT('',(15.0824641485637,2.,12.));
#12839=CARTESIAN_POINT('',(15.0824641485637,2.,1.));
#12840=CARTESIAN_POINT('',(4.48336148154988,2.,12.));
#12841=CARTESIAN_POINT('',(36.0310383983133,2.,12.));
#12842=CARTESIAN_POINT('',(4.48336148154988,2.,168.));
#12843=CARTESIAN_POINT('',(4.48336148154988,2.,2.));
#12844=CARTESIAN_POINT('',(50.7001662115137,2.,168.));
#12845=CARTESIAN_POINT('',(55.9344678367909,2.,165.));
#12846=CARTESIAN_POINT('',(45.9344678367909,2.,165.));
#12847=CARTESIAN_POINT('',(56.4903230943688,2.,165.));
#12848=CARTESIAN_POINT('',(45.9344678367909,2.,155.));
#12849=CARTESIAN_POINT('',(45.9344678367909,2.,78.5));
#12850=CARTESIAN_POINT('',(55.9344678367909,2.,155.));
#12851=CARTESIAN_POINT('',(61.4903230943688,2.,155.));
#12852=CARTESIAN_POINT('',(55.9344678367909,2.,83.5));
#12853=CARTESIAN_POINT('',(15.9344678367909,2.,70.));
#12854=CARTESIAN_POINT('',(25.9344678367909,2.,70.));
#12855=CARTESIAN_POINT('',(46.4903230943688,2.,70.));
#12856=CARTESIAN_POINT('',(25.9344678367909,2.,80.));
#12857=CARTESIAN_POINT('',(25.9344678367909,2.,41.));
#12858=CARTESIAN_POINT('',(15.9344678367909,2.,80.));
#12859=CARTESIAN_POINT('',(41.4903230943688,2.,80.));
#12860=CARTESIAN_POINT('',(15.9344678367909,2.,36.));
#12861=CARTESIAN_POINT('',(55.9344678367909,2.,80.));
#12862=CARTESIAN_POINT('',(45.9344678367909,2.,80.));
#12863=CARTESIAN_POINT('',(56.4903230943688,2.,80.));
#12864=CARTESIAN_POINT('',(45.9344678367909,2.,70.));
#12865=CARTESIAN_POINT('',(45.9344678367909,2.,36.));
#12866=CARTESIAN_POINT('',(55.9344678367909,2.,70.));
#12867=CARTESIAN_POINT('',(61.4903230943688,2.,70.));
#12868=CARTESIAN_POINT('',(55.9344678367909,2.,41.));
#12869=CARTESIAN_POINT('',(32.934467836791,2.,119.5));
#12870=CARTESIAN_POINT('',(32.9344678367909,2.,122.5));
#12871=CARTESIAN_POINT('',(32.934467836793,2.,60.9999999999994));
#12872=CARTESIAN_POINT('',(27.4344678367909,2.,122.5));
#12873=CARTESIAN_POINT('',(47.2403230943688,2.,122.5));
#12874=CARTESIAN_POINT('',(27.4344678367909,2.,127.5));
#12875=CARTESIAN_POINT('',(27.4344678367909,2.,64.75));
#12876=CARTESIAN_POINT('',(16.4344678367909,2.,127.5));
#12877=CARTESIAN_POINT('',(41.7403230943688,2.,127.5));
#12878=CARTESIAN_POINT('',(16.4344678367909,2.,114.5));
#12879=CARTESIAN_POINT('',(16.4344678367909,2.,58.25));
#12880=CARTESIAN_POINT('',(27.4344678367909,2.,114.5));
#12881=CARTESIAN_POINT('',(47.2403230943688,2.,114.5));
#12882=CARTESIAN_POINT('',(27.4344678367909,2.,119.5));
#12883=CARTESIAN_POINT('',(27.4344678367909,2.,60.75));
#12884=CARTESIAN_POINT('',(49.990323094369,2.,119.5));
#12885=CARTESIAN_POINT('',(32.934467836791,2.,88.5));
#12886=CARTESIAN_POINT('',(32.9344678367909,2.,91.5));
#12887=CARTESIAN_POINT('',(32.9344678367925,2.,45.4999999999994));
#12888=CARTESIAN_POINT('',(27.4344678367909,2.,91.5));
#12889=CARTESIAN_POINT('',(47.2403230943688,2.,91.5));
#12890=CARTESIAN_POINT('',(27.4344678367909,2.,96.5));
#12891=CARTESIAN_POINT('',(27.4344678367909,2.,49.25));
#12892=CARTESIAN_POINT('',(16.4344678367909,2.,96.5));
#12893=CARTESIAN_POINT('',(41.7403230943688,2.,96.5));
#12894=CARTESIAN_POINT('',(16.4344678367909,2.,83.5));
#12895=CARTESIAN_POINT('',(16.4344678367909,2.,42.75));
#12896=CARTESIAN_POINT('',(27.4344678367909,2.,83.5));
#12897=CARTESIAN_POINT('',(47.2403230943688,2.,83.5));
#12898=CARTESIAN_POINT('',(27.4344678367909,2.,88.5));
#12899=CARTESIAN_POINT('',(27.4344678367909,2.,45.25));
#12900=CARTESIAN_POINT('',(49.990323094369,2.,88.4999999999999));
#12901=CARTESIAN_POINT('',(34.4344678367909,2.,93.));
#12902=CARTESIAN_POINT('',(37.4344678367909,2.,93.));
#12903=CARTESIAN_POINT('',(50.9903230943672,2.,93.0000000000005));
#12904=CARTESIAN_POINT('',(37.4344678367909,2.,98.5));
#12905=CARTESIAN_POINT('',(37.4344678367909,2.,50.25));
#12906=CARTESIAN_POINT('',(42.4344678367909,2.,98.5));
#12907=CARTESIAN_POINT('',(54.7403230943688,2.,98.5));
#12908=CARTESIAN_POINT('',(42.4344678367909,2.,109.5));
#12909=CARTESIAN_POINT('',(42.4344678367909,2.,55.75));
#12910=CARTESIAN_POINT('',(29.4344678367909,2.,109.5));
#12911=CARTESIAN_POINT('',(48.2403230943688,2.,109.5));
#12912=CARTESIAN_POINT('',(29.4344678367909,2.,98.5));
#12913=CARTESIAN_POINT('',(29.4344678367909,2.,50.25));
#12914=CARTESIAN_POINT('',(34.4344678367909,2.,98.5));
#12915=CARTESIAN_POINT('',(50.7403230943688,2.,98.5));
#12916=CARTESIAN_POINT('',(34.4344678367907,2.,47.5));
#12917=CARTESIAN_POINT('',(37.4344678367909,2.,87.));
#12918=CARTESIAN_POINT('',(34.4344678367909,2.,87.));
#12919=CARTESIAN_POINT('',(51.9903230943673,2.,87.0000000000006));
#12920=CARTESIAN_POINT('',(34.4344678367909,2.,81.5));
#12921=CARTESIAN_POINT('',(34.4344678367909,2.,41.75));
#12922=CARTESIAN_POINT('',(29.4344678367909,2.,81.5));
#12923=CARTESIAN_POINT('',(48.2403230943688,2.,81.5));
#12924=CARTESIAN_POINT('',(29.4344678367909,2.,70.5));
#12925=CARTESIAN_POINT('',(29.4344678367909,2.,36.25));
#12926=CARTESIAN_POINT('',(42.4344678367909,2.,70.5));
#12927=CARTESIAN_POINT('',(54.7403230943688,2.,70.5));
#12928=CARTESIAN_POINT('',(42.4344678367909,2.,81.5));
#12929=CARTESIAN_POINT('',(42.4344678367909,2.,41.75));
#12930=CARTESIAN_POINT('',(37.4344678367909,2.,81.5));
#12931=CARTESIAN_POINT('',(52.2403230943688,2.,81.5));
#12932=CARTESIAN_POINT('',(37.4344678367908,2.,44.5000000000001));
#12933=CARTESIAN_POINT('',(38.9344678367909,2.,91.5));
#12934=CARTESIAN_POINT('',(38.9344678367909,2.,88.5));
#12935=CARTESIAN_POINT('',(38.9344678367925,2.,46.4999999999995));
#12936=CARTESIAN_POINT('',(44.4344678367909,2.,88.5));
#12937=CARTESIAN_POINT('',(55.7403230943688,2.,88.5));
#12938=CARTESIAN_POINT('',(44.4344678367909,2.,83.5));
#12939=CARTESIAN_POINT('',(44.4344678367909,2.,42.75));
#12940=CARTESIAN_POINT('',(55.4344678367909,2.,83.5));
#12941=CARTESIAN_POINT('',(61.2403230943688,2.,83.5));
#12942=CARTESIAN_POINT('',(55.4344678367909,2.,96.5));
#12943=CARTESIAN_POINT('',(55.4344678367909,2.,49.25));
#12944=CARTESIAN_POINT('',(44.4344678367909,2.,96.5));
#12945=CARTESIAN_POINT('',(55.7403230943688,2.,96.5));
#12946=CARTESIAN_POINT('',(44.4344678367909,2.,91.5));
#12947=CARTESIAN_POINT('',(44.4344678367909,2.,46.75));
#12948=CARTESIAN_POINT('',(52.9903230943689,2.,91.4999999999999));
#12949=CARTESIAN_POINT('',(38.9344678367909,2.,147.5));
#12950=CARTESIAN_POINT('',(38.9344678367909,2.,144.5));
#12951=CARTESIAN_POINT('',(38.9344678367909,2.,74.5));
#12952=CARTESIAN_POINT('',(44.4344678367909,2.,144.5));
#12953=CARTESIAN_POINT('',(55.7403230943686,2.,144.5));
#12954=CARTESIAN_POINT('',(44.4344678367909,2.,139.5));
#12955=CARTESIAN_POINT('',(44.4344678367908,2.,70.75));
#12956=CARTESIAN_POINT('',(55.4344678367909,2.,139.5));
#12957=CARTESIAN_POINT('',(61.2403230943688,2.,139.5));
#12958=CARTESIAN_POINT('',(55.4344678367909,2.,152.5));
#12959=CARTESIAN_POINT('',(55.4344678367909,2.,77.25));
#12960=CARTESIAN_POINT('',(44.4344678367909,2.,152.5));
#12961=CARTESIAN_POINT('',(55.7403230943688,2.,152.5));
#12962=CARTESIAN_POINT('',(44.4344678367909,2.,147.5));
#12963=CARTESIAN_POINT('',(44.4344678367908,2.,74.75));
#12964=CARTESIAN_POINT('',(52.990323094369,2.,147.5));
#12965=CARTESIAN_POINT('',(32.934467836791,2.,144.5));
#12966=CARTESIAN_POINT('',(32.9344678367909,2.,147.5));
#12967=CARTESIAN_POINT('',(32.934467836791,2.,73.5));
#12968=CARTESIAN_POINT('',(27.4344678367909,2.,147.5));
#12969=CARTESIAN_POINT('',(47.2403230943686,2.,147.5));
#12970=CARTESIAN_POINT('',(27.4344678367909,2.,152.5));
#12971=CARTESIAN_POINT('',(27.4344678367908,2.,77.25));
#12972=CARTESIAN_POINT('',(16.4344678367909,2.,152.5));
#12973=CARTESIAN_POINT('',(41.7403230943688,2.,152.5));
#12974=CARTESIAN_POINT('',(16.4344678367909,2.,139.5));
#12975=CARTESIAN_POINT('',(16.4344678367909,2.,70.75));
#12976=CARTESIAN_POINT('',(27.4344678367909,2.,139.5));
#12977=CARTESIAN_POINT('',(47.2403230943688,2.,139.5));
#12978=CARTESIAN_POINT('',(27.4344678367909,2.,144.5));
#12979=CARTESIAN_POINT('',(27.434467836791,2.,73.25));
#12980=CARTESIAN_POINT('',(49.9903230943691,2.,144.5));
#12981=CARTESIAN_POINT('',(38.9344678367909,2.,122.5));
#12982=CARTESIAN_POINT('',(38.9344678367909,2.,119.5));
#12983=CARTESIAN_POINT('',(38.9344678367909,2.,62.));
#12984=CARTESIAN_POINT('',(44.4344678367909,2.,119.5));
#12985=CARTESIAN_POINT('',(55.7403230943686,2.,119.5));
#12986=CARTESIAN_POINT('',(44.4344678367909,2.,114.5));
#12987=CARTESIAN_POINT('',(44.4344678367908,2.,58.25));
#12988=CARTESIAN_POINT('',(55.4344678367909,2.,114.5));
#12989=CARTESIAN_POINT('',(61.2403230943688,2.,114.5));
#12990=CARTESIAN_POINT('',(55.4344678367909,2.,127.5));
#12991=CARTESIAN_POINT('',(55.4344678367909,2.,64.75));
#12992=CARTESIAN_POINT('',(44.4344678367909,2.,127.5));
#12993=CARTESIAN_POINT('',(55.7403230943688,2.,127.5));
#12994=CARTESIAN_POINT('',(44.4344678367909,2.,122.5));
#12995=CARTESIAN_POINT('',(44.4344678367908,2.,62.25));
#12996=CARTESIAN_POINT('',(52.990323094369,2.,122.5));
#12997=CARTESIAN_POINT('',(15.0344678367909,2.,15.));
#12998=CARTESIAN_POINT('',(15.0344678367909,2.,8.5));
#12999=CARTESIAN_POINT('',(57.9903230943688,2.,15.));
#13000=CARTESIAN_POINT('',(15.9344678367909,2.,165.));
#13001=CARTESIAN_POINT('',(15.9344684328374,2.,155.));
#13002=CARTESIAN_POINT('',(15.9344678367909,2.,78.5));
#13003=CARTESIAN_POINT('',(25.9344678367909,2.,155.));
#13004=CARTESIAN_POINT('',(46.4903230943688,2.,155.));
#13005=CARTESIAN_POINT('',(25.9344678367909,2.,165.));
#13006=CARTESIAN_POINT('',(25.9344678367909,2.,83.5));
#13007=CARTESIAN_POINT('',(41.4903230943688,2.,165.));
#13008=CARTESIAN_POINT('',(55.9344678367909,2.,110.));
#13009=CARTESIAN_POINT('',(45.9344678367909,2.,110.));
#13010=CARTESIAN_POINT('',(56.4903230943688,2.,110.));
#13011=CARTESIAN_POINT('',(45.9344678367909,2.,100.));
#13012=CARTESIAN_POINT('',(45.9344678367909,2.,51.));
#13013=CARTESIAN_POINT('',(55.9344678367909,2.,100.));
#13014=CARTESIAN_POINT('',(61.4903230943688,2.,100.));
#13015=CARTESIAN_POINT('',(55.9344678367909,2.,56.));
#13016=CARTESIAN_POINT('Origin',(45.9344678367909,2.,165.));
#13017=CARTESIAN_POINT('',(55.9344678367909,2.,165.));
#13018=CARTESIAN_POINT('',(45.9344678367909,2.,165.));
#13019=CARTESIAN_POINT('Origin',(45.9344678367909,2.,155.));
#13020=CARTESIAN_POINT('',(45.9344678367909,2.,155.));
#13021=CARTESIAN_POINT('Origin',(55.9344678367909,2.,155.));
#13022=CARTESIAN_POINT('',(55.9344678367909,2.,155.));
#13023=CARTESIAN_POINT('Origin',(55.9344678367909,2.,165.));
#13024=CARTESIAN_POINT('Origin',(67.0461783519467,2.,2.));
#13025=CARTESIAN_POINT('Origin',(45.9344678367909,2.,110.));
#13026=CARTESIAN_POINT('',(55.9344678367909,2.,110.));
#13027=CARTESIAN_POINT('',(45.9344678367909,2.,110.));
#13028=CARTESIAN_POINT('Origin',(45.9344678367909,2.,100.));
#13029=CARTESIAN_POINT('',(45.9344678367909,2.,100.));
#13030=CARTESIAN_POINT('Origin',(55.9344678367909,2.,100.));
#13031=CARTESIAN_POINT('',(55.9344678367909,2.,100.));
#13032=CARTESIAN_POINT('Origin',(55.9344678367909,2.,110.));
#13033=CARTESIAN_POINT('Origin',(67.0461783519467,2.,2.));
#13034=CARTESIAN_POINT('Origin',(25.9344678367909,2.,70.));
#13035=CARTESIAN_POINT('',(15.9344678367909,2.,70.));
#13036=CARTESIAN_POINT('',(25.9344678367909,2.,70.));
#13037=CARTESIAN_POINT('Origin',(25.9344678367909,2.,80.));
#13038=CARTESIAN_POINT('',(25.9344678367909,2.,80.));
#13039=CARTESIAN_POINT('Origin',(15.9344678367909,2.,80.));
#13040=CARTESIAN_POINT('',(15.9344678367909,2.,80.));
#13041=CARTESIAN_POINT('Origin',(15.9344678367909,2.,70.));
#13042=CARTESIAN_POINT('Origin',(67.0461783519467,2.,2.));
#13043=CARTESIAN_POINT('Origin',(15.9344678367909,2.,155.));
#13044=CARTESIAN_POINT('',(15.9344678367909,2.,165.));
#13045=CARTESIAN_POINT('',(15.9344684328374,2.,155.));
#13046=CARTESIAN_POINT('Origin',(25.9344678367909,2.,155.));
#13047=CARTESIAN_POINT('',(25.9344678367909,2.,155.));
#13048=CARTESIAN_POINT('Origin',(25.9344678367909,2.,165.));
#13049=CARTESIAN_POINT('',(25.9344678367909,2.,165.));
#13050=CARTESIAN_POINT('Origin',(15.9344678367909,2.,165.));
#13051=CARTESIAN_POINT('Origin',(67.0461783519467,2.,2.));
#13052=CARTESIAN_POINT('Origin',(45.9344678367909,2.,80.));
#13053=CARTESIAN_POINT('',(55.9344678367909,2.,80.));
#13054=CARTESIAN_POINT('',(45.9344678367909,2.,80.));
#13055=CARTESIAN_POINT('Origin',(45.9344678367909,2.,70.));
#13056=CARTESIAN_POINT('',(45.9344678367909,2.,70.));
#13057=CARTESIAN_POINT('Origin',(55.9344678367909,2.,70.));
#13058=CARTESIAN_POINT('',(55.9344678367909,2.,70.));
#13059=CARTESIAN_POINT('Origin',(55.9344678367909,2.,80.));
#13060=CARTESIAN_POINT('Origin',(67.0461783519467,2.,2.));
#13061=CARTESIAN_POINT('Origin',(35.9344678367909,0.999999999999998,114.));
#13062=CARTESIAN_POINT('',(26.9344678367909,0.999999999999998,120.));
#13063=CARTESIAN_POINT('',(32.9344678367909,0.999999999999999,120.));
#13064=CARTESIAN_POINT('',(31.434467836791,0.999999999999998,120.));
#13065=CARTESIAN_POINT('',(26.9344678367909,0.999999999999998,122.));
#13066=CARTESIAN_POINT('',(26.934467836791,0.999999999999998,117.));
#13067=CARTESIAN_POINT('',(32.9344678367909,0.999999999999999,122.));
#13068=CARTESIAN_POINT('',(34.4344678367909,0.999999999999998,122.));
#13069=CARTESIAN_POINT('',(32.934467836791,0.999999999999999,118.));
#13070=CARTESIAN_POINT('Origin',(35.9344678367909,0.999999999999998,114.));
#13071=CARTESIAN_POINT('',(26.9344678367909,0.999999999999998,89.));
#13072=CARTESIAN_POINT('',(32.9344678367909,0.999999999999999,89.));
#13073=CARTESIAN_POINT('',(31.4344678367909,0.999999999999998,89.));
#13074=CARTESIAN_POINT('',(26.9344678367909,0.999999999999998,91.));
#13075=CARTESIAN_POINT('',(26.9344678367907,0.999999999999998,101.5));
#13076=CARTESIAN_POINT('',(32.9344678367909,0.999999999999999,91.));
#13077=CARTESIAN_POINT('',(34.4344678367909,0.999999999999998,91.));
#13078=CARTESIAN_POINT('',(32.9344678367907,0.999999999999999,102.5));
#13079=CARTESIAN_POINT('Origin',(35.9344678367909,0.999999999999999,114.));
#13080=CARTESIAN_POINT('',(34.9344678367909,0.999999999999999,99.));
#13081=CARTESIAN_POINT('',(34.9344678367909,0.999999999999999,93.));
#13082=CARTESIAN_POINT('',(34.934467836791,0.999999999999999,106.5));
#13083=CARTESIAN_POINT('',(36.9344678367909,0.999999999999999,99.));
#13084=CARTESIAN_POINT('',(35.4344678367911,0.999999999999999,99.));
#13085=CARTESIAN_POINT('',(36.9344678367909,0.999999999999999,93.));
#13086=CARTESIAN_POINT('',(36.9344678367909,0.999999999999999,103.5));
#13087=CARTESIAN_POINT('',(36.4344678367911,0.999999999999999,93.));
#13088=CARTESIAN_POINT('Origin',(35.9344678367909,0.999999999999999,114.));
#13089=CARTESIAN_POINT('',(32.934467836791,0.999999999999999,145.));
#13090=CARTESIAN_POINT('',(32.9344678367909,0.999999999999999,147.));
#13091=CARTESIAN_POINT('',(32.9344678367913,0.999999999999999,130.5));
#13092=CARTESIAN_POINT('',(26.9344678367909,0.999999999999998,145.));
#13093=CARTESIAN_POINT('',(31.434467836791,0.999999999999999,145.));
#13094=CARTESIAN_POINT('',(26.9344678367909,0.999999999999998,147.));
#13095=CARTESIAN_POINT('',(26.9344678367912,0.999999999999998,129.5));
#13096=CARTESIAN_POINT('',(34.4344678367909,0.999999999999999,147.));
#13097=CARTESIAN_POINT('Origin',(35.9344678367909,1.,114.));
#13098=CARTESIAN_POINT('',(38.9344678367909,1.,122.));
#13099=CARTESIAN_POINT('',(38.9344678367909,1.,120.));
#13100=CARTESIAN_POINT('',(38.934467836791,1.,117.));
#13101=CARTESIAN_POINT('',(44.9344678367909,1.,122.));
#13102=CARTESIAN_POINT('',(40.4344678367909,1.,122.));
#13103=CARTESIAN_POINT('',(44.9344678367909,1.,120.));
#13104=CARTESIAN_POINT('',(44.934467836791,1.,118.));
#13105=CARTESIAN_POINT('',(37.4344678367909,1.,120.));
#13106=CARTESIAN_POINT('Origin',(35.9344678367909,0.999999999999999,114.));
#13107=CARTESIAN_POINT('',(34.9344678367909,0.999999999999999,81.));
#13108=CARTESIAN_POINT('',(36.9344678367909,0.999999999999999,81.));
#13109=CARTESIAN_POINT('',(36.4344678367912,0.999999999999999,81.));
#13110=CARTESIAN_POINT('',(34.9344678367909,0.999999999999999,87.));
#13111=CARTESIAN_POINT('',(34.9344678367909,0.999999999999999,100.5));
#13112=CARTESIAN_POINT('',(36.9344678367909,0.999999999999999,87.));
#13113=CARTESIAN_POINT('',(35.4344678367912,0.999999999999999,87.));
#13114=CARTESIAN_POINT('',(36.934467836791,0.999999999999999,97.5));
#13115=CARTESIAN_POINT('Origin',(35.9344678367909,1.,114.));
#13116=CARTESIAN_POINT('',(44.9344678367909,1.,91.));
#13117=CARTESIAN_POINT('',(38.9344678367909,1.,91.));
#13118=CARTESIAN_POINT('',(40.4344678367909,1.,91.));
#13119=CARTESIAN_POINT('',(44.9344678367909,1.,89.));
#13120=CARTESIAN_POINT('',(44.9344678367907,1.,102.5));
#13121=CARTESIAN_POINT('',(38.9344678367909,1.,89.));
#13122=CARTESIAN_POINT('',(37.4344678367909,1.,89.));
#13123=CARTESIAN_POINT('',(38.9344678367907,1.,101.5));
#13124=CARTESIAN_POINT('Origin',(35.9344678367909,1.,114.));
#13125=CARTESIAN_POINT('',(44.9344678367909,1.,147.));
#13126=CARTESIAN_POINT('',(38.9344678367909,1.,147.));
#13127=CARTESIAN_POINT('',(40.434467836791,1.,147.));
#13128=CARTESIAN_POINT('',(44.9344678367909,1.,145.));
#13129=CARTESIAN_POINT('',(44.9344678367911,1.,130.5));
#13130=CARTESIAN_POINT('',(38.9344678367909,1.,145.));
#13131=CARTESIAN_POINT('',(37.4344678367909,1.,145.));
#13132=CARTESIAN_POINT('',(38.9344678367913,1.,129.5));
#13133=CARTESIAN_POINT('Origin',(26.9344678367909,0.,120.));
#13134=CARTESIAN_POINT('',(32.9344678367909,0.,120.));
#13135=CARTESIAN_POINT('',(26.9344678367909,0.,120.));
#13136=CARTESIAN_POINT('Origin',(26.9344678367909,0.,89.));
#13137=CARTESIAN_POINT('',(32.9344678367909,0.,89.));
#13138=CARTESIAN_POINT('',(26.9344678367909,0.,89.));
#13139=CARTESIAN_POINT('Origin',(34.9344678367909,0.,99.));
#13140=CARTESIAN_POINT('',(34.9344678367909,0.,93.));
#13141=CARTESIAN_POINT('',(34.9344678367909,0.,99.));
#13142=CARTESIAN_POINT('Origin',(26.9344678367909,0.,145.));
#13143=CARTESIAN_POINT('',(32.934467836791,0.,145.));
#13144=CARTESIAN_POINT('',(26.9344678367909,0.,145.));
#13145=CARTESIAN_POINT('Origin',(44.9344678367909,0.,122.));
#13146=CARTESIAN_POINT('',(38.9344678367909,0.,122.));
#13147=CARTESIAN_POINT('',(44.9344678367909,0.,122.));
#13148=CARTESIAN_POINT('Origin',(34.9344678367909,0.,87.));
#13149=CARTESIAN_POINT('',(34.9344678367909,0.,81.));
#13150=CARTESIAN_POINT('',(34.9344678367909,0.,87.));
#13151=CARTESIAN_POINT('Origin',(44.9344678367909,0.,91.));
#13152=CARTESIAN_POINT('',(38.9344678367909,0.,91.));
#13153=CARTESIAN_POINT('',(44.9344678367909,0.,91.));
#13154=CARTESIAN_POINT('Origin',(44.9344678367909,0.,147.));
#13155=CARTESIAN_POINT('',(38.9344678367909,0.,147.));
#13156=CARTESIAN_POINT('',(44.9344678367909,0.,147.));
#13157=CARTESIAN_POINT('Origin',(67.0461783519467,2.,2.));
#13158=CARTESIAN_POINT('Origin',(67.0461783519467,2.,2.));
#13159=CARTESIAN_POINT('',(44.9344678367909,2.,140.));
#13160=CARTESIAN_POINT('',(44.9344678367909,2.,152.));
#13161=CARTESIAN_POINT('',(44.9344678367909,2.,73.5));
#13162=CARTESIAN_POINT('',(54.9344678367909,2.,152.));
#13163=CARTESIAN_POINT('',(60.9903230943688,2.,152.));
#13164=CARTESIAN_POINT('',(54.9344678367909,2.,140.));
#13165=CARTESIAN_POINT('',(54.9344678367909,2.,71.));
#13166=CARTESIAN_POINT('',(55.9903230943687,2.,140.));
#13167=CARTESIAN_POINT('Origin',(67.0461783519467,2.,2.));
#13168=CARTESIAN_POINT('',(44.9344678367909,2.,84.));
#13169=CARTESIAN_POINT('',(44.9344678367909,2.,96.));
#13170=CARTESIAN_POINT('',(44.9344678367917,2.,45.4999999999998));
#13171=CARTESIAN_POINT('',(54.9344678367909,2.,96.));
#13172=CARTESIAN_POINT('',(60.9903230943688,2.,96.));
#13173=CARTESIAN_POINT('',(54.9344678367909,2.,84.));
#13174=CARTESIAN_POINT('',(54.9344678367909,2.,43.));
#13175=CARTESIAN_POINT('',(55.9903230943688,2.,84.));
#13176=CARTESIAN_POINT('Origin',(67.0461783519467,2.,2.));
#13177=CARTESIAN_POINT('',(29.9344678367909,2.,81.));
#13178=CARTESIAN_POINT('',(41.9344678367909,2.,81.));
#13179=CARTESIAN_POINT('',(50.9903230943688,2.,81.));
#13180=CARTESIAN_POINT('',(41.9344678367909,2.,71.));
#13181=CARTESIAN_POINT('',(41.9344678367909,2.,36.5));
#13182=CARTESIAN_POINT('',(29.9344678367909,2.,71.));
#13183=CARTESIAN_POINT('',(48.4903230943688,2.,71.));
#13184=CARTESIAN_POINT('',(29.9344678367909,2.,41.5));
#13185=CARTESIAN_POINT('Origin',(67.0461783519467,2.,2.));
#13186=CARTESIAN_POINT('',(44.9344678367909,2.,115.));
#13187=CARTESIAN_POINT('',(44.9344678367909,2.,127.));
#13188=CARTESIAN_POINT('',(44.9344678367909,2.,61.));
#13189=CARTESIAN_POINT('',(54.9344678367909,2.,127.));
#13190=CARTESIAN_POINT('',(60.9903230943688,2.,127.));
#13191=CARTESIAN_POINT('',(54.9344678367909,2.,115.));
#13192=CARTESIAN_POINT('',(54.9344678367909,2.,58.5));
#13193=CARTESIAN_POINT('',(55.9903230943687,2.,115.));
#13194=CARTESIAN_POINT('Origin',(67.0461783519467,2.,2.));
#13195=CARTESIAN_POINT('',(26.9344678367909,2.,152.));
#13196=CARTESIAN_POINT('',(26.9344678367909,2.,140.));
#13197=CARTESIAN_POINT('',(26.9344678367908,2.,74.5));
#13198=CARTESIAN_POINT('',(16.9344678367909,2.,140.));
#13199=CARTESIAN_POINT('',(41.9903230943688,2.,140.));
#13200=CARTESIAN_POINT('',(16.9344678367909,2.,152.));
#13201=CARTESIAN_POINT('',(16.9344678367909,2.,77.));
#13202=CARTESIAN_POINT('',(46.9903230943687,2.,152.));
#13203=CARTESIAN_POINT('Origin',(67.0461783519467,2.,2.));
#13204=CARTESIAN_POINT('',(41.9344678367909,2.,99.));
#13205=CARTESIAN_POINT('',(29.9344678367909,2.,99.));
#13206=CARTESIAN_POINT('',(51.990323094368,2.,99.0000000000003));
#13207=CARTESIAN_POINT('',(29.9344678367909,2.,109.));
#13208=CARTESIAN_POINT('',(29.9344678367909,2.,55.5));
#13209=CARTESIAN_POINT('',(41.9344678367909,2.,109.));
#13210=CARTESIAN_POINT('',(54.4903230943688,2.,109.));
#13211=CARTESIAN_POINT('',(41.9344678367909,2.,50.5));
#13212=CARTESIAN_POINT('Origin',(67.0461783519467,2.,2.));
#13213=CARTESIAN_POINT('',(26.9344678367909,2.,96.));
#13214=CARTESIAN_POINT('',(26.9344678367909,2.,84.));
#13215=CARTESIAN_POINT('',(26.9344678367917,2.,46.4999999999996));
#13216=CARTESIAN_POINT('',(16.9344678367909,2.,84.));
#13217=CARTESIAN_POINT('',(41.9903230943688,2.,84.));
#13218=CARTESIAN_POINT('',(16.9344678367909,2.,96.));
#13219=CARTESIAN_POINT('',(16.9344678367909,2.,49.));
#13220=CARTESIAN_POINT('',(46.9903230943688,2.,96.));
#13221=CARTESIAN_POINT('Origin',(67.0461783519467,2.,2.));
#13222=CARTESIAN_POINT('',(26.9344678367909,2.,127.));
#13223=CARTESIAN_POINT('',(26.9344678367909,2.,115.));
#13224=CARTESIAN_POINT('',(26.9344678367909,2.,62.));
#13225=CARTESIAN_POINT('',(16.9344678367909,2.,115.));
#13226=CARTESIAN_POINT('',(41.9903230943688,2.,115.));
#13227=CARTESIAN_POINT('',(16.9344678367909,2.,127.));
#13228=CARTESIAN_POINT('',(16.9344678367909,2.,64.5));
#13229=CARTESIAN_POINT('',(46.9903230943688,2.,127.));
#13230=CARTESIAN_POINT('Origin',(27.4344678367909,0.,119.5));
#13231=CARTESIAN_POINT('',(27.4344678367909,0.,114.5));
#13232=CARTESIAN_POINT('',(27.4344678367909,0.,119.5));
#13233=CARTESIAN_POINT('Origin',(32.934467836791,0.,119.5));
#13234=CARTESIAN_POINT('',(32.934467836791,0.,119.5));
#13235=CARTESIAN_POINT('Origin',(16.9344678367909,0.,115.));
#13236=CARTESIAN_POINT('',(26.9344678367909,0.,115.));
#13237=CARTESIAN_POINT('',(16.9344678367909,0.,115.));
#13238=CARTESIAN_POINT('Origin',(16.9344678367909,0.,127.));
#13239=CARTESIAN_POINT('',(16.9344678367909,0.,127.));
#13240=CARTESIAN_POINT('Origin',(26.9344678367909,0.,127.));
#13241=CARTESIAN_POINT('',(26.9344678367909,0.,127.));
#13242=CARTESIAN_POINT('Origin',(26.9344678367909,0.,122.));
#13243=CARTESIAN_POINT('',(26.9344678367909,0.,122.));
#13244=CARTESIAN_POINT('Origin',(32.9344678367909,0.,122.));
#13245=CARTESIAN_POINT('',(32.9344678367909,0.,122.));
#13246=CARTESIAN_POINT('Origin',(32.9344678367909,0.,122.5));
#13247=CARTESIAN_POINT('',(32.9344678367909,0.,122.5));
#13248=CARTESIAN_POINT('Origin',(27.4344678367909,0.,122.5));
#13249=CARTESIAN_POINT('',(27.4344678367909,0.,122.5));
#13250=CARTESIAN_POINT('Origin',(27.4344678367909,0.,127.5));
#13251=CARTESIAN_POINT('',(27.4344678367909,0.,127.5));
#13252=CARTESIAN_POINT('Origin',(16.4344678367909,0.,127.5));
#13253=CARTESIAN_POINT('',(16.4344678367909,0.,127.5));
#13254=CARTESIAN_POINT('Origin',(16.4344678367909,0.,114.5));
#13255=CARTESIAN_POINT('',(16.4344678367909,0.,114.5));
#13256=CARTESIAN_POINT('Origin',(27.4344678367909,0.,114.5));
#13257=CARTESIAN_POINT('Origin',(37.4344678367909,0.,81.5));
#13258=CARTESIAN_POINT('',(42.4344678367909,0.,81.5));
#13259=CARTESIAN_POINT('',(37.4344678367909,0.,81.5));
#13260=CARTESIAN_POINT('Origin',(37.4344678367909,0.,87.));
#13261=CARTESIAN_POINT('',(37.4344678367909,0.,87.));
#13262=CARTESIAN_POINT('Origin',(36.9344678367909,0.,81.));
#13263=CARTESIAN_POINT('',(36.9344678367909,0.,87.));
#13264=CARTESIAN_POINT('',(36.9344678367909,0.,81.));
#13265=CARTESIAN_POINT('Origin',(41.9344678367909,0.,71.));
#13266=CARTESIAN_POINT('',(41.9344678367909,0.,81.));
#13267=CARTESIAN_POINT('',(41.9344678367909,0.,71.));
#13268=CARTESIAN_POINT('Origin',(29.9344678367909,0.,71.));
#13269=CARTESIAN_POINT('',(29.9344678367909,0.,71.));
#13270=CARTESIAN_POINT('Origin',(29.9344678367909,0.,81.));
#13271=CARTESIAN_POINT('',(29.9344678367909,0.,81.));
#13272=CARTESIAN_POINT('Origin',(34.9344678367909,0.,81.));
#13273=CARTESIAN_POINT('Origin',(34.4344678367909,0.,87.));
#13274=CARTESIAN_POINT('',(34.4344678367909,0.,87.));
#13275=CARTESIAN_POINT('Origin',(34.4344678367909,0.,81.5));
#13276=CARTESIAN_POINT('',(34.4344678367909,0.,81.5));
#13277=CARTESIAN_POINT('Origin',(29.4344678367909,0.,81.5));
#13278=CARTESIAN_POINT('',(29.4344678367909,0.,81.5));
#13279=CARTESIAN_POINT('Origin',(29.4344678367909,0.,70.5));
#13280=CARTESIAN_POINT('',(29.4344678367909,0.,70.5));
#13281=CARTESIAN_POINT('Origin',(42.4344678367909,0.,70.5));
#13282=CARTESIAN_POINT('',(42.4344678367909,0.,70.5));
#13283=CARTESIAN_POINT('Origin',(42.4344678367909,0.,81.5));
#13284=CARTESIAN_POINT('Origin',(32.934467836791,0.,88.5));
#13285=CARTESIAN_POINT('',(27.4344678367909,0.,88.5));
#13286=CARTESIAN_POINT('',(32.934467836791,0.,88.5));
#13287=CARTESIAN_POINT('Origin',(16.9344678367909,0.,84.));
#13288=CARTESIAN_POINT('',(26.9344678367909,0.,84.));
#13289=CARTESIAN_POINT('',(16.9344678367909,0.,84.));
#13290=CARTESIAN_POINT('Origin',(16.9344678367909,0.,96.));
#13291=CARTESIAN_POINT('',(16.9344678367909,0.,96.));
#13292=CARTESIAN_POINT('Origin',(26.9344678367909,0.,96.));
#13293=CARTESIAN_POINT('',(26.9344678367909,0.,96.));
#13294=CARTESIAN_POINT('Origin',(26.9344678367909,0.,91.));
#13295=CARTESIAN_POINT('',(26.9344678367909,0.,91.));
#13296=CARTESIAN_POINT('Origin',(32.9344678367909,0.,91.));
#13297=CARTESIAN_POINT('',(32.9344678367909,0.,91.));
#13298=CARTESIAN_POINT('Origin',(32.9344678367909,0.,91.5));
#13299=CARTESIAN_POINT('',(32.9344678367909,0.,91.5));
#13300=CARTESIAN_POINT('Origin',(27.4344678367909,0.,91.5));
#13301=CARTESIAN_POINT('',(27.4344678367909,0.,91.5));
#13302=CARTESIAN_POINT('Origin',(27.4344678367909,0.,96.5));
#13303=CARTESIAN_POINT('',(27.4344678367909,0.,96.5));
#13304=CARTESIAN_POINT('Origin',(16.4344678367909,0.,96.5));
#13305=CARTESIAN_POINT('',(16.4344678367909,0.,96.5));
#13306=CARTESIAN_POINT('Origin',(16.4344678367909,0.,83.5));
#13307=CARTESIAN_POINT('',(16.4344678367909,0.,83.5));
#13308=CARTESIAN_POINT('Origin',(27.4344678367909,0.,83.5));
#13309=CARTESIAN_POINT('',(27.4344678367909,0.,83.5));
#13310=CARTESIAN_POINT('Origin',(27.4344678367909,0.,88.5));
#13311=CARTESIAN_POINT('Origin',(27.4344678367909,0.,144.5));
#13312=CARTESIAN_POINT('',(27.4344678367909,0.,139.5));
#13313=CARTESIAN_POINT('',(27.4344678367909,0.,144.5));
#13314=CARTESIAN_POINT('Origin',(32.934467836791,0.,144.5));
#13315=CARTESIAN_POINT('',(32.934467836791,0.,144.5));
#13316=CARTESIAN_POINT('Origin',(32.934467836791,0.,145.));
#13317=CARTESIAN_POINT('',(32.9344678367909,0.,147.));
#13318=CARTESIAN_POINT('',(32.9344678367909,0.,147.5));
#13319=CARTESIAN_POINT('Origin',(26.9344678367909,0.,140.));
#13320=CARTESIAN_POINT('',(26.9344678367909,0.,152.));
#13321=CARTESIAN_POINT('',(26.9344678367909,0.,147.));
#13322=CARTESIAN_POINT('',(26.9344678367909,0.,140.));
#13323=CARTESIAN_POINT('Origin',(16.9344678367909,0.,140.));
#13324=CARTESIAN_POINT('',(16.9344678367909,0.,140.));
#13325=CARTESIAN_POINT('Origin',(16.9344678367909,0.,152.));
#13326=CARTESIAN_POINT('',(16.9344678367909,0.,152.));
#13327=CARTESIAN_POINT('Origin',(26.9344678367909,0.,152.));
#13328=CARTESIAN_POINT('Origin',(32.9344678367909,0.,147.));
#13329=CARTESIAN_POINT('Origin',(27.4344678367909,0.,147.5));
#13330=CARTESIAN_POINT('',(27.4344678367909,0.,147.5));
#13331=CARTESIAN_POINT('Origin',(27.4344678367909,0.,152.5));
#13332=CARTESIAN_POINT('',(27.4344678367909,0.,152.5));
#13333=CARTESIAN_POINT('Origin',(16.4344678367909,0.,152.5));
#13334=CARTESIAN_POINT('',(16.4344678367909,0.,152.5));
#13335=CARTESIAN_POINT('Origin',(16.4344678367909,0.,139.5));
#13336=CARTESIAN_POINT('',(16.4344678367909,0.,139.5));
#13337=CARTESIAN_POINT('Origin',(27.4344678367909,0.,139.5));
#13338=CARTESIAN_POINT('Origin',(44.4344678367909,0.,122.5));
#13339=CARTESIAN_POINT('',(44.4344678367909,0.,127.5));
#13340=CARTESIAN_POINT('',(44.4344678367909,0.,122.5));
#13341=CARTESIAN_POINT('Origin',(38.9344678367909,0.,122.5));
#13342=CARTESIAN_POINT('',(38.9344678367909,0.,122.5));
#13343=CARTESIAN_POINT('Origin',(38.9344678367909,0.,122.));
#13344=CARTESIAN_POINT('',(38.9344678367909,0.,120.));
#13345=CARTESIAN_POINT('',(38.9344678367909,0.,119.5));
#13346=CARTESIAN_POINT('Origin',(44.9344678367909,0.,127.));
#13347=CARTESIAN_POINT('',(44.9344678367909,0.,115.));
#13348=CARTESIAN_POINT('',(44.9344678367909,0.,120.));
#13349=CARTESIAN_POINT('',(44.9344678367909,0.,127.));
#13350=CARTESIAN_POINT('Origin',(54.9344678367909,0.,127.));
#13351=CARTESIAN_POINT('',(54.9344678367909,0.,127.));
#13352=CARTESIAN_POINT('Origin',(54.9344678367909,0.,115.));
#13353=CARTESIAN_POINT('',(54.9344678367909,0.,115.));
#13354=CARTESIAN_POINT('Origin',(44.9344678367909,0.,115.));
#13355=CARTESIAN_POINT('Origin',(38.9344678367909,0.,120.));
#13356=CARTESIAN_POINT('Origin',(44.4344678367909,0.,119.5));
#13357=CARTESIAN_POINT('',(44.4344678367909,0.,119.5));
#13358=CARTESIAN_POINT('Origin',(44.4344678367909,0.,114.5));
#13359=CARTESIAN_POINT('',(44.4344678367909,0.,114.5));
#13360=CARTESIAN_POINT('Origin',(55.4344678367909,0.,114.5));
#13361=CARTESIAN_POINT('',(55.4344678367909,0.,114.5));
#13362=CARTESIAN_POINT('Origin',(55.4344678367909,0.,127.5));
#13363=CARTESIAN_POINT('',(55.4344678367909,0.,127.5));
#13364=CARTESIAN_POINT('Origin',(44.4344678367909,0.,127.5));
#13365=CARTESIAN_POINT('Origin',(38.9344678367909,0.,91.5));
#13366=CARTESIAN_POINT('',(44.4344678367909,0.,91.5));
#13367=CARTESIAN_POINT('',(38.9344678367909,0.,91.5));
#13368=CARTESIAN_POINT('Origin',(54.9344678367909,0.,96.));
#13369=CARTESIAN_POINT('',(44.9344678367909,0.,96.));
#13370=CARTESIAN_POINT('',(54.9344678367909,0.,96.));
#13371=CARTESIAN_POINT('Origin',(54.9344678367909,0.,84.));
#13372=CARTESIAN_POINT('',(54.9344678367909,0.,84.));
#13373=CARTESIAN_POINT('Origin',(44.9344678367909,0.,84.));
#13374=CARTESIAN_POINT('',(44.9344678367909,0.,84.));
#13375=CARTESIAN_POINT('Origin',(44.9344678367909,0.,89.));
#13376=CARTESIAN_POINT('',(44.9344678367909,0.,89.));
#13377=CARTESIAN_POINT('Origin',(38.9344678367909,0.,89.));
#13378=CARTESIAN_POINT('',(38.9344678367909,0.,89.));
#13379=CARTESIAN_POINT('Origin',(38.9344678367909,0.,88.5));
#13380=CARTESIAN_POINT('',(38.9344678367909,0.,88.5));
#13381=CARTESIAN_POINT('Origin',(44.4344678367909,0.,88.5));
#13382=CARTESIAN_POINT('',(44.4344678367909,0.,88.5));
#13383=CARTESIAN_POINT('Origin',(44.4344678367909,0.,83.5));
#13384=CARTESIAN_POINT('',(44.4344678367909,0.,83.5));
#13385=CARTESIAN_POINT('Origin',(55.4344678367909,0.,83.5));
#13386=CARTESIAN_POINT('',(55.4344678367909,0.,83.5));
#13387=CARTESIAN_POINT('Origin',(55.4344678367909,0.,96.5));
#13388=CARTESIAN_POINT('',(55.4344678367909,0.,96.5));
#13389=CARTESIAN_POINT('Origin',(44.4344678367909,0.,96.5));
#13390=CARTESIAN_POINT('',(44.4344678367909,0.,96.5));
#13391=CARTESIAN_POINT('Origin',(44.4344678367909,0.,91.5));
#13392=CARTESIAN_POINT('Origin',(34.4344678367909,0.,93.));
#13393=CARTESIAN_POINT('',(34.4344678367909,0.,98.5));
#13394=CARTESIAN_POINT('',(34.4344678367909,0.,93.));
#13395=CARTESIAN_POINT('Origin',(29.9344678367909,0.,109.));
#13396=CARTESIAN_POINT('',(29.9344678367909,0.,99.));
#13397=CARTESIAN_POINT('',(29.9344678367909,0.,109.));
#13398=CARTESIAN_POINT('Origin',(41.9344678367909,0.,109.));
#13399=CARTESIAN_POINT('',(41.9344678367909,0.,109.));
#13400=CARTESIAN_POINT('Origin',(41.9344678367909,0.,99.));
#13401=CARTESIAN_POINT('',(41.9344678367909,0.,99.));
#13402=CARTESIAN_POINT('Origin',(36.9344678367909,0.,99.));
#13403=CARTESIAN_POINT('',(36.9344678367909,0.,99.));
#13404=CARTESIAN_POINT('Origin',(36.9344678367909,0.,93.));
#13405=CARTESIAN_POINT('',(36.9344678367909,0.,93.));
#13406=CARTESIAN_POINT('Origin',(37.4344678367909,0.,93.));
#13407=CARTESIAN_POINT('',(37.4344678367909,0.,93.));
#13408=CARTESIAN_POINT('Origin',(37.4344678367909,0.,98.5));
#13409=CARTESIAN_POINT('',(37.4344678367909,0.,98.5));
#13410=CARTESIAN_POINT('Origin',(42.4344678367909,0.,98.5));
#13411=CARTESIAN_POINT('',(42.4344678367909,0.,98.5));
#13412=CARTESIAN_POINT('Origin',(42.4344678367909,0.,109.5));
#13413=CARTESIAN_POINT('',(42.4344678367909,0.,109.5));
#13414=CARTESIAN_POINT('Origin',(29.4344678367909,0.,109.5));
#13415=CARTESIAN_POINT('',(29.4344678367909,0.,109.5));
#13416=CARTESIAN_POINT('Origin',(29.4344678367909,0.,98.5));
#13417=CARTESIAN_POINT('',(29.4344678367909,0.,98.5));
#13418=CARTESIAN_POINT('Origin',(34.4344678367909,0.,98.5));
#13419=CARTESIAN_POINT('Origin',(44.4344678367909,0.,147.5));
#13420=CARTESIAN_POINT('',(44.4344678367909,0.,152.5));
#13421=CARTESIAN_POINT('',(44.4344678367909,0.,147.5));
#13422=CARTESIAN_POINT('Origin',(38.9344678367909,0.,147.5));
#13423=CARTESIAN_POINT('',(38.9344678367909,0.,147.5));
#13424=CARTESIAN_POINT('Origin',(54.9344678367909,0.,152.));
#13425=CARTESIAN_POINT('',(44.9344678367909,0.,152.));
#13426=CARTESIAN_POINT('',(54.9344678367909,0.,152.));
#13427=CARTESIAN_POINT('Origin',(54.9344678367909,0.,140.));
#13428=CARTESIAN_POINT('',(54.9344678367909,0.,140.));
#13429=CARTESIAN_POINT('Origin',(44.9344678367909,0.,140.));
#13430=CARTESIAN_POINT('',(44.9344678367909,0.,140.));
#13431=CARTESIAN_POINT('Origin',(44.9344678367909,0.,145.));
#13432=CARTESIAN_POINT('',(44.9344678367909,0.,145.));
#13433=CARTESIAN_POINT('Origin',(38.9344678367909,0.,145.));
#13434=CARTESIAN_POINT('',(38.9344678367909,0.,145.));
#13435=CARTESIAN_POINT('Origin',(38.9344678367909,0.,144.5));
#13436=CARTESIAN_POINT('',(38.9344678367909,0.,144.5));
#13437=CARTESIAN_POINT('Origin',(44.4344678367909,0.,144.5));
#13438=CARTESIAN_POINT('',(44.4344678367909,0.,144.5));
#13439=CARTESIAN_POINT('Origin',(44.4344678367909,0.,139.5));
#13440=CARTESIAN_POINT('',(44.4344678367909,0.,139.5));
#13441=CARTESIAN_POINT('Origin',(55.4344678367909,0.,139.5));
#13442=CARTESIAN_POINT('',(55.4344678367909,0.,139.5));
#13443=CARTESIAN_POINT('Origin',(55.4344678367909,0.,152.5));
#13444=CARTESIAN_POINT('',(55.4344678367909,0.,152.5));
#13445=CARTESIAN_POINT('Origin',(44.4344678367909,0.,152.5));
#13446=CARTESIAN_POINT('Origin',(48.9344678367909,0.,15.));
#13447=CARTESIAN_POINT('',(15.0344678367909,0.,15.));
#13448=CARTESIAN_POINT('Origin',(15.0344678367909,0.,15.));
#13449=CARTESIAN_POINT('Origin',(15.0824641485637,10.,180.));
#13450=CARTESIAN_POINT('',(15.0824641485637,7.5,178.));
#13451=CARTESIAN_POINT('',(15.0824641485637,4.,168.));
#13452=CARTESIAN_POINT('Origin',(34.3541540710806,6.,168.));
#13453=CARTESIAN_POINT('',(12.2630040505801,-4.52789521036429,168.));
#13454=CARTESIAN_POINT('Origin',(34.2039641485637,5.,180.));
#13455=CARTESIAN_POINT('',(6.37901722431163,-1.15713278178921,180.));
#13456=CARTESIAN_POINT('',(61.4037496858947,-6.59125322595654,180.));
#13457=CARTESIAN_POINT('Origin',(4.48336148154988,2.,2.));
#13458=CARTESIAN_POINT('',(3.65480648761714,2.69524018981905,12.));
#13459=CARTESIAN_POINT('Origin',(56.8254641485637,2.,180.));
#13460=CARTESIAN_POINT('',(56.8254641485637,3.5,178.));
#13461=CARTESIAN_POINT('',(56.8254641485637,8.,168.));
#13462=CARTESIAN_POINT('Origin',(34.3541540710806,6.,168.));
#13463=CARTESIAN_POINT('',(64.6336061696054,-0.87519156569815,168.));
#13464=CARTESIAN_POINT('Origin',(73.758975401365,10.,2.));
#13465=CARTESIAN_POINT('',(71.0250379130715,6.7418201763983,12.));
#13466=CARTESIAN_POINT('Origin',(15.0824641485637,2.,0.));
#13467=CARTESIAN_POINT('',(15.0824641485637,3.5,2.));
#13468=CARTESIAN_POINT('',(15.0824641485637,10.,12.));
#13469=CARTESIAN_POINT('Origin',(5.01589844467995,6.,12.));
#13470=CARTESIAN_POINT('Origin',(34.2039641485637,5.,0.));
#13471=CARTESIAN_POINT('',(66.9344678367909,0.,0.));
#13472=CARTESIAN_POINT('',(-6.9175358514363,10.,0.));
#13473=CARTESIAN_POINT('Origin',(56.8254641485637,10.,0.));
#13474=CARTESIAN_POINT('',(56.8254641485637,7.5,2.));
#13475=CARTESIAN_POINT('',(56.8254641485637,10.,12.));
#13476=CARTESIAN_POINT('Origin',(65.2922197749643,6.,12.));
#13477=CARTESIAN_POINT('Origin',(34.2039641485637,5.,2.));
#13478=CARTESIAN_POINT('Origin',(34.2039641485637,5.,178.));
#13479=CARTESIAN_POINT('Origin',(66.9344678367909,0.,0.));
#13480=CARTESIAN_POINT('Origin',(-6.9175358514363,10.,0.));
#13481=UNCERTAINTY_MEASURE_WITH_UNIT(LENGTH_MEASURE(0.01),#13485,
'DISTANCE_ACCURACY_VALUE',
'Maximum model space distance between geometric entities at asserted c
onnectivities');
#13482=UNCERTAINTY_MEASURE_WITH_UNIT(LENGTH_MEASURE(0.01),#13485,
'DISTANCE_ACCURACY_VALUE',
'Maximum model space distance between geometric entities at asserted c
onnectivities');
#13483=(
GEOMETRIC_REPRESENTATION_CONTEXT(3)
GLOBAL_UNCERTAINTY_ASSIGNED_CONTEXT((#13481))
GLOBAL_UNIT_ASSIGNED_CONTEXT((#13485,#13487,#13488))
REPRESENTATION_CONTEXT('','3D')
);
#13484=(
GEOMETRIC_REPRESENTATION_CONTEXT(3)
GLOBAL_UNCERTAINTY_ASSIGNED_CONTEXT((#13482))
GLOBAL_UNIT_ASSIGNED_CONTEXT((#13485,#13487,#13488))
REPRESENTATION_CONTEXT('','3D')
);
#13485=(
LENGTH_UNIT()
NAMED_UNIT(*)
SI_UNIT(.MILLI.,.METRE.)
);
#13486=(
LENGTH_UNIT()
NAMED_UNIT(*)
SI_UNIT($,.METRE.)
);
#13487=(
NAMED_UNIT(*)
PLANE_ANGLE_UNIT()
SI_UNIT($,.RADIAN.)
);
#13488=(
NAMED_UNIT(*)
SI_UNIT($,.STERADIAN.)
SOLID_ANGLE_UNIT()
);
#13489=SHAPE_DEFINITION_REPRESENTATION(#13490,#13491);
#13490=PRODUCT_DEFINITION_SHAPE('',$,#13493);
#13491=SHAPE_REPRESENTATION('',(#8035),#13483);
#13492=PRODUCT_DEFINITION_CONTEXT('part definition',#13497,'design');
#13493=PRODUCT_DEFINITION('DP_box__front_cover',
'DP_box__front_cover v24',#13494,#13492);
#13494=PRODUCT_DEFINITION_FORMATION('',$,#13499);
#13495=PRODUCT_RELATED_PRODUCT_CATEGORY('DP_box__front_cover v24',
'DP_box__front_cover v24',(#13499));
#13496=APPLICATION_PROTOCOL_DEFINITION('international standard',
'automotive_design',2009,#13497);
#13497=APPLICATION_CONTEXT(
'Core Data for Automotive Mechanical Design Process');
#13498=PRODUCT_CONTEXT('part definition',#13497,'mechanical');
#13499=PRODUCT('DP_box__front_cover','DP_box__front_cover v24',$,(#13498));
#13500=PRESENTATION_STYLE_ASSIGNMENT((#13501));
#13501=SURFACE_STYLE_USAGE(.BOTH.,#13502);
#13502=SURFACE_SIDE_STYLE('',(#13503));
#13503=SURFACE_STYLE_FILL_AREA(#13504);
#13504=FILL_AREA_STYLE('Steel - Satin',(#13505));
#13505=FILL_AREA_STYLE_COLOUR('Steel - Satin',#13506);
#13506=COLOUR_RGB('Steel - Satin',0.627450980392157,0.627450980392157,0.627450980392157);
ENDSEC;
END-ISO-10303-21;
