ISO-10303-21;
HEADER;
/* Generated by software containing ST-Developer
 * from STEP Tools, Inc. (www.steptools.com) 
 */

FILE_DESCRIPTION(
/* description */ (''),
/* implementation_level */ '2;1');

FILE_NAME(
/* name */ 'C:/Users/Michal-Dell/Downloads/LCD_spring_holder v3.step',
/* time_stamp */ '2020-05-03T15:53:47+02:00',
/* author */ (''),
/* organization */ (''),
/* preprocessor_version */ 'ST-DEVELOPER v18.1',
/* originating_system */ 'Autodesk Translation Framework v9.2.0.1227',
/* authorisation */ '');

FILE_SCHEMA (('AUTOMOTIVE_DESIGN { 1 0 10303 214 3 1 1 }'));
ENDSEC;

DATA;
#10=MECHANICAL_DESIGN_GEOMETRIC_PRESENTATION_REPRESENTATION('',(#13),#2879);
#11=SHAPE_REPRESENTATION_RELATIONSHIP('SRR','None',#2886,#12);
#12=ADVANCED_BREP_SHAPE_REPRESENTATION('',(#14),#2878);
#13=STYLED_ITEM('',(#2895),#14);
#14=MANIFOLD_SOLID_BREP('Body1',#1827);
#15=FACE_BOUND('',#150,.T.);
#16=FACE_BOUND('',#152,.T.);
#17=FACE_BOUND('',#153,.T.);
#18=FACE_BOUND('',#154,.T.);
#19=FACE_BOUND('',#155,.T.);
#20=FACE_BOUND('',#157,.T.);
#21=FACE_BOUND('',#159,.T.);
#22=FACE_BOUND('',#213,.T.);
#23=FACE_BOUND('',#215,.T.);
#24=FACE_BOUND('',#216,.T.);
#25=FACE_BOUND('',#217,.T.);
#26=FACE_BOUND('',#218,.T.);
#27=FACE_OUTER_BOUND('',#117,.T.);
#28=FACE_OUTER_BOUND('',#118,.T.);
#29=FACE_OUTER_BOUND('',#119,.T.);
#30=FACE_OUTER_BOUND('',#120,.T.);
#31=FACE_OUTER_BOUND('',#121,.T.);
#32=FACE_OUTER_BOUND('',#122,.T.);
#33=FACE_OUTER_BOUND('',#123,.T.);
#34=FACE_OUTER_BOUND('',#124,.T.);
#35=FACE_OUTER_BOUND('',#125,.T.);
#36=FACE_OUTER_BOUND('',#126,.T.);
#37=FACE_OUTER_BOUND('',#127,.T.);
#38=FACE_OUTER_BOUND('',#128,.T.);
#39=FACE_OUTER_BOUND('',#129,.T.);
#40=FACE_OUTER_BOUND('',#130,.T.);
#41=FACE_OUTER_BOUND('',#131,.T.);
#42=FACE_OUTER_BOUND('',#132,.T.);
#43=FACE_OUTER_BOUND('',#133,.T.);
#44=FACE_OUTER_BOUND('',#134,.T.);
#45=FACE_OUTER_BOUND('',#135,.T.);
#46=FACE_OUTER_BOUND('',#136,.T.);
#47=FACE_OUTER_BOUND('',#137,.T.);
#48=FACE_OUTER_BOUND('',#138,.T.);
#49=FACE_OUTER_BOUND('',#139,.T.);
#50=FACE_OUTER_BOUND('',#140,.T.);
#51=FACE_OUTER_BOUND('',#141,.T.);
#52=FACE_OUTER_BOUND('',#142,.T.);
#53=FACE_OUTER_BOUND('',#143,.T.);
#54=FACE_OUTER_BOUND('',#144,.T.);
#55=FACE_OUTER_BOUND('',#145,.T.);
#56=FACE_OUTER_BOUND('',#146,.T.);
#57=FACE_OUTER_BOUND('',#147,.T.);
#58=FACE_OUTER_BOUND('',#148,.T.);
#59=FACE_OUTER_BOUND('',#149,.T.);
#60=FACE_OUTER_BOUND('',#151,.T.);
#61=FACE_OUTER_BOUND('',#156,.T.);
#62=FACE_OUTER_BOUND('',#158,.T.);
#63=FACE_OUTER_BOUND('',#160,.T.);
#64=FACE_OUTER_BOUND('',#161,.T.);
#65=FACE_OUTER_BOUND('',#162,.T.);
#66=FACE_OUTER_BOUND('',#163,.T.);
#67=FACE_OUTER_BOUND('',#164,.T.);
#68=FACE_OUTER_BOUND('',#165,.T.);
#69=FACE_OUTER_BOUND('',#166,.T.);
#70=FACE_OUTER_BOUND('',#167,.T.);
#71=FACE_OUTER_BOUND('',#168,.T.);
#72=FACE_OUTER_BOUND('',#169,.T.);
#73=FACE_OUTER_BOUND('',#170,.T.);
#74=FACE_OUTER_BOUND('',#171,.T.);
#75=FACE_OUTER_BOUND('',#172,.T.);
#76=FACE_OUTER_BOUND('',#173,.T.);
#77=FACE_OUTER_BOUND('',#174,.T.);
#78=FACE_OUTER_BOUND('',#175,.T.);
#79=FACE_OUTER_BOUND('',#176,.T.);
#80=FACE_OUTER_BOUND('',#177,.T.);
#81=FACE_OUTER_BOUND('',#178,.T.);
#82=FACE_OUTER_BOUND('',#179,.T.);
#83=FACE_OUTER_BOUND('',#180,.T.);
#84=FACE_OUTER_BOUND('',#181,.T.);
#85=FACE_OUTER_BOUND('',#182,.T.);
#86=FACE_OUTER_BOUND('',#183,.T.);
#87=FACE_OUTER_BOUND('',#184,.T.);
#88=FACE_OUTER_BOUND('',#185,.T.);
#89=FACE_OUTER_BOUND('',#186,.T.);
#90=FACE_OUTER_BOUND('',#187,.T.);
#91=FACE_OUTER_BOUND('',#188,.T.);
#92=FACE_OUTER_BOUND('',#189,.T.);
#93=FACE_OUTER_BOUND('',#190,.T.);
#94=FACE_OUTER_BOUND('',#191,.T.);
#95=FACE_OUTER_BOUND('',#192,.T.);
#96=FACE_OUTER_BOUND('',#193,.T.);
#97=FACE_OUTER_BOUND('',#194,.T.);
#98=FACE_OUTER_BOUND('',#195,.T.);
#99=FACE_OUTER_BOUND('',#196,.T.);
#100=FACE_OUTER_BOUND('',#197,.T.);
#101=FACE_OUTER_BOUND('',#198,.T.);
#102=FACE_OUTER_BOUND('',#199,.T.);
#103=FACE_OUTER_BOUND('',#200,.T.);
#104=FACE_OUTER_BOUND('',#201,.T.);
#105=FACE_OUTER_BOUND('',#202,.T.);
#106=FACE_OUTER_BOUND('',#203,.T.);
#107=FACE_OUTER_BOUND('',#204,.T.);
#108=FACE_OUTER_BOUND('',#205,.T.);
#109=FACE_OUTER_BOUND('',#206,.T.);
#110=FACE_OUTER_BOUND('',#207,.T.);
#111=FACE_OUTER_BOUND('',#208,.T.);
#112=FACE_OUTER_BOUND('',#209,.T.);
#113=FACE_OUTER_BOUND('',#210,.T.);
#114=FACE_OUTER_BOUND('',#211,.T.);
#115=FACE_OUTER_BOUND('',#212,.T.);
#116=FACE_OUTER_BOUND('',#214,.T.);
#117=EDGE_LOOP('',(#1143,#1144,#1145,#1146));
#118=EDGE_LOOP('',(#1147,#1148,#1149,#1150));
#119=EDGE_LOOP('',(#1151,#1152,#1153,#1154));
#120=EDGE_LOOP('',(#1155,#1156,#1157,#1158));
#121=EDGE_LOOP('',(#1159,#1160,#1161,#1162));
#122=EDGE_LOOP('',(#1163,#1164,#1165,#1166));
#123=EDGE_LOOP('',(#1167,#1168,#1169,#1170));
#124=EDGE_LOOP('',(#1171,#1172,#1173,#1174));
#125=EDGE_LOOP('',(#1175,#1176,#1177,#1178));
#126=EDGE_LOOP('',(#1179,#1180,#1181,#1182));
#127=EDGE_LOOP('',(#1183,#1184,#1185,#1186));
#128=EDGE_LOOP('',(#1187,#1188,#1189,#1190));
#129=EDGE_LOOP('',(#1191,#1192,#1193,#1194));
#130=EDGE_LOOP('',(#1195,#1196,#1197,#1198));
#131=EDGE_LOOP('',(#1199,#1200,#1201,#1202));
#132=EDGE_LOOP('',(#1203,#1204,#1205,#1206));
#133=EDGE_LOOP('',(#1207,#1208,#1209,#1210));
#134=EDGE_LOOP('',(#1211,#1212,#1213,#1214));
#135=EDGE_LOOP('',(#1215,#1216,#1217,#1218));
#136=EDGE_LOOP('',(#1219,#1220,#1221,#1222));
#137=EDGE_LOOP('',(#1223,#1224,#1225,#1226));
#138=EDGE_LOOP('',(#1227,#1228,#1229,#1230));
#139=EDGE_LOOP('',(#1231,#1232,#1233,#1234));
#140=EDGE_LOOP('',(#1235,#1236,#1237,#1238));
#141=EDGE_LOOP('',(#1239,#1240,#1241,#1242));
#142=EDGE_LOOP('',(#1243,#1244,#1245,#1246));
#143=EDGE_LOOP('',(#1247,#1248,#1249,#1250));
#144=EDGE_LOOP('',(#1251,#1252,#1253,#1254));
#145=EDGE_LOOP('',(#1255,#1256,#1257,#1258,#1259,#1260));
#146=EDGE_LOOP('',(#1261,#1262,#1263,#1264,#1265,#1266));
#147=EDGE_LOOP('',(#1267,#1268,#1269,#1270,#1271,#1272));
#148=EDGE_LOOP('',(#1273,#1274,#1275,#1276,#1277,#1278));
#149=EDGE_LOOP('',(#1279,#1280,#1281,#1282));
#150=EDGE_LOOP('',(#1283,#1284,#1285,#1286));
#151=EDGE_LOOP('',(#1287,#1288,#1289,#1290,#1291,#1292,#1293,#1294,#1295,
#1296,#1297,#1298,#1299,#1300,#1301,#1302,#1303,#1304,#1305,#1306,#1307,
#1308,#1309,#1310,#1311,#1312,#1313,#1314));
#152=EDGE_LOOP('',(#1315,#1316,#1317,#1318));
#153=EDGE_LOOP('',(#1319,#1320,#1321,#1322));
#154=EDGE_LOOP('',(#1323,#1324,#1325,#1326));
#155=EDGE_LOOP('',(#1327,#1328,#1329,#1330));
#156=EDGE_LOOP('',(#1331,#1332,#1333,#1334));
#157=EDGE_LOOP('',(#1335,#1336,#1337,#1338));
#158=EDGE_LOOP('',(#1339,#1340,#1341,#1342));
#159=EDGE_LOOP('',(#1343,#1344,#1345,#1346));
#160=EDGE_LOOP('',(#1347,#1348,#1349,#1350,#1351,#1352));
#161=EDGE_LOOP('',(#1353,#1354,#1355,#1356));
#162=EDGE_LOOP('',(#1357,#1358,#1359,#1360,#1361,#1362,#1363,#1364));
#163=EDGE_LOOP('',(#1365,#1366,#1367,#1368));
#164=EDGE_LOOP('',(#1369,#1370,#1371,#1372));
#165=EDGE_LOOP('',(#1373,#1374,#1375,#1376));
#166=EDGE_LOOP('',(#1377,#1378,#1379,#1380,#1381,#1382));
#167=EDGE_LOOP('',(#1383,#1384,#1385,#1386));
#168=EDGE_LOOP('',(#1387,#1388,#1389,#1390,#1391,#1392));
#169=EDGE_LOOP('',(#1393,#1394,#1395,#1396,#1397,#1398,#1399,#1400));
#170=EDGE_LOOP('',(#1401,#1402,#1403,#1404));
#171=EDGE_LOOP('',(#1405,#1406,#1407,#1408));
#172=EDGE_LOOP('',(#1409,#1410,#1411,#1412));
#173=EDGE_LOOP('',(#1413,#1414,#1415,#1416));
#174=EDGE_LOOP('',(#1417,#1418,#1419,#1420,#1421,#1422));
#175=EDGE_LOOP('',(#1423,#1424,#1425,#1426,#1427,#1428,#1429,#1430));
#176=EDGE_LOOP('',(#1431,#1432,#1433,#1434));
#177=EDGE_LOOP('',(#1435,#1436,#1437,#1438));
#178=EDGE_LOOP('',(#1439,#1440,#1441,#1442));
#179=EDGE_LOOP('',(#1443,#1444,#1445,#1446));
#180=EDGE_LOOP('',(#1447,#1448,#1449,#1450));
#181=EDGE_LOOP('',(#1451,#1452,#1453,#1454));
#182=EDGE_LOOP('',(#1455,#1456,#1457,#1458));
#183=EDGE_LOOP('',(#1459,#1460,#1461,#1462,#1463,#1464,#1465,#1466));
#184=EDGE_LOOP('',(#1467,#1468,#1469,#1470));
#185=EDGE_LOOP('',(#1471,#1472,#1473,#1474));
#186=EDGE_LOOP('',(#1475,#1476,#1477,#1478));
#187=EDGE_LOOP('',(#1479,#1480,#1481,#1482));
#188=EDGE_LOOP('',(#1483,#1484,#1485,#1486));
#189=EDGE_LOOP('',(#1487,#1488,#1489,#1490));
#190=EDGE_LOOP('',(#1491,#1492,#1493,#1494));
#191=EDGE_LOOP('',(#1495,#1496,#1497,#1498));
#192=EDGE_LOOP('',(#1499,#1500,#1501,#1502));
#193=EDGE_LOOP('',(#1503,#1504,#1505,#1506));
#194=EDGE_LOOP('',(#1507,#1508,#1509,#1510));
#195=EDGE_LOOP('',(#1511,#1512,#1513,#1514));
#196=EDGE_LOOP('',(#1515,#1516,#1517,#1518));
#197=EDGE_LOOP('',(#1519,#1520,#1521,#1522));
#198=EDGE_LOOP('',(#1523,#1524,#1525,#1526));
#199=EDGE_LOOP('',(#1527,#1528,#1529,#1530));
#200=EDGE_LOOP('',(#1531,#1532,#1533,#1534));
#201=EDGE_LOOP('',(#1535,#1536,#1537,#1538));
#202=EDGE_LOOP('',(#1539,#1540,#1541,#1542));
#203=EDGE_LOOP('',(#1543,#1544,#1545,#1546));
#204=EDGE_LOOP('',(#1547,#1548,#1549,#1550));
#205=EDGE_LOOP('',(#1551,#1552,#1553,#1554));
#206=EDGE_LOOP('',(#1555,#1556,#1557,#1558));
#207=EDGE_LOOP('',(#1559,#1560,#1561,#1562));
#208=EDGE_LOOP('',(#1563,#1564,#1565,#1566));
#209=EDGE_LOOP('',(#1567,#1568,#1569,#1570));
#210=EDGE_LOOP('',(#1571,#1572,#1573,#1574));
#211=EDGE_LOOP('',(#1575,#1576,#1577,#1578));
#212=EDGE_LOOP('',(#1579,#1580,#1581,#1582));
#213=EDGE_LOOP('',(#1583,#1584,#1585,#1586));
#214=EDGE_LOOP('',(#1587,#1588,#1589,#1590,#1591,#1592,#1593,#1594,#1595,
#1596,#1597,#1598,#1599,#1600,#1601,#1602,#1603,#1604,#1605,#1606,#1607,
#1608,#1609,#1610,#1611,#1612,#1613,#1614));
#215=EDGE_LOOP('',(#1615,#1616,#1617,#1618,#1619,#1620,#1621,#1622));
#216=EDGE_LOOP('',(#1623,#1624,#1625,#1626,#1627,#1628,#1629,#1630));
#217=EDGE_LOOP('',(#1631,#1632,#1633,#1634,#1635,#1636,#1637,#1638));
#218=EDGE_LOOP('',(#1639,#1640,#1641,#1642,#1643,#1644,#1645,#1646));
#219=LINE('',#2369,#471);
#220=LINE('',#2371,#472);
#221=LINE('',#2373,#473);
#222=LINE('',#2374,#474);
#223=LINE('',#2377,#475);
#224=LINE('',#2379,#476);
#225=LINE('',#2380,#477);
#226=LINE('',#2383,#478);
#227=LINE('',#2385,#479);
#228=LINE('',#2386,#480);
#229=LINE('',#2388,#481);
#230=LINE('',#2389,#482);
#231=LINE('',#2394,#483);
#232=LINE('',#2396,#484);
#233=LINE('',#2398,#485);
#234=LINE('',#2399,#486);
#235=LINE('',#2402,#487);
#236=LINE('',#2404,#488);
#237=LINE('',#2405,#489);
#238=LINE('',#2408,#490);
#239=LINE('',#2410,#491);
#240=LINE('',#2411,#492);
#241=LINE('',#2413,#493);
#242=LINE('',#2414,#494);
#243=LINE('',#2419,#495);
#244=LINE('',#2421,#496);
#245=LINE('',#2423,#497);
#246=LINE('',#2424,#498);
#247=LINE('',#2427,#499);
#248=LINE('',#2429,#500);
#249=LINE('',#2430,#501);
#250=LINE('',#2433,#502);
#251=LINE('',#2435,#503);
#252=LINE('',#2436,#504);
#253=LINE('',#2438,#505);
#254=LINE('',#2439,#506);
#255=LINE('',#2444,#507);
#256=LINE('',#2446,#508);
#257=LINE('',#2448,#509);
#258=LINE('',#2449,#510);
#259=LINE('',#2452,#511);
#260=LINE('',#2454,#512);
#261=LINE('',#2455,#513);
#262=LINE('',#2458,#514);
#263=LINE('',#2460,#515);
#264=LINE('',#2461,#516);
#265=LINE('',#2463,#517);
#266=LINE('',#2464,#518);
#267=LINE('',#2469,#519);
#268=LINE('',#2471,#520);
#269=LINE('',#2473,#521);
#270=LINE('',#2474,#522);
#271=LINE('',#2478,#523);
#272=LINE('',#2479,#524);
#273=LINE('',#2480,#525);
#274=LINE('',#2484,#526);
#275=LINE('',#2486,#527);
#276=LINE('',#2488,#528);
#277=LINE('',#2489,#529);
#278=LINE('',#2492,#530);
#279=LINE('',#2494,#531);
#280=LINE('',#2495,#532);
#281=LINE('',#2499,#533);
#282=LINE('',#2501,#534);
#283=LINE('',#2503,#535);
#284=LINE('',#2504,#536);
#285=LINE('',#2507,#537);
#286=LINE('',#2509,#538);
#287=LINE('',#2510,#539);
#288=LINE('',#2514,#540);
#289=LINE('',#2516,#541);
#290=LINE('',#2518,#542);
#291=LINE('',#2519,#543);
#292=LINE('',#2522,#544);
#293=LINE('',#2524,#545);
#294=LINE('',#2525,#546);
#295=LINE('',#2528,#547);
#296=LINE('',#2530,#548);
#297=LINE('',#2532,#549);
#298=LINE('',#2533,#550);
#299=LINE('',#2536,#551);
#300=LINE('',#2538,#552);
#301=LINE('',#2540,#553);
#302=LINE('',#2541,#554);
#303=LINE('',#2544,#555);
#304=LINE('',#2546,#556);
#305=LINE('',#2548,#557);
#306=LINE('',#2549,#558);
#307=LINE('',#2552,#559);
#308=LINE('',#2554,#560);
#309=LINE('',#2556,#561);
#310=LINE('',#2557,#562);
#311=LINE('',#2560,#563);
#312=LINE('',#2562,#564);
#313=LINE('',#2563,#565);
#314=LINE('',#2567,#566);
#315=LINE('',#2569,#567);
#316=LINE('',#2571,#568);
#317=LINE('',#2573,#569);
#318=LINE('',#2575,#570);
#319=LINE('',#2577,#571);
#320=LINE('',#2579,#572);
#321=LINE('',#2581,#573);
#322=LINE('',#2583,#574);
#323=LINE('',#2585,#575);
#324=LINE('',#2587,#576);
#325=LINE('',#2589,#577);
#326=LINE('',#2591,#578);
#327=LINE('',#2593,#579);
#328=LINE('',#2595,#580);
#329=LINE('',#2597,#581);
#330=LINE('',#2599,#582);
#331=LINE('',#2601,#583);
#332=LINE('',#2603,#584);
#333=LINE('',#2605,#585);
#334=LINE('',#2607,#586);
#335=LINE('',#2609,#587);
#336=LINE('',#2611,#588);
#337=LINE('',#2613,#589);
#338=LINE('',#2615,#590);
#339=LINE('',#2617,#591);
#340=LINE('',#2619,#592);
#341=LINE('',#2620,#593);
#342=LINE('',#2623,#594);
#343=LINE('',#2625,#595);
#344=LINE('',#2627,#596);
#345=LINE('',#2628,#597);
#346=LINE('',#2631,#598);
#347=LINE('',#2633,#599);
#348=LINE('',#2635,#600);
#349=LINE('',#2636,#601);
#350=LINE('',#2639,#602);
#351=LINE('',#2641,#603);
#352=LINE('',#2643,#604);
#353=LINE('',#2644,#605);
#354=LINE('',#2647,#606);
#355=LINE('',#2649,#607);
#356=LINE('',#2651,#608);
#357=LINE('',#2652,#609);
#358=LINE('',#2654,#610);
#359=LINE('',#2657,#611);
#360=LINE('',#2658,#612);
#361=LINE('',#2661,#613);
#362=LINE('',#2663,#614);
#363=LINE('',#2664,#615);
#364=LINE('',#2667,#616);
#365=LINE('',#2669,#617);
#366=LINE('',#2670,#618);
#367=LINE('',#2673,#619);
#368=LINE('',#2675,#620);
#369=LINE('',#2677,#621);
#370=LINE('',#2678,#622);
#371=LINE('',#2679,#623);
#372=LINE('',#2682,#624);
#373=LINE('',#2683,#625);
#374=LINE('',#2686,#626);
#375=LINE('',#2687,#627);
#376=LINE('',#2689,#628);
#377=LINE('',#2691,#629);
#378=LINE('',#2692,#630);
#379=LINE('',#2695,#631);
#380=LINE('',#2696,#632);
#381=LINE('',#2699,#633);
#382=LINE('',#2700,#634);
#383=LINE('',#2703,#635);
#384=LINE('',#2705,#636);
#385=LINE('',#2706,#637);
#386=LINE('',#2707,#638);
#387=LINE('',#2710,#639);
#388=LINE('',#2711,#640);
#389=LINE('',#2714,#641);
#390=LINE('',#2715,#642);
#391=LINE('',#2717,#643);
#392=LINE('',#2720,#644);
#393=LINE('',#2721,#645);
#394=LINE('',#2724,#646);
#395=LINE('',#2725,#647);
#396=LINE('',#2728,#648);
#397=LINE('',#2730,#649);
#398=LINE('',#2731,#650);
#399=LINE('',#2732,#651);
#400=LINE('',#2735,#652);
#401=LINE('',#2736,#653);
#402=LINE('',#2739,#654);
#403=LINE('',#2740,#655);
#404=LINE('',#2742,#656);
#405=LINE('',#2744,#657);
#406=LINE('',#2748,#658);
#407=LINE('',#2749,#659);
#408=LINE('',#2750,#660);
#409=LINE('',#2753,#661);
#410=LINE('',#2754,#662);
#411=LINE('',#2757,#663);
#412=LINE('',#2758,#664);
#413=LINE('',#2760,#665);
#414=LINE('',#2761,#666);
#415=LINE('',#2765,#667);
#416=LINE('',#2766,#668);
#417=LINE('',#2767,#669);
#418=LINE('',#2770,#670);
#419=LINE('',#2771,#671);
#420=LINE('',#2774,#672);
#421=LINE('',#2775,#673);
#422=LINE('',#2778,#674);
#423=LINE('',#2779,#675);
#424=LINE('',#2782,#676);
#425=LINE('',#2783,#677);
#426=LINE('',#2786,#678);
#427=LINE('',#2787,#679);
#428=LINE('',#2790,#680);
#429=LINE('',#2791,#681);
#430=LINE('',#2794,#682);
#431=LINE('',#2795,#683);
#432=LINE('',#2798,#684);
#433=LINE('',#2799,#685);
#434=LINE('',#2802,#686);
#435=LINE('',#2803,#687);
#436=LINE('',#2806,#688);
#437=LINE('',#2807,#689);
#438=LINE('',#2810,#690);
#439=LINE('',#2811,#691);
#440=LINE('',#2814,#692);
#441=LINE('',#2815,#693);
#442=LINE('',#2818,#694);
#443=LINE('',#2819,#695);
#444=LINE('',#2822,#696);
#445=LINE('',#2823,#697);
#446=LINE('',#2826,#698);
#447=LINE('',#2827,#699);
#448=LINE('',#2830,#700);
#449=LINE('',#2831,#701);
#450=LINE('',#2834,#702);
#451=LINE('',#2835,#703);
#452=LINE('',#2838,#704);
#453=LINE('',#2839,#705);
#454=LINE('',#2842,#706);
#455=LINE('',#2843,#707);
#456=LINE('',#2846,#708);
#457=LINE('',#2847,#709);
#458=LINE('',#2850,#710);
#459=LINE('',#2851,#711);
#460=LINE('',#2854,#712);
#461=LINE('',#2855,#713);
#462=LINE('',#2858,#714);
#463=LINE('',#2859,#715);
#464=LINE('',#2862,#716);
#465=LINE('',#2863,#717);
#466=LINE('',#2866,#718);
#467=LINE('',#2867,#719);
#468=LINE('',#2870,#720);
#469=LINE('',#2871,#721);
#470=LINE('',#2873,#722);
#471=VECTOR('',#1935,10.);
#472=VECTOR('',#1936,10.);
#473=VECTOR('',#1937,10.);
#474=VECTOR('',#1938,10.);
#475=VECTOR('',#1941,10.);
#476=VECTOR('',#1942,10.);
#477=VECTOR('',#1943,10.);
#478=VECTOR('',#1946,10.);
#479=VECTOR('',#1947,10.);
#480=VECTOR('',#1948,10.);
#481=VECTOR('',#1951,10.);
#482=VECTOR('',#1952,10.);
#483=VECTOR('',#1957,10.);
#484=VECTOR('',#1958,10.);
#485=VECTOR('',#1959,10.);
#486=VECTOR('',#1960,10.);
#487=VECTOR('',#1963,10.);
#488=VECTOR('',#1964,10.);
#489=VECTOR('',#1965,10.);
#490=VECTOR('',#1968,10.);
#491=VECTOR('',#1969,10.);
#492=VECTOR('',#1970,10.);
#493=VECTOR('',#1973,10.);
#494=VECTOR('',#1974,10.);
#495=VECTOR('',#1979,10.);
#496=VECTOR('',#1980,10.);
#497=VECTOR('',#1981,10.);
#498=VECTOR('',#1982,10.);
#499=VECTOR('',#1985,10.);
#500=VECTOR('',#1986,10.);
#501=VECTOR('',#1987,10.);
#502=VECTOR('',#1990,10.);
#503=VECTOR('',#1991,10.);
#504=VECTOR('',#1992,10.);
#505=VECTOR('',#1995,10.);
#506=VECTOR('',#1996,10.);
#507=VECTOR('',#2001,10.);
#508=VECTOR('',#2002,10.);
#509=VECTOR('',#2003,10.);
#510=VECTOR('',#2004,10.);
#511=VECTOR('',#2007,10.);
#512=VECTOR('',#2008,10.);
#513=VECTOR('',#2009,10.);
#514=VECTOR('',#2012,10.);
#515=VECTOR('',#2013,10.);
#516=VECTOR('',#2014,10.);
#517=VECTOR('',#2017,10.);
#518=VECTOR('',#2018,10.);
#519=VECTOR('',#2023,10.);
#520=VECTOR('',#2024,10.);
#521=VECTOR('',#2025,10.);
#522=VECTOR('',#2026,10.);
#523=VECTOR('',#2029,10.);
#524=VECTOR('',#2030,10.);
#525=VECTOR('',#2031,10.);
#526=VECTOR('',#2034,10.);
#527=VECTOR('',#2035,10.);
#528=VECTOR('',#2036,10.);
#529=VECTOR('',#2037,10.);
#530=VECTOR('',#2040,10.);
#531=VECTOR('',#2041,10.);
#532=VECTOR('',#2042,10.);
#533=VECTOR('',#2045,10.);
#534=VECTOR('',#2046,10.);
#535=VECTOR('',#2047,10.);
#536=VECTOR('',#2048,10.);
#537=VECTOR('',#2051,10.);
#538=VECTOR('',#2052,10.);
#539=VECTOR('',#2053,10.);
#540=VECTOR('',#2056,10.);
#541=VECTOR('',#2057,10.);
#542=VECTOR('',#2058,10.);
#543=VECTOR('',#2059,10.);
#544=VECTOR('',#2062,10.);
#545=VECTOR('',#2063,10.);
#546=VECTOR('',#2064,10.);
#547=VECTOR('',#2067,10.);
#548=VECTOR('',#2068,10.);
#549=VECTOR('',#2069,10.);
#550=VECTOR('',#2070,10.);
#551=VECTOR('',#2073,10.);
#552=VECTOR('',#2074,10.);
#553=VECTOR('',#2075,10.);
#554=VECTOR('',#2076,10.);
#555=VECTOR('',#2079,10.);
#556=VECTOR('',#2080,10.);
#557=VECTOR('',#2081,10.);
#558=VECTOR('',#2082,10.);
#559=VECTOR('',#2085,10.);
#560=VECTOR('',#2086,10.);
#561=VECTOR('',#2087,10.);
#562=VECTOR('',#2088,10.);
#563=VECTOR('',#2091,10.);
#564=VECTOR('',#2092,10.);
#565=VECTOR('',#2093,10.);
#566=VECTOR('',#2096,10.);
#567=VECTOR('',#2097,10.);
#568=VECTOR('',#2098,10.);
#569=VECTOR('',#2099,10.);
#570=VECTOR('',#2100,10.);
#571=VECTOR('',#2101,10.);
#572=VECTOR('',#2102,10.);
#573=VECTOR('',#2103,10.);
#574=VECTOR('',#2104,10.);
#575=VECTOR('',#2105,10.);
#576=VECTOR('',#2106,10.);
#577=VECTOR('',#2107,10.);
#578=VECTOR('',#2108,10.);
#579=VECTOR('',#2109,10.);
#580=VECTOR('',#2110,10.);
#581=VECTOR('',#2111,10.);
#582=VECTOR('',#2112,10.);
#583=VECTOR('',#2113,10.);
#584=VECTOR('',#2114,10.);
#585=VECTOR('',#2115,10.);
#586=VECTOR('',#2116,10.);
#587=VECTOR('',#2117,10.);
#588=VECTOR('',#2118,10.);
#589=VECTOR('',#2119,10.);
#590=VECTOR('',#2120,10.);
#591=VECTOR('',#2121,10.);
#592=VECTOR('',#2122,10.);
#593=VECTOR('',#2123,10.);
#594=VECTOR('',#2124,10.);
#595=VECTOR('',#2125,10.);
#596=VECTOR('',#2126,10.);
#597=VECTOR('',#2127,10.);
#598=VECTOR('',#2128,10.);
#599=VECTOR('',#2129,10.);
#600=VECTOR('',#2130,10.);
#601=VECTOR('',#2131,10.);
#602=VECTOR('',#2132,10.);
#603=VECTOR('',#2133,10.);
#604=VECTOR('',#2134,10.);
#605=VECTOR('',#2135,10.);
#606=VECTOR('',#2136,10.);
#607=VECTOR('',#2137,10.);
#608=VECTOR('',#2138,10.);
#609=VECTOR('',#2139,10.);
#610=VECTOR('',#2142,10.);
#611=VECTOR('',#2145,10.);
#612=VECTOR('',#2146,10.);
#613=VECTOR('',#2149,10.);
#614=VECTOR('',#2150,10.);
#615=VECTOR('',#2151,10.);
#616=VECTOR('',#2154,10.);
#617=VECTOR('',#2155,10.);
#618=VECTOR('',#2156,10.);
#619=VECTOR('',#2159,10.);
#620=VECTOR('',#2160,10.);
#621=VECTOR('',#2161,10.);
#622=VECTOR('',#2162,10.);
#623=VECTOR('',#2163,10.);
#624=VECTOR('',#2166,10.);
#625=VECTOR('',#2167,10.);
#626=VECTOR('',#2170,10.);
#627=VECTOR('',#2171,10.);
#628=VECTOR('',#2174,10.);
#629=VECTOR('',#2177,10.);
#630=VECTOR('',#2178,10.);
#631=VECTOR('',#2181,10.);
#632=VECTOR('',#2182,10.);
#633=VECTOR('',#2185,10.);
#634=VECTOR('',#2186,10.);
#635=VECTOR('',#2189,10.);
#636=VECTOR('',#2190,10.);
#637=VECTOR('',#2191,10.);
#638=VECTOR('',#2192,10.);
#639=VECTOR('',#2195,10.);
#640=VECTOR('',#2196,10.);
#641=VECTOR('',#2199,10.);
#642=VECTOR('',#2200,10.);
#643=VECTOR('',#2203,10.);
#644=VECTOR('',#2206,10.);
#645=VECTOR('',#2207,10.);
#646=VECTOR('',#2210,10.);
#647=VECTOR('',#2211,10.);
#648=VECTOR('',#2214,10.);
#649=VECTOR('',#2215,10.);
#650=VECTOR('',#2216,10.);
#651=VECTOR('',#2217,10.);
#652=VECTOR('',#2220,10.);
#653=VECTOR('',#2221,10.);
#654=VECTOR('',#2224,10.);
#655=VECTOR('',#2225,10.);
#656=VECTOR('',#2228,10.);
#657=VECTOR('',#2231,10.);
#658=VECTOR('',#2234,10.);
#659=VECTOR('',#2235,10.);
#660=VECTOR('',#2236,10.);
#661=VECTOR('',#2239,10.);
#662=VECTOR('',#2240,10.);
#663=VECTOR('',#2243,10.);
#664=VECTOR('',#2244,10.);
#665=VECTOR('',#2247,10.);
#666=VECTOR('',#2248,10.);
#667=VECTOR('',#2251,10.);
#668=VECTOR('',#2252,10.);
#669=VECTOR('',#2253,10.);
#670=VECTOR('',#2256,10.);
#671=VECTOR('',#2257,10.);
#672=VECTOR('',#2260,10.);
#673=VECTOR('',#2261,10.);
#674=VECTOR('',#2264,10.);
#675=VECTOR('',#2265,10.);
#676=VECTOR('',#2268,10.);
#677=VECTOR('',#2269,10.);
#678=VECTOR('',#2272,10.);
#679=VECTOR('',#2273,10.);
#680=VECTOR('',#2276,10.);
#681=VECTOR('',#2277,10.);
#682=VECTOR('',#2280,10.);
#683=VECTOR('',#2281,10.);
#684=VECTOR('',#2284,10.);
#685=VECTOR('',#2285,10.);
#686=VECTOR('',#2288,10.);
#687=VECTOR('',#2289,10.);
#688=VECTOR('',#2292,10.);
#689=VECTOR('',#2293,10.);
#690=VECTOR('',#2296,10.);
#691=VECTOR('',#2297,10.);
#692=VECTOR('',#2300,10.);
#693=VECTOR('',#2301,10.);
#694=VECTOR('',#2304,10.);
#695=VECTOR('',#2305,10.);
#696=VECTOR('',#2308,10.);
#697=VECTOR('',#2309,10.);
#698=VECTOR('',#2312,10.);
#699=VECTOR('',#2313,10.);
#700=VECTOR('',#2316,10.);
#701=VECTOR('',#2317,10.);
#702=VECTOR('',#2320,10.);
#703=VECTOR('',#2321,10.);
#704=VECTOR('',#2324,10.);
#705=VECTOR('',#2325,10.);
#706=VECTOR('',#2328,10.);
#707=VECTOR('',#2329,10.);
#708=VECTOR('',#2332,10.);
#709=VECTOR('',#2333,10.);
#710=VECTOR('',#2336,10.);
#711=VECTOR('',#2337,10.);
#712=VECTOR('',#2340,10.);
#713=VECTOR('',#2341,10.);
#714=VECTOR('',#2344,10.);
#715=VECTOR('',#2345,10.);
#716=VECTOR('',#2348,10.);
#717=VECTOR('',#2349,10.);
#718=VECTOR('',#2352,10.);
#719=VECTOR('',#2353,10.);
#720=VECTOR('',#2356,10.);
#721=VECTOR('',#2357,10.);
#722=VECTOR('',#2360,10.);
#723=VERTEX_POINT('',#2367);
#724=VERTEX_POINT('',#2368);
#725=VERTEX_POINT('',#2370);
#726=VERTEX_POINT('',#2372);
#727=VERTEX_POINT('',#2376);
#728=VERTEX_POINT('',#2378);
#729=VERTEX_POINT('',#2382);
#730=VERTEX_POINT('',#2384);
#731=VERTEX_POINT('',#2392);
#732=VERTEX_POINT('',#2393);
#733=VERTEX_POINT('',#2395);
#734=VERTEX_POINT('',#2397);
#735=VERTEX_POINT('',#2401);
#736=VERTEX_POINT('',#2403);
#737=VERTEX_POINT('',#2407);
#738=VERTEX_POINT('',#2409);
#739=VERTEX_POINT('',#2417);
#740=VERTEX_POINT('',#2418);
#741=VERTEX_POINT('',#2420);
#742=VERTEX_POINT('',#2422);
#743=VERTEX_POINT('',#2426);
#744=VERTEX_POINT('',#2428);
#745=VERTEX_POINT('',#2432);
#746=VERTEX_POINT('',#2434);
#747=VERTEX_POINT('',#2442);
#748=VERTEX_POINT('',#2443);
#749=VERTEX_POINT('',#2445);
#750=VERTEX_POINT('',#2447);
#751=VERTEX_POINT('',#2451);
#752=VERTEX_POINT('',#2453);
#753=VERTEX_POINT('',#2457);
#754=VERTEX_POINT('',#2459);
#755=VERTEX_POINT('',#2467);
#756=VERTEX_POINT('',#2468);
#757=VERTEX_POINT('',#2470);
#758=VERTEX_POINT('',#2472);
#759=VERTEX_POINT('',#2476);
#760=VERTEX_POINT('',#2477);
#761=VERTEX_POINT('',#2482);
#762=VERTEX_POINT('',#2483);
#763=VERTEX_POINT('',#2485);
#764=VERTEX_POINT('',#2487);
#765=VERTEX_POINT('',#2491);
#766=VERTEX_POINT('',#2493);
#767=VERTEX_POINT('',#2497);
#768=VERTEX_POINT('',#2498);
#769=VERTEX_POINT('',#2500);
#770=VERTEX_POINT('',#2502);
#771=VERTEX_POINT('',#2506);
#772=VERTEX_POINT('',#2508);
#773=VERTEX_POINT('',#2512);
#774=VERTEX_POINT('',#2513);
#775=VERTEX_POINT('',#2515);
#776=VERTEX_POINT('',#2517);
#777=VERTEX_POINT('',#2521);
#778=VERTEX_POINT('',#2523);
#779=VERTEX_POINT('',#2527);
#780=VERTEX_POINT('',#2529);
#781=VERTEX_POINT('',#2531);
#782=VERTEX_POINT('',#2535);
#783=VERTEX_POINT('',#2537);
#784=VERTEX_POINT('',#2539);
#785=VERTEX_POINT('',#2543);
#786=VERTEX_POINT('',#2545);
#787=VERTEX_POINT('',#2547);
#788=VERTEX_POINT('',#2551);
#789=VERTEX_POINT('',#2553);
#790=VERTEX_POINT('',#2555);
#791=VERTEX_POINT('',#2559);
#792=VERTEX_POINT('',#2561);
#793=VERTEX_POINT('',#2565);
#794=VERTEX_POINT('',#2566);
#795=VERTEX_POINT('',#2568);
#796=VERTEX_POINT('',#2570);
#797=VERTEX_POINT('',#2572);
#798=VERTEX_POINT('',#2574);
#799=VERTEX_POINT('',#2576);
#800=VERTEX_POINT('',#2578);
#801=VERTEX_POINT('',#2580);
#802=VERTEX_POINT('',#2582);
#803=VERTEX_POINT('',#2584);
#804=VERTEX_POINT('',#2586);
#805=VERTEX_POINT('',#2588);
#806=VERTEX_POINT('',#2590);
#807=VERTEX_POINT('',#2592);
#808=VERTEX_POINT('',#2594);
#809=VERTEX_POINT('',#2596);
#810=VERTEX_POINT('',#2598);
#811=VERTEX_POINT('',#2600);
#812=VERTEX_POINT('',#2602);
#813=VERTEX_POINT('',#2604);
#814=VERTEX_POINT('',#2606);
#815=VERTEX_POINT('',#2608);
#816=VERTEX_POINT('',#2610);
#817=VERTEX_POINT('',#2612);
#818=VERTEX_POINT('',#2614);
#819=VERTEX_POINT('',#2616);
#820=VERTEX_POINT('',#2618);
#821=VERTEX_POINT('',#2621);
#822=VERTEX_POINT('',#2622);
#823=VERTEX_POINT('',#2624);
#824=VERTEX_POINT('',#2626);
#825=VERTEX_POINT('',#2629);
#826=VERTEX_POINT('',#2630);
#827=VERTEX_POINT('',#2632);
#828=VERTEX_POINT('',#2634);
#829=VERTEX_POINT('',#2637);
#830=VERTEX_POINT('',#2638);
#831=VERTEX_POINT('',#2640);
#832=VERTEX_POINT('',#2642);
#833=VERTEX_POINT('',#2645);
#834=VERTEX_POINT('',#2646);
#835=VERTEX_POINT('',#2648);
#836=VERTEX_POINT('',#2650);
#837=VERTEX_POINT('',#2656);
#838=VERTEX_POINT('',#2660);
#839=VERTEX_POINT('',#2662);
#840=VERTEX_POINT('',#2666);
#841=VERTEX_POINT('',#2668);
#842=VERTEX_POINT('',#2672);
#843=VERTEX_POINT('',#2674);
#844=VERTEX_POINT('',#2676);
#845=VERTEX_POINT('',#2681);
#846=VERTEX_POINT('',#2685);
#847=VERTEX_POINT('',#2694);
#848=VERTEX_POINT('',#2698);
#849=VERTEX_POINT('',#2702);
#850=VERTEX_POINT('',#2704);
#851=VERTEX_POINT('',#2709);
#852=VERTEX_POINT('',#2713);
#853=VERTEX_POINT('',#2719);
#854=VERTEX_POINT('',#2723);
#855=VERTEX_POINT('',#2727);
#856=VERTEX_POINT('',#2729);
#857=VERTEX_POINT('',#2734);
#858=VERTEX_POINT('',#2738);
#859=VERTEX_POINT('',#2746);
#860=VERTEX_POINT('',#2747);
#861=VERTEX_POINT('',#2752);
#862=VERTEX_POINT('',#2756);
#863=VERTEX_POINT('',#2763);
#864=VERTEX_POINT('',#2764);
#865=VERTEX_POINT('',#2769);
#866=VERTEX_POINT('',#2773);
#867=VERTEX_POINT('',#2777);
#868=VERTEX_POINT('',#2781);
#869=VERTEX_POINT('',#2785);
#870=VERTEX_POINT('',#2789);
#871=VERTEX_POINT('',#2793);
#872=VERTEX_POINT('',#2797);
#873=VERTEX_POINT('',#2801);
#874=VERTEX_POINT('',#2805);
#875=VERTEX_POINT('',#2809);
#876=VERTEX_POINT('',#2813);
#877=VERTEX_POINT('',#2817);
#878=VERTEX_POINT('',#2821);
#879=VERTEX_POINT('',#2825);
#880=VERTEX_POINT('',#2829);
#881=VERTEX_POINT('',#2833);
#882=VERTEX_POINT('',#2837);
#883=VERTEX_POINT('',#2841);
#884=VERTEX_POINT('',#2845);
#885=VERTEX_POINT('',#2849);
#886=VERTEX_POINT('',#2853);
#887=VERTEX_POINT('',#2857);
#888=VERTEX_POINT('',#2861);
#889=VERTEX_POINT('',#2865);
#890=VERTEX_POINT('',#2869);
#891=EDGE_CURVE('',#723,#724,#219,.T.);
#892=EDGE_CURVE('',#723,#725,#220,.T.);
#893=EDGE_CURVE('',#726,#725,#221,.T.);
#894=EDGE_CURVE('',#724,#726,#222,.T.);
#895=EDGE_CURVE('',#724,#727,#223,.T.);
#896=EDGE_CURVE('',#728,#726,#224,.T.);
#897=EDGE_CURVE('',#727,#728,#225,.T.);
#898=EDGE_CURVE('',#727,#729,#226,.T.);
#899=EDGE_CURVE('',#730,#728,#227,.T.);
#900=EDGE_CURVE('',#729,#730,#228,.T.);
#901=EDGE_CURVE('',#729,#723,#229,.T.);
#902=EDGE_CURVE('',#725,#730,#230,.T.);
#903=EDGE_CURVE('',#731,#732,#231,.T.);
#904=EDGE_CURVE('',#731,#733,#232,.T.);
#905=EDGE_CURVE('',#734,#733,#233,.T.);
#906=EDGE_CURVE('',#732,#734,#234,.T.);
#907=EDGE_CURVE('',#732,#735,#235,.T.);
#908=EDGE_CURVE('',#736,#734,#236,.T.);
#909=EDGE_CURVE('',#735,#736,#237,.T.);
#910=EDGE_CURVE('',#735,#737,#238,.T.);
#911=EDGE_CURVE('',#738,#736,#239,.T.);
#912=EDGE_CURVE('',#737,#738,#240,.T.);
#913=EDGE_CURVE('',#737,#731,#241,.T.);
#914=EDGE_CURVE('',#733,#738,#242,.T.);
#915=EDGE_CURVE('',#739,#740,#243,.T.);
#916=EDGE_CURVE('',#739,#741,#244,.T.);
#917=EDGE_CURVE('',#742,#741,#245,.T.);
#918=EDGE_CURVE('',#740,#742,#246,.T.);
#919=EDGE_CURVE('',#740,#743,#247,.T.);
#920=EDGE_CURVE('',#744,#742,#248,.T.);
#921=EDGE_CURVE('',#743,#744,#249,.T.);
#922=EDGE_CURVE('',#743,#745,#250,.T.);
#923=EDGE_CURVE('',#746,#744,#251,.T.);
#924=EDGE_CURVE('',#745,#746,#252,.T.);
#925=EDGE_CURVE('',#745,#739,#253,.T.);
#926=EDGE_CURVE('',#741,#746,#254,.T.);
#927=EDGE_CURVE('',#747,#748,#255,.T.);
#928=EDGE_CURVE('',#747,#749,#256,.T.);
#929=EDGE_CURVE('',#750,#749,#257,.T.);
#930=EDGE_CURVE('',#748,#750,#258,.T.);
#931=EDGE_CURVE('',#748,#751,#259,.T.);
#932=EDGE_CURVE('',#752,#750,#260,.T.);
#933=EDGE_CURVE('',#751,#752,#261,.T.);
#934=EDGE_CURVE('',#751,#753,#262,.T.);
#935=EDGE_CURVE('',#754,#752,#263,.T.);
#936=EDGE_CURVE('',#753,#754,#264,.T.);
#937=EDGE_CURVE('',#753,#747,#265,.T.);
#938=EDGE_CURVE('',#749,#754,#266,.T.);
#939=EDGE_CURVE('',#755,#756,#267,.T.);
#940=EDGE_CURVE('',#757,#755,#268,.T.);
#941=EDGE_CURVE('',#757,#758,#269,.T.);
#942=EDGE_CURVE('',#756,#758,#270,.T.);
#943=EDGE_CURVE('',#759,#760,#271,.T.);
#944=EDGE_CURVE('',#758,#759,#272,.T.);
#945=EDGE_CURVE('',#760,#757,#273,.T.);
#946=EDGE_CURVE('',#761,#762,#274,.T.);
#947=EDGE_CURVE('',#763,#761,#275,.T.);
#948=EDGE_CURVE('',#763,#764,#276,.T.);
#949=EDGE_CURVE('',#762,#764,#277,.T.);
#950=EDGE_CURVE('',#765,#763,#278,.T.);
#951=EDGE_CURVE('',#766,#765,#279,.T.);
#952=EDGE_CURVE('',#764,#766,#280,.T.);
#953=EDGE_CURVE('',#767,#768,#281,.T.);
#954=EDGE_CURVE('',#769,#767,#282,.T.);
#955=EDGE_CURVE('',#769,#770,#283,.T.);
#956=EDGE_CURVE('',#768,#770,#284,.T.);
#957=EDGE_CURVE('',#770,#771,#285,.T.);
#958=EDGE_CURVE('',#772,#769,#286,.T.);
#959=EDGE_CURVE('',#771,#772,#287,.T.);
#960=EDGE_CURVE('',#773,#774,#288,.T.);
#961=EDGE_CURVE('',#775,#773,#289,.T.);
#962=EDGE_CURVE('',#775,#776,#290,.T.);
#963=EDGE_CURVE('',#774,#776,#291,.T.);
#964=EDGE_CURVE('',#777,#775,#292,.T.);
#965=EDGE_CURVE('',#778,#777,#293,.T.);
#966=EDGE_CURVE('',#776,#778,#294,.T.);
#967=EDGE_CURVE('',#779,#759,#295,.T.);
#968=EDGE_CURVE('',#779,#780,#296,.T.);
#969=EDGE_CURVE('',#780,#781,#297,.T.);
#970=EDGE_CURVE('',#756,#781,#298,.T.);
#971=EDGE_CURVE('',#782,#761,#299,.T.);
#972=EDGE_CURVE('',#783,#782,#300,.T.);
#973=EDGE_CURVE('',#783,#784,#301,.T.);
#974=EDGE_CURVE('',#784,#765,#302,.T.);
#975=EDGE_CURVE('',#785,#767,#303,.T.);
#976=EDGE_CURVE('',#786,#785,#304,.T.);
#977=EDGE_CURVE('',#786,#787,#305,.T.);
#978=EDGE_CURVE('',#787,#772,#306,.T.);
#979=EDGE_CURVE('',#788,#771,#307,.T.);
#980=EDGE_CURVE('',#788,#789,#308,.T.);
#981=EDGE_CURVE('',#789,#790,#309,.T.);
#982=EDGE_CURVE('',#768,#790,#310,.T.);
#983=EDGE_CURVE('',#774,#791,#311,.T.);
#984=EDGE_CURVE('',#791,#792,#312,.T.);
#985=EDGE_CURVE('',#792,#773,#313,.T.);
#986=EDGE_CURVE('',#793,#794,#314,.T.);
#987=EDGE_CURVE('',#794,#795,#315,.T.);
#988=EDGE_CURVE('',#795,#796,#316,.T.);
#989=EDGE_CURVE('',#796,#797,#317,.T.);
#990=EDGE_CURVE('',#797,#798,#318,.T.);
#991=EDGE_CURVE('',#798,#799,#319,.T.);
#992=EDGE_CURVE('',#799,#800,#320,.T.);
#993=EDGE_CURVE('',#800,#801,#321,.T.);
#994=EDGE_CURVE('',#801,#802,#322,.T.);
#995=EDGE_CURVE('',#802,#803,#323,.T.);
#996=EDGE_CURVE('',#803,#804,#324,.T.);
#997=EDGE_CURVE('',#804,#805,#325,.T.);
#998=EDGE_CURVE('',#805,#806,#326,.T.);
#999=EDGE_CURVE('',#806,#807,#327,.T.);
#1000=EDGE_CURVE('',#807,#808,#328,.T.);
#1001=EDGE_CURVE('',#808,#809,#329,.T.);
#1002=EDGE_CURVE('',#809,#810,#330,.T.);
#1003=EDGE_CURVE('',#810,#811,#331,.T.);
#1004=EDGE_CURVE('',#811,#812,#332,.T.);
#1005=EDGE_CURVE('',#812,#813,#333,.T.);
#1006=EDGE_CURVE('',#813,#814,#334,.T.);
#1007=EDGE_CURVE('',#814,#815,#335,.T.);
#1008=EDGE_CURVE('',#815,#816,#336,.T.);
#1009=EDGE_CURVE('',#816,#817,#337,.T.);
#1010=EDGE_CURVE('',#817,#818,#338,.T.);
#1011=EDGE_CURVE('',#818,#819,#339,.T.);
#1012=EDGE_CURVE('',#819,#820,#340,.T.);
#1013=EDGE_CURVE('',#820,#793,#341,.T.);
#1014=EDGE_CURVE('',#821,#822,#342,.T.);
#1015=EDGE_CURVE('',#822,#823,#343,.T.);
#1016=EDGE_CURVE('',#823,#824,#344,.T.);
#1017=EDGE_CURVE('',#824,#821,#345,.T.);
#1018=EDGE_CURVE('',#825,#826,#346,.T.);
#1019=EDGE_CURVE('',#826,#827,#347,.T.);
#1020=EDGE_CURVE('',#827,#828,#348,.T.);
#1021=EDGE_CURVE('',#828,#825,#349,.T.);
#1022=EDGE_CURVE('',#829,#830,#350,.T.);
#1023=EDGE_CURVE('',#830,#831,#351,.T.);
#1024=EDGE_CURVE('',#831,#832,#352,.T.);
#1025=EDGE_CURVE('',#832,#829,#353,.T.);
#1026=EDGE_CURVE('',#833,#834,#354,.T.);
#1027=EDGE_CURVE('',#834,#835,#355,.T.);
#1028=EDGE_CURVE('',#835,#836,#356,.T.);
#1029=EDGE_CURVE('',#836,#833,#357,.T.);
#1030=EDGE_CURVE('',#790,#785,#358,.T.);
#1031=EDGE_CURVE('',#762,#837,#359,.T.);
#1032=EDGE_CURVE('',#837,#782,#360,.T.);
#1033=EDGE_CURVE('',#838,#792,#361,.T.);
#1034=EDGE_CURVE('',#838,#839,#362,.T.);
#1035=EDGE_CURVE('',#839,#777,#363,.T.);
#1036=EDGE_CURVE('',#780,#840,#364,.T.);
#1037=EDGE_CURVE('',#840,#841,#365,.T.);
#1038=EDGE_CURVE('',#781,#841,#366,.T.);
#1039=EDGE_CURVE('',#842,#779,#367,.T.);
#1040=EDGE_CURVE('',#843,#760,#368,.T.);
#1041=EDGE_CURVE('',#843,#844,#369,.T.);
#1042=EDGE_CURVE('',#844,#834,#370,.T.);
#1043=EDGE_CURVE('',#842,#833,#371,.T.);
#1044=EDGE_CURVE('',#845,#842,#372,.T.);
#1045=EDGE_CURVE('',#845,#836,#373,.T.);
#1046=EDGE_CURVE('',#846,#845,#374,.T.);
#1047=EDGE_CURVE('',#846,#835,#375,.T.);
#1048=EDGE_CURVE('',#844,#846,#376,.T.);
#1049=EDGE_CURVE('',#841,#755,#377,.T.);
#1050=EDGE_CURVE('',#840,#843,#378,.T.);
#1051=EDGE_CURVE('',#847,#838,#379,.T.);
#1052=EDGE_CURVE('',#847,#791,#380,.T.);
#1053=EDGE_CURVE('',#848,#778,#381,.T.);
#1054=EDGE_CURVE('',#848,#847,#382,.T.);
#1055=EDGE_CURVE('',#849,#848,#383,.T.);
#1056=EDGE_CURVE('',#839,#850,#384,.T.);
#1057=EDGE_CURVE('',#850,#830,#385,.T.);
#1058=EDGE_CURVE('',#849,#829,#386,.T.);
#1059=EDGE_CURVE('',#851,#849,#387,.T.);
#1060=EDGE_CURVE('',#851,#832,#388,.T.);
#1061=EDGE_CURVE('',#852,#851,#389,.T.);
#1062=EDGE_CURVE('',#852,#831,#390,.T.);
#1063=EDGE_CURVE('',#850,#852,#391,.T.);
#1064=EDGE_CURVE('',#853,#783,#392,.T.);
#1065=EDGE_CURVE('',#853,#837,#393,.T.);
#1066=EDGE_CURVE('',#854,#766,#394,.T.);
#1067=EDGE_CURVE('',#854,#853,#395,.T.);
#1068=EDGE_CURVE('',#855,#854,#396,.T.);
#1069=EDGE_CURVE('',#784,#856,#397,.T.);
#1070=EDGE_CURVE('',#856,#826,#398,.T.);
#1071=EDGE_CURVE('',#855,#825,#399,.T.);
#1072=EDGE_CURVE('',#857,#855,#400,.T.);
#1073=EDGE_CURVE('',#857,#828,#401,.T.);
#1074=EDGE_CURVE('',#858,#857,#402,.T.);
#1075=EDGE_CURVE('',#858,#827,#403,.T.);
#1076=EDGE_CURVE('',#856,#858,#404,.T.);
#1077=EDGE_CURVE('',#789,#786,#405,.T.);
#1078=EDGE_CURVE('',#859,#860,#406,.T.);
#1079=EDGE_CURVE('',#860,#821,#407,.T.);
#1080=EDGE_CURVE('',#859,#824,#408,.T.);
#1081=EDGE_CURVE('',#861,#859,#409,.T.);
#1082=EDGE_CURVE('',#861,#823,#410,.T.);
#1083=EDGE_CURVE('',#862,#861,#411,.T.);
#1084=EDGE_CURVE('',#862,#822,#412,.T.);
#1085=EDGE_CURVE('',#787,#862,#413,.T.);
#1086=EDGE_CURVE('',#860,#788,#414,.T.);
#1087=EDGE_CURVE('',#863,#864,#415,.T.);
#1088=EDGE_CURVE('',#863,#793,#416,.T.);
#1089=EDGE_CURVE('',#864,#820,#417,.T.);
#1090=EDGE_CURVE('',#864,#865,#418,.T.);
#1091=EDGE_CURVE('',#865,#819,#419,.T.);
#1092=EDGE_CURVE('',#865,#866,#420,.T.);
#1093=EDGE_CURVE('',#866,#818,#421,.T.);
#1094=EDGE_CURVE('',#866,#867,#422,.T.);
#1095=EDGE_CURVE('',#867,#817,#423,.T.);
#1096=EDGE_CURVE('',#867,#868,#424,.T.);
#1097=EDGE_CURVE('',#868,#816,#425,.T.);
#1098=EDGE_CURVE('',#868,#869,#426,.T.);
#1099=EDGE_CURVE('',#869,#815,#427,.T.);
#1100=EDGE_CURVE('',#870,#869,#428,.T.);
#1101=EDGE_CURVE('',#870,#814,#429,.T.);
#1102=EDGE_CURVE('',#871,#870,#430,.T.);
#1103=EDGE_CURVE('',#871,#813,#431,.T.);
#1104=EDGE_CURVE('',#872,#871,#432,.T.);
#1105=EDGE_CURVE('',#872,#812,#433,.T.);
#1106=EDGE_CURVE('',#872,#873,#434,.T.);
#1107=EDGE_CURVE('',#873,#811,#435,.T.);
#1108=EDGE_CURVE('',#873,#874,#436,.T.);
#1109=EDGE_CURVE('',#874,#810,#437,.T.);
#1110=EDGE_CURVE('',#874,#875,#438,.T.);
#1111=EDGE_CURVE('',#875,#809,#439,.T.);
#1112=EDGE_CURVE('',#875,#876,#440,.T.);
#1113=EDGE_CURVE('',#876,#808,#441,.T.);
#1114=EDGE_CURVE('',#876,#877,#442,.T.);
#1115=EDGE_CURVE('',#877,#807,#443,.T.);
#1116=EDGE_CURVE('',#877,#878,#444,.T.);
#1117=EDGE_CURVE('',#878,#806,#445,.T.);
#1118=EDGE_CURVE('',#878,#879,#446,.T.);
#1119=EDGE_CURVE('',#879,#805,#447,.T.);
#1120=EDGE_CURVE('',#879,#880,#448,.T.);
#1121=EDGE_CURVE('',#880,#804,#449,.T.);
#1122=EDGE_CURVE('',#880,#881,#450,.T.);
#1123=EDGE_CURVE('',#881,#803,#451,.T.);
#1124=EDGE_CURVE('',#881,#882,#452,.T.);
#1125=EDGE_CURVE('',#882,#802,#453,.T.);
#1126=EDGE_CURVE('',#882,#883,#454,.T.);
#1127=EDGE_CURVE('',#883,#801,#455,.T.);
#1128=EDGE_CURVE('',#883,#884,#456,.T.);
#1129=EDGE_CURVE('',#884,#800,#457,.T.);
#1130=EDGE_CURVE('',#884,#885,#458,.T.);
#1131=EDGE_CURVE('',#885,#799,#459,.T.);
#1132=EDGE_CURVE('',#885,#886,#460,.T.);
#1133=EDGE_CURVE('',#886,#798,#461,.T.);
#1134=EDGE_CURVE('',#886,#887,#462,.T.);
#1135=EDGE_CURVE('',#887,#797,#463,.T.);
#1136=EDGE_CURVE('',#887,#888,#464,.T.);
#1137=EDGE_CURVE('',#888,#796,#465,.T.);
#1138=EDGE_CURVE('',#889,#888,#466,.T.);
#1139=EDGE_CURVE('',#889,#795,#467,.T.);
#1140=EDGE_CURVE('',#890,#889,#468,.T.);
#1141=EDGE_CURVE('',#890,#794,#469,.T.);
#1142=EDGE_CURVE('',#863,#890,#470,.T.);
#1143=ORIENTED_EDGE('',*,*,#891,.F.);
#1144=ORIENTED_EDGE('',*,*,#892,.T.);
#1145=ORIENTED_EDGE('',*,*,#893,.F.);
#1146=ORIENTED_EDGE('',*,*,#894,.F.);
#1147=ORIENTED_EDGE('',*,*,#895,.F.);
#1148=ORIENTED_EDGE('',*,*,#894,.T.);
#1149=ORIENTED_EDGE('',*,*,#896,.F.);
#1150=ORIENTED_EDGE('',*,*,#897,.F.);
#1151=ORIENTED_EDGE('',*,*,#898,.F.);
#1152=ORIENTED_EDGE('',*,*,#897,.T.);
#1153=ORIENTED_EDGE('',*,*,#899,.F.);
#1154=ORIENTED_EDGE('',*,*,#900,.F.);
#1155=ORIENTED_EDGE('',*,*,#901,.F.);
#1156=ORIENTED_EDGE('',*,*,#900,.T.);
#1157=ORIENTED_EDGE('',*,*,#902,.F.);
#1158=ORIENTED_EDGE('',*,*,#892,.F.);
#1159=ORIENTED_EDGE('',*,*,#902,.T.);
#1160=ORIENTED_EDGE('',*,*,#899,.T.);
#1161=ORIENTED_EDGE('',*,*,#896,.T.);
#1162=ORIENTED_EDGE('',*,*,#893,.T.);
#1163=ORIENTED_EDGE('',*,*,#903,.F.);
#1164=ORIENTED_EDGE('',*,*,#904,.T.);
#1165=ORIENTED_EDGE('',*,*,#905,.F.);
#1166=ORIENTED_EDGE('',*,*,#906,.F.);
#1167=ORIENTED_EDGE('',*,*,#907,.F.);
#1168=ORIENTED_EDGE('',*,*,#906,.T.);
#1169=ORIENTED_EDGE('',*,*,#908,.F.);
#1170=ORIENTED_EDGE('',*,*,#909,.F.);
#1171=ORIENTED_EDGE('',*,*,#910,.F.);
#1172=ORIENTED_EDGE('',*,*,#909,.T.);
#1173=ORIENTED_EDGE('',*,*,#911,.F.);
#1174=ORIENTED_EDGE('',*,*,#912,.F.);
#1175=ORIENTED_EDGE('',*,*,#913,.F.);
#1176=ORIENTED_EDGE('',*,*,#912,.T.);
#1177=ORIENTED_EDGE('',*,*,#914,.F.);
#1178=ORIENTED_EDGE('',*,*,#904,.F.);
#1179=ORIENTED_EDGE('',*,*,#914,.T.);
#1180=ORIENTED_EDGE('',*,*,#911,.T.);
#1181=ORIENTED_EDGE('',*,*,#908,.T.);
#1182=ORIENTED_EDGE('',*,*,#905,.T.);
#1183=ORIENTED_EDGE('',*,*,#915,.F.);
#1184=ORIENTED_EDGE('',*,*,#916,.T.);
#1185=ORIENTED_EDGE('',*,*,#917,.F.);
#1186=ORIENTED_EDGE('',*,*,#918,.F.);
#1187=ORIENTED_EDGE('',*,*,#919,.F.);
#1188=ORIENTED_EDGE('',*,*,#918,.T.);
#1189=ORIENTED_EDGE('',*,*,#920,.F.);
#1190=ORIENTED_EDGE('',*,*,#921,.F.);
#1191=ORIENTED_EDGE('',*,*,#922,.F.);
#1192=ORIENTED_EDGE('',*,*,#921,.T.);
#1193=ORIENTED_EDGE('',*,*,#923,.F.);
#1194=ORIENTED_EDGE('',*,*,#924,.F.);
#1195=ORIENTED_EDGE('',*,*,#925,.F.);
#1196=ORIENTED_EDGE('',*,*,#924,.T.);
#1197=ORIENTED_EDGE('',*,*,#926,.F.);
#1198=ORIENTED_EDGE('',*,*,#916,.F.);
#1199=ORIENTED_EDGE('',*,*,#926,.T.);
#1200=ORIENTED_EDGE('',*,*,#923,.T.);
#1201=ORIENTED_EDGE('',*,*,#920,.T.);
#1202=ORIENTED_EDGE('',*,*,#917,.T.);
#1203=ORIENTED_EDGE('',*,*,#927,.F.);
#1204=ORIENTED_EDGE('',*,*,#928,.T.);
#1205=ORIENTED_EDGE('',*,*,#929,.F.);
#1206=ORIENTED_EDGE('',*,*,#930,.F.);
#1207=ORIENTED_EDGE('',*,*,#931,.F.);
#1208=ORIENTED_EDGE('',*,*,#930,.T.);
#1209=ORIENTED_EDGE('',*,*,#932,.F.);
#1210=ORIENTED_EDGE('',*,*,#933,.F.);
#1211=ORIENTED_EDGE('',*,*,#934,.F.);
#1212=ORIENTED_EDGE('',*,*,#933,.T.);
#1213=ORIENTED_EDGE('',*,*,#935,.F.);
#1214=ORIENTED_EDGE('',*,*,#936,.F.);
#1215=ORIENTED_EDGE('',*,*,#937,.F.);
#1216=ORIENTED_EDGE('',*,*,#936,.T.);
#1217=ORIENTED_EDGE('',*,*,#938,.F.);
#1218=ORIENTED_EDGE('',*,*,#928,.F.);
#1219=ORIENTED_EDGE('',*,*,#938,.T.);
#1220=ORIENTED_EDGE('',*,*,#935,.T.);
#1221=ORIENTED_EDGE('',*,*,#932,.T.);
#1222=ORIENTED_EDGE('',*,*,#929,.T.);
#1223=ORIENTED_EDGE('',*,*,#939,.F.);
#1224=ORIENTED_EDGE('',*,*,#940,.F.);
#1225=ORIENTED_EDGE('',*,*,#941,.T.);
#1226=ORIENTED_EDGE('',*,*,#942,.F.);
#1227=ORIENTED_EDGE('',*,*,#943,.F.);
#1228=ORIENTED_EDGE('',*,*,#944,.F.);
#1229=ORIENTED_EDGE('',*,*,#941,.F.);
#1230=ORIENTED_EDGE('',*,*,#945,.F.);
#1231=ORIENTED_EDGE('',*,*,#946,.F.);
#1232=ORIENTED_EDGE('',*,*,#947,.F.);
#1233=ORIENTED_EDGE('',*,*,#948,.T.);
#1234=ORIENTED_EDGE('',*,*,#949,.F.);
#1235=ORIENTED_EDGE('',*,*,#950,.F.);
#1236=ORIENTED_EDGE('',*,*,#951,.F.);
#1237=ORIENTED_EDGE('',*,*,#952,.F.);
#1238=ORIENTED_EDGE('',*,*,#948,.F.);
#1239=ORIENTED_EDGE('',*,*,#953,.F.);
#1240=ORIENTED_EDGE('',*,*,#954,.F.);
#1241=ORIENTED_EDGE('',*,*,#955,.T.);
#1242=ORIENTED_EDGE('',*,*,#956,.F.);
#1243=ORIENTED_EDGE('',*,*,#957,.F.);
#1244=ORIENTED_EDGE('',*,*,#955,.F.);
#1245=ORIENTED_EDGE('',*,*,#958,.F.);
#1246=ORIENTED_EDGE('',*,*,#959,.F.);
#1247=ORIENTED_EDGE('',*,*,#960,.F.);
#1248=ORIENTED_EDGE('',*,*,#961,.F.);
#1249=ORIENTED_EDGE('',*,*,#962,.T.);
#1250=ORIENTED_EDGE('',*,*,#963,.F.);
#1251=ORIENTED_EDGE('',*,*,#964,.F.);
#1252=ORIENTED_EDGE('',*,*,#965,.F.);
#1253=ORIENTED_EDGE('',*,*,#966,.F.);
#1254=ORIENTED_EDGE('',*,*,#962,.F.);
#1255=ORIENTED_EDGE('',*,*,#942,.T.);
#1256=ORIENTED_EDGE('',*,*,#944,.T.);
#1257=ORIENTED_EDGE('',*,*,#967,.F.);
#1258=ORIENTED_EDGE('',*,*,#968,.T.);
#1259=ORIENTED_EDGE('',*,*,#969,.T.);
#1260=ORIENTED_EDGE('',*,*,#970,.F.);
#1261=ORIENTED_EDGE('',*,*,#950,.T.);
#1262=ORIENTED_EDGE('',*,*,#947,.T.);
#1263=ORIENTED_EDGE('',*,*,#971,.F.);
#1264=ORIENTED_EDGE('',*,*,#972,.F.);
#1265=ORIENTED_EDGE('',*,*,#973,.T.);
#1266=ORIENTED_EDGE('',*,*,#974,.T.);
#1267=ORIENTED_EDGE('',*,*,#958,.T.);
#1268=ORIENTED_EDGE('',*,*,#954,.T.);
#1269=ORIENTED_EDGE('',*,*,#975,.F.);
#1270=ORIENTED_EDGE('',*,*,#976,.F.);
#1271=ORIENTED_EDGE('',*,*,#977,.T.);
#1272=ORIENTED_EDGE('',*,*,#978,.T.);
#1273=ORIENTED_EDGE('',*,*,#956,.T.);
#1274=ORIENTED_EDGE('',*,*,#957,.T.);
#1275=ORIENTED_EDGE('',*,*,#979,.F.);
#1276=ORIENTED_EDGE('',*,*,#980,.T.);
#1277=ORIENTED_EDGE('',*,*,#981,.T.);
#1278=ORIENTED_EDGE('',*,*,#982,.F.);
#1279=ORIENTED_EDGE('',*,*,#960,.T.);
#1280=ORIENTED_EDGE('',*,*,#983,.T.);
#1281=ORIENTED_EDGE('',*,*,#984,.T.);
#1282=ORIENTED_EDGE('',*,*,#985,.T.);
#1283=ORIENTED_EDGE('',*,*,#927,.T.);
#1284=ORIENTED_EDGE('',*,*,#931,.T.);
#1285=ORIENTED_EDGE('',*,*,#934,.T.);
#1286=ORIENTED_EDGE('',*,*,#937,.T.);
#1287=ORIENTED_EDGE('',*,*,#986,.T.);
#1288=ORIENTED_EDGE('',*,*,#987,.T.);
#1289=ORIENTED_EDGE('',*,*,#988,.T.);
#1290=ORIENTED_EDGE('',*,*,#989,.T.);
#1291=ORIENTED_EDGE('',*,*,#990,.T.);
#1292=ORIENTED_EDGE('',*,*,#991,.T.);
#1293=ORIENTED_EDGE('',*,*,#992,.T.);
#1294=ORIENTED_EDGE('',*,*,#993,.T.);
#1295=ORIENTED_EDGE('',*,*,#994,.T.);
#1296=ORIENTED_EDGE('',*,*,#995,.T.);
#1297=ORIENTED_EDGE('',*,*,#996,.T.);
#1298=ORIENTED_EDGE('',*,*,#997,.T.);
#1299=ORIENTED_EDGE('',*,*,#998,.T.);
#1300=ORIENTED_EDGE('',*,*,#999,.T.);
#1301=ORIENTED_EDGE('',*,*,#1000,.T.);
#1302=ORIENTED_EDGE('',*,*,#1001,.T.);
#1303=ORIENTED_EDGE('',*,*,#1002,.T.);
#1304=ORIENTED_EDGE('',*,*,#1003,.T.);
#1305=ORIENTED_EDGE('',*,*,#1004,.T.);
#1306=ORIENTED_EDGE('',*,*,#1005,.T.);
#1307=ORIENTED_EDGE('',*,*,#1006,.T.);
#1308=ORIENTED_EDGE('',*,*,#1007,.T.);
#1309=ORIENTED_EDGE('',*,*,#1008,.T.);
#1310=ORIENTED_EDGE('',*,*,#1009,.T.);
#1311=ORIENTED_EDGE('',*,*,#1010,.T.);
#1312=ORIENTED_EDGE('',*,*,#1011,.T.);
#1313=ORIENTED_EDGE('',*,*,#1012,.T.);
#1314=ORIENTED_EDGE('',*,*,#1013,.T.);
#1315=ORIENTED_EDGE('',*,*,#1014,.T.);
#1316=ORIENTED_EDGE('',*,*,#1015,.T.);
#1317=ORIENTED_EDGE('',*,*,#1016,.T.);
#1318=ORIENTED_EDGE('',*,*,#1017,.T.);
#1319=ORIENTED_EDGE('',*,*,#1018,.T.);
#1320=ORIENTED_EDGE('',*,*,#1019,.T.);
#1321=ORIENTED_EDGE('',*,*,#1020,.T.);
#1322=ORIENTED_EDGE('',*,*,#1021,.T.);
#1323=ORIENTED_EDGE('',*,*,#1022,.T.);
#1324=ORIENTED_EDGE('',*,*,#1023,.T.);
#1325=ORIENTED_EDGE('',*,*,#1024,.T.);
#1326=ORIENTED_EDGE('',*,*,#1025,.T.);
#1327=ORIENTED_EDGE('',*,*,#1026,.T.);
#1328=ORIENTED_EDGE('',*,*,#1027,.T.);
#1329=ORIENTED_EDGE('',*,*,#1028,.T.);
#1330=ORIENTED_EDGE('',*,*,#1029,.T.);
#1331=ORIENTED_EDGE('',*,*,#953,.T.);
#1332=ORIENTED_EDGE('',*,*,#982,.T.);
#1333=ORIENTED_EDGE('',*,*,#1030,.T.);
#1334=ORIENTED_EDGE('',*,*,#975,.T.);
#1335=ORIENTED_EDGE('',*,*,#903,.T.);
#1336=ORIENTED_EDGE('',*,*,#907,.T.);
#1337=ORIENTED_EDGE('',*,*,#910,.T.);
#1338=ORIENTED_EDGE('',*,*,#913,.T.);
#1339=ORIENTED_EDGE('',*,*,#946,.T.);
#1340=ORIENTED_EDGE('',*,*,#1031,.T.);
#1341=ORIENTED_EDGE('',*,*,#1032,.T.);
#1342=ORIENTED_EDGE('',*,*,#971,.T.);
#1343=ORIENTED_EDGE('',*,*,#915,.T.);
#1344=ORIENTED_EDGE('',*,*,#919,.T.);
#1345=ORIENTED_EDGE('',*,*,#922,.T.);
#1346=ORIENTED_EDGE('',*,*,#925,.T.);
#1347=ORIENTED_EDGE('',*,*,#964,.T.);
#1348=ORIENTED_EDGE('',*,*,#961,.T.);
#1349=ORIENTED_EDGE('',*,*,#985,.F.);
#1350=ORIENTED_EDGE('',*,*,#1033,.F.);
#1351=ORIENTED_EDGE('',*,*,#1034,.T.);
#1352=ORIENTED_EDGE('',*,*,#1035,.T.);
#1353=ORIENTED_EDGE('',*,*,#1036,.T.);
#1354=ORIENTED_EDGE('',*,*,#1037,.T.);
#1355=ORIENTED_EDGE('',*,*,#1038,.F.);
#1356=ORIENTED_EDGE('',*,*,#969,.F.);
#1357=ORIENTED_EDGE('',*,*,#1039,.T.);
#1358=ORIENTED_EDGE('',*,*,#967,.T.);
#1359=ORIENTED_EDGE('',*,*,#943,.T.);
#1360=ORIENTED_EDGE('',*,*,#1040,.F.);
#1361=ORIENTED_EDGE('',*,*,#1041,.T.);
#1362=ORIENTED_EDGE('',*,*,#1042,.T.);
#1363=ORIENTED_EDGE('',*,*,#1026,.F.);
#1364=ORIENTED_EDGE('',*,*,#1043,.F.);
#1365=ORIENTED_EDGE('',*,*,#1044,.T.);
#1366=ORIENTED_EDGE('',*,*,#1043,.T.);
#1367=ORIENTED_EDGE('',*,*,#1029,.F.);
#1368=ORIENTED_EDGE('',*,*,#1045,.F.);
#1369=ORIENTED_EDGE('',*,*,#1046,.T.);
#1370=ORIENTED_EDGE('',*,*,#1045,.T.);
#1371=ORIENTED_EDGE('',*,*,#1028,.F.);
#1372=ORIENTED_EDGE('',*,*,#1047,.F.);
#1373=ORIENTED_EDGE('',*,*,#1048,.T.);
#1374=ORIENTED_EDGE('',*,*,#1047,.T.);
#1375=ORIENTED_EDGE('',*,*,#1027,.F.);
#1376=ORIENTED_EDGE('',*,*,#1042,.F.);
#1377=ORIENTED_EDGE('',*,*,#940,.T.);
#1378=ORIENTED_EDGE('',*,*,#1049,.F.);
#1379=ORIENTED_EDGE('',*,*,#1037,.F.);
#1380=ORIENTED_EDGE('',*,*,#1050,.T.);
#1381=ORIENTED_EDGE('',*,*,#1040,.T.);
#1382=ORIENTED_EDGE('',*,*,#945,.T.);
#1383=ORIENTED_EDGE('',*,*,#1051,.T.);
#1384=ORIENTED_EDGE('',*,*,#1033,.T.);
#1385=ORIENTED_EDGE('',*,*,#984,.F.);
#1386=ORIENTED_EDGE('',*,*,#1052,.F.);
#1387=ORIENTED_EDGE('',*,*,#966,.T.);
#1388=ORIENTED_EDGE('',*,*,#1053,.F.);
#1389=ORIENTED_EDGE('',*,*,#1054,.T.);
#1390=ORIENTED_EDGE('',*,*,#1052,.T.);
#1391=ORIENTED_EDGE('',*,*,#983,.F.);
#1392=ORIENTED_EDGE('',*,*,#963,.T.);
#1393=ORIENTED_EDGE('',*,*,#1055,.T.);
#1394=ORIENTED_EDGE('',*,*,#1053,.T.);
#1395=ORIENTED_EDGE('',*,*,#965,.T.);
#1396=ORIENTED_EDGE('',*,*,#1035,.F.);
#1397=ORIENTED_EDGE('',*,*,#1056,.T.);
#1398=ORIENTED_EDGE('',*,*,#1057,.T.);
#1399=ORIENTED_EDGE('',*,*,#1022,.F.);
#1400=ORIENTED_EDGE('',*,*,#1058,.F.);
#1401=ORIENTED_EDGE('',*,*,#1059,.T.);
#1402=ORIENTED_EDGE('',*,*,#1058,.T.);
#1403=ORIENTED_EDGE('',*,*,#1025,.F.);
#1404=ORIENTED_EDGE('',*,*,#1060,.F.);
#1405=ORIENTED_EDGE('',*,*,#1061,.T.);
#1406=ORIENTED_EDGE('',*,*,#1060,.T.);
#1407=ORIENTED_EDGE('',*,*,#1024,.F.);
#1408=ORIENTED_EDGE('',*,*,#1062,.F.);
#1409=ORIENTED_EDGE('',*,*,#1063,.T.);
#1410=ORIENTED_EDGE('',*,*,#1062,.T.);
#1411=ORIENTED_EDGE('',*,*,#1023,.F.);
#1412=ORIENTED_EDGE('',*,*,#1057,.F.);
#1413=ORIENTED_EDGE('',*,*,#1064,.T.);
#1414=ORIENTED_EDGE('',*,*,#972,.T.);
#1415=ORIENTED_EDGE('',*,*,#1032,.F.);
#1416=ORIENTED_EDGE('',*,*,#1065,.F.);
#1417=ORIENTED_EDGE('',*,*,#952,.T.);
#1418=ORIENTED_EDGE('',*,*,#1066,.F.);
#1419=ORIENTED_EDGE('',*,*,#1067,.T.);
#1420=ORIENTED_EDGE('',*,*,#1065,.T.);
#1421=ORIENTED_EDGE('',*,*,#1031,.F.);
#1422=ORIENTED_EDGE('',*,*,#949,.T.);
#1423=ORIENTED_EDGE('',*,*,#1068,.T.);
#1424=ORIENTED_EDGE('',*,*,#1066,.T.);
#1425=ORIENTED_EDGE('',*,*,#951,.T.);
#1426=ORIENTED_EDGE('',*,*,#974,.F.);
#1427=ORIENTED_EDGE('',*,*,#1069,.T.);
#1428=ORIENTED_EDGE('',*,*,#1070,.T.);
#1429=ORIENTED_EDGE('',*,*,#1018,.F.);
#1430=ORIENTED_EDGE('',*,*,#1071,.F.);
#1431=ORIENTED_EDGE('',*,*,#1072,.T.);
#1432=ORIENTED_EDGE('',*,*,#1071,.T.);
#1433=ORIENTED_EDGE('',*,*,#1021,.F.);
#1434=ORIENTED_EDGE('',*,*,#1073,.F.);
#1435=ORIENTED_EDGE('',*,*,#1074,.T.);
#1436=ORIENTED_EDGE('',*,*,#1073,.T.);
#1437=ORIENTED_EDGE('',*,*,#1020,.F.);
#1438=ORIENTED_EDGE('',*,*,#1075,.F.);
#1439=ORIENTED_EDGE('',*,*,#1076,.T.);
#1440=ORIENTED_EDGE('',*,*,#1075,.T.);
#1441=ORIENTED_EDGE('',*,*,#1019,.F.);
#1442=ORIENTED_EDGE('',*,*,#1070,.F.);
#1443=ORIENTED_EDGE('',*,*,#1077,.T.);
#1444=ORIENTED_EDGE('',*,*,#976,.T.);
#1445=ORIENTED_EDGE('',*,*,#1030,.F.);
#1446=ORIENTED_EDGE('',*,*,#981,.F.);
#1447=ORIENTED_EDGE('',*,*,#1078,.T.);
#1448=ORIENTED_EDGE('',*,*,#1079,.T.);
#1449=ORIENTED_EDGE('',*,*,#1017,.F.);
#1450=ORIENTED_EDGE('',*,*,#1080,.F.);
#1451=ORIENTED_EDGE('',*,*,#1081,.T.);
#1452=ORIENTED_EDGE('',*,*,#1080,.T.);
#1453=ORIENTED_EDGE('',*,*,#1016,.F.);
#1454=ORIENTED_EDGE('',*,*,#1082,.F.);
#1455=ORIENTED_EDGE('',*,*,#1083,.T.);
#1456=ORIENTED_EDGE('',*,*,#1082,.T.);
#1457=ORIENTED_EDGE('',*,*,#1015,.F.);
#1458=ORIENTED_EDGE('',*,*,#1084,.F.);
#1459=ORIENTED_EDGE('',*,*,#1085,.T.);
#1460=ORIENTED_EDGE('',*,*,#1084,.T.);
#1461=ORIENTED_EDGE('',*,*,#1014,.F.);
#1462=ORIENTED_EDGE('',*,*,#1079,.F.);
#1463=ORIENTED_EDGE('',*,*,#1086,.T.);
#1464=ORIENTED_EDGE('',*,*,#979,.T.);
#1465=ORIENTED_EDGE('',*,*,#959,.T.);
#1466=ORIENTED_EDGE('',*,*,#978,.F.);
#1467=ORIENTED_EDGE('',*,*,#1087,.F.);
#1468=ORIENTED_EDGE('',*,*,#1088,.T.);
#1469=ORIENTED_EDGE('',*,*,#1013,.F.);
#1470=ORIENTED_EDGE('',*,*,#1089,.F.);
#1471=ORIENTED_EDGE('',*,*,#1090,.F.);
#1472=ORIENTED_EDGE('',*,*,#1089,.T.);
#1473=ORIENTED_EDGE('',*,*,#1012,.F.);
#1474=ORIENTED_EDGE('',*,*,#1091,.F.);
#1475=ORIENTED_EDGE('',*,*,#1092,.F.);
#1476=ORIENTED_EDGE('',*,*,#1091,.T.);
#1477=ORIENTED_EDGE('',*,*,#1011,.F.);
#1478=ORIENTED_EDGE('',*,*,#1093,.F.);
#1479=ORIENTED_EDGE('',*,*,#1094,.F.);
#1480=ORIENTED_EDGE('',*,*,#1093,.T.);
#1481=ORIENTED_EDGE('',*,*,#1010,.F.);
#1482=ORIENTED_EDGE('',*,*,#1095,.F.);
#1483=ORIENTED_EDGE('',*,*,#1096,.F.);
#1484=ORIENTED_EDGE('',*,*,#1095,.T.);
#1485=ORIENTED_EDGE('',*,*,#1009,.F.);
#1486=ORIENTED_EDGE('',*,*,#1097,.F.);
#1487=ORIENTED_EDGE('',*,*,#1098,.F.);
#1488=ORIENTED_EDGE('',*,*,#1097,.T.);
#1489=ORIENTED_EDGE('',*,*,#1008,.F.);
#1490=ORIENTED_EDGE('',*,*,#1099,.F.);
#1491=ORIENTED_EDGE('',*,*,#1100,.T.);
#1492=ORIENTED_EDGE('',*,*,#1099,.T.);
#1493=ORIENTED_EDGE('',*,*,#1007,.F.);
#1494=ORIENTED_EDGE('',*,*,#1101,.F.);
#1495=ORIENTED_EDGE('',*,*,#1102,.T.);
#1496=ORIENTED_EDGE('',*,*,#1101,.T.);
#1497=ORIENTED_EDGE('',*,*,#1006,.F.);
#1498=ORIENTED_EDGE('',*,*,#1103,.F.);
#1499=ORIENTED_EDGE('',*,*,#1104,.T.);
#1500=ORIENTED_EDGE('',*,*,#1103,.T.);
#1501=ORIENTED_EDGE('',*,*,#1005,.F.);
#1502=ORIENTED_EDGE('',*,*,#1105,.F.);
#1503=ORIENTED_EDGE('',*,*,#1106,.F.);
#1504=ORIENTED_EDGE('',*,*,#1105,.T.);
#1505=ORIENTED_EDGE('',*,*,#1004,.F.);
#1506=ORIENTED_EDGE('',*,*,#1107,.F.);
#1507=ORIENTED_EDGE('',*,*,#1108,.F.);
#1508=ORIENTED_EDGE('',*,*,#1107,.T.);
#1509=ORIENTED_EDGE('',*,*,#1003,.F.);
#1510=ORIENTED_EDGE('',*,*,#1109,.F.);
#1511=ORIENTED_EDGE('',*,*,#1110,.F.);
#1512=ORIENTED_EDGE('',*,*,#1109,.T.);
#1513=ORIENTED_EDGE('',*,*,#1002,.F.);
#1514=ORIENTED_EDGE('',*,*,#1111,.F.);
#1515=ORIENTED_EDGE('',*,*,#1112,.F.);
#1516=ORIENTED_EDGE('',*,*,#1111,.T.);
#1517=ORIENTED_EDGE('',*,*,#1001,.F.);
#1518=ORIENTED_EDGE('',*,*,#1113,.F.);
#1519=ORIENTED_EDGE('',*,*,#1114,.F.);
#1520=ORIENTED_EDGE('',*,*,#1113,.T.);
#1521=ORIENTED_EDGE('',*,*,#1000,.F.);
#1522=ORIENTED_EDGE('',*,*,#1115,.F.);
#1523=ORIENTED_EDGE('',*,*,#1116,.F.);
#1524=ORIENTED_EDGE('',*,*,#1115,.T.);
#1525=ORIENTED_EDGE('',*,*,#999,.F.);
#1526=ORIENTED_EDGE('',*,*,#1117,.F.);
#1527=ORIENTED_EDGE('',*,*,#1118,.F.);
#1528=ORIENTED_EDGE('',*,*,#1117,.T.);
#1529=ORIENTED_EDGE('',*,*,#998,.F.);
#1530=ORIENTED_EDGE('',*,*,#1119,.F.);
#1531=ORIENTED_EDGE('',*,*,#1120,.F.);
#1532=ORIENTED_EDGE('',*,*,#1119,.T.);
#1533=ORIENTED_EDGE('',*,*,#997,.F.);
#1534=ORIENTED_EDGE('',*,*,#1121,.F.);
#1535=ORIENTED_EDGE('',*,*,#1122,.F.);
#1536=ORIENTED_EDGE('',*,*,#1121,.T.);
#1537=ORIENTED_EDGE('',*,*,#996,.F.);
#1538=ORIENTED_EDGE('',*,*,#1123,.F.);
#1539=ORIENTED_EDGE('',*,*,#1124,.F.);
#1540=ORIENTED_EDGE('',*,*,#1123,.T.);
#1541=ORIENTED_EDGE('',*,*,#995,.F.);
#1542=ORIENTED_EDGE('',*,*,#1125,.F.);
#1543=ORIENTED_EDGE('',*,*,#1126,.F.);
#1544=ORIENTED_EDGE('',*,*,#1125,.T.);
#1545=ORIENTED_EDGE('',*,*,#994,.F.);
#1546=ORIENTED_EDGE('',*,*,#1127,.F.);
#1547=ORIENTED_EDGE('',*,*,#1128,.F.);
#1548=ORIENTED_EDGE('',*,*,#1127,.T.);
#1549=ORIENTED_EDGE('',*,*,#993,.F.);
#1550=ORIENTED_EDGE('',*,*,#1129,.F.);
#1551=ORIENTED_EDGE('',*,*,#1130,.F.);
#1552=ORIENTED_EDGE('',*,*,#1129,.T.);
#1553=ORIENTED_EDGE('',*,*,#992,.F.);
#1554=ORIENTED_EDGE('',*,*,#1131,.F.);
#1555=ORIENTED_EDGE('',*,*,#1132,.F.);
#1556=ORIENTED_EDGE('',*,*,#1131,.T.);
#1557=ORIENTED_EDGE('',*,*,#991,.F.);
#1558=ORIENTED_EDGE('',*,*,#1133,.F.);
#1559=ORIENTED_EDGE('',*,*,#1134,.F.);
#1560=ORIENTED_EDGE('',*,*,#1133,.T.);
#1561=ORIENTED_EDGE('',*,*,#990,.F.);
#1562=ORIENTED_EDGE('',*,*,#1135,.F.);
#1563=ORIENTED_EDGE('',*,*,#1136,.F.);
#1564=ORIENTED_EDGE('',*,*,#1135,.T.);
#1565=ORIENTED_EDGE('',*,*,#989,.F.);
#1566=ORIENTED_EDGE('',*,*,#1137,.F.);
#1567=ORIENTED_EDGE('',*,*,#1138,.T.);
#1568=ORIENTED_EDGE('',*,*,#1137,.T.);
#1569=ORIENTED_EDGE('',*,*,#988,.F.);
#1570=ORIENTED_EDGE('',*,*,#1139,.F.);
#1571=ORIENTED_EDGE('',*,*,#1140,.T.);
#1572=ORIENTED_EDGE('',*,*,#1139,.T.);
#1573=ORIENTED_EDGE('',*,*,#987,.F.);
#1574=ORIENTED_EDGE('',*,*,#1141,.F.);
#1575=ORIENTED_EDGE('',*,*,#1142,.T.);
#1576=ORIENTED_EDGE('',*,*,#1141,.T.);
#1577=ORIENTED_EDGE('',*,*,#986,.F.);
#1578=ORIENTED_EDGE('',*,*,#1088,.F.);
#1579=ORIENTED_EDGE('',*,*,#939,.T.);
#1580=ORIENTED_EDGE('',*,*,#970,.T.);
#1581=ORIENTED_EDGE('',*,*,#1038,.T.);
#1582=ORIENTED_EDGE('',*,*,#1049,.T.);
#1583=ORIENTED_EDGE('',*,*,#891,.T.);
#1584=ORIENTED_EDGE('',*,*,#895,.T.);
#1585=ORIENTED_EDGE('',*,*,#898,.T.);
#1586=ORIENTED_EDGE('',*,*,#901,.T.);
#1587=ORIENTED_EDGE('',*,*,#1142,.F.);
#1588=ORIENTED_EDGE('',*,*,#1087,.T.);
#1589=ORIENTED_EDGE('',*,*,#1090,.T.);
#1590=ORIENTED_EDGE('',*,*,#1092,.T.);
#1591=ORIENTED_EDGE('',*,*,#1094,.T.);
#1592=ORIENTED_EDGE('',*,*,#1096,.T.);
#1593=ORIENTED_EDGE('',*,*,#1098,.T.);
#1594=ORIENTED_EDGE('',*,*,#1100,.F.);
#1595=ORIENTED_EDGE('',*,*,#1102,.F.);
#1596=ORIENTED_EDGE('',*,*,#1104,.F.);
#1597=ORIENTED_EDGE('',*,*,#1106,.T.);
#1598=ORIENTED_EDGE('',*,*,#1108,.T.);
#1599=ORIENTED_EDGE('',*,*,#1110,.T.);
#1600=ORIENTED_EDGE('',*,*,#1112,.T.);
#1601=ORIENTED_EDGE('',*,*,#1114,.T.);
#1602=ORIENTED_EDGE('',*,*,#1116,.T.);
#1603=ORIENTED_EDGE('',*,*,#1118,.T.);
#1604=ORIENTED_EDGE('',*,*,#1120,.T.);
#1605=ORIENTED_EDGE('',*,*,#1122,.T.);
#1606=ORIENTED_EDGE('',*,*,#1124,.T.);
#1607=ORIENTED_EDGE('',*,*,#1126,.T.);
#1608=ORIENTED_EDGE('',*,*,#1128,.T.);
#1609=ORIENTED_EDGE('',*,*,#1130,.T.);
#1610=ORIENTED_EDGE('',*,*,#1132,.T.);
#1611=ORIENTED_EDGE('',*,*,#1134,.T.);
#1612=ORIENTED_EDGE('',*,*,#1136,.T.);
#1613=ORIENTED_EDGE('',*,*,#1138,.F.);
#1614=ORIENTED_EDGE('',*,*,#1140,.F.);
#1615=ORIENTED_EDGE('',*,*,#977,.F.);
#1616=ORIENTED_EDGE('',*,*,#1077,.F.);
#1617=ORIENTED_EDGE('',*,*,#980,.F.);
#1618=ORIENTED_EDGE('',*,*,#1086,.F.);
#1619=ORIENTED_EDGE('',*,*,#1078,.F.);
#1620=ORIENTED_EDGE('',*,*,#1081,.F.);
#1621=ORIENTED_EDGE('',*,*,#1083,.F.);
#1622=ORIENTED_EDGE('',*,*,#1085,.F.);
#1623=ORIENTED_EDGE('',*,*,#973,.F.);
#1624=ORIENTED_EDGE('',*,*,#1064,.F.);
#1625=ORIENTED_EDGE('',*,*,#1067,.F.);
#1626=ORIENTED_EDGE('',*,*,#1068,.F.);
#1627=ORIENTED_EDGE('',*,*,#1072,.F.);
#1628=ORIENTED_EDGE('',*,*,#1074,.F.);
#1629=ORIENTED_EDGE('',*,*,#1076,.F.);
#1630=ORIENTED_EDGE('',*,*,#1069,.F.);
#1631=ORIENTED_EDGE('',*,*,#1034,.F.);
#1632=ORIENTED_EDGE('',*,*,#1051,.F.);
#1633=ORIENTED_EDGE('',*,*,#1054,.F.);
#1634=ORIENTED_EDGE('',*,*,#1055,.F.);
#1635=ORIENTED_EDGE('',*,*,#1059,.F.);
#1636=ORIENTED_EDGE('',*,*,#1061,.F.);
#1637=ORIENTED_EDGE('',*,*,#1063,.F.);
#1638=ORIENTED_EDGE('',*,*,#1056,.F.);
#1639=ORIENTED_EDGE('',*,*,#1050,.F.);
#1640=ORIENTED_EDGE('',*,*,#1036,.F.);
#1641=ORIENTED_EDGE('',*,*,#968,.F.);
#1642=ORIENTED_EDGE('',*,*,#1039,.F.);
#1643=ORIENTED_EDGE('',*,*,#1044,.F.);
#1644=ORIENTED_EDGE('',*,*,#1046,.F.);
#1645=ORIENTED_EDGE('',*,*,#1048,.F.);
#1646=ORIENTED_EDGE('',*,*,#1041,.F.);
#1647=PLANE('',#1841);
#1648=PLANE('',#1842);
#1649=PLANE('',#1843);
#1650=PLANE('',#1844);
#1651=PLANE('',#1845);
#1652=PLANE('',#1846);
#1653=PLANE('',#1847);
#1654=PLANE('',#1848);
#1655=PLANE('',#1849);
#1656=PLANE('',#1850);
#1657=PLANE('',#1851);
#1658=PLANE('',#1852);
#1659=PLANE('',#1853);
#1660=PLANE('',#1854);
#1661=PLANE('',#1855);
#1662=PLANE('',#1856);
#1663=PLANE('',#1857);
#1664=PLANE('',#1858);
#1665=PLANE('',#1859);
#1666=PLANE('',#1860);
#1667=PLANE('',#1861);
#1668=PLANE('',#1862);
#1669=PLANE('',#1863);
#1670=PLANE('',#1864);
#1671=PLANE('',#1865);
#1672=PLANE('',#1866);
#1673=PLANE('',#1867);
#1674=PLANE('',#1868);
#1675=PLANE('',#1869);
#1676=PLANE('',#1870);
#1677=PLANE('',#1871);
#1678=PLANE('',#1872);
#1679=PLANE('',#1873);
#1680=PLANE('',#1874);
#1681=PLANE('',#1875);
#1682=PLANE('',#1876);
#1683=PLANE('',#1877);
#1684=PLANE('',#1878);
#1685=PLANE('',#1879);
#1686=PLANE('',#1880);
#1687=PLANE('',#1881);
#1688=PLANE('',#1882);
#1689=PLANE('',#1883);
#1690=PLANE('',#1884);
#1691=PLANE('',#1885);
#1692=PLANE('',#1886);
#1693=PLANE('',#1887);
#1694=PLANE('',#1888);
#1695=PLANE('',#1889);
#1696=PLANE('',#1890);
#1697=PLANE('',#1891);
#1698=PLANE('',#1892);
#1699=PLANE('',#1893);
#1700=PLANE('',#1894);
#1701=PLANE('',#1895);
#1702=PLANE('',#1896);
#1703=PLANE('',#1897);
#1704=PLANE('',#1898);
#1705=PLANE('',#1899);
#1706=PLANE('',#1900);
#1707=PLANE('',#1901);
#1708=PLANE('',#1902);
#1709=PLANE('',#1903);
#1710=PLANE('',#1904);
#1711=PLANE('',#1905);
#1712=PLANE('',#1906);
#1713=PLANE('',#1907);
#1714=PLANE('',#1908);
#1715=PLANE('',#1909);
#1716=PLANE('',#1910);
#1717=PLANE('',#1911);
#1718=PLANE('',#1912);
#1719=PLANE('',#1913);
#1720=PLANE('',#1914);
#1721=PLANE('',#1915);
#1722=PLANE('',#1916);
#1723=PLANE('',#1917);
#1724=PLANE('',#1918);
#1725=PLANE('',#1919);
#1726=PLANE('',#1920);
#1727=PLANE('',#1921);
#1728=PLANE('',#1922);
#1729=PLANE('',#1923);
#1730=PLANE('',#1924);
#1731=PLANE('',#1925);
#1732=PLANE('',#1926);
#1733=PLANE('',#1927);
#1734=PLANE('',#1928);
#1735=PLANE('',#1929);
#1736=PLANE('',#1930);
#1737=ADVANCED_FACE('',(#27),#1647,.T.);
#1738=ADVANCED_FACE('',(#28),#1648,.T.);
#1739=ADVANCED_FACE('',(#29),#1649,.T.);
#1740=ADVANCED_FACE('',(#30),#1650,.T.);
#1741=ADVANCED_FACE('',(#31),#1651,.T.);
#1742=ADVANCED_FACE('',(#32),#1652,.T.);
#1743=ADVANCED_FACE('',(#33),#1653,.T.);
#1744=ADVANCED_FACE('',(#34),#1654,.T.);
#1745=ADVANCED_FACE('',(#35),#1655,.T.);
#1746=ADVANCED_FACE('',(#36),#1656,.T.);
#1747=ADVANCED_FACE('',(#37),#1657,.T.);
#1748=ADVANCED_FACE('',(#38),#1658,.T.);
#1749=ADVANCED_FACE('',(#39),#1659,.T.);
#1750=ADVANCED_FACE('',(#40),#1660,.T.);
#1751=ADVANCED_FACE('',(#41),#1661,.T.);
#1752=ADVANCED_FACE('',(#42),#1662,.T.);
#1753=ADVANCED_FACE('',(#43),#1663,.T.);
#1754=ADVANCED_FACE('',(#44),#1664,.T.);
#1755=ADVANCED_FACE('',(#45),#1665,.T.);
#1756=ADVANCED_FACE('',(#46),#1666,.T.);
#1757=ADVANCED_FACE('',(#47),#1667,.F.);
#1758=ADVANCED_FACE('',(#48),#1668,.F.);
#1759=ADVANCED_FACE('',(#49),#1669,.F.);
#1760=ADVANCED_FACE('',(#50),#1670,.F.);
#1761=ADVANCED_FACE('',(#51),#1671,.F.);
#1762=ADVANCED_FACE('',(#52),#1672,.F.);
#1763=ADVANCED_FACE('',(#53),#1673,.F.);
#1764=ADVANCED_FACE('',(#54),#1674,.F.);
#1765=ADVANCED_FACE('',(#55),#1675,.T.);
#1766=ADVANCED_FACE('',(#56),#1676,.T.);
#1767=ADVANCED_FACE('',(#57),#1677,.T.);
#1768=ADVANCED_FACE('',(#58),#1678,.T.);
#1769=ADVANCED_FACE('',(#59,#15),#1679,.T.);
#1770=ADVANCED_FACE('',(#60,#16,#17,#18,#19),#1680,.T.);
#1771=ADVANCED_FACE('',(#61,#20),#1681,.T.);
#1772=ADVANCED_FACE('',(#62,#21),#1682,.T.);
#1773=ADVANCED_FACE('',(#63),#1683,.T.);
#1774=ADVANCED_FACE('',(#64),#1684,.T.);
#1775=ADVANCED_FACE('',(#65),#1685,.T.);
#1776=ADVANCED_FACE('',(#66),#1686,.T.);
#1777=ADVANCED_FACE('',(#67),#1687,.T.);
#1778=ADVANCED_FACE('',(#68),#1688,.T.);
#1779=ADVANCED_FACE('',(#69),#1689,.T.);
#1780=ADVANCED_FACE('',(#70),#1690,.T.);
#1781=ADVANCED_FACE('',(#71),#1691,.T.);
#1782=ADVANCED_FACE('',(#72),#1692,.T.);
#1783=ADVANCED_FACE('',(#73),#1693,.T.);
#1784=ADVANCED_FACE('',(#74),#1694,.T.);
#1785=ADVANCED_FACE('',(#75),#1695,.T.);
#1786=ADVANCED_FACE('',(#76),#1696,.T.);
#1787=ADVANCED_FACE('',(#77),#1697,.T.);
#1788=ADVANCED_FACE('',(#78),#1698,.T.);
#1789=ADVANCED_FACE('',(#79),#1699,.T.);
#1790=ADVANCED_FACE('',(#80),#1700,.T.);
#1791=ADVANCED_FACE('',(#81),#1701,.T.);
#1792=ADVANCED_FACE('',(#82),#1702,.T.);
#1793=ADVANCED_FACE('',(#83),#1703,.T.);
#1794=ADVANCED_FACE('',(#84),#1704,.T.);
#1795=ADVANCED_FACE('',(#85),#1705,.T.);
#1796=ADVANCED_FACE('',(#86),#1706,.T.);
#1797=ADVANCED_FACE('',(#87),#1707,.T.);
#1798=ADVANCED_FACE('',(#88),#1708,.T.);
#1799=ADVANCED_FACE('',(#89),#1709,.T.);
#1800=ADVANCED_FACE('',(#90),#1710,.T.);
#1801=ADVANCED_FACE('',(#91),#1711,.T.);
#1802=ADVANCED_FACE('',(#92),#1712,.T.);
#1803=ADVANCED_FACE('',(#93),#1713,.T.);
#1804=ADVANCED_FACE('',(#94),#1714,.T.);
#1805=ADVANCED_FACE('',(#95),#1715,.T.);
#1806=ADVANCED_FACE('',(#96),#1716,.T.);
#1807=ADVANCED_FACE('',(#97),#1717,.T.);
#1808=ADVANCED_FACE('',(#98),#1718,.T.);
#1809=ADVANCED_FACE('',(#99),#1719,.T.);
#1810=ADVANCED_FACE('',(#100),#1720,.T.);
#1811=ADVANCED_FACE('',(#101),#1721,.T.);
#1812=ADVANCED_FACE('',(#102),#1722,.T.);
#1813=ADVANCED_FACE('',(#103),#1723,.T.);
#1814=ADVANCED_FACE('',(#104),#1724,.T.);
#1815=ADVANCED_FACE('',(#105),#1725,.T.);
#1816=ADVANCED_FACE('',(#106),#1726,.T.);
#1817=ADVANCED_FACE('',(#107),#1727,.T.);
#1818=ADVANCED_FACE('',(#108),#1728,.T.);
#1819=ADVANCED_FACE('',(#109),#1729,.T.);
#1820=ADVANCED_FACE('',(#110),#1730,.T.);
#1821=ADVANCED_FACE('',(#111),#1731,.T.);
#1822=ADVANCED_FACE('',(#112),#1732,.T.);
#1823=ADVANCED_FACE('',(#113),#1733,.T.);
#1824=ADVANCED_FACE('',(#114),#1734,.T.);
#1825=ADVANCED_FACE('',(#115,#22),#1735,.T.);
#1826=ADVANCED_FACE('',(#116,#23,#24,#25,#26),#1736,.F.);
#1827=CLOSED_SHELL('',(#1737,#1738,#1739,#1740,#1741,#1742,#1743,#1744,
#1745,#1746,#1747,#1748,#1749,#1750,#1751,#1752,#1753,#1754,#1755,#1756,
#1757,#1758,#1759,#1760,#1761,#1762,#1763,#1764,#1765,#1766,#1767,#1768,
#1769,#1770,#1771,#1772,#1773,#1774,#1775,#1776,#1777,#1778,#1779,#1780,
#1781,#1782,#1783,#1784,#1785,#1786,#1787,#1788,#1789,#1790,#1791,#1792,
#1793,#1794,#1795,#1796,#1797,#1798,#1799,#1800,#1801,#1802,#1803,#1804,
#1805,#1806,#1807,#1808,#1809,#1810,#1811,#1812,#1813,#1814,#1815,#1816,
#1817,#1818,#1819,#1820,#1821,#1822,#1823,#1824,#1825,#1826));
#1828=DERIVED_UNIT_ELEMENT(#1830,1.);
#1829=DERIVED_UNIT_ELEMENT(#2881,3.);
#1830=(
MASS_UNIT()
NAMED_UNIT(*)
SI_UNIT(.KILO.,.GRAM.)
);
#1831=DERIVED_UNIT((#1828,#1829));
#1832=MEASURE_REPRESENTATION_ITEM('density measure',
POSITIVE_RATIO_MEASURE(7850.),#1831);
#1833=PROPERTY_DEFINITION_REPRESENTATION(#1838,#1835);
#1834=PROPERTY_DEFINITION_REPRESENTATION(#1839,#1836);
#1835=REPRESENTATION('material name',(#1837),#2878);
#1836=REPRESENTATION('density',(#1832),#2878);
#1837=DESCRIPTIVE_REPRESENTATION_ITEM('Steel','Steel');
#1838=PROPERTY_DEFINITION('material property','material name',#2888);
#1839=PROPERTY_DEFINITION('material property','density of part',#2888);
#1840=AXIS2_PLACEMENT_3D('placement',#2365,#1931,#1932);
#1841=AXIS2_PLACEMENT_3D('',#2366,#1933,#1934);
#1842=AXIS2_PLACEMENT_3D('',#2375,#1939,#1940);
#1843=AXIS2_PLACEMENT_3D('',#2381,#1944,#1945);
#1844=AXIS2_PLACEMENT_3D('',#2387,#1949,#1950);
#1845=AXIS2_PLACEMENT_3D('',#2390,#1953,#1954);
#1846=AXIS2_PLACEMENT_3D('',#2391,#1955,#1956);
#1847=AXIS2_PLACEMENT_3D('',#2400,#1961,#1962);
#1848=AXIS2_PLACEMENT_3D('',#2406,#1966,#1967);
#1849=AXIS2_PLACEMENT_3D('',#2412,#1971,#1972);
#1850=AXIS2_PLACEMENT_3D('',#2415,#1975,#1976);
#1851=AXIS2_PLACEMENT_3D('',#2416,#1977,#1978);
#1852=AXIS2_PLACEMENT_3D('',#2425,#1983,#1984);
#1853=AXIS2_PLACEMENT_3D('',#2431,#1988,#1989);
#1854=AXIS2_PLACEMENT_3D('',#2437,#1993,#1994);
#1855=AXIS2_PLACEMENT_3D('',#2440,#1997,#1998);
#1856=AXIS2_PLACEMENT_3D('',#2441,#1999,#2000);
#1857=AXIS2_PLACEMENT_3D('',#2450,#2005,#2006);
#1858=AXIS2_PLACEMENT_3D('',#2456,#2010,#2011);
#1859=AXIS2_PLACEMENT_3D('',#2462,#2015,#2016);
#1860=AXIS2_PLACEMENT_3D('',#2465,#2019,#2020);
#1861=AXIS2_PLACEMENT_3D('',#2466,#2021,#2022);
#1862=AXIS2_PLACEMENT_3D('',#2475,#2027,#2028);
#1863=AXIS2_PLACEMENT_3D('',#2481,#2032,#2033);
#1864=AXIS2_PLACEMENT_3D('',#2490,#2038,#2039);
#1865=AXIS2_PLACEMENT_3D('',#2496,#2043,#2044);
#1866=AXIS2_PLACEMENT_3D('',#2505,#2049,#2050);
#1867=AXIS2_PLACEMENT_3D('',#2511,#2054,#2055);
#1868=AXIS2_PLACEMENT_3D('',#2520,#2060,#2061);
#1869=AXIS2_PLACEMENT_3D('',#2526,#2065,#2066);
#1870=AXIS2_PLACEMENT_3D('',#2534,#2071,#2072);
#1871=AXIS2_PLACEMENT_3D('',#2542,#2077,#2078);
#1872=AXIS2_PLACEMENT_3D('',#2550,#2083,#2084);
#1873=AXIS2_PLACEMENT_3D('',#2558,#2089,#2090);
#1874=AXIS2_PLACEMENT_3D('',#2564,#2094,#2095);
#1875=AXIS2_PLACEMENT_3D('',#2653,#2140,#2141);
#1876=AXIS2_PLACEMENT_3D('',#2655,#2143,#2144);
#1877=AXIS2_PLACEMENT_3D('',#2659,#2147,#2148);
#1878=AXIS2_PLACEMENT_3D('',#2665,#2152,#2153);
#1879=AXIS2_PLACEMENT_3D('',#2671,#2157,#2158);
#1880=AXIS2_PLACEMENT_3D('',#2680,#2164,#2165);
#1881=AXIS2_PLACEMENT_3D('',#2684,#2168,#2169);
#1882=AXIS2_PLACEMENT_3D('',#2688,#2172,#2173);
#1883=AXIS2_PLACEMENT_3D('',#2690,#2175,#2176);
#1884=AXIS2_PLACEMENT_3D('',#2693,#2179,#2180);
#1885=AXIS2_PLACEMENT_3D('',#2697,#2183,#2184);
#1886=AXIS2_PLACEMENT_3D('',#2701,#2187,#2188);
#1887=AXIS2_PLACEMENT_3D('',#2708,#2193,#2194);
#1888=AXIS2_PLACEMENT_3D('',#2712,#2197,#2198);
#1889=AXIS2_PLACEMENT_3D('',#2716,#2201,#2202);
#1890=AXIS2_PLACEMENT_3D('',#2718,#2204,#2205);
#1891=AXIS2_PLACEMENT_3D('',#2722,#2208,#2209);
#1892=AXIS2_PLACEMENT_3D('',#2726,#2212,#2213);
#1893=AXIS2_PLACEMENT_3D('',#2733,#2218,#2219);
#1894=AXIS2_PLACEMENT_3D('',#2737,#2222,#2223);
#1895=AXIS2_PLACEMENT_3D('',#2741,#2226,#2227);
#1896=AXIS2_PLACEMENT_3D('',#2743,#2229,#2230);
#1897=AXIS2_PLACEMENT_3D('',#2745,#2232,#2233);
#1898=AXIS2_PLACEMENT_3D('',#2751,#2237,#2238);
#1899=AXIS2_PLACEMENT_3D('',#2755,#2241,#2242);
#1900=AXIS2_PLACEMENT_3D('',#2759,#2245,#2246);
#1901=AXIS2_PLACEMENT_3D('',#2762,#2249,#2250);
#1902=AXIS2_PLACEMENT_3D('',#2768,#2254,#2255);
#1903=AXIS2_PLACEMENT_3D('',#2772,#2258,#2259);
#1904=AXIS2_PLACEMENT_3D('',#2776,#2262,#2263);
#1905=AXIS2_PLACEMENT_3D('',#2780,#2266,#2267);
#1906=AXIS2_PLACEMENT_3D('',#2784,#2270,#2271);
#1907=AXIS2_PLACEMENT_3D('',#2788,#2274,#2275);
#1908=AXIS2_PLACEMENT_3D('',#2792,#2278,#2279);
#1909=AXIS2_PLACEMENT_3D('',#2796,#2282,#2283);
#1910=AXIS2_PLACEMENT_3D('',#2800,#2286,#2287);
#1911=AXIS2_PLACEMENT_3D('',#2804,#2290,#2291);
#1912=AXIS2_PLACEMENT_3D('',#2808,#2294,#2295);
#1913=AXIS2_PLACEMENT_3D('',#2812,#2298,#2299);
#1914=AXIS2_PLACEMENT_3D('',#2816,#2302,#2303);
#1915=AXIS2_PLACEMENT_3D('',#2820,#2306,#2307);
#1916=AXIS2_PLACEMENT_3D('',#2824,#2310,#2311);
#1917=AXIS2_PLACEMENT_3D('',#2828,#2314,#2315);
#1918=AXIS2_PLACEMENT_3D('',#2832,#2318,#2319);
#1919=AXIS2_PLACEMENT_3D('',#2836,#2322,#2323);
#1920=AXIS2_PLACEMENT_3D('',#2840,#2326,#2327);
#1921=AXIS2_PLACEMENT_3D('',#2844,#2330,#2331);
#1922=AXIS2_PLACEMENT_3D('',#2848,#2334,#2335);
#1923=AXIS2_PLACEMENT_3D('',#2852,#2338,#2339);
#1924=AXIS2_PLACEMENT_3D('',#2856,#2342,#2343);
#1925=AXIS2_PLACEMENT_3D('',#2860,#2346,#2347);
#1926=AXIS2_PLACEMENT_3D('',#2864,#2350,#2351);
#1927=AXIS2_PLACEMENT_3D('',#2868,#2354,#2355);
#1928=AXIS2_PLACEMENT_3D('',#2872,#2358,#2359);
#1929=AXIS2_PLACEMENT_3D('',#2874,#2361,#2362);
#1930=AXIS2_PLACEMENT_3D('',#2875,#2363,#2364);
#1931=DIRECTION('axis',(0.,0.,1.));
#1932=DIRECTION('refdir',(1.,0.,0.));
#1933=DIRECTION('center_axis',(1.,0.,0.));
#1934=DIRECTION('ref_axis',(0.,1.,0.));
#1935=DIRECTION('',(0.,-1.,0.));
#1936=DIRECTION('',(0.,0.,1.));
#1937=DIRECTION('',(0.,1.,0.));
#1938=DIRECTION('',(0.,0.,1.));
#1939=DIRECTION('center_axis',(-7.40148683083437E-16,-1.,0.));
#1940=DIRECTION('ref_axis',(1.,-7.40148683083437E-16,0.));
#1941=DIRECTION('',(-1.,7.40148683083437E-16,0.));
#1942=DIRECTION('',(1.,-7.40148683083437E-16,0.));
#1943=DIRECTION('',(0.,0.,1.));
#1944=DIRECTION('center_axis',(-1.,0.,0.));
#1945=DIRECTION('ref_axis',(0.,-1.,0.));
#1946=DIRECTION('',(0.,1.,0.));
#1947=DIRECTION('',(0.,-1.,0.));
#1948=DIRECTION('',(0.,0.,1.));
#1949=DIRECTION('center_axis',(1.48029736616687E-15,1.,0.));
#1950=DIRECTION('ref_axis',(-1.,1.48029736616687E-15,0.));
#1951=DIRECTION('',(1.,-1.48029736616687E-15,0.));
#1952=DIRECTION('',(-1.,1.48029736616687E-15,0.));
#1953=DIRECTION('center_axis',(0.,0.,1.));
#1954=DIRECTION('ref_axis',(1.,0.,0.));
#1955=DIRECTION('center_axis',(1.,0.,0.));
#1956=DIRECTION('ref_axis',(0.,1.,0.));
#1957=DIRECTION('',(0.,-1.,0.));
#1958=DIRECTION('',(0.,0.,1.));
#1959=DIRECTION('',(0.,1.,0.));
#1960=DIRECTION('',(0.,0.,1.));
#1961=DIRECTION('center_axis',(-7.40148683083438E-16,-1.,0.));
#1962=DIRECTION('ref_axis',(1.,-7.40148683083438E-16,0.));
#1963=DIRECTION('',(-1.,7.40148683083438E-16,0.));
#1964=DIRECTION('',(1.,-7.40148683083438E-16,0.));
#1965=DIRECTION('',(0.,0.,1.));
#1966=DIRECTION('center_axis',(-1.,0.,0.));
#1967=DIRECTION('ref_axis',(0.,-1.,0.));
#1968=DIRECTION('',(0.,1.,0.));
#1969=DIRECTION('',(0.,-1.,0.));
#1970=DIRECTION('',(0.,0.,1.));
#1971=DIRECTION('center_axis',(1.48029736616688E-15,1.,0.));
#1972=DIRECTION('ref_axis',(-1.,1.48029736616688E-15,0.));
#1973=DIRECTION('',(1.,-1.48029736616688E-15,0.));
#1974=DIRECTION('',(-1.,1.48029736616688E-15,0.));
#1975=DIRECTION('center_axis',(0.,0.,1.));
#1976=DIRECTION('ref_axis',(1.,0.,0.));
#1977=DIRECTION('center_axis',(-1.48029736616688E-15,-1.,0.));
#1978=DIRECTION('ref_axis',(1.,-1.48029736616688E-15,0.));
#1979=DIRECTION('',(-1.,1.48029736616688E-15,0.));
#1980=DIRECTION('',(0.,0.,1.));
#1981=DIRECTION('',(1.,-1.48029736616688E-15,0.));
#1982=DIRECTION('',(0.,0.,1.));
#1983=DIRECTION('center_axis',(-1.,0.,0.));
#1984=DIRECTION('ref_axis',(0.,-1.,0.));
#1985=DIRECTION('',(0.,1.,0.));
#1986=DIRECTION('',(0.,-1.,0.));
#1987=DIRECTION('',(0.,0.,1.));
#1988=DIRECTION('center_axis',(7.40148683083438E-16,1.,0.));
#1989=DIRECTION('ref_axis',(-1.,7.40148683083438E-16,0.));
#1990=DIRECTION('',(1.,-7.40148683083438E-16,0.));
#1991=DIRECTION('',(-1.,7.40148683083438E-16,0.));
#1992=DIRECTION('',(0.,0.,1.));
#1993=DIRECTION('center_axis',(1.,0.,0.));
#1994=DIRECTION('ref_axis',(0.,1.,0.));
#1995=DIRECTION('',(0.,-1.,0.));
#1996=DIRECTION('',(0.,1.,0.));
#1997=DIRECTION('center_axis',(0.,0.,1.));
#1998=DIRECTION('ref_axis',(1.,0.,0.));
#1999=DIRECTION('center_axis',(-1.48029736616688E-15,-1.,0.));
#2000=DIRECTION('ref_axis',(1.,-1.48029736616688E-15,0.));
#2001=DIRECTION('',(-1.,1.48029736616688E-15,0.));
#2002=DIRECTION('',(0.,0.,1.));
#2003=DIRECTION('',(1.,-1.48029736616688E-15,0.));
#2004=DIRECTION('',(0.,0.,1.));
#2005=DIRECTION('center_axis',(-1.,0.,0.));
#2006=DIRECTION('ref_axis',(0.,-1.,0.));
#2007=DIRECTION('',(0.,1.,0.));
#2008=DIRECTION('',(0.,-1.,0.));
#2009=DIRECTION('',(0.,0.,1.));
#2010=DIRECTION('center_axis',(7.40148683083438E-16,1.,0.));
#2011=DIRECTION('ref_axis',(-1.,7.40148683083438E-16,0.));
#2012=DIRECTION('',(1.,-7.40148683083438E-16,0.));
#2013=DIRECTION('',(-1.,7.40148683083438E-16,0.));
#2014=DIRECTION('',(0.,0.,1.));
#2015=DIRECTION('center_axis',(1.,0.,0.));
#2016=DIRECTION('ref_axis',(0.,1.,0.));
#2017=DIRECTION('',(0.,-1.,0.));
#2018=DIRECTION('',(0.,1.,0.));
#2019=DIRECTION('center_axis',(0.,0.,1.));
#2020=DIRECTION('ref_axis',(1.,0.,0.));
#2021=DIRECTION('center_axis',(-1.11022302462516E-15,-1.,0.));
#2022=DIRECTION('ref_axis',(-1.,1.11022302462516E-15,0.));
#2023=DIRECTION('',(-1.,1.11022302462516E-15,0.));
#2024=DIRECTION('',(0.,0.,1.));
#2025=DIRECTION('',(-1.,1.11022302462516E-15,0.));
#2026=DIRECTION('',(0.,0.,-1.));
#2027=DIRECTION('center_axis',(0.,0.,-1.));
#2028=DIRECTION('ref_axis',(-1.,0.,0.));
#2029=DIRECTION('',(1.,-1.11022302462516E-15,0.));
#2030=DIRECTION('',(0.,1.,0.));
#2031=DIRECTION('',(0.,-1.,0.));
#2032=DIRECTION('center_axis',(1.11022302462516E-15,1.,0.));
#2033=DIRECTION('ref_axis',(1.,-1.11022302462516E-15,0.));
#2034=DIRECTION('',(1.,-1.11022302462516E-15,0.));
#2035=DIRECTION('',(0.,0.,1.));
#2036=DIRECTION('',(1.,-1.11022302462516E-15,0.));
#2037=DIRECTION('',(0.,0.,-1.));
#2038=DIRECTION('center_axis',(0.,0.,-1.));
#2039=DIRECTION('ref_axis',(-1.,0.,0.));
#2040=DIRECTION('',(0.,1.,0.));
#2041=DIRECTION('',(-1.,1.11022302462516E-15,0.));
#2042=DIRECTION('',(0.,-1.,0.));
#2043=DIRECTION('center_axis',(-1.11022302462516E-15,-1.,0.));
#2044=DIRECTION('ref_axis',(-1.,1.11022302462516E-15,0.));
#2045=DIRECTION('',(-1.,1.11022302462516E-15,0.));
#2046=DIRECTION('',(0.,0.,1.));
#2047=DIRECTION('',(-1.,1.11022302462516E-15,0.));
#2048=DIRECTION('',(0.,0.,-1.));
#2049=DIRECTION('center_axis',(0.,0.,-1.));
#2050=DIRECTION('ref_axis',(-1.,0.,0.));
#2051=DIRECTION('',(0.,1.,0.));
#2052=DIRECTION('',(0.,-1.,0.));
#2053=DIRECTION('',(1.,-1.11022302462516E-15,0.));
#2054=DIRECTION('center_axis',(1.11022302462516E-15,1.,0.));
#2055=DIRECTION('ref_axis',(1.,-1.11022302462516E-15,0.));
#2056=DIRECTION('',(1.,-1.11022302462516E-15,0.));
#2057=DIRECTION('',(0.,0.,1.));
#2058=DIRECTION('',(1.,-1.11022302462516E-15,0.));
#2059=DIRECTION('',(0.,0.,-1.));
#2060=DIRECTION('center_axis',(0.,0.,-1.));
#2061=DIRECTION('ref_axis',(-1.,0.,0.));
#2062=DIRECTION('',(0.,1.,0.));
#2063=DIRECTION('',(-1.,1.11022302462516E-15,0.));
#2064=DIRECTION('',(0.,-1.,0.));
#2065=DIRECTION('center_axis',(-1.,0.,0.));
#2066=DIRECTION('ref_axis',(0.,-1.,0.));
#2067=DIRECTION('',(0.,0.,1.));
#2068=DIRECTION('',(0.,-1.,0.));
#2069=DIRECTION('',(0.,0.,1.));
#2070=DIRECTION('',(0.,-1.,0.));
#2071=DIRECTION('center_axis',(-1.,0.,0.));
#2072=DIRECTION('ref_axis',(0.,-1.,0.));
#2073=DIRECTION('',(0.,-1.,0.));
#2074=DIRECTION('',(0.,0.,1.));
#2075=DIRECTION('',(0.,-1.,0.));
#2076=DIRECTION('',(0.,0.,1.));
#2077=DIRECTION('center_axis',(1.,0.,0.));
#2078=DIRECTION('ref_axis',(0.,1.,0.));
#2079=DIRECTION('',(0.,1.,0.));
#2080=DIRECTION('',(0.,0.,1.));
#2081=DIRECTION('',(0.,1.,0.));
#2082=DIRECTION('',(0.,0.,1.));
#2083=DIRECTION('center_axis',(-1.,0.,0.));
#2084=DIRECTION('ref_axis',(0.,-1.,0.));
#2085=DIRECTION('',(0.,0.,1.));
#2086=DIRECTION('',(0.,-1.,0.));
#2087=DIRECTION('',(0.,0.,1.));
#2088=DIRECTION('',(0.,-1.,0.));
#2089=DIRECTION('center_axis',(0.,0.,1.));
#2090=DIRECTION('ref_axis',(1.,0.,0.));
#2091=DIRECTION('',(0.,1.,0.));
#2092=DIRECTION('',(-1.,0.,0.));
#2093=DIRECTION('',(0.,-1.,0.));
#2094=DIRECTION('center_axis',(0.,0.,1.));
#2095=DIRECTION('ref_axis',(1.,0.,0.));
#2096=DIRECTION('',(9.25185853854298E-17,-1.,0.));
#2097=DIRECTION('',(1.,0.,0.));
#2098=DIRECTION('',(0.,1.,0.));
#2099=DIRECTION('',(1.,6.12323399573677E-17,0.));
#2100=DIRECTION('',(0.,1.,0.));
#2101=DIRECTION('',(1.,0.,0.));
#2102=DIRECTION('',(0.,1.,0.));
#2103=DIRECTION('',(-1.,0.,0.));
#2104=DIRECTION('',(0.,1.,0.));
#2105=DIRECTION('',(1.,0.,0.));
#2106=DIRECTION('',(0.,1.,0.));
#2107=DIRECTION('',(-1.,0.,0.));
#2108=DIRECTION('',(0.,1.,0.));
#2109=DIRECTION('',(-1.,0.,0.));
#2110=DIRECTION('',(0.,1.,0.));
#2111=DIRECTION('',(-1.,0.,0.));
#2112=DIRECTION('',(0.,-1.,0.));
#2113=DIRECTION('',(-1.,0.,0.));
#2114=DIRECTION('',(0.,-1.,0.));
#2115=DIRECTION('',(-1.,0.,0.));
#2116=DIRECTION('',(-6.16790569236198E-17,-1.,0.));
#2117=DIRECTION('',(1.,0.,0.));
#2118=DIRECTION('',(0.,-1.,0.));
#2119=DIRECTION('',(-1.,0.,0.));
#2120=DIRECTION('',(0.,-1.,0.));
#2121=DIRECTION('',(1.,0.,0.));
#2122=DIRECTION('',(0.,-1.,0.));
#2123=DIRECTION('',(1.,6.12323399573677E-17,0.));
#2124=DIRECTION('',(1.,0.,0.));
#2125=DIRECTION('',(0.,-1.,0.));
#2126=DIRECTION('',(-1.,9.86864910777916E-16,0.));
#2127=DIRECTION('',(6.34413156928661E-16,1.,0.));
#2128=DIRECTION('',(-1.,0.,0.));
#2129=DIRECTION('',(0.,1.,0.));
#2130=DIRECTION('',(1.,0.,0.));
#2131=DIRECTION('',(0.,-1.,0.));
#2132=DIRECTION('',(-1.,0.,0.));
#2133=DIRECTION('',(0.,1.,0.));
#2134=DIRECTION('',(1.,0.,0.));
#2135=DIRECTION('',(0.,-1.,0.));
#2136=DIRECTION('',(1.,0.,0.));
#2137=DIRECTION('',(0.,-1.,0.));
#2138=DIRECTION('',(-1.,0.,0.));
#2139=DIRECTION('',(3.1720657846433E-16,1.,0.));
#2140=DIRECTION('center_axis',(0.,0.,1.));
#2141=DIRECTION('ref_axis',(1.,0.,0.));
#2142=DIRECTION('',(1.,-1.11022302462516E-15,0.));
#2143=DIRECTION('center_axis',(0.,0.,1.));
#2144=DIRECTION('ref_axis',(1.,0.,0.));
#2145=DIRECTION('',(0.,1.,0.));
#2146=DIRECTION('',(-1.,0.,0.));
#2147=DIRECTION('center_axis',(-1.,0.,0.));
#2148=DIRECTION('ref_axis',(0.,-1.,0.));
#2149=DIRECTION('',(0.,0.,1.));
#2150=DIRECTION('',(0.,-1.,0.));
#2151=DIRECTION('',(0.,0.,1.));
#2152=DIRECTION('center_axis',(0.,-1.,0.));
#2153=DIRECTION('ref_axis',(1.,0.,0.));
#2154=DIRECTION('',(1.,0.,0.));
#2155=DIRECTION('',(0.,0.,1.));
#2156=DIRECTION('',(1.,0.,0.));
#2157=DIRECTION('center_axis',(0.,-1.,0.));
#2158=DIRECTION('ref_axis',(1.,0.,0.));
#2159=DIRECTION('',(1.,0.,0.));
#2160=DIRECTION('',(0.,0.,1.));
#2161=DIRECTION('',(1.,0.,0.));
#2162=DIRECTION('',(0.,0.,1.));
#2163=DIRECTION('',(0.,0.,1.));
#2164=DIRECTION('center_axis',(1.,-3.1720657846433E-16,0.));
#2165=DIRECTION('ref_axis',(3.1720657846433E-16,1.,0.));
#2166=DIRECTION('',(3.1720657846433E-16,1.,0.));
#2167=DIRECTION('',(0.,0.,1.));
#2168=DIRECTION('center_axis',(0.,1.,0.));
#2169=DIRECTION('ref_axis',(-1.,0.,0.));
#2170=DIRECTION('',(-1.,0.,0.));
#2171=DIRECTION('',(0.,0.,1.));
#2172=DIRECTION('center_axis',(-1.,0.,0.));
#2173=DIRECTION('ref_axis',(0.,-1.,0.));
#2174=DIRECTION('',(0.,-1.,0.));
#2175=DIRECTION('center_axis',(1.,0.,0.));
#2176=DIRECTION('ref_axis',(0.,1.,0.));
#2177=DIRECTION('',(0.,1.,0.));
#2178=DIRECTION('',(0.,1.,0.));
#2179=DIRECTION('center_axis',(0.,1.,0.));
#2180=DIRECTION('ref_axis',(-1.,0.,0.));
#2181=DIRECTION('',(-1.,0.,0.));
#2182=DIRECTION('',(0.,0.,1.));
#2183=DIRECTION('center_axis',(1.,0.,0.));
#2184=DIRECTION('ref_axis',(0.,1.,0.));
#2185=DIRECTION('',(0.,0.,1.));
#2186=DIRECTION('',(0.,1.,0.));
#2187=DIRECTION('center_axis',(0.,1.,0.));
#2188=DIRECTION('ref_axis',(-1.,0.,0.));
#2189=DIRECTION('',(-1.,0.,0.));
#2190=DIRECTION('',(-1.,0.,0.));
#2191=DIRECTION('',(0.,0.,1.));
#2192=DIRECTION('',(0.,0.,1.));
#2193=DIRECTION('center_axis',(-1.,0.,0.));
#2194=DIRECTION('ref_axis',(0.,-1.,0.));
#2195=DIRECTION('',(0.,-1.,0.));
#2196=DIRECTION('',(0.,0.,1.));
#2197=DIRECTION('center_axis',(0.,-1.,0.));
#2198=DIRECTION('ref_axis',(1.,0.,0.));
#2199=DIRECTION('',(1.,0.,0.));
#2200=DIRECTION('',(0.,0.,1.));
#2201=DIRECTION('center_axis',(1.,0.,0.));
#2202=DIRECTION('ref_axis',(0.,1.,0.));
#2203=DIRECTION('',(0.,1.,0.));
#2204=DIRECTION('center_axis',(0.,1.,0.));
#2205=DIRECTION('ref_axis',(-1.,0.,0.));
#2206=DIRECTION('',(-1.,0.,0.));
#2207=DIRECTION('',(0.,0.,1.));
#2208=DIRECTION('center_axis',(1.,0.,0.));
#2209=DIRECTION('ref_axis',(0.,1.,0.));
#2210=DIRECTION('',(0.,0.,1.));
#2211=DIRECTION('',(0.,1.,0.));
#2212=DIRECTION('center_axis',(0.,1.,0.));
#2213=DIRECTION('ref_axis',(-1.,0.,0.));
#2214=DIRECTION('',(-1.,0.,0.));
#2215=DIRECTION('',(-1.,0.,0.));
#2216=DIRECTION('',(0.,0.,1.));
#2217=DIRECTION('',(0.,0.,1.));
#2218=DIRECTION('center_axis',(-1.,0.,0.));
#2219=DIRECTION('ref_axis',(0.,-1.,0.));
#2220=DIRECTION('',(0.,-1.,0.));
#2221=DIRECTION('',(0.,0.,1.));
#2222=DIRECTION('center_axis',(0.,-1.,0.));
#2223=DIRECTION('ref_axis',(1.,0.,0.));
#2224=DIRECTION('',(1.,0.,0.));
#2225=DIRECTION('',(0.,0.,1.));
#2226=DIRECTION('center_axis',(1.,0.,0.));
#2227=DIRECTION('ref_axis',(0.,1.,0.));
#2228=DIRECTION('',(0.,1.,0.));
#2229=DIRECTION('center_axis',(-1.11022302462516E-15,-1.,0.));
#2230=DIRECTION('ref_axis',(1.,-1.11022302462516E-15,0.));
#2231=DIRECTION('',(1.,-1.11022302462516E-15,0.));
#2232=DIRECTION('center_axis',(1.,-6.34413156928661E-16,0.));
#2233=DIRECTION('ref_axis',(6.34413156928661E-16,1.,0.));
#2234=DIRECTION('',(6.34413156928661E-16,1.,0.));
#2235=DIRECTION('',(0.,0.,1.));
#2236=DIRECTION('',(0.,0.,1.));
#2237=DIRECTION('center_axis',(9.86864910777916E-16,1.,0.));
#2238=DIRECTION('ref_axis',(-1.,9.86864910777916E-16,0.));
#2239=DIRECTION('',(-1.,9.86864910777916E-16,0.));
#2240=DIRECTION('',(0.,0.,1.));
#2241=DIRECTION('center_axis',(-1.,0.,0.));
#2242=DIRECTION('ref_axis',(0.,-1.,0.));
#2243=DIRECTION('',(0.,-1.,0.));
#2244=DIRECTION('',(0.,0.,1.));
#2245=DIRECTION('center_axis',(0.,-1.,0.));
#2246=DIRECTION('ref_axis',(1.,0.,0.));
#2247=DIRECTION('',(1.,0.,0.));
#2248=DIRECTION('',(1.,0.,0.));
#2249=DIRECTION('center_axis',(6.12323399573677E-17,-1.,0.));
#2250=DIRECTION('ref_axis',(1.,6.12323399573677E-17,0.));
#2251=DIRECTION('',(-1.,-6.12323399573677E-17,0.));
#2252=DIRECTION('',(0.,0.,1.));
#2253=DIRECTION('',(0.,0.,1.));
#2254=DIRECTION('center_axis',(-1.,0.,0.));
#2255=DIRECTION('ref_axis',(0.,-1.,0.));
#2256=DIRECTION('',(0.,1.,0.));
#2257=DIRECTION('',(0.,0.,1.));
#2258=DIRECTION('center_axis',(0.,-1.,0.));
#2259=DIRECTION('ref_axis',(1.,0.,0.));
#2260=DIRECTION('',(-1.,0.,0.));
#2261=DIRECTION('',(0.,0.,1.));
#2262=DIRECTION('center_axis',(-1.,0.,0.));
#2263=DIRECTION('ref_axis',(0.,-1.,0.));
#2264=DIRECTION('',(0.,1.,0.));
#2265=DIRECTION('',(0.,0.,1.));
#2266=DIRECTION('center_axis',(0.,1.,0.));
#2267=DIRECTION('ref_axis',(-1.,0.,0.));
#2268=DIRECTION('',(1.,0.,0.));
#2269=DIRECTION('',(0.,0.,1.));
#2270=DIRECTION('center_axis',(-1.,0.,0.));
#2271=DIRECTION('ref_axis',(0.,-1.,0.));
#2272=DIRECTION('',(0.,1.,0.));
#2273=DIRECTION('',(0.,0.,1.));
#2274=DIRECTION('center_axis',(0.,-1.,0.));
#2275=DIRECTION('ref_axis',(1.,0.,0.));
#2276=DIRECTION('',(1.,0.,0.));
#2277=DIRECTION('',(0.,0.,1.));
#2278=DIRECTION('center_axis',(-1.,6.16790569236198E-17,0.));
#2279=DIRECTION('ref_axis',(-6.16790569236198E-17,-1.,0.));
#2280=DIRECTION('',(-6.16790569236198E-17,-1.,0.));
#2281=DIRECTION('',(0.,0.,1.));
#2282=DIRECTION('center_axis',(0.,1.,0.));
#2283=DIRECTION('ref_axis',(-1.,0.,0.));
#2284=DIRECTION('',(-1.,0.,0.));
#2285=DIRECTION('',(0.,0.,1.));
#2286=DIRECTION('center_axis',(-1.,0.,0.));
#2287=DIRECTION('ref_axis',(0.,-1.,0.));
#2288=DIRECTION('',(0.,1.,0.));
#2289=DIRECTION('',(0.,0.,1.));
#2290=DIRECTION('center_axis',(0.,1.,0.));
#2291=DIRECTION('ref_axis',(-1.,0.,0.));
#2292=DIRECTION('',(1.,0.,0.));
#2293=DIRECTION('',(0.,0.,1.));
#2294=DIRECTION('center_axis',(-1.,0.,0.));
#2295=DIRECTION('ref_axis',(0.,-1.,0.));
#2296=DIRECTION('',(0.,1.,0.));
#2297=DIRECTION('',(0.,0.,1.));
#2298=DIRECTION('center_axis',(0.,1.,0.));
#2299=DIRECTION('ref_axis',(-1.,0.,0.));
#2300=DIRECTION('',(1.,0.,0.));
#2301=DIRECTION('',(0.,0.,1.));
#2302=DIRECTION('center_axis',(1.,0.,0.));
#2303=DIRECTION('ref_axis',(0.,1.,0.));
#2304=DIRECTION('',(0.,-1.,0.));
#2305=DIRECTION('',(0.,0.,1.));
#2306=DIRECTION('center_axis',(0.,1.,0.));
#2307=DIRECTION('ref_axis',(-1.,0.,0.));
#2308=DIRECTION('',(1.,0.,0.));
#2309=DIRECTION('',(0.,0.,1.));
#2310=DIRECTION('center_axis',(1.,0.,0.));
#2311=DIRECTION('ref_axis',(0.,1.,0.));
#2312=DIRECTION('',(0.,-1.,0.));
#2313=DIRECTION('',(0.,0.,1.));
#2314=DIRECTION('center_axis',(0.,1.,0.));
#2315=DIRECTION('ref_axis',(-1.,0.,0.));
#2316=DIRECTION('',(1.,0.,0.));
#2317=DIRECTION('',(0.,0.,1.));
#2318=DIRECTION('center_axis',(1.,0.,0.));
#2319=DIRECTION('ref_axis',(0.,1.,0.));
#2320=DIRECTION('',(0.,-1.,0.));
#2321=DIRECTION('',(0.,0.,1.));
#2322=DIRECTION('center_axis',(0.,-1.,0.));
#2323=DIRECTION('ref_axis',(1.,0.,0.));
#2324=DIRECTION('',(-1.,0.,0.));
#2325=DIRECTION('',(0.,0.,1.));
#2326=DIRECTION('center_axis',(1.,0.,0.));
#2327=DIRECTION('ref_axis',(0.,1.,0.));
#2328=DIRECTION('',(0.,-1.,0.));
#2329=DIRECTION('',(0.,0.,1.));
#2330=DIRECTION('center_axis',(0.,1.,0.));
#2331=DIRECTION('ref_axis',(-1.,0.,0.));
#2332=DIRECTION('',(1.,0.,0.));
#2333=DIRECTION('',(0.,0.,1.));
#2334=DIRECTION('center_axis',(1.,0.,0.));
#2335=DIRECTION('ref_axis',(0.,1.,0.));
#2336=DIRECTION('',(0.,-1.,0.));
#2337=DIRECTION('',(0.,0.,1.));
#2338=DIRECTION('center_axis',(0.,-1.,0.));
#2339=DIRECTION('ref_axis',(1.,0.,0.));
#2340=DIRECTION('',(-1.,0.,0.));
#2341=DIRECTION('',(0.,0.,1.));
#2342=DIRECTION('center_axis',(1.,0.,0.));
#2343=DIRECTION('ref_axis',(0.,1.,0.));
#2344=DIRECTION('',(0.,-1.,0.));
#2345=DIRECTION('',(0.,0.,1.));
#2346=DIRECTION('center_axis',(6.12323399573677E-17,-1.,0.));
#2347=DIRECTION('ref_axis',(1.,6.12323399573677E-17,0.));
#2348=DIRECTION('',(-1.,-6.12323399573677E-17,0.));
#2349=DIRECTION('',(0.,0.,1.));
#2350=DIRECTION('center_axis',(1.,0.,0.));
#2351=DIRECTION('ref_axis',(0.,1.,0.));
#2352=DIRECTION('',(0.,1.,0.));
#2353=DIRECTION('',(0.,0.,1.));
#2354=DIRECTION('center_axis',(0.,-1.,0.));
#2355=DIRECTION('ref_axis',(1.,0.,0.));
#2356=DIRECTION('',(1.,0.,0.));
#2357=DIRECTION('',(0.,0.,1.));
#2358=DIRECTION('center_axis',(-1.,-9.25185853854298E-17,0.));
#2359=DIRECTION('ref_axis',(9.25185853854298E-17,-1.,0.));
#2360=DIRECTION('',(9.25185853854298E-17,-1.,0.));
#2361=DIRECTION('center_axis',(0.,0.,1.));
#2362=DIRECTION('ref_axis',(1.,0.,0.));
#2363=DIRECTION('center_axis',(0.,0.,1.));
#2364=DIRECTION('ref_axis',(1.,0.,0.));
#2365=CARTESIAN_POINT('',(0.,0.,0.));
#2366=CARTESIAN_POINT('Origin',(39.9,7.99999999999999,2.));
#2367=CARTESIAN_POINT('',(39.9,9.99999999999999,2.));
#2368=CARTESIAN_POINT('',(39.9,7.99999999999999,2.));
#2369=CARTESIAN_POINT('',(39.9,15.95,2.));
#2370=CARTESIAN_POINT('',(39.9,9.99999999999999,3.5));
#2371=CARTESIAN_POINT('',(39.9,9.99999999999999,2.));
#2372=CARTESIAN_POINT('',(39.9,7.99999999999999,3.5));
#2373=CARTESIAN_POINT('',(39.9,15.95,3.5));
#2374=CARTESIAN_POINT('',(39.9,7.99999999999999,2.));
#2375=CARTESIAN_POINT('Origin',(33.9,7.99999999999999,2.));
#2376=CARTESIAN_POINT('',(33.9,7.99999999999999,2.));
#2377=CARTESIAN_POINT('',(29.4500001974404,8.,2.));
#2378=CARTESIAN_POINT('',(33.9,7.99999999999999,3.5));
#2379=CARTESIAN_POINT('',(29.3,8.,3.5));
#2380=CARTESIAN_POINT('',(33.9,7.99999999999999,2.));
#2381=CARTESIAN_POINT('Origin',(33.9,10.,2.));
#2382=CARTESIAN_POINT('',(33.9,10.,2.));
#2383=CARTESIAN_POINT('',(33.9,16.95,2.));
#2384=CARTESIAN_POINT('',(33.9,10.,3.5));
#2385=CARTESIAN_POINT('',(33.9,16.95,3.5));
#2386=CARTESIAN_POINT('',(33.9,10.,2.));
#2387=CARTESIAN_POINT('Origin',(39.9,9.99999999999999,2.));
#2388=CARTESIAN_POINT('',(32.4500001974404,10.,2.));
#2389=CARTESIAN_POINT('',(32.3,10.,3.5));
#2390=CARTESIAN_POINT('Origin',(24.7,23.9,3.5));
#2391=CARTESIAN_POINT('Origin',(15.5,7.99999999999999,2.));
#2392=CARTESIAN_POINT('',(15.5,9.99999999999999,2.));
#2393=CARTESIAN_POINT('',(15.5,7.99999999999999,2.));
#2394=CARTESIAN_POINT('',(15.5,15.95,2.));
#2395=CARTESIAN_POINT('',(15.5,9.99999999999999,3.5));
#2396=CARTESIAN_POINT('',(15.5,9.99999999999999,2.));
#2397=CARTESIAN_POINT('',(15.5,7.99999999999999,3.5));
#2398=CARTESIAN_POINT('',(15.5,15.95,3.5));
#2399=CARTESIAN_POINT('',(15.5,7.99999999999999,2.));
#2400=CARTESIAN_POINT('Origin',(9.50000000000001,8.,2.));
#2401=CARTESIAN_POINT('',(9.50000000000001,8.,2.));
#2402=CARTESIAN_POINT('',(17.2500001974404,7.99999999999999,2.));
#2403=CARTESIAN_POINT('',(9.50000000000001,8.,3.5));
#2404=CARTESIAN_POINT('',(17.1,7.99999999999999,3.5));
#2405=CARTESIAN_POINT('',(9.50000000000001,8.,2.));
#2406=CARTESIAN_POINT('Origin',(9.50000000000001,10.,2.));
#2407=CARTESIAN_POINT('',(9.50000000000001,10.,2.));
#2408=CARTESIAN_POINT('',(9.50000000000001,16.95,2.));
#2409=CARTESIAN_POINT('',(9.50000000000001,10.,3.5));
#2410=CARTESIAN_POINT('',(9.50000000000001,16.95,3.5));
#2411=CARTESIAN_POINT('',(9.50000000000001,10.,2.));
#2412=CARTESIAN_POINT('Origin',(15.5,9.99999999999999,2.));
#2413=CARTESIAN_POINT('',(20.2500001974404,9.99999999999998,2.));
#2414=CARTESIAN_POINT('',(20.1,9.99999999999998,3.5));
#2415=CARTESIAN_POINT('Origin',(24.7,23.9,3.5));
#2416=CARTESIAN_POINT('Origin',(33.9,37.8,2.));
#2417=CARTESIAN_POINT('',(39.9,37.8,2.));
#2418=CARTESIAN_POINT('',(33.9,37.8,2.));
#2419=CARTESIAN_POINT('',(29.4500001974404,37.8,2.));
#2420=CARTESIAN_POINT('',(39.9,37.8,3.5));
#2421=CARTESIAN_POINT('',(39.9,37.8,2.));
#2422=CARTESIAN_POINT('',(33.9,37.8,3.5));
#2423=CARTESIAN_POINT('',(29.3,37.8,3.5));
#2424=CARTESIAN_POINT('',(33.9,37.8,2.));
#2425=CARTESIAN_POINT('Origin',(33.9,39.8,2.));
#2426=CARTESIAN_POINT('',(33.9,39.8,2.));
#2427=CARTESIAN_POINT('',(33.9,31.85,2.));
#2428=CARTESIAN_POINT('',(33.9,39.8,3.5));
#2429=CARTESIAN_POINT('',(33.9,31.85,3.5));
#2430=CARTESIAN_POINT('',(33.9,39.8,2.));
#2431=CARTESIAN_POINT('Origin',(39.9,39.8,2.));
#2432=CARTESIAN_POINT('',(39.9,39.8,2.));
#2433=CARTESIAN_POINT('',(32.4500001974404,39.8,2.));
#2434=CARTESIAN_POINT('',(39.9,39.8,3.5));
#2435=CARTESIAN_POINT('',(32.3,39.8,3.5));
#2436=CARTESIAN_POINT('',(39.9,39.8,2.));
#2437=CARTESIAN_POINT('Origin',(39.9,37.8,2.));
#2438=CARTESIAN_POINT('',(39.9,30.85,2.));
#2439=CARTESIAN_POINT('',(39.9,30.85,3.5));
#2440=CARTESIAN_POINT('Origin',(24.7,23.9,3.5));
#2441=CARTESIAN_POINT('Origin',(9.5,37.8,2.));
#2442=CARTESIAN_POINT('',(15.5,37.8,2.));
#2443=CARTESIAN_POINT('',(9.5,37.8,2.));
#2444=CARTESIAN_POINT('',(17.2500001974404,37.8,2.));
#2445=CARTESIAN_POINT('',(15.5,37.8,3.5));
#2446=CARTESIAN_POINT('',(15.5,37.8,2.));
#2447=CARTESIAN_POINT('',(9.5,37.8,3.5));
#2448=CARTESIAN_POINT('',(17.1,37.8,3.5));
#2449=CARTESIAN_POINT('',(9.5,37.8,2.));
#2450=CARTESIAN_POINT('Origin',(9.5,39.8,2.));
#2451=CARTESIAN_POINT('',(9.5,39.8,2.));
#2452=CARTESIAN_POINT('',(9.5,31.85,2.));
#2453=CARTESIAN_POINT('',(9.5,39.8,3.5));
#2454=CARTESIAN_POINT('',(9.5,31.85,3.5));
#2455=CARTESIAN_POINT('',(9.5,39.8,2.));
#2456=CARTESIAN_POINT('Origin',(15.5,39.8,2.));
#2457=CARTESIAN_POINT('',(15.5,39.8,2.));
#2458=CARTESIAN_POINT('',(20.2500001974404,39.8,2.));
#2459=CARTESIAN_POINT('',(15.5,39.8,3.5));
#2460=CARTESIAN_POINT('',(20.1,39.8,3.5));
#2461=CARTESIAN_POINT('',(15.5,39.8,2.));
#2462=CARTESIAN_POINT('Origin',(15.5,37.8,2.));
#2463=CARTESIAN_POINT('',(15.5,30.85,2.));
#2464=CARTESIAN_POINT('',(15.5,30.85,3.5));
#2465=CARTESIAN_POINT('Origin',(24.7,23.9,3.5));
#2466=CARTESIAN_POINT('Origin',(40.9,11.,2.));
#2467=CARTESIAN_POINT('',(40.9,11.,2.));
#2468=CARTESIAN_POINT('',(32.9,11.,2.));
#2469=CARTESIAN_POINT('',(32.9500001974404,11.,2.));
#2470=CARTESIAN_POINT('',(40.9,11.,1.2));
#2471=CARTESIAN_POINT('',(40.9,11.,1.));
#2472=CARTESIAN_POINT('',(32.9,11.,1.2));
#2473=CARTESIAN_POINT('',(28.8,11.,1.2));
#2474=CARTESIAN_POINT('',(32.9,11.,1.));
#2475=CARTESIAN_POINT('Origin',(24.7,23.9,1.2));
#2476=CARTESIAN_POINT('',(32.9,21.,1.2));
#2477=CARTESIAN_POINT('',(40.9,21.,1.2));
#2478=CARTESIAN_POINT('',(32.8,21.,1.2));
#2479=CARTESIAN_POINT('',(32.9,22.45,1.2));
#2480=CARTESIAN_POINT('',(40.9,15.62169369998,1.2));
#2481=CARTESIAN_POINT('Origin',(32.9,36.8,2.));
#2482=CARTESIAN_POINT('',(32.9,36.8,2.));
#2483=CARTESIAN_POINT('',(40.9,36.8,2.));
#2484=CARTESIAN_POINT('',(28.9500001974404,36.8,2.));
#2485=CARTESIAN_POINT('',(32.9,36.8,1.2));
#2486=CARTESIAN_POINT('',(32.9,36.8,1.));
#2487=CARTESIAN_POINT('',(40.9,36.8,1.2));
#2488=CARTESIAN_POINT('',(32.8,36.8,1.2));
#2489=CARTESIAN_POINT('',(40.9,36.8,1.));
#2490=CARTESIAN_POINT('Origin',(24.7,23.9,1.2));
#2491=CARTESIAN_POINT('',(32.9,26.8,1.2));
#2492=CARTESIAN_POINT('',(32.9,32.17830630002,1.2));
#2493=CARTESIAN_POINT('',(40.9,26.8,1.2));
#2494=CARTESIAN_POINT('',(28.8,26.8,1.2));
#2495=CARTESIAN_POINT('',(40.9,25.35,1.2));
#2496=CARTESIAN_POINT('Origin',(16.5,11.,2.));
#2497=CARTESIAN_POINT('',(16.5,11.,2.));
#2498=CARTESIAN_POINT('',(8.5,11.,2.));
#2499=CARTESIAN_POINT('',(20.7500001974404,11.,2.));
#2500=CARTESIAN_POINT('',(16.5,11.,1.2));
#2501=CARTESIAN_POINT('',(16.5,11.,1.));
#2502=CARTESIAN_POINT('',(8.5,11.,1.2));
#2503=CARTESIAN_POINT('',(16.6,11.,1.2));
#2504=CARTESIAN_POINT('',(8.5,11.,1.));
#2505=CARTESIAN_POINT('Origin',(24.7,23.9,1.2));
#2506=CARTESIAN_POINT('',(8.50000000000001,21.,1.2));
#2507=CARTESIAN_POINT('',(8.5,22.45,1.2));
#2508=CARTESIAN_POINT('',(16.5,21.,1.2));
#2509=CARTESIAN_POINT('',(16.5,15.62169369998,1.2));
#2510=CARTESIAN_POINT('',(20.6,21.,1.2));
#2511=CARTESIAN_POINT('Origin',(8.5,36.8,2.));
#2512=CARTESIAN_POINT('',(8.5,36.8,2.));
#2513=CARTESIAN_POINT('',(16.5,36.8,2.));
#2514=CARTESIAN_POINT('',(16.7500001974404,36.8,2.));
#2515=CARTESIAN_POINT('',(8.5,36.8,1.2));
#2516=CARTESIAN_POINT('',(8.5,36.8,1.));
#2517=CARTESIAN_POINT('',(16.5,36.8,1.2));
#2518=CARTESIAN_POINT('',(20.6,36.8,1.2));
#2519=CARTESIAN_POINT('',(16.5,36.8,1.));
#2520=CARTESIAN_POINT('Origin',(24.7,23.9,1.2));
#2521=CARTESIAN_POINT('',(8.5,26.8,1.2));
#2522=CARTESIAN_POINT('',(8.5,32.17830630002,1.2));
#2523=CARTESIAN_POINT('',(16.5,26.8,1.2));
#2524=CARTESIAN_POINT('',(16.6,26.8,1.2));
#2525=CARTESIAN_POINT('',(16.5,25.35,1.2));
#2526=CARTESIAN_POINT('Origin',(32.9,21.,0.));
#2527=CARTESIAN_POINT('',(32.9,21.,0.));
#2528=CARTESIAN_POINT('',(32.9,21.,0.));
#2529=CARTESIAN_POINT('',(32.9,7.34338739995999,0.));
#2530=CARTESIAN_POINT('',(32.9,7.34338739995999,0.));
#2531=CARTESIAN_POINT('',(32.9,7.34338739995999,2.));
#2532=CARTESIAN_POINT('',(32.9,7.34338739995999,0.));
#2533=CARTESIAN_POINT('',(32.9,7.34338739995999,2.));
#2534=CARTESIAN_POINT('Origin',(32.9,40.45661260004,0.));
#2535=CARTESIAN_POINT('',(32.9,40.45661260004,2.));
#2536=CARTESIAN_POINT('',(32.9,36.8,2.));
#2537=CARTESIAN_POINT('',(32.9,40.45661260004,0.));
#2538=CARTESIAN_POINT('',(32.9,40.45661260004,0.));
#2539=CARTESIAN_POINT('',(32.9,26.8,0.));
#2540=CARTESIAN_POINT('',(32.9,36.8,0.));
#2541=CARTESIAN_POINT('',(32.9,26.8,0.));
#2542=CARTESIAN_POINT('Origin',(16.5,7.34338739995999,0.));
#2543=CARTESIAN_POINT('',(16.5,7.34338739995999,2.));
#2544=CARTESIAN_POINT('',(16.5,11.,2.));
#2545=CARTESIAN_POINT('',(16.5,7.34338739995999,0.));
#2546=CARTESIAN_POINT('',(16.5,7.34338739995999,0.));
#2547=CARTESIAN_POINT('',(16.5,21.,0.));
#2548=CARTESIAN_POINT('',(16.5,11.,0.));
#2549=CARTESIAN_POINT('',(16.5,21.,0.));
#2550=CARTESIAN_POINT('Origin',(8.5,21.,0.));
#2551=CARTESIAN_POINT('',(8.50000000000001,21.,0.));
#2552=CARTESIAN_POINT('',(8.50000000000001,21.,0.));
#2553=CARTESIAN_POINT('',(8.5,7.34338739996,0.));
#2554=CARTESIAN_POINT('',(8.5,7.34338739996,0.));
#2555=CARTESIAN_POINT('',(8.5,7.34338739996,2.));
#2556=CARTESIAN_POINT('',(8.5,7.34338739996,0.));
#2557=CARTESIAN_POINT('',(8.5,7.34338739996,2.));
#2558=CARTESIAN_POINT('Origin',(25.0000003948808,23.9,2.));
#2559=CARTESIAN_POINT('',(16.5,40.45661260004,2.));
#2560=CARTESIAN_POINT('',(16.5,40.45661260004,2.));
#2561=CARTESIAN_POINT('',(8.5,40.45661260004,2.));
#2562=CARTESIAN_POINT('',(8.5,40.45661260004,2.));
#2563=CARTESIAN_POINT('',(8.5,36.8,2.));
#2564=CARTESIAN_POINT('Origin',(25.0000003948808,23.9,2.));
#2565=CARTESIAN_POINT('',(2.,0.,2.));
#2566=CARTESIAN_POINT('',(2.,-3.,2.));
#2567=CARTESIAN_POINT('',(2.,1.22464679914735E-16,2.));
#2568=CARTESIAN_POINT('',(15.,-3.,2.));
#2569=CARTESIAN_POINT('',(2.,-3.,2.));
#2570=CARTESIAN_POINT('',(15.,0.,2.));
#2571=CARTESIAN_POINT('',(15.,-3.,2.));
#2572=CARTESIAN_POINT('',(49.4,3.33066907387547E-15,2.));
#2573=CARTESIAN_POINT('',(49.4,3.02487759389396E-15,2.));
#2574=CARTESIAN_POINT('',(49.4,5.,2.));
#2575=CARTESIAN_POINT('',(49.4,47.8,2.));
#2576=CARTESIAN_POINT('',(53.0000007897615,5.,2.));
#2577=CARTESIAN_POINT('',(53.0000007897615,5.,2.));
#2578=CARTESIAN_POINT('',(53.0000007897615,15.,2.));
#2579=CARTESIAN_POINT('',(53.0000007897615,15.,2.));
#2580=CARTESIAN_POINT('',(49.4,15.,2.));
#2581=CARTESIAN_POINT('',(49.4,15.,2.));
#2582=CARTESIAN_POINT('',(49.4,30.8,2.));
#2583=CARTESIAN_POINT('',(49.4,47.8,2.));
#2584=CARTESIAN_POINT('',(53.0000007897615,30.8,2.));
#2585=CARTESIAN_POINT('',(53.0000007897615,30.8,2.));
#2586=CARTESIAN_POINT('',(53.0000007897615,45.8,2.));
#2587=CARTESIAN_POINT('',(53.0000007897615,45.8,2.));
#2588=CARTESIAN_POINT('',(49.4,45.8,2.));
#2589=CARTESIAN_POINT('',(49.4,45.8,2.));
#2590=CARTESIAN_POINT('',(49.4,47.8,2.));
#2591=CARTESIAN_POINT('',(49.4,47.8,2.));
#2592=CARTESIAN_POINT('',(39.4,47.8,2.));
#2593=CARTESIAN_POINT('',(0.,47.8,2.));
#2594=CARTESIAN_POINT('',(39.4,50.8,2.));
#2595=CARTESIAN_POINT('',(39.4,50.8,2.));
#2596=CARTESIAN_POINT('',(10.,50.8,2.));
#2597=CARTESIAN_POINT('',(10.,50.8,2.));
#2598=CARTESIAN_POINT('',(10.,47.8,2.));
#2599=CARTESIAN_POINT('',(10.,47.8,2.));
#2600=CARTESIAN_POINT('',(0.,47.8,2.));
#2601=CARTESIAN_POINT('',(0.,47.8,2.));
#2602=CARTESIAN_POINT('',(0.,41.8,2.));
#2603=CARTESIAN_POINT('',(0.,0.,2.));
#2604=CARTESIAN_POINT('',(-3.,41.8,2.));
#2605=CARTESIAN_POINT('',(0.,41.8,2.));
#2606=CARTESIAN_POINT('',(-3.,32.8,2.));
#2607=CARTESIAN_POINT('',(-3.,41.8,2.));
#2608=CARTESIAN_POINT('',(0.,32.8,2.));
#2609=CARTESIAN_POINT('',(-3.,32.8,2.));
#2610=CARTESIAN_POINT('',(0.,15.,2.));
#2611=CARTESIAN_POINT('',(0.,0.,2.));
#2612=CARTESIAN_POINT('',(-3.,15.,2.));
#2613=CARTESIAN_POINT('',(-3.,15.,2.));
#2614=CARTESIAN_POINT('',(-3.,5.,2.));
#2615=CARTESIAN_POINT('',(-3.,5.,2.));
#2616=CARTESIAN_POINT('',(0.,5.,2.));
#2617=CARTESIAN_POINT('',(0.,5.,2.));
#2618=CARTESIAN_POINT('',(0.,0.,2.));
#2619=CARTESIAN_POINT('',(0.,0.,2.));
#2620=CARTESIAN_POINT('',(49.4,3.02487759389396E-15,2.));
#2621=CARTESIAN_POINT('',(8.00000000000001,21.,2.));
#2622=CARTESIAN_POINT('',(17.,21.,2.));
#2623=CARTESIAN_POINT('',(8.00000000000001,21.,2.));
#2624=CARTESIAN_POINT('',(17.,6.99999999999999,2.));
#2625=CARTESIAN_POINT('',(17.,21.,2.));
#2626=CARTESIAN_POINT('',(8.,7.,2.));
#2627=CARTESIAN_POINT('',(17.,6.99999999999999,2.));
#2628=CARTESIAN_POINT('',(8.,7.,2.));
#2629=CARTESIAN_POINT('',(41.4,26.8,2.));
#2630=CARTESIAN_POINT('',(32.4,26.8,2.));
#2631=CARTESIAN_POINT('',(41.4,26.8,2.));
#2632=CARTESIAN_POINT('',(32.4,40.8,2.));
#2633=CARTESIAN_POINT('',(32.4,26.8,2.));
#2634=CARTESIAN_POINT('',(41.4,40.8,2.));
#2635=CARTESIAN_POINT('',(32.4,40.8,2.));
#2636=CARTESIAN_POINT('',(41.4,40.8,2.));
#2637=CARTESIAN_POINT('',(17.,26.8,2.));
#2638=CARTESIAN_POINT('',(8.,26.8,2.));
#2639=CARTESIAN_POINT('',(17.,26.8,2.));
#2640=CARTESIAN_POINT('',(8.,40.8,2.));
#2641=CARTESIAN_POINT('',(8.,26.8,2.));
#2642=CARTESIAN_POINT('',(17.,40.8,2.));
#2643=CARTESIAN_POINT('',(8.,40.8,2.));
#2644=CARTESIAN_POINT('',(17.,40.8,2.));
#2645=CARTESIAN_POINT('',(32.4,21.,2.));
#2646=CARTESIAN_POINT('',(41.4,21.,2.));
#2647=CARTESIAN_POINT('',(32.4,21.,2.));
#2648=CARTESIAN_POINT('',(41.4,6.99999999999999,2.));
#2649=CARTESIAN_POINT('',(41.4,21.,2.));
#2650=CARTESIAN_POINT('',(32.4,6.99999999999999,2.));
#2651=CARTESIAN_POINT('',(41.4,6.99999999999999,2.));
#2652=CARTESIAN_POINT('',(32.4,6.99999999999999,2.));
#2653=CARTESIAN_POINT('Origin',(25.0000003948808,23.9,2.));
#2654=CARTESIAN_POINT('',(16.5,7.34338739995999,2.));
#2655=CARTESIAN_POINT('Origin',(25.0000003948808,23.9,2.));
#2656=CARTESIAN_POINT('',(40.9,40.45661260004,2.));
#2657=CARTESIAN_POINT('',(40.9,40.45661260004,2.));
#2658=CARTESIAN_POINT('',(32.9,40.45661260004,2.));
#2659=CARTESIAN_POINT('Origin',(8.5,40.45661260004,0.));
#2660=CARTESIAN_POINT('',(8.5,40.45661260004,0.));
#2661=CARTESIAN_POINT('',(8.5,40.45661260004,0.));
#2662=CARTESIAN_POINT('',(8.5,26.8,0.));
#2663=CARTESIAN_POINT('',(8.5,36.8,0.));
#2664=CARTESIAN_POINT('',(8.5,26.8,0.));
#2665=CARTESIAN_POINT('Origin',(32.9,7.34338739995999,0.));
#2666=CARTESIAN_POINT('',(40.9,7.34338739995999,0.));
#2667=CARTESIAN_POINT('',(40.9,7.34338739995999,0.));
#2668=CARTESIAN_POINT('',(40.9,7.34338739995999,2.));
#2669=CARTESIAN_POINT('',(40.9,7.34338739995999,0.));
#2670=CARTESIAN_POINT('',(40.9,7.34338739995999,2.));
#2671=CARTESIAN_POINT('Origin',(32.4,21.,0.));
#2672=CARTESIAN_POINT('',(32.4,21.,0.));
#2673=CARTESIAN_POINT('',(32.4,21.,0.));
#2674=CARTESIAN_POINT('',(40.9,21.,0.));
#2675=CARTESIAN_POINT('',(40.9,21.,0.));
#2676=CARTESIAN_POINT('',(41.4,21.,0.));
#2677=CARTESIAN_POINT('',(40.9,21.,0.));
#2678=CARTESIAN_POINT('',(41.4,21.,0.));
#2679=CARTESIAN_POINT('',(32.4,21.,0.));
#2680=CARTESIAN_POINT('Origin',(32.4,6.99999999999999,0.));
#2681=CARTESIAN_POINT('',(32.4,6.99999999999999,0.));
#2682=CARTESIAN_POINT('',(32.4,6.99999999999999,0.));
#2683=CARTESIAN_POINT('',(32.4,6.99999999999999,0.));
#2684=CARTESIAN_POINT('Origin',(41.4,6.99999999999999,0.));
#2685=CARTESIAN_POINT('',(41.4,6.99999999999999,0.));
#2686=CARTESIAN_POINT('',(41.4,6.99999999999999,0.));
#2687=CARTESIAN_POINT('',(41.4,6.99999999999999,0.));
#2688=CARTESIAN_POINT('Origin',(41.4,21.,0.));
#2689=CARTESIAN_POINT('',(41.4,21.,0.));
#2690=CARTESIAN_POINT('Origin',(40.9,7.34338739995999,0.));
#2691=CARTESIAN_POINT('',(40.9,11.,2.));
#2692=CARTESIAN_POINT('',(40.9,11.,0.));
#2693=CARTESIAN_POINT('Origin',(16.5,40.45661260004,0.));
#2694=CARTESIAN_POINT('',(16.5,40.45661260004,0.));
#2695=CARTESIAN_POINT('',(8.5,40.45661260004,0.));
#2696=CARTESIAN_POINT('',(16.5,40.45661260004,0.));
#2697=CARTESIAN_POINT('Origin',(16.5,26.8,0.));
#2698=CARTESIAN_POINT('',(16.5,26.8,0.));
#2699=CARTESIAN_POINT('',(16.5,26.8,0.));
#2700=CARTESIAN_POINT('',(16.5,40.45661260004,0.));
#2701=CARTESIAN_POINT('Origin',(17.,26.8,0.));
#2702=CARTESIAN_POINT('',(17.,26.8,0.));
#2703=CARTESIAN_POINT('',(17.,26.8,0.));
#2704=CARTESIAN_POINT('',(8.,26.8,0.));
#2705=CARTESIAN_POINT('',(8.5,26.8,0.));
#2706=CARTESIAN_POINT('',(8.,26.8,0.));
#2707=CARTESIAN_POINT('',(17.,26.8,0.));
#2708=CARTESIAN_POINT('Origin',(17.,40.8,0.));
#2709=CARTESIAN_POINT('',(17.,40.8,0.));
#2710=CARTESIAN_POINT('',(17.,40.8,0.));
#2711=CARTESIAN_POINT('',(17.,40.8,0.));
#2712=CARTESIAN_POINT('Origin',(8.,40.8,0.));
#2713=CARTESIAN_POINT('',(8.,40.8,0.));
#2714=CARTESIAN_POINT('',(8.,40.8,0.));
#2715=CARTESIAN_POINT('',(8.,40.8,0.));
#2716=CARTESIAN_POINT('Origin',(8.,26.8,0.));
#2717=CARTESIAN_POINT('',(8.,26.8,0.));
#2718=CARTESIAN_POINT('Origin',(40.9,40.45661260004,0.));
#2719=CARTESIAN_POINT('',(40.9,40.45661260004,0.));
#2720=CARTESIAN_POINT('',(32.9,40.45661260004,0.));
#2721=CARTESIAN_POINT('',(40.9,40.45661260004,0.));
#2722=CARTESIAN_POINT('Origin',(40.9,26.8,0.));
#2723=CARTESIAN_POINT('',(40.9,26.8,0.));
#2724=CARTESIAN_POINT('',(40.9,26.8,0.));
#2725=CARTESIAN_POINT('',(40.9,40.45661260004,0.));
#2726=CARTESIAN_POINT('Origin',(41.4,26.8,0.));
#2727=CARTESIAN_POINT('',(41.4,26.8,0.));
#2728=CARTESIAN_POINT('',(41.4,26.8,0.));
#2729=CARTESIAN_POINT('',(32.4,26.8,0.));
#2730=CARTESIAN_POINT('',(32.9,26.8,0.));
#2731=CARTESIAN_POINT('',(32.4,26.8,0.));
#2732=CARTESIAN_POINT('',(41.4,26.8,0.));
#2733=CARTESIAN_POINT('Origin',(41.4,40.8,0.));
#2734=CARTESIAN_POINT('',(41.4,40.8,0.));
#2735=CARTESIAN_POINT('',(41.4,40.8,0.));
#2736=CARTESIAN_POINT('',(41.4,40.8,0.));
#2737=CARTESIAN_POINT('Origin',(32.4,40.8,0.));
#2738=CARTESIAN_POINT('',(32.4,40.8,0.));
#2739=CARTESIAN_POINT('',(32.4,40.8,0.));
#2740=CARTESIAN_POINT('',(32.4,40.8,0.));
#2741=CARTESIAN_POINT('Origin',(32.4,26.8,0.));
#2742=CARTESIAN_POINT('',(32.4,26.8,0.));
#2743=CARTESIAN_POINT('Origin',(8.5,7.34338739996,0.));
#2744=CARTESIAN_POINT('',(16.5,7.34338739995999,0.));
#2745=CARTESIAN_POINT('Origin',(8.,7.,0.));
#2746=CARTESIAN_POINT('',(8.,7.,0.));
#2747=CARTESIAN_POINT('',(8.00000000000001,21.,0.));
#2748=CARTESIAN_POINT('',(8.,7.,0.));
#2749=CARTESIAN_POINT('',(8.00000000000001,21.,0.));
#2750=CARTESIAN_POINT('',(8.,7.,0.));
#2751=CARTESIAN_POINT('Origin',(17.,6.99999999999999,0.));
#2752=CARTESIAN_POINT('',(17.,6.99999999999999,0.));
#2753=CARTESIAN_POINT('',(17.,6.99999999999999,0.));
#2754=CARTESIAN_POINT('',(17.,6.99999999999999,0.));
#2755=CARTESIAN_POINT('Origin',(17.,21.,0.));
#2756=CARTESIAN_POINT('',(17.,21.,0.));
#2757=CARTESIAN_POINT('',(17.,21.,0.));
#2758=CARTESIAN_POINT('',(17.,21.,0.));
#2759=CARTESIAN_POINT('Origin',(16.5,21.,0.));
#2760=CARTESIAN_POINT('',(16.5,21.,0.));
#2761=CARTESIAN_POINT('',(8.00000000000001,21.,0.));
#2762=CARTESIAN_POINT('Origin',(0.,0.,0.));
#2763=CARTESIAN_POINT('',(2.,1.22464679914735E-16,0.));
#2764=CARTESIAN_POINT('',(0.,0.,0.));
#2765=CARTESIAN_POINT('',(49.4,3.02487759389396E-15,0.));
#2766=CARTESIAN_POINT('',(2.,1.22464679914735E-16,0.));
#2767=CARTESIAN_POINT('',(0.,0.,0.));
#2768=CARTESIAN_POINT('Origin',(0.,5.,0.));
#2769=CARTESIAN_POINT('',(0.,5.,0.));
#2770=CARTESIAN_POINT('',(0.,0.,0.));
#2771=CARTESIAN_POINT('',(0.,5.,0.));
#2772=CARTESIAN_POINT('Origin',(-3.,5.,0.));
#2773=CARTESIAN_POINT('',(-3.,5.,0.));
#2774=CARTESIAN_POINT('',(0.,5.,0.));
#2775=CARTESIAN_POINT('',(-3.,5.,0.));
#2776=CARTESIAN_POINT('Origin',(-3.,15.,0.));
#2777=CARTESIAN_POINT('',(-3.,15.,0.));
#2778=CARTESIAN_POINT('',(-3.,5.,0.));
#2779=CARTESIAN_POINT('',(-3.,15.,0.));
#2780=CARTESIAN_POINT('Origin',(0.,15.,0.));
#2781=CARTESIAN_POINT('',(0.,15.,0.));
#2782=CARTESIAN_POINT('',(-3.,15.,0.));
#2783=CARTESIAN_POINT('',(0.,15.,0.));
#2784=CARTESIAN_POINT('Origin',(0.,32.8,0.));
#2785=CARTESIAN_POINT('',(0.,32.8,0.));
#2786=CARTESIAN_POINT('',(0.,0.,0.));
#2787=CARTESIAN_POINT('',(0.,32.8,0.));
#2788=CARTESIAN_POINT('Origin',(-3.,32.8,0.));
#2789=CARTESIAN_POINT('',(-3.,32.8,0.));
#2790=CARTESIAN_POINT('',(-3.,32.8,0.));
#2791=CARTESIAN_POINT('',(-3.,32.8,0.));
#2792=CARTESIAN_POINT('Origin',(-3.,41.8,0.));
#2793=CARTESIAN_POINT('',(-3.,41.8,0.));
#2794=CARTESIAN_POINT('',(-3.,41.8,0.));
#2795=CARTESIAN_POINT('',(-3.,41.8,0.));
#2796=CARTESIAN_POINT('Origin',(0.,41.8,0.));
#2797=CARTESIAN_POINT('',(0.,41.8,0.));
#2798=CARTESIAN_POINT('',(0.,41.8,0.));
#2799=CARTESIAN_POINT('',(0.,41.8,0.));
#2800=CARTESIAN_POINT('Origin',(0.,47.8,0.));
#2801=CARTESIAN_POINT('',(0.,47.8,0.));
#2802=CARTESIAN_POINT('',(0.,0.,0.));
#2803=CARTESIAN_POINT('',(0.,47.8,0.));
#2804=CARTESIAN_POINT('Origin',(10.,47.8,0.));
#2805=CARTESIAN_POINT('',(10.,47.8,0.));
#2806=CARTESIAN_POINT('',(0.,47.8,0.));
#2807=CARTESIAN_POINT('',(10.,47.8,0.));
#2808=CARTESIAN_POINT('Origin',(10.,50.8,0.));
#2809=CARTESIAN_POINT('',(10.,50.8,0.));
#2810=CARTESIAN_POINT('',(10.,47.8,0.));
#2811=CARTESIAN_POINT('',(10.,50.8,0.));
#2812=CARTESIAN_POINT('Origin',(39.4,50.8,0.));
#2813=CARTESIAN_POINT('',(39.4,50.8,0.));
#2814=CARTESIAN_POINT('',(10.,50.8,0.));
#2815=CARTESIAN_POINT('',(39.4,50.8,0.));
#2816=CARTESIAN_POINT('Origin',(39.4,47.8,0.));
#2817=CARTESIAN_POINT('',(39.4,47.8,0.));
#2818=CARTESIAN_POINT('',(39.4,50.8,0.));
#2819=CARTESIAN_POINT('',(39.4,47.8,0.));
#2820=CARTESIAN_POINT('Origin',(49.4,47.8,0.));
#2821=CARTESIAN_POINT('',(49.4,47.8,0.));
#2822=CARTESIAN_POINT('',(0.,47.8,0.));
#2823=CARTESIAN_POINT('',(49.4,47.8,0.));
#2824=CARTESIAN_POINT('Origin',(49.4,45.8,0.));
#2825=CARTESIAN_POINT('',(49.4,45.8,0.));
#2826=CARTESIAN_POINT('',(49.4,47.8,0.));
#2827=CARTESIAN_POINT('',(49.4,45.8,0.));
#2828=CARTESIAN_POINT('Origin',(53.0000007897615,45.8,0.));
#2829=CARTESIAN_POINT('',(53.0000007897615,45.8,0.));
#2830=CARTESIAN_POINT('',(49.4,45.8,0.));
#2831=CARTESIAN_POINT('',(53.0000007897615,45.8,0.));
#2832=CARTESIAN_POINT('Origin',(53.0000007897615,30.8,0.));
#2833=CARTESIAN_POINT('',(53.0000007897615,30.8,0.));
#2834=CARTESIAN_POINT('',(53.0000007897615,45.8,0.));
#2835=CARTESIAN_POINT('',(53.0000007897615,30.8,0.));
#2836=CARTESIAN_POINT('Origin',(49.4,30.8,0.));
#2837=CARTESIAN_POINT('',(49.4,30.8,0.));
#2838=CARTESIAN_POINT('',(53.0000007897615,30.8,0.));
#2839=CARTESIAN_POINT('',(49.4,30.8,0.));
#2840=CARTESIAN_POINT('Origin',(49.4,15.,0.));
#2841=CARTESIAN_POINT('',(49.4,15.,0.));
#2842=CARTESIAN_POINT('',(49.4,47.8,0.));
#2843=CARTESIAN_POINT('',(49.4,15.,0.));
#2844=CARTESIAN_POINT('Origin',(53.0000007897615,15.,0.));
#2845=CARTESIAN_POINT('',(53.0000007897615,15.,0.));
#2846=CARTESIAN_POINT('',(49.4,15.,0.));
#2847=CARTESIAN_POINT('',(53.0000007897615,15.,0.));
#2848=CARTESIAN_POINT('Origin',(53.0000007897615,5.,0.));
#2849=CARTESIAN_POINT('',(53.0000007897615,5.,0.));
#2850=CARTESIAN_POINT('',(53.0000007897615,15.,0.));
#2851=CARTESIAN_POINT('',(53.0000007897615,5.,0.));
#2852=CARTESIAN_POINT('Origin',(49.4,5.,0.));
#2853=CARTESIAN_POINT('',(49.4,5.,0.));
#2854=CARTESIAN_POINT('',(53.0000007897615,5.,0.));
#2855=CARTESIAN_POINT('',(49.4,5.,0.));
#2856=CARTESIAN_POINT('Origin',(49.4,0.,0.));
#2857=CARTESIAN_POINT('',(49.4,3.02487759389396E-15,0.));
#2858=CARTESIAN_POINT('',(49.4,47.8,0.));
#2859=CARTESIAN_POINT('',(49.4,3.02487759389396E-15,0.));
#2860=CARTESIAN_POINT('Origin',(15.,9.18485099360515E-16,0.));
#2861=CARTESIAN_POINT('',(15.,5.55111512312578E-16,0.));
#2862=CARTESIAN_POINT('',(49.4,3.02487759389396E-15,0.));
#2863=CARTESIAN_POINT('',(15.,5.55111512312578E-16,0.));
#2864=CARTESIAN_POINT('Origin',(15.,-3.,0.));
#2865=CARTESIAN_POINT('',(15.,-3.,0.));
#2866=CARTESIAN_POINT('',(15.,-3.,0.));
#2867=CARTESIAN_POINT('',(15.,-3.,0.));
#2868=CARTESIAN_POINT('Origin',(2.,-3.,0.));
#2869=CARTESIAN_POINT('',(2.,-3.,0.));
#2870=CARTESIAN_POINT('',(2.,-3.,0.));
#2871=CARTESIAN_POINT('',(2.,-3.,0.));
#2872=CARTESIAN_POINT('Origin',(2.,1.22464679914735E-16,0.));
#2873=CARTESIAN_POINT('',(2.,1.22464679914735E-16,0.));
#2874=CARTESIAN_POINT('Origin',(25.0000003948808,23.9,2.));
#2875=CARTESIAN_POINT('Origin',(25.0000003948808,23.9,0.));
#2876=UNCERTAINTY_MEASURE_WITH_UNIT(LENGTH_MEASURE(0.01),#2880,
'DISTANCE_ACCURACY_VALUE',
'Maximum model space distance between geometric entities at asserted c
onnectivities');
#2877=UNCERTAINTY_MEASURE_WITH_UNIT(LENGTH_MEASURE(0.01),#2880,
'DISTANCE_ACCURACY_VALUE',
'Maximum model space distance between geometric entities at asserted c
onnectivities');
#2878=(
GEOMETRIC_REPRESENTATION_CONTEXT(3)
GLOBAL_UNCERTAINTY_ASSIGNED_CONTEXT((#2876))
GLOBAL_UNIT_ASSIGNED_CONTEXT((#2880,#2882,#2883))
REPRESENTATION_CONTEXT('','3D')
);
#2879=(
GEOMETRIC_REPRESENTATION_CONTEXT(3)
GLOBAL_UNCERTAINTY_ASSIGNED_CONTEXT((#2877))
GLOBAL_UNIT_ASSIGNED_CONTEXT((#2880,#2882,#2883))
REPRESENTATION_CONTEXT('','3D')
);
#2880=(
LENGTH_UNIT()
NAMED_UNIT(*)
SI_UNIT(.MILLI.,.METRE.)
);
#2881=(
LENGTH_UNIT()
NAMED_UNIT(*)
SI_UNIT($,.METRE.)
);
#2882=(
NAMED_UNIT(*)
PLANE_ANGLE_UNIT()
SI_UNIT($,.RADIAN.)
);
#2883=(
NAMED_UNIT(*)
SI_UNIT($,.STERADIAN.)
SOLID_ANGLE_UNIT()
);
#2884=SHAPE_DEFINITION_REPRESENTATION(#2885,#2886);
#2885=PRODUCT_DEFINITION_SHAPE('',$,#2888);
#2886=SHAPE_REPRESENTATION('',(#1840),#2878);
#2887=PRODUCT_DEFINITION_CONTEXT('part definition',#2892,'design');
#2888=PRODUCT_DEFINITION('LCD_spring_holder','LCD_spring_holder v3',#2889,
#2887);
#2889=PRODUCT_DEFINITION_FORMATION('',$,#2894);
#2890=PRODUCT_RELATED_PRODUCT_CATEGORY('LCD_spring_holder v3',
'LCD_spring_holder v3',(#2894));
#2891=APPLICATION_PROTOCOL_DEFINITION('international standard',
'automotive_design',2009,#2892);
#2892=APPLICATION_CONTEXT(
'Core Data for Automotive Mechanical Design Process');
#2893=PRODUCT_CONTEXT('part definition',#2892,'mechanical');
#2894=PRODUCT('LCD_spring_holder','LCD_spring_holder v3',$,(#2893));
#2895=PRESENTATION_STYLE_ASSIGNMENT((#2896));
#2896=SURFACE_STYLE_USAGE(.BOTH.,#2897);
#2897=SURFACE_SIDE_STYLE('',(#2898));
#2898=SURFACE_STYLE_FILL_AREA(#2899);
#2899=FILL_AREA_STYLE('Steel - Satin',(#2900));
#2900=FILL_AREA_STYLE_COLOUR('Steel - Satin',#2901);
#2901=COLOUR_RGB('Steel - Satin',0.627450980392157,0.627450980392157,0.627450980392157);
ENDSEC;
END-ISO-10303-21;
