ISO-10303-21;
HEADER;
/* Generated by software containing ST-Developer
 * from STEP Tools, Inc. (www.steptools.com) 
 */

FILE_DESCRIPTION(
/* description */ (''),
/* implementation_level */ '2;1');

FILE_NAME(
/* name */ 
'C:/Users/Michal-Dell/Downloads/DP_control_box_V1_v74_Main_Body.step',
/* time_stamp */ '2020-05-03T15:51:53+02:00',
/* author */ (''),
/* organization */ (''),
/* preprocessor_version */ 'ST-DEVELOPER v18.1',
/* originating_system */ 'Autodesk Translation Framework v9.2.0.1227',
/* authorisation */ '');

FILE_SCHEMA (('AUTOMOTIVE_DESIGN { 1 0 10303 214 3 1 1 }'));
ENDSEC;

DATA;
#10=MECHANICAL_DESIGN_GEOMETRIC_PRESENTATION_REPRESENTATION('',(#13),#7385);
#11=SHAPE_REPRESENTATION_RELATIONSHIP('SRR','None',#7392,#12);
#12=ADVANCED_BREP_SHAPE_REPRESENTATION('',(#14),#7384);
#13=STYLED_ITEM('',(#7401),#14);
#14=MANIFOLD_SOLID_BREP('Body5',#4595);
#15=ELLIPSE('',#4739,2.61629509039021,1.84999999999999);
#16=ELLIPSE('',#4743,2.61629509039021,1.84999999999999);
#17=ELLIPSE('',#4750,2.61629509039023,1.85);
#18=ELLIPSE('',#4754,2.61629509039023,1.85);
#19=ELLIPSE('',#4803,2.61629509039023,1.85);
#20=ELLIPSE('',#4807,2.61629509039023,1.85);
#21=ELLIPSE('',#4811,2.61629509039021,1.84999999999999);
#22=ELLIPSE('',#4815,2.61629509039021,1.84999999999999);
#23=CYLINDRICAL_SURFACE('',#4665,1.85);
#24=CYLINDRICAL_SURFACE('',#4671,1.85);
#25=CYLINDRICAL_SURFACE('',#4676,3.);
#26=CYLINDRICAL_SURFACE('',#4680,3.);
#27=CYLINDRICAL_SURFACE('',#4725,1.85);
#28=CYLINDRICAL_SURFACE('',#4728,1.85);
#29=CYLINDRICAL_SURFACE('',#4731,1.84999999999999);
#30=CYLINDRICAL_SURFACE('',#4734,1.84999999999999);
#31=CYLINDRICAL_SURFACE('',#4738,1.84999999999999);
#32=CYLINDRICAL_SURFACE('',#4742,1.84999999999999);
#33=CYLINDRICAL_SURFACE('',#4749,1.85);
#34=CYLINDRICAL_SURFACE('',#4753,1.85);
#35=CYLINDRICAL_SURFACE('',#4788,1.85);
#36=CYLINDRICAL_SURFACE('',#4792,1.85);
#37=CYLINDRICAL_SURFACE('',#4797,1.84999999999999);
#38=CYLINDRICAL_SURFACE('',#4802,1.85);
#39=CYLINDRICAL_SURFACE('',#4806,1.85);
#40=CYLINDRICAL_SURFACE('',#4810,1.84999999999999);
#41=CYLINDRICAL_SURFACE('',#4814,1.84999999999999);
#42=CYLINDRICAL_SURFACE('',#4854,1.85);
#43=CYLINDRICAL_SURFACE('',#4855,1.85);
#44=CYLINDRICAL_SURFACE('',#4876,1.35);
#45=CYLINDRICAL_SURFACE('',#4885,1.35);
#46=CYLINDRICAL_SURFACE('',#4891,4.84999999999999);
#47=CYLINDRICAL_SURFACE('',#4893,4.84999999999999);
#48=CYLINDRICAL_SURFACE('',#4895,4.84999999999999);
#49=CYLINDRICAL_SURFACE('',#4897,4.84999999999999);
#50=CYLINDRICAL_SURFACE('',#4900,0.750000000000002);
#51=CYLINDRICAL_SURFACE('',#4905,0.750000000000002);
#52=CYLINDRICAL_SURFACE('',#4906,0.750000000000002);
#53=CYLINDRICAL_SURFACE('',#4907,0.750000000000002);
#54=CONICAL_SURFACE('',#4662,2.05,0.785398163397448);
#55=CONICAL_SURFACE('',#4668,2.05,0.785398163397448);
#56=CONICAL_SURFACE('',#4716,2.15,0.785398163397448);
#57=CONICAL_SURFACE('',#4726,2.15,0.785398163397448);
#58=CONICAL_SURFACE('',#4729,2.14999999999998,0.785398163397438);
#59=CONICAL_SURFACE('',#4732,2.14999999999998,0.785398163397438);
#60=CONICAL_SURFACE('',#4736,2.14999999999998,0.785398163397789);
#61=CONICAL_SURFACE('',#4740,2.14999999999998,0.785398163397463);
#62=CONICAL_SURFACE('',#4744,2.15,0.7853981633978);
#63=CONICAL_SURFACE('',#4751,2.15,0.785398163397474);
#64=CONICAL_SURFACE('',#4782,2.14999999999998,0.785398163397437);
#65=CONICAL_SURFACE('',#4786,2.15000000000001,0.785398163397452);
#66=CONICAL_SURFACE('',#4789,2.15000000000001,0.785398163397452);
#67=CONICAL_SURFACE('',#4794,2.14999999999998,0.785398163397437);
#68=CONICAL_SURFACE('',#4800,2.15,0.785398163397412);
#69=CONICAL_SURFACE('',#4804,2.15,0.785398163397433);
#70=CONICAL_SURFACE('',#4808,2.14999999999998,0.785398163397422);
#71=CONICAL_SURFACE('',#4812,2.14999999999998,0.785398163397401);
#72=FACE_BOUND('',#451,.T.);
#73=FACE_BOUND('',#452,.T.);
#74=FACE_BOUND('',#475,.T.);
#75=FACE_BOUND('',#476,.T.);
#76=FACE_BOUND('',#477,.T.);
#77=FACE_BOUND('',#481,.T.);
#78=FACE_BOUND('',#483,.T.);
#79=FACE_BOUND('',#484,.T.);
#80=FACE_BOUND('',#485,.T.);
#81=FACE_BOUND('',#486,.T.);
#82=FACE_BOUND('',#490,.T.);
#83=FACE_BOUND('',#492,.T.);
#84=FACE_BOUND('',#493,.T.);
#85=FACE_BOUND('',#497,.T.);
#86=FACE_BOUND('',#499,.T.);
#87=FACE_BOUND('',#500,.T.);
#88=FACE_BOUND('',#501,.T.);
#89=FACE_BOUND('',#506,.T.);
#90=FACE_BOUND('',#510,.T.);
#91=FACE_BOUND('',#551,.T.);
#92=FACE_BOUND('',#552,.T.);
#93=FACE_BOUND('',#553,.T.);
#94=FACE_BOUND('',#554,.T.);
#95=FACE_BOUND('',#555,.T.);
#96=FACE_BOUND('',#556,.T.);
#97=FACE_BOUND('',#557,.T.);
#98=FACE_BOUND('',#558,.T.);
#99=FACE_BOUND('',#572,.T.);
#100=FACE_BOUND('',#573,.T.);
#101=FACE_BOUND('',#584,.T.);
#102=FACE_BOUND('',#585,.T.);
#103=FACE_BOUND('',#586,.T.);
#104=FACE_BOUND('',#587,.T.);
#105=FACE_BOUND('',#591,.T.);
#106=FACE_BOUND('',#592,.T.);
#107=FACE_BOUND('',#593,.T.);
#108=FACE_BOUND('',#594,.T.);
#109=FACE_BOUND('',#595,.T.);
#110=FACE_BOUND('',#596,.T.);
#111=FACE_BOUND('',#597,.T.);
#112=FACE_BOUND('',#598,.T.);
#113=FACE_BOUND('',#601,.T.);
#114=FACE_BOUND('',#602,.T.);
#115=FACE_BOUND('',#603,.T.);
#116=FACE_BOUND('',#604,.T.);
#117=FACE_BOUND('',#605,.T.);
#118=FACE_BOUND('',#609,.T.);
#119=FACE_BOUND('',#610,.T.);
#120=FACE_BOUND('',#611,.T.);
#121=FACE_BOUND('',#614,.T.);
#122=FACE_BOUND('',#615,.T.);
#123=FACE_BOUND('',#621,.T.);
#124=FACE_BOUND('',#625,.T.);
#125=FACE_BOUND('',#637,.T.);
#126=FACE_BOUND('',#639,.T.);
#127=FACE_BOUND('',#641,.T.);
#128=FACE_BOUND('',#646,.T.);
#129=FACE_BOUND('',#657,.T.);
#130=FACE_BOUND('',#658,.T.);
#131=FACE_BOUND('',#659,.T.);
#132=FACE_BOUND('',#660,.T.);
#133=FACE_BOUND('',#661,.T.);
#134=FACE_BOUND('',#662,.T.);
#135=FACE_BOUND('',#668,.T.);
#136=FACE_BOUND('',#670,.T.);
#137=FACE_BOUND('',#672,.T.);
#138=FACE_BOUND('',#674,.T.);
#139=FACE_BOUND('',#678,.T.);
#140=FACE_BOUND('',#679,.T.);
#141=FACE_BOUND('',#680,.T.);
#142=FACE_BOUND('',#681,.T.);
#143=CIRCLE('',#4614,2.44999999999997);
#144=CIRCLE('',#4615,2.44999999999997);
#145=CIRCLE('',#4638,1.35);
#146=CIRCLE('',#4639,1.35);
#147=CIRCLE('',#4643,1.84999999999999);
#148=CIRCLE('',#4645,4.84999999999999);
#149=CIRCLE('',#4646,4.84999999999999);
#150=CIRCLE('',#4647,4.84999999999999);
#151=CIRCLE('',#4648,4.84999999999999);
#152=CIRCLE('',#4652,1.85);
#153=CIRCLE('',#4654,1.85);
#154=CIRCLE('',#4655,1.85);
#155=CIRCLE('',#4659,1.85);
#156=CIRCLE('',#4663,2.25);
#157=CIRCLE('',#4664,1.85);
#158=CIRCLE('',#4666,1.85);
#159=CIRCLE('',#4669,2.25);
#160=CIRCLE('',#4670,1.85);
#161=CIRCLE('',#4672,1.85);
#162=CIRCLE('',#4677,3.);
#163=CIRCLE('',#4678,3.);
#164=CIRCLE('',#4681,3.);
#165=CIRCLE('',#4682,3.);
#166=CIRCLE('',#4717,2.45);
#167=CIRCLE('',#4718,1.85);
#168=CIRCLE('',#4720,1.85);
#169=CIRCLE('',#4721,1.85);
#170=CIRCLE('',#4722,2.45);
#171=CIRCLE('',#4723,2.44999999999997);
#172=CIRCLE('',#4724,2.44999999999997);
#173=CIRCLE('',#4727,1.85);
#174=CIRCLE('',#4730,1.84999999999999);
#175=CIRCLE('',#4733,1.84999999999999);
#176=CIRCLE('',#4735,1.84999999999999);
#177=CIRCLE('',#4737,1.84999999999999);
#178=CIRCLE('',#4741,1.84999999999999);
#179=CIRCLE('',#4745,1.85);
#180=CIRCLE('',#4746,2.45);
#181=CIRCLE('',#4748,2.45);
#182=CIRCLE('',#4752,1.85);
#183=CIRCLE('',#4762,2.45);
#184=CIRCLE('',#4763,2.44999999999997);
#185=CIRCLE('',#4764,2.44999999999997);
#186=CIRCLE('',#4765,2.45);
#187=CIRCLE('',#4769,1.85);
#188=CIRCLE('',#4770,1.35);
#189=CIRCLE('',#4771,1.85);
#190=CIRCLE('',#4772,1.35);
#191=CIRCLE('',#4775,0.750000000000002);
#192=CIRCLE('',#4776,0.750000000000002);
#193=CIRCLE('',#4777,0.750000000000002);
#194=CIRCLE('',#4778,0.750000000000002);
#195=CIRCLE('',#4783,2.44999999999997);
#196=CIRCLE('',#4785,2.45000000000001);
#197=CIRCLE('',#4787,1.85);
#198=CIRCLE('',#4790,2.45000000000001);
#199=CIRCLE('',#4791,1.85);
#200=CIRCLE('',#4795,2.44999999999997);
#201=CIRCLE('',#4796,1.84999999999999);
#202=CIRCLE('',#4798,1.84999999999999);
#203=CIRCLE('',#4801,1.85);
#204=CIRCLE('',#4805,1.85);
#205=CIRCLE('',#4809,1.84999999999999);
#206=CIRCLE('',#4813,1.84999999999999);
#207=CIRCLE('',#4835,0.750000000000002);
#208=CIRCLE('',#4836,0.750000000000002);
#209=CIRCLE('',#4837,0.750000000000002);
#210=CIRCLE('',#4838,0.750000000000002);
#211=CIRCLE('',#4850,4.84999999999999);
#212=CIRCLE('',#4851,4.84999999999999);
#213=CIRCLE('',#4852,4.84999999999999);
#214=CIRCLE('',#4853,4.84999999999999);
#215=FACE_OUTER_BOUND('',#446,.T.);
#216=FACE_OUTER_BOUND('',#447,.T.);
#217=FACE_OUTER_BOUND('',#448,.T.);
#218=FACE_OUTER_BOUND('',#449,.T.);
#219=FACE_OUTER_BOUND('',#450,.T.);
#220=FACE_OUTER_BOUND('',#453,.T.);
#221=FACE_OUTER_BOUND('',#454,.T.);
#222=FACE_OUTER_BOUND('',#455,.T.);
#223=FACE_OUTER_BOUND('',#456,.T.);
#224=FACE_OUTER_BOUND('',#457,.T.);
#225=FACE_OUTER_BOUND('',#458,.T.);
#226=FACE_OUTER_BOUND('',#459,.T.);
#227=FACE_OUTER_BOUND('',#460,.T.);
#228=FACE_OUTER_BOUND('',#461,.T.);
#229=FACE_OUTER_BOUND('',#462,.T.);
#230=FACE_OUTER_BOUND('',#463,.T.);
#231=FACE_OUTER_BOUND('',#464,.T.);
#232=FACE_OUTER_BOUND('',#465,.T.);
#233=FACE_OUTER_BOUND('',#466,.T.);
#234=FACE_OUTER_BOUND('',#467,.T.);
#235=FACE_OUTER_BOUND('',#468,.T.);
#236=FACE_OUTER_BOUND('',#469,.T.);
#237=FACE_OUTER_BOUND('',#470,.T.);
#238=FACE_OUTER_BOUND('',#471,.T.);
#239=FACE_OUTER_BOUND('',#472,.T.);
#240=FACE_OUTER_BOUND('',#473,.T.);
#241=FACE_OUTER_BOUND('',#474,.T.);
#242=FACE_OUTER_BOUND('',#478,.T.);
#243=FACE_OUTER_BOUND('',#479,.T.);
#244=FACE_OUTER_BOUND('',#480,.T.);
#245=FACE_OUTER_BOUND('',#482,.T.);
#246=FACE_OUTER_BOUND('',#487,.T.);
#247=FACE_OUTER_BOUND('',#488,.T.);
#248=FACE_OUTER_BOUND('',#489,.T.);
#249=FACE_OUTER_BOUND('',#491,.T.);
#250=FACE_OUTER_BOUND('',#494,.T.);
#251=FACE_OUTER_BOUND('',#495,.T.);
#252=FACE_OUTER_BOUND('',#496,.T.);
#253=FACE_OUTER_BOUND('',#498,.T.);
#254=FACE_OUTER_BOUND('',#502,.T.);
#255=FACE_OUTER_BOUND('',#503,.T.);
#256=FACE_OUTER_BOUND('',#504,.T.);
#257=FACE_OUTER_BOUND('',#505,.T.);
#258=FACE_OUTER_BOUND('',#507,.T.);
#259=FACE_OUTER_BOUND('',#508,.T.);
#260=FACE_OUTER_BOUND('',#509,.T.);
#261=FACE_OUTER_BOUND('',#511,.T.);
#262=FACE_OUTER_BOUND('',#512,.T.);
#263=FACE_OUTER_BOUND('',#513,.T.);
#264=FACE_OUTER_BOUND('',#514,.T.);
#265=FACE_OUTER_BOUND('',#515,.T.);
#266=FACE_OUTER_BOUND('',#516,.T.);
#267=FACE_OUTER_BOUND('',#517,.T.);
#268=FACE_OUTER_BOUND('',#518,.T.);
#269=FACE_OUTER_BOUND('',#519,.T.);
#270=FACE_OUTER_BOUND('',#520,.T.);
#271=FACE_OUTER_BOUND('',#521,.T.);
#272=FACE_OUTER_BOUND('',#522,.T.);
#273=FACE_OUTER_BOUND('',#523,.T.);
#274=FACE_OUTER_BOUND('',#524,.T.);
#275=FACE_OUTER_BOUND('',#525,.T.);
#276=FACE_OUTER_BOUND('',#526,.T.);
#277=FACE_OUTER_BOUND('',#527,.T.);
#278=FACE_OUTER_BOUND('',#528,.T.);
#279=FACE_OUTER_BOUND('',#529,.T.);
#280=FACE_OUTER_BOUND('',#530,.T.);
#281=FACE_OUTER_BOUND('',#531,.T.);
#282=FACE_OUTER_BOUND('',#532,.T.);
#283=FACE_OUTER_BOUND('',#533,.T.);
#284=FACE_OUTER_BOUND('',#534,.T.);
#285=FACE_OUTER_BOUND('',#535,.T.);
#286=FACE_OUTER_BOUND('',#536,.T.);
#287=FACE_OUTER_BOUND('',#537,.T.);
#288=FACE_OUTER_BOUND('',#538,.T.);
#289=FACE_OUTER_BOUND('',#539,.T.);
#290=FACE_OUTER_BOUND('',#540,.T.);
#291=FACE_OUTER_BOUND('',#541,.T.);
#292=FACE_OUTER_BOUND('',#542,.T.);
#293=FACE_OUTER_BOUND('',#543,.T.);
#294=FACE_OUTER_BOUND('',#544,.T.);
#295=FACE_OUTER_BOUND('',#545,.T.);
#296=FACE_OUTER_BOUND('',#546,.T.);
#297=FACE_OUTER_BOUND('',#547,.T.);
#298=FACE_OUTER_BOUND('',#548,.T.);
#299=FACE_OUTER_BOUND('',#549,.T.);
#300=FACE_OUTER_BOUND('',#550,.T.);
#301=FACE_OUTER_BOUND('',#559,.T.);
#302=FACE_OUTER_BOUND('',#560,.T.);
#303=FACE_OUTER_BOUND('',#561,.T.);
#304=FACE_OUTER_BOUND('',#562,.T.);
#305=FACE_OUTER_BOUND('',#563,.T.);
#306=FACE_OUTER_BOUND('',#564,.T.);
#307=FACE_OUTER_BOUND('',#565,.T.);
#308=FACE_OUTER_BOUND('',#566,.T.);
#309=FACE_OUTER_BOUND('',#567,.T.);
#310=FACE_OUTER_BOUND('',#568,.T.);
#311=FACE_OUTER_BOUND('',#569,.T.);
#312=FACE_OUTER_BOUND('',#570,.T.);
#313=FACE_OUTER_BOUND('',#571,.T.);
#314=FACE_OUTER_BOUND('',#574,.T.);
#315=FACE_OUTER_BOUND('',#575,.T.);
#316=FACE_OUTER_BOUND('',#576,.T.);
#317=FACE_OUTER_BOUND('',#577,.T.);
#318=FACE_OUTER_BOUND('',#578,.T.);
#319=FACE_OUTER_BOUND('',#579,.T.);
#320=FACE_OUTER_BOUND('',#580,.T.);
#321=FACE_OUTER_BOUND('',#581,.T.);
#322=FACE_OUTER_BOUND('',#582,.T.);
#323=FACE_OUTER_BOUND('',#583,.T.);
#324=FACE_OUTER_BOUND('',#588,.T.);
#325=FACE_OUTER_BOUND('',#589,.T.);
#326=FACE_OUTER_BOUND('',#590,.T.);
#327=FACE_OUTER_BOUND('',#599,.T.);
#328=FACE_OUTER_BOUND('',#600,.T.);
#329=FACE_OUTER_BOUND('',#606,.T.);
#330=FACE_OUTER_BOUND('',#607,.T.);
#331=FACE_OUTER_BOUND('',#608,.T.);
#332=FACE_OUTER_BOUND('',#612,.T.);
#333=FACE_OUTER_BOUND('',#613,.T.);
#334=FACE_OUTER_BOUND('',#616,.T.);
#335=FACE_OUTER_BOUND('',#617,.T.);
#336=FACE_OUTER_BOUND('',#618,.T.);
#337=FACE_OUTER_BOUND('',#619,.T.);
#338=FACE_OUTER_BOUND('',#620,.T.);
#339=FACE_OUTER_BOUND('',#622,.T.);
#340=FACE_OUTER_BOUND('',#623,.T.);
#341=FACE_OUTER_BOUND('',#624,.T.);
#342=FACE_OUTER_BOUND('',#626,.T.);
#343=FACE_OUTER_BOUND('',#627,.T.);
#344=FACE_OUTER_BOUND('',#628,.T.);
#345=FACE_OUTER_BOUND('',#629,.T.);
#346=FACE_OUTER_BOUND('',#630,.T.);
#347=FACE_OUTER_BOUND('',#631,.T.);
#348=FACE_OUTER_BOUND('',#632,.T.);
#349=FACE_OUTER_BOUND('',#633,.T.);
#350=FACE_OUTER_BOUND('',#634,.T.);
#351=FACE_OUTER_BOUND('',#635,.T.);
#352=FACE_OUTER_BOUND('',#636,.T.);
#353=FACE_OUTER_BOUND('',#638,.T.);
#354=FACE_OUTER_BOUND('',#640,.T.);
#355=FACE_OUTER_BOUND('',#642,.T.);
#356=FACE_OUTER_BOUND('',#643,.T.);
#357=FACE_OUTER_BOUND('',#644,.T.);
#358=FACE_OUTER_BOUND('',#645,.T.);
#359=FACE_OUTER_BOUND('',#647,.T.);
#360=FACE_OUTER_BOUND('',#648,.T.);
#361=FACE_OUTER_BOUND('',#649,.T.);
#362=FACE_OUTER_BOUND('',#650,.T.);
#363=FACE_OUTER_BOUND('',#651,.T.);
#364=FACE_OUTER_BOUND('',#652,.T.);
#365=FACE_OUTER_BOUND('',#653,.T.);
#366=FACE_OUTER_BOUND('',#654,.T.);
#367=FACE_OUTER_BOUND('',#655,.T.);
#368=FACE_OUTER_BOUND('',#656,.T.);
#369=FACE_OUTER_BOUND('',#663,.T.);
#370=FACE_OUTER_BOUND('',#664,.T.);
#371=FACE_OUTER_BOUND('',#665,.T.);
#372=FACE_OUTER_BOUND('',#666,.T.);
#373=FACE_OUTER_BOUND('',#667,.T.);
#374=FACE_OUTER_BOUND('',#669,.T.);
#375=FACE_OUTER_BOUND('',#671,.T.);
#376=FACE_OUTER_BOUND('',#673,.T.);
#377=FACE_OUTER_BOUND('',#675,.T.);
#378=FACE_OUTER_BOUND('',#676,.T.);
#379=FACE_OUTER_BOUND('',#677,.T.);
#380=FACE_OUTER_BOUND('',#682,.T.);
#381=FACE_OUTER_BOUND('',#683,.T.);
#382=FACE_OUTER_BOUND('',#684,.T.);
#383=FACE_OUTER_BOUND('',#685,.T.);
#384=FACE_OUTER_BOUND('',#686,.T.);
#385=FACE_OUTER_BOUND('',#687,.T.);
#386=FACE_OUTER_BOUND('',#688,.T.);
#387=FACE_OUTER_BOUND('',#689,.T.);
#388=FACE_OUTER_BOUND('',#690,.T.);
#389=FACE_OUTER_BOUND('',#691,.T.);
#390=FACE_OUTER_BOUND('',#692,.T.);
#391=FACE_OUTER_BOUND('',#693,.T.);
#392=FACE_OUTER_BOUND('',#694,.T.);
#393=FACE_OUTER_BOUND('',#695,.T.);
#394=FACE_OUTER_BOUND('',#696,.T.);
#395=FACE_OUTER_BOUND('',#697,.T.);
#396=FACE_OUTER_BOUND('',#698,.T.);
#397=FACE_OUTER_BOUND('',#699,.T.);
#398=FACE_OUTER_BOUND('',#700,.T.);
#399=FACE_OUTER_BOUND('',#701,.T.);
#400=FACE_OUTER_BOUND('',#702,.T.);
#401=FACE_OUTER_BOUND('',#703,.T.);
#402=FACE_OUTER_BOUND('',#704,.T.);
#403=FACE_OUTER_BOUND('',#705,.T.);
#404=FACE_OUTER_BOUND('',#706,.T.);
#405=FACE_OUTER_BOUND('',#707,.T.);
#406=FACE_OUTER_BOUND('',#708,.T.);
#407=FACE_OUTER_BOUND('',#709,.T.);
#408=FACE_OUTER_BOUND('',#710,.T.);
#409=FACE_OUTER_BOUND('',#711,.T.);
#410=FACE_OUTER_BOUND('',#712,.T.);
#411=FACE_OUTER_BOUND('',#713,.T.);
#412=FACE_OUTER_BOUND('',#714,.T.);
#413=FACE_OUTER_BOUND('',#715,.T.);
#414=FACE_OUTER_BOUND('',#716,.T.);
#415=FACE_OUTER_BOUND('',#717,.T.);
#416=FACE_OUTER_BOUND('',#718,.T.);
#417=FACE_OUTER_BOUND('',#719,.T.);
#418=FACE_OUTER_BOUND('',#720,.T.);
#419=FACE_OUTER_BOUND('',#721,.T.);
#420=FACE_OUTER_BOUND('',#722,.T.);
#421=FACE_OUTER_BOUND('',#723,.T.);
#422=FACE_OUTER_BOUND('',#724,.T.);
#423=FACE_OUTER_BOUND('',#725,.T.);
#424=FACE_OUTER_BOUND('',#726,.T.);
#425=FACE_OUTER_BOUND('',#727,.T.);
#426=FACE_OUTER_BOUND('',#728,.T.);
#427=FACE_OUTER_BOUND('',#729,.T.);
#428=FACE_OUTER_BOUND('',#730,.T.);
#429=FACE_OUTER_BOUND('',#731,.T.);
#430=FACE_OUTER_BOUND('',#732,.T.);
#431=FACE_OUTER_BOUND('',#733,.T.);
#432=FACE_OUTER_BOUND('',#734,.T.);
#433=FACE_OUTER_BOUND('',#735,.T.);
#434=FACE_OUTER_BOUND('',#736,.T.);
#435=FACE_OUTER_BOUND('',#737,.T.);
#436=FACE_OUTER_BOUND('',#738,.T.);
#437=FACE_OUTER_BOUND('',#739,.T.);
#438=FACE_OUTER_BOUND('',#740,.T.);
#439=FACE_OUTER_BOUND('',#741,.T.);
#440=FACE_OUTER_BOUND('',#742,.T.);
#441=FACE_OUTER_BOUND('',#743,.T.);
#442=FACE_OUTER_BOUND('',#744,.T.);
#443=FACE_OUTER_BOUND('',#745,.T.);
#444=FACE_OUTER_BOUND('',#746,.T.);
#445=FACE_OUTER_BOUND('',#747,.T.);
#446=EDGE_LOOP('',(#2910,#2911,#2912,#2913));
#447=EDGE_LOOP('',(#2914,#2915,#2916,#2917,#2918,#2919));
#448=EDGE_LOOP('',(#2920,#2921,#2922,#2923));
#449=EDGE_LOOP('',(#2924,#2925,#2926,#2927,#2928,#2929));
#450=EDGE_LOOP('',(#2930,#2931,#2932,#2933,#2934,#2935,#2936,#2937,#2938,
#2939,#2940));
#451=EDGE_LOOP('',(#2941));
#452=EDGE_LOOP('',(#2942));
#453=EDGE_LOOP('',(#2943,#2944,#2945,#2946));
#454=EDGE_LOOP('',(#2947,#2948,#2949,#2950));
#455=EDGE_LOOP('',(#2951,#2952,#2953,#2954));
#456=EDGE_LOOP('',(#2955,#2956,#2957,#2958));
#457=EDGE_LOOP('',(#2959,#2960,#2961,#2962));
#458=EDGE_LOOP('',(#2963,#2964,#2965,#2966));
#459=EDGE_LOOP('',(#2967,#2968,#2969,#2970));
#460=EDGE_LOOP('',(#2971,#2972,#2973,#2974));
#461=EDGE_LOOP('',(#2975,#2976,#2977,#2978));
#462=EDGE_LOOP('',(#2979,#2980,#2981,#2982));
#463=EDGE_LOOP('',(#2983,#2984,#2985,#2986));
#464=EDGE_LOOP('',(#2987,#2988,#2989,#2990));
#465=EDGE_LOOP('',(#2991,#2992,#2993,#2994));
#466=EDGE_LOOP('',(#2995,#2996,#2997,#2998));
#467=EDGE_LOOP('',(#2999,#3000,#3001,#3002));
#468=EDGE_LOOP('',(#3003,#3004,#3005,#3006));
#469=EDGE_LOOP('',(#3007,#3008,#3009,#3010));
#470=EDGE_LOOP('',(#3011,#3012,#3013,#3014));
#471=EDGE_LOOP('',(#3015,#3016,#3017,#3018));
#472=EDGE_LOOP('',(#3019,#3020,#3021,#3022));
#473=EDGE_LOOP('',(#3023,#3024,#3025,#3026));
#474=EDGE_LOOP('',(#3027,#3028,#3029,#3030,#3031,#3032,#3033,#3034,#3035,
#3036,#3037,#3038,#3039,#3040,#3041,#3042,#3043,#3044,#3045,#3046));
#475=EDGE_LOOP('',(#3047));
#476=EDGE_LOOP('',(#3048,#3049,#3050,#3051));
#477=EDGE_LOOP('',(#3052));
#478=EDGE_LOOP('',(#3053,#3054,#3055,#3056));
#479=EDGE_LOOP('',(#3057,#3058,#3059,#3060));
#480=EDGE_LOOP('',(#3061,#3062,#3063,#3064));
#481=EDGE_LOOP('',(#3065));
#482=EDGE_LOOP('',(#3066,#3067,#3068,#3069,#3070,#3071,#3072,#3073));
#483=EDGE_LOOP('',(#3074,#3075));
#484=EDGE_LOOP('',(#3076,#3077));
#485=EDGE_LOOP('',(#3078,#3079));
#486=EDGE_LOOP('',(#3080,#3081));
#487=EDGE_LOOP('',(#3082,#3083,#3084,#3085));
#488=EDGE_LOOP('',(#3086,#3087,#3088,#3089));
#489=EDGE_LOOP('',(#3090,#3091,#3092,#3093));
#490=EDGE_LOOP('',(#3094));
#491=EDGE_LOOP('',(#3095,#3096,#3097,#3098,#3099,#3100,#3101,#3102,#3103,
#3104,#3105,#3106));
#492=EDGE_LOOP('',(#3107));
#493=EDGE_LOOP('',(#3108));
#494=EDGE_LOOP('',(#3109,#3110,#3111,#3112));
#495=EDGE_LOOP('',(#3113,#3114,#3115,#3116));
#496=EDGE_LOOP('',(#3117,#3118,#3119,#3120));
#497=EDGE_LOOP('',(#3121));
#498=EDGE_LOOP('',(#3122,#3123,#3124,#3125,#3126,#3127,#3128,#3129,#3130,
#3131,#3132,#3133,#3134,#3135,#3136,#3137,#3138,#3139,#3140,#3141,#3142,
#3143,#3144,#3145,#3146,#3147,#3148,#3149,#3150,#3151,#3152,#3153,#3154));
#499=EDGE_LOOP('',(#3155,#3156,#3157,#3158));
#500=EDGE_LOOP('',(#3159,#3160,#3161,#3162,#3163,#3164,#3165,#3166,#3167,
#3168,#3169,#3170));
#501=EDGE_LOOP('',(#3171,#3172,#3173,#3174,#3175,#3176,#3177,#3178,#3179,
#3180,#3181,#3182));
#502=EDGE_LOOP('',(#3183,#3184,#3185,#3186,#3187,#3188,#3189,#3190));
#503=EDGE_LOOP('',(#3191,#3192,#3193,#3194));
#504=EDGE_LOOP('',(#3195,#3196,#3197,#3198));
#505=EDGE_LOOP('',(#3199,#3200,#3201,#3202,#3203,#3204,#3205,#3206));
#506=EDGE_LOOP('',(#3207));
#507=EDGE_LOOP('',(#3208,#3209,#3210,#3211));
#508=EDGE_LOOP('',(#3212,#3213,#3214,#3215));
#509=EDGE_LOOP('',(#3216,#3217,#3218,#3219,#3220,#3221,#3222,#3223));
#510=EDGE_LOOP('',(#3224));
#511=EDGE_LOOP('',(#3225));
#512=EDGE_LOOP('',(#3226));
#513=EDGE_LOOP('',(#3227,#3228,#3229,#3230));
#514=EDGE_LOOP('',(#3231));
#515=EDGE_LOOP('',(#3232,#3233,#3234,#3235));
#516=EDGE_LOOP('',(#3236));
#517=EDGE_LOOP('',(#3237,#3238,#3239,#3240));
#518=EDGE_LOOP('',(#3241,#3242,#3243,#3244));
#519=EDGE_LOOP('',(#3245,#3246,#3247,#3248));
#520=EDGE_LOOP('',(#3249,#3250,#3251,#3252));
#521=EDGE_LOOP('',(#3253,#3254,#3255,#3256));
#522=EDGE_LOOP('',(#3257,#3258,#3259,#3260));
#523=EDGE_LOOP('',(#3261,#3262,#3263,#3264));
#524=EDGE_LOOP('',(#3265,#3266,#3267,#3268));
#525=EDGE_LOOP('',(#3269,#3270,#3271,#3272));
#526=EDGE_LOOP('',(#3273,#3274,#3275,#3276));
#527=EDGE_LOOP('',(#3277,#3278,#3279,#3280));
#528=EDGE_LOOP('',(#3281,#3282,#3283,#3284));
#529=EDGE_LOOP('',(#3285,#3286,#3287,#3288));
#530=EDGE_LOOP('',(#3289,#3290,#3291,#3292));
#531=EDGE_LOOP('',(#3293,#3294,#3295,#3296,#3297));
#532=EDGE_LOOP('',(#3298,#3299,#3300,#3301));
#533=EDGE_LOOP('',(#3302,#3303,#3304,#3305,#3306));
#534=EDGE_LOOP('',(#3307,#3308,#3309,#3310));
#535=EDGE_LOOP('',(#3311,#3312,#3313,#3314));
#536=EDGE_LOOP('',(#3315,#3316,#3317,#3318));
#537=EDGE_LOOP('',(#3319,#3320,#3321,#3322,#3323));
#538=EDGE_LOOP('',(#3324,#3325,#3326,#3327,#3328));
#539=EDGE_LOOP('',(#3329,#3330,#3331,#3332));
#540=EDGE_LOOP('',(#3333,#3334,#3335,#3336));
#541=EDGE_LOOP('',(#3337,#3338,#3339,#3340,#3341));
#542=EDGE_LOOP('',(#3342,#3343,#3344,#3345));
#543=EDGE_LOOP('',(#3346,#3347,#3348,#3349,#3350));
#544=EDGE_LOOP('',(#3351,#3352,#3353,#3354));
#545=EDGE_LOOP('',(#3355,#3356,#3357,#3358,#3359));
#546=EDGE_LOOP('',(#3360,#3361,#3362,#3363));
#547=EDGE_LOOP('',(#3364,#3365,#3366,#3367,#3368));
#548=EDGE_LOOP('',(#3369,#3370,#3371,#3372));
#549=EDGE_LOOP('',(#3373,#3374,#3375,#3376));
#550=EDGE_LOOP('',(#3377,#3378,#3379,#3380));
#551=EDGE_LOOP('',(#3381));
#552=EDGE_LOOP('',(#3382));
#553=EDGE_LOOP('',(#3383));
#554=EDGE_LOOP('',(#3384));
#555=EDGE_LOOP('',(#3385));
#556=EDGE_LOOP('',(#3386));
#557=EDGE_LOOP('',(#3387));
#558=EDGE_LOOP('',(#3388));
#559=EDGE_LOOP('',(#3389,#3390,#3391,#3392));
#560=EDGE_LOOP('',(#3393,#3394,#3395,#3396));
#561=EDGE_LOOP('',(#3397,#3398,#3399,#3400));
#562=EDGE_LOOP('',(#3401,#3402,#3403,#3404));
#563=EDGE_LOOP('',(#3405,#3406,#3407,#3408));
#564=EDGE_LOOP('',(#3409,#3410,#3411,#3412));
#565=EDGE_LOOP('',(#3413,#3414,#3415,#3416));
#566=EDGE_LOOP('',(#3417,#3418,#3419,#3420));
#567=EDGE_LOOP('',(#3421,#3422,#3423,#3424));
#568=EDGE_LOOP('',(#3425,#3426,#3427,#3428));
#569=EDGE_LOOP('',(#3429,#3430,#3431,#3432));
#570=EDGE_LOOP('',(#3433,#3434,#3435,#3436));
#571=EDGE_LOOP('',(#3437,#3438,#3439,#3440,#3441,#3442,#3443,#3444,#3445,
#3446,#3447));
#572=EDGE_LOOP('',(#3448));
#573=EDGE_LOOP('',(#3449));
#574=EDGE_LOOP('',(#3450,#3451,#3452,#3453));
#575=EDGE_LOOP('',(#3454,#3455,#3456,#3457));
#576=EDGE_LOOP('',(#3458,#3459,#3460,#3461));
#577=EDGE_LOOP('',(#3462,#3463,#3464,#3465,#3466,#3467));
#578=EDGE_LOOP('',(#3468,#3469,#3470,#3471,#3472,#3473));
#579=EDGE_LOOP('',(#3474,#3475,#3476,#3477,#3478,#3479,#3480,#3481,#3482,
#3483,#3484,#3485,#3486));
#580=EDGE_LOOP('',(#3487,#3488,#3489,#3490,#3491,#3492));
#581=EDGE_LOOP('',(#3493,#3494,#3495,#3496));
#582=EDGE_LOOP('',(#3497,#3498,#3499,#3500));
#583=EDGE_LOOP('',(#3501,#3502,#3503,#3504,#3505,#3506,#3507,#3508));
#584=EDGE_LOOP('',(#3509));
#585=EDGE_LOOP('',(#3510));
#586=EDGE_LOOP('',(#3511));
#587=EDGE_LOOP('',(#3512));
#588=EDGE_LOOP('',(#3513,#3514,#3515,#3516));
#589=EDGE_LOOP('',(#3517,#3518,#3519,#3520));
#590=EDGE_LOOP('',(#3521,#3522,#3523,#3524,#3525,#3526,#3527,#3528,#3529,
#3530));
#591=EDGE_LOOP('',(#3531));
#592=EDGE_LOOP('',(#3532));
#593=EDGE_LOOP('',(#3533,#3534,#3535,#3536));
#594=EDGE_LOOP('',(#3537,#3538,#3539,#3540));
#595=EDGE_LOOP('',(#3541));
#596=EDGE_LOOP('',(#3542));
#597=EDGE_LOOP('',(#3543,#3544,#3545,#3546));
#598=EDGE_LOOP('',(#3547,#3548,#3549,#3550));
#599=EDGE_LOOP('',(#3551,#3552,#3553,#3554));
#600=EDGE_LOOP('',(#3555,#3556,#3557,#3558,#3559,#3560,#3561,#3562,#3563,
#3564,#3565,#3566,#3567,#3568,#3569,#3570,#3571,#3572,#3573,#3574,#3575,
#3576,#3577,#3578,#3579,#3580));
#601=EDGE_LOOP('',(#3581));
#602=EDGE_LOOP('',(#3582,#3583,#3584,#3585));
#603=EDGE_LOOP('',(#3586));
#604=EDGE_LOOP('',(#3587));
#605=EDGE_LOOP('',(#3588));
#606=EDGE_LOOP('',(#3589,#3590,#3591,#3592));
#607=EDGE_LOOP('',(#3593,#3594,#3595,#3596));
#608=EDGE_LOOP('',(#3597,#3598,#3599,#3600,#3601,#3602,#3603,#3604,#3605,
#3606,#3607,#3608));
#609=EDGE_LOOP('',(#3609,#3610,#3611,#3612,#3613,#3614,#3615,#3616,#3617,
#3618,#3619,#3620,#3621,#3622,#3623,#3624,#3625,#3626,#3627,#3628));
#610=EDGE_LOOP('',(#3629,#3630,#3631,#3632));
#611=EDGE_LOOP('',(#3633,#3634,#3635,#3636));
#612=EDGE_LOOP('',(#3637,#3638,#3639,#3640));
#613=EDGE_LOOP('',(#3641,#3642,#3643,#3644,#3645,#3646,#3647,#3648,#3649,
#3650,#3651,#3652,#3653,#3654,#3655));
#614=EDGE_LOOP('',(#3656));
#615=EDGE_LOOP('',(#3657));
#616=EDGE_LOOP('',(#3658,#3659,#3660,#3661));
#617=EDGE_LOOP('',(#3662,#3663,#3664,#3665));
#618=EDGE_LOOP('',(#3666,#3667,#3668,#3669));
#619=EDGE_LOOP('',(#3670,#3671,#3672,#3673));
#620=EDGE_LOOP('',(#3674,#3675,#3676,#3677));
#621=EDGE_LOOP('',(#3678));
#622=EDGE_LOOP('',(#3679,#3680,#3681,#3682));
#623=EDGE_LOOP('',(#3683,#3684,#3685,#3686));
#624=EDGE_LOOP('',(#3687,#3688,#3689,#3690,#3691,#3692));
#625=EDGE_LOOP('',(#3693));
#626=EDGE_LOOP('',(#3694,#3695,#3696,#3697));
#627=EDGE_LOOP('',(#3698,#3699,#3700,#3701));
#628=EDGE_LOOP('',(#3702,#3703,#3704,#3705));
#629=EDGE_LOOP('',(#3706,#3707,#3708,#3709));
#630=EDGE_LOOP('',(#3710,#3711,#3712,#3713));
#631=EDGE_LOOP('',(#3714,#3715,#3716,#3717));
#632=EDGE_LOOP('',(#3718,#3719,#3720,#3721));
#633=EDGE_LOOP('',(#3722,#3723,#3724,#3725));
#634=EDGE_LOOP('',(#3726,#3727,#3728,#3729,#3730,#3731,#3732,#3733));
#635=EDGE_LOOP('',(#3734,#3735,#3736,#3737));
#636=EDGE_LOOP('',(#3738,#3739,#3740,#3741));
#637=EDGE_LOOP('',(#3742));
#638=EDGE_LOOP('',(#3743,#3744,#3745,#3746));
#639=EDGE_LOOP('',(#3747));
#640=EDGE_LOOP('',(#3748,#3749,#3750,#3751,#3752,#3753));
#641=EDGE_LOOP('',(#3754));
#642=EDGE_LOOP('',(#3755,#3756,#3757,#3758));
#643=EDGE_LOOP('',(#3759,#3760,#3761,#3762));
#644=EDGE_LOOP('',(#3763,#3764,#3765,#3766,#3767,#3768,#3769,#3770,#3771,
#3772,#3773,#3774,#3775,#3776,#3777,#3778));
#645=EDGE_LOOP('',(#3779,#3780,#3781,#3782));
#646=EDGE_LOOP('',(#3783));
#647=EDGE_LOOP('',(#3784,#3785,#3786,#3787,#3788));
#648=EDGE_LOOP('',(#3789,#3790,#3791,#3792));
#649=EDGE_LOOP('',(#3793,#3794,#3795,#3796));
#650=EDGE_LOOP('',(#3797,#3798,#3799,#3800,#3801));
#651=EDGE_LOOP('',(#3802,#3803,#3804,#3805));
#652=EDGE_LOOP('',(#3806,#3807,#3808,#3809));
#653=EDGE_LOOP('',(#3810,#3811,#3812,#3813));
#654=EDGE_LOOP('',(#3814,#3815,#3816,#3817));
#655=EDGE_LOOP('',(#3818,#3819,#3820,#3821));
#656=EDGE_LOOP('',(#3822,#3823,#3824,#3825,#3826,#3827));
#657=EDGE_LOOP('',(#3828));
#658=EDGE_LOOP('',(#3829,#3830,#3831,#3832));
#659=EDGE_LOOP('',(#3833));
#660=EDGE_LOOP('',(#3834));
#661=EDGE_LOOP('',(#3835,#3836,#3837,#3838));
#662=EDGE_LOOP('',(#3839));
#663=EDGE_LOOP('',(#3840,#3841,#3842,#3843));
#664=EDGE_LOOP('',(#3844,#3845,#3846,#3847,#3848,#3849,#3850,#3851));
#665=EDGE_LOOP('',(#3852,#3853,#3854,#3855,#3856));
#666=EDGE_LOOP('',(#3857,#3858,#3859,#3860));
#667=EDGE_LOOP('',(#3861,#3862,#3863,#3864));
#668=EDGE_LOOP('',(#3865));
#669=EDGE_LOOP('',(#3866,#3867,#3868,#3869));
#670=EDGE_LOOP('',(#3870));
#671=EDGE_LOOP('',(#3871,#3872,#3873,#3874));
#672=EDGE_LOOP('',(#3875));
#673=EDGE_LOOP('',(#3876,#3877,#3878,#3879));
#674=EDGE_LOOP('',(#3880));
#675=EDGE_LOOP('',(#3881,#3882,#3883,#3884));
#676=EDGE_LOOP('',(#3885));
#677=EDGE_LOOP('',(#3886,#3887,#3888,#3889));
#678=EDGE_LOOP('',(#3890,#3891));
#679=EDGE_LOOP('',(#3892,#3893));
#680=EDGE_LOOP('',(#3894,#3895));
#681=EDGE_LOOP('',(#3896,#3897));
#682=EDGE_LOOP('',(#3898,#3899,#3900,#3901));
#683=EDGE_LOOP('',(#3902,#3903,#3904,#3905));
#684=EDGE_LOOP('',(#3906,#3907,#3908,#3909));
#685=EDGE_LOOP('',(#3910,#3911,#3912,#3913));
#686=EDGE_LOOP('',(#3914,#3915,#3916,#3917));
#687=EDGE_LOOP('',(#3918,#3919,#3920,#3921));
#688=EDGE_LOOP('',(#3922,#3923,#3924,#3925));
#689=EDGE_LOOP('',(#3926,#3927,#3928,#3929));
#690=EDGE_LOOP('',(#3930,#3931,#3932,#3933));
#691=EDGE_LOOP('',(#3934,#3935,#3936,#3937));
#692=EDGE_LOOP('',(#3938,#3939,#3940,#3941));
#693=EDGE_LOOP('',(#3942,#3943,#3944,#3945,#3946,#3947,#3948,#3949));
#694=EDGE_LOOP('',(#3950,#3951,#3952,#3953));
#695=EDGE_LOOP('',(#3954,#3955,#3956,#3957));
#696=EDGE_LOOP('',(#3958,#3959,#3960,#3961));
#697=EDGE_LOOP('',(#3962,#3963,#3964,#3965));
#698=EDGE_LOOP('',(#3966,#3967,#3968,#3969));
#699=EDGE_LOOP('',(#3970,#3971,#3972,#3973));
#700=EDGE_LOOP('',(#3974,#3975,#3976,#3977));
#701=EDGE_LOOP('',(#3978,#3979,#3980,#3981));
#702=EDGE_LOOP('',(#3982,#3983,#3984,#3985));
#703=EDGE_LOOP('',(#3986,#3987,#3988,#3989));
#704=EDGE_LOOP('',(#3990,#3991,#3992,#3993));
#705=EDGE_LOOP('',(#3994,#3995,#3996,#3997));
#706=EDGE_LOOP('',(#3998,#3999,#4000,#4001));
#707=EDGE_LOOP('',(#4002,#4003,#4004,#4005));
#708=EDGE_LOOP('',(#4006,#4007,#4008,#4009));
#709=EDGE_LOOP('',(#4010,#4011,#4012,#4013));
#710=EDGE_LOOP('',(#4014,#4015,#4016,#4017));
#711=EDGE_LOOP('',(#4018,#4019,#4020,#4021));
#712=EDGE_LOOP('',(#4022,#4023,#4024,#4025));
#713=EDGE_LOOP('',(#4026,#4027,#4028,#4029));
#714=EDGE_LOOP('',(#4030,#4031,#4032,#4033));
#715=EDGE_LOOP('',(#4034,#4035,#4036,#4037));
#716=EDGE_LOOP('',(#4038,#4039,#4040,#4041));
#717=EDGE_LOOP('',(#4042,#4043,#4044,#4045));
#718=EDGE_LOOP('',(#4046,#4047,#4048,#4049));
#719=EDGE_LOOP('',(#4050,#4051,#4052,#4053));
#720=EDGE_LOOP('',(#4054,#4055,#4056,#4057));
#721=EDGE_LOOP('',(#4058,#4059,#4060,#4061));
#722=EDGE_LOOP('',(#4062,#4063,#4064,#4065));
#723=EDGE_LOOP('',(#4066,#4067,#4068,#4069));
#724=EDGE_LOOP('',(#4070,#4071,#4072,#4073));
#725=EDGE_LOOP('',(#4074,#4075,#4076,#4077));
#726=EDGE_LOOP('',(#4078,#4079,#4080,#4081,#4082,#4083));
#727=EDGE_LOOP('',(#4084,#4085,#4086,#4087));
#728=EDGE_LOOP('',(#4088,#4089,#4090,#4091));
#729=EDGE_LOOP('',(#4092,#4093,#4094,#4095));
#730=EDGE_LOOP('',(#4096,#4097,#4098,#4099));
#731=EDGE_LOOP('',(#4100,#4101,#4102,#4103));
#732=EDGE_LOOP('',(#4104,#4105,#4106,#4107));
#733=EDGE_LOOP('',(#4108,#4109,#4110,#4111));
#734=EDGE_LOOP('',(#4112,#4113,#4114,#4115));
#735=EDGE_LOOP('',(#4116,#4117,#4118,#4119));
#736=EDGE_LOOP('',(#4120,#4121,#4122,#4123));
#737=EDGE_LOOP('',(#4124,#4125,#4126,#4127,#4128,#4129));
#738=EDGE_LOOP('',(#4130,#4131,#4132,#4133));
#739=EDGE_LOOP('',(#4134,#4135,#4136,#4137,#4138,#4139));
#740=EDGE_LOOP('',(#4140,#4141,#4142,#4143));
#741=EDGE_LOOP('',(#4144,#4145,#4146,#4147));
#742=EDGE_LOOP('',(#4148,#4149,#4150,#4151));
#743=EDGE_LOOP('',(#4152,#4153,#4154,#4155,#4156,#4157,#4158,#4159,#4160,
#4161,#4162,#4163,#4164));
#744=EDGE_LOOP('',(#4165,#4166,#4167,#4168));
#745=EDGE_LOOP('',(#4169,#4170,#4171,#4172));
#746=EDGE_LOOP('',(#4173,#4174,#4175,#4176,#4177));
#747=EDGE_LOOP('',(#4178,#4179,#4180,#4181));
#748=LINE('',#6104,#1304);
#749=LINE('',#6106,#1305);
#750=LINE('',#6108,#1306);
#751=LINE('',#6109,#1307);
#752=LINE('',#6112,#1308);
#753=LINE('',#6114,#1309);
#754=LINE('',#6116,#1310);
#755=LINE('',#6118,#1311);
#756=LINE('',#6119,#1312);
#757=LINE('',#6122,#1313);
#758=LINE('',#6123,#1314);
#759=LINE('',#6126,#1315);
#760=LINE('',#6128,#1316);
#761=LINE('',#6130,#1317);
#762=LINE('',#6131,#1318);
#763=LINE('',#6134,#1319);
#764=LINE('',#6136,#1320);
#765=LINE('',#6138,#1321);
#766=LINE('',#6140,#1322);
#767=LINE('',#6142,#1323);
#768=LINE('',#6144,#1324);
#769=LINE('',#6146,#1325);
#770=LINE('',#6148,#1326);
#771=LINE('',#6150,#1327);
#772=LINE('',#6151,#1328);
#773=LINE('',#6158,#1329);
#774=LINE('',#6160,#1330);
#775=LINE('',#6161,#1331);
#776=LINE('',#6165,#1332);
#777=LINE('',#6167,#1333);
#778=LINE('',#6169,#1334);
#779=LINE('',#6170,#1335);
#780=LINE('',#6173,#1336);
#781=LINE('',#6175,#1337);
#782=LINE('',#6176,#1338);
#783=LINE('',#6179,#1339);
#784=LINE('',#6181,#1340);
#785=LINE('',#6182,#1341);
#786=LINE('',#6186,#1342);
#787=LINE('',#6188,#1343);
#788=LINE('',#6190,#1344);
#789=LINE('',#6191,#1345);
#790=LINE('',#6195,#1346);
#791=LINE('',#6197,#1347);
#792=LINE('',#6199,#1348);
#793=LINE('',#6200,#1349);
#794=LINE('',#6204,#1350);
#795=LINE('',#6206,#1351);
#796=LINE('',#6208,#1352);
#797=LINE('',#6209,#1353);
#798=LINE('',#6211,#1354);
#799=LINE('',#6212,#1355);
#800=LINE('',#6216,#1356);
#801=LINE('',#6218,#1357);
#802=LINE('',#6220,#1358);
#803=LINE('',#6221,#1359);
#804=LINE('',#6224,#1360);
#805=LINE('',#6226,#1361);
#806=LINE('',#6227,#1362);
#807=LINE('',#6230,#1363);
#808=LINE('',#6232,#1364);
#809=LINE('',#6233,#1365);
#810=LINE('',#6235,#1366);
#811=LINE('',#6236,#1367);
#812=LINE('',#6238,#1368);
#813=LINE('',#6239,#1369);
#814=LINE('',#6241,#1370);
#815=LINE('',#6242,#1371);
#816=LINE('',#6245,#1372);
#817=LINE('',#6247,#1373);
#818=LINE('',#6248,#1374);
#819=LINE('',#6251,#1375);
#820=LINE('',#6253,#1376);
#821=LINE('',#6254,#1377);
#822=LINE('',#6257,#1378);
#823=LINE('',#6259,#1379);
#824=LINE('',#6260,#1380);
#825=LINE('',#6263,#1381);
#826=LINE('',#6265,#1382);
#827=LINE('',#6266,#1383);
#828=LINE('',#6269,#1384);
#829=LINE('',#6271,#1385);
#830=LINE('',#6272,#1386);
#831=LINE('',#6275,#1387);
#832=LINE('',#6277,#1388);
#833=LINE('',#6278,#1389);
#834=LINE('',#6280,#1390);
#835=LINE('',#6281,#1391);
#836=LINE('',#6287,#1392);
#837=LINE('',#6289,#1393);
#838=LINE('',#6291,#1394);
#839=LINE('',#6292,#1395);
#840=LINE('',#6298,#1396);
#841=LINE('',#6300,#1397);
#842=LINE('',#6302,#1398);
#843=LINE('',#6303,#1399);
#844=LINE('',#6306,#1400);
#845=LINE('',#6308,#1401);
#846=LINE('',#6309,#1402);
#847=LINE('',#6312,#1403);
#848=LINE('',#6313,#1404);
#849=LINE('',#6318,#1405);
#850=LINE('',#6320,#1406);
#851=LINE('',#6322,#1407);
#852=LINE('',#6324,#1408);
#853=LINE('',#6326,#1409);
#854=LINE('',#6327,#1410);
#855=LINE('',#6331,#1411);
#856=LINE('',#6335,#1412);
#857=LINE('',#6339,#1413);
#858=LINE('',#6343,#1414);
#859=LINE('',#6347,#1415);
#860=LINE('',#6349,#1416);
#861=LINE('',#6351,#1417);
#862=LINE('',#6352,#1418);
#863=LINE('',#6355,#1419);
#864=LINE('',#6357,#1420);
#865=LINE('',#6358,#1421);
#866=LINE('',#6361,#1422);
#867=LINE('',#6362,#1423);
#868=LINE('',#6366,#1424);
#869=LINE('',#6368,#1425);
#870=LINE('',#6370,#1426);
#871=LINE('',#6372,#1427);
#872=LINE('',#6374,#1428);
#873=LINE('',#6376,#1429);
#874=LINE('',#6378,#1430);
#875=LINE('',#6379,#1431);
#876=LINE('',#6387,#1432);
#877=LINE('',#6389,#1433);
#878=LINE('',#6391,#1434);
#879=LINE('',#6392,#1435);
#880=LINE('',#6395,#1436);
#881=LINE('',#6397,#1437);
#882=LINE('',#6398,#1438);
#883=LINE('',#6401,#1439);
#884=LINE('',#6402,#1440);
#885=LINE('',#6407,#1441);
#886=LINE('',#6409,#1442);
#887=LINE('',#6411,#1443);
#888=LINE('',#6413,#1444);
#889=LINE('',#6415,#1445);
#890=LINE('',#6417,#1446);
#891=LINE('',#6419,#1447);
#892=LINE('',#6421,#1448);
#893=LINE('',#6423,#1449);
#894=LINE('',#6425,#1450);
#895=LINE('',#6427,#1451);
#896=LINE('',#6429,#1452);
#897=LINE('',#6430,#1453);
#898=LINE('',#6431,#1454);
#899=LINE('',#6433,#1455);
#900=LINE('',#6435,#1456);
#901=LINE('',#6437,#1457);
#902=LINE('',#6439,#1458);
#903=LINE('',#6440,#1459);
#904=LINE('',#6442,#1460);
#905=LINE('',#6444,#1461);
#906=LINE('',#6446,#1462);
#907=LINE('',#6447,#1463);
#908=LINE('',#6450,#1464);
#909=LINE('',#6452,#1465);
#910=LINE('',#6454,#1466);
#911=LINE('',#6455,#1467);
#912=LINE('',#6458,#1468);
#913=LINE('',#6460,#1469);
#914=LINE('',#6462,#1470);
#915=LINE('',#6464,#1471);
#916=LINE('',#6466,#1472);
#917=LINE('',#6468,#1473);
#918=LINE('',#6470,#1474);
#919=LINE('',#6472,#1475);
#920=LINE('',#6474,#1476);
#921=LINE('',#6476,#1477);
#922=LINE('',#6478,#1478);
#923=LINE('',#6479,#1479);
#924=LINE('',#6482,#1480);
#925=LINE('',#6484,#1481);
#926=LINE('',#6486,#1482);
#927=LINE('',#6488,#1483);
#928=LINE('',#6490,#1484);
#929=LINE('',#6492,#1485);
#930=LINE('',#6494,#1486);
#931=LINE('',#6496,#1487);
#932=LINE('',#6498,#1488);
#933=LINE('',#6500,#1489);
#934=LINE('',#6502,#1490);
#935=LINE('',#6503,#1491);
#936=LINE('',#6506,#1492);
#937=LINE('',#6508,#1493);
#938=LINE('',#6510,#1494);
#939=LINE('',#6512,#1495);
#940=LINE('',#6513,#1496);
#941=LINE('',#6518,#1497);
#942=LINE('',#6522,#1498);
#943=LINE('',#6527,#1499);
#944=LINE('',#6529,#1500);
#945=LINE('',#6531,#1501);
#946=LINE('',#6533,#1502);
#947=LINE('',#6535,#1503);
#948=LINE('',#6537,#1504);
#949=LINE('',#6539,#1505);
#950=LINE('',#6540,#1506);
#951=LINE('',#6545,#1507);
#952=LINE('',#6549,#1508);
#953=LINE('',#6554,#1509);
#954=LINE('',#6556,#1510);
#955=LINE('',#6558,#1511);
#956=LINE('',#6560,#1512);
#957=LINE('',#6562,#1513);
#958=LINE('',#6564,#1514);
#959=LINE('',#6566,#1515);
#960=LINE('',#6567,#1516);
#961=LINE('',#6574,#1517);
#962=LINE('',#6581,#1518);
#963=LINE('',#6585,#1519);
#964=LINE('',#6586,#1520);
#965=LINE('',#6588,#1521);
#966=LINE('',#6589,#1522);
#967=LINE('',#6591,#1523);
#968=LINE('',#6592,#1524);
#969=LINE('',#6594,#1525);
#970=LINE('',#6595,#1526);
#971=LINE('',#6600,#1527);
#972=LINE('',#6602,#1528);
#973=LINE('',#6603,#1529);
#974=LINE('',#6605,#1530);
#975=LINE('',#6606,#1531);
#976=LINE('',#6608,#1532);
#977=LINE('',#6609,#1533);
#978=LINE('',#6611,#1534);
#979=LINE('',#6612,#1535);
#980=LINE('',#6614,#1536);
#981=LINE('',#6615,#1537);
#982=LINE('',#6620,#1538);
#983=LINE('',#6622,#1539);
#984=LINE('',#6623,#1540);
#985=LINE('',#6626,#1541);
#986=LINE('',#6628,#1542);
#987=LINE('',#6629,#1543);
#988=LINE('',#6632,#1544);
#989=LINE('',#6633,#1545);
#990=LINE('',#6636,#1546);
#991=LINE('',#6637,#1547);
#992=LINE('',#6639,#1548);
#993=LINE('',#6643,#1549);
#994=LINE('',#6645,#1550);
#995=LINE('',#6646,#1551);
#996=LINE('',#6648,#1552);
#997=LINE('',#6650,#1553);
#998=LINE('',#6654,#1554);
#999=LINE('',#6656,#1555);
#1000=LINE('',#6657,#1556);
#1001=LINE('',#6660,#1557);
#1002=LINE('',#6661,#1558);
#1003=LINE('',#6664,#1559);
#1004=LINE('',#6665,#1560);
#1005=LINE('',#6667,#1561);
#1006=LINE('',#6671,#1562);
#1007=LINE('',#6672,#1563);
#1008=LINE('',#6675,#1564);
#1009=LINE('',#6676,#1565);
#1010=LINE('',#6678,#1566);
#1011=LINE('',#6684,#1567);
#1012=LINE('',#6689,#1568);
#1013=LINE('',#6691,#1569);
#1014=LINE('',#6693,#1570);
#1015=LINE('',#6694,#1571);
#1016=LINE('',#6706,#1572);
#1017=LINE('',#6709,#1573);
#1018=LINE('',#6712,#1574);
#1019=LINE('',#6715,#1575);
#1020=LINE('',#6718,#1576);
#1021=LINE('',#6721,#1577);
#1022=LINE('',#6726,#1578);
#1023=LINE('',#6730,#1579);
#1024=LINE('',#6733,#1580);
#1025=LINE('',#6738,#1581);
#1026=LINE('',#6741,#1582);
#1027=LINE('',#6747,#1583);
#1028=LINE('',#6752,#1584);
#1029=LINE('',#6754,#1585);
#1030=LINE('',#6756,#1586);
#1031=LINE('',#6758,#1587);
#1032=LINE('',#6759,#1588);
#1033=LINE('',#6761,#1589);
#1034=LINE('',#6763,#1590);
#1035=LINE('',#6765,#1591);
#1036=LINE('',#6767,#1592);
#1037=LINE('',#6768,#1593);
#1038=LINE('',#6773,#1594);
#1039=LINE('',#6778,#1595);
#1040=LINE('',#6781,#1596);
#1041=LINE('',#6785,#1597);
#1042=LINE('',#6787,#1598);
#1043=LINE('',#6789,#1599);
#1044=LINE('',#6791,#1600);
#1045=LINE('',#6792,#1601);
#1046=LINE('',#6795,#1602);
#1047=LINE('',#6797,#1603);
#1048=LINE('',#6799,#1604);
#1049=LINE('',#6801,#1605);
#1050=LINE('',#6802,#1606);
#1051=LINE('',#6805,#1607);
#1052=LINE('',#6807,#1608);
#1053=LINE('',#6808,#1609);
#1054=LINE('',#6810,#1610);
#1055=LINE('',#6812,#1611);
#1056=LINE('',#6814,#1612);
#1057=LINE('',#6816,#1613);
#1058=LINE('',#6818,#1614);
#1059=LINE('',#6820,#1615);
#1060=LINE('',#6822,#1616);
#1061=LINE('',#6823,#1617);
#1062=LINE('',#6825,#1618);
#1063=LINE('',#6827,#1619);
#1064=LINE('',#6828,#1620);
#1065=LINE('',#6831,#1621);
#1066=LINE('',#6832,#1622);
#1067=LINE('',#6835,#1623);
#1068=LINE('',#6837,#1624);
#1069=LINE('',#6838,#1625);
#1070=LINE('',#6841,#1626);
#1071=LINE('',#6842,#1627);
#1072=LINE('',#6844,#1628);
#1073=LINE('',#6845,#1629);
#1074=LINE('',#6856,#1630);
#1075=LINE('',#6858,#1631);
#1076=LINE('',#6859,#1632);
#1077=LINE('',#6862,#1633);
#1078=LINE('',#6863,#1634);
#1079=LINE('',#6865,#1635);
#1080=LINE('',#6867,#1636);
#1081=LINE('',#6868,#1637);
#1082=LINE('',#6875,#1638);
#1083=LINE('',#6877,#1639);
#1084=LINE('',#6879,#1640);
#1085=LINE('',#6880,#1641);
#1086=LINE('',#6883,#1642);
#1087=LINE('',#6885,#1643);
#1088=LINE('',#6887,#1644);
#1089=LINE('',#6888,#1645);
#1090=LINE('',#6895,#1646);
#1091=LINE('',#6897,#1647);
#1092=LINE('',#6899,#1648);
#1093=LINE('',#6900,#1649);
#1094=LINE('',#6903,#1650);
#1095=LINE('',#6905,#1651);
#1096=LINE('',#6907,#1652);
#1097=LINE('',#6908,#1653);
#1098=LINE('',#6911,#1654);
#1099=LINE('',#6912,#1655);
#1100=LINE('',#6915,#1656);
#1101=LINE('',#6917,#1657);
#1102=LINE('',#6919,#1658);
#1103=LINE('',#6921,#1659);
#1104=LINE('',#6923,#1660);
#1105=LINE('',#6925,#1661);
#1106=LINE('',#6926,#1662);
#1107=LINE('',#6927,#1663);
#1108=LINE('',#6929,#1664);
#1109=LINE('',#6931,#1665);
#1110=LINE('',#6933,#1666);
#1111=LINE('',#6935,#1667);
#1112=LINE('',#6937,#1668);
#1113=LINE('',#6939,#1669);
#1114=LINE('',#6941,#1670);
#1115=LINE('',#6943,#1671);
#1116=LINE('',#6944,#1672);
#1117=LINE('',#6949,#1673);
#1118=LINE('',#6951,#1674);
#1119=LINE('',#6953,#1675);
#1120=LINE('',#6954,#1676);
#1121=LINE('',#6963,#1677);
#1122=LINE('',#6964,#1678);
#1123=LINE('',#6967,#1679);
#1124=LINE('',#6968,#1680);
#1125=LINE('',#6971,#1681);
#1126=LINE('',#6973,#1682);
#1127=LINE('',#6975,#1683);
#1128=LINE('',#6977,#1684);
#1129=LINE('',#6979,#1685);
#1130=LINE('',#6980,#1686);
#1131=LINE('',#6981,#1687);
#1132=LINE('',#6984,#1688);
#1133=LINE('',#6986,#1689);
#1134=LINE('',#6988,#1690);
#1135=LINE('',#6989,#1691);
#1136=LINE('',#6992,#1692);
#1137=LINE('',#6994,#1693);
#1138=LINE('',#6996,#1694);
#1139=LINE('',#6997,#1695);
#1140=LINE('',#7001,#1696);
#1141=LINE('',#7004,#1697);
#1142=LINE('',#7006,#1698);
#1143=LINE('',#7008,#1699);
#1144=LINE('',#7010,#1700);
#1145=LINE('',#7012,#1701);
#1146=LINE('',#7014,#1702);
#1147=LINE('',#7016,#1703);
#1148=LINE('',#7018,#1704);
#1149=LINE('',#7019,#1705);
#1150=LINE('',#7020,#1706);
#1151=LINE('',#7021,#1707);
#1152=LINE('',#7026,#1708);
#1153=LINE('',#7029,#1709);
#1154=LINE('',#7034,#1710);
#1155=LINE('',#7037,#1711);
#1156=LINE('',#7041,#1712);
#1157=LINE('',#7043,#1713);
#1158=LINE('',#7045,#1714);
#1159=LINE('',#7046,#1715);
#1160=LINE('',#7051,#1716);
#1161=LINE('',#7055,#1717);
#1162=LINE('',#7059,#1718);
#1163=LINE('',#7061,#1719);
#1164=LINE('',#7063,#1720);
#1165=LINE('',#7065,#1721);
#1166=LINE('',#7066,#1722);
#1167=LINE('',#7069,#1723);
#1168=LINE('',#7073,#1724);
#1169=LINE('',#7077,#1725);
#1170=LINE('',#7081,#1726);
#1171=LINE('',#7085,#1727);
#1172=LINE('',#7089,#1728);
#1173=LINE('',#7093,#1729);
#1174=LINE('',#7097,#1730);
#1175=LINE('',#7101,#1731);
#1176=LINE('',#7102,#1732);
#1177=LINE('',#7103,#1733);
#1178=LINE('',#7106,#1734);
#1179=LINE('',#7107,#1735);
#1180=LINE('',#7113,#1736);
#1181=LINE('',#7115,#1737);
#1182=LINE('',#7117,#1738);
#1183=LINE('',#7119,#1739);
#1184=LINE('',#7121,#1740);
#1185=LINE('',#7122,#1741);
#1186=LINE('',#7124,#1742);
#1187=LINE('',#7125,#1743);
#1188=LINE('',#7127,#1744);
#1189=LINE('',#7129,#1745);
#1190=LINE('',#7131,#1746);
#1191=LINE('',#7133,#1747);
#1192=LINE('',#7135,#1748);
#1193=LINE('',#7137,#1749);
#1194=LINE('',#7139,#1750);
#1195=LINE('',#7141,#1751);
#1196=LINE('',#7142,#1752);
#1197=LINE('',#7145,#1753);
#1198=LINE('',#7146,#1754);
#1199=LINE('',#7149,#1755);
#1200=LINE('',#7151,#1756);
#1201=LINE('',#7153,#1757);
#1202=LINE('',#7154,#1758);
#1203=LINE('',#7157,#1759);
#1204=LINE('',#7158,#1760);
#1205=LINE('',#7161,#1761);
#1206=LINE('',#7162,#1762);
#1207=LINE('',#7164,#1763);
#1208=LINE('',#7166,#1764);
#1209=LINE('',#7167,#1765);
#1210=LINE('',#7170,#1766);
#1211=LINE('',#7171,#1767);
#1212=LINE('',#7173,#1768);
#1213=LINE('',#7175,#1769);
#1214=LINE('',#7177,#1770);
#1215=LINE('',#7180,#1771);
#1216=LINE('',#7185,#1772);
#1217=LINE('',#7187,#1773);
#1218=LINE('',#7189,#1774);
#1219=LINE('',#7190,#1775);
#1220=LINE('',#7197,#1776);
#1221=LINE('',#7199,#1777);
#1222=LINE('',#7201,#1778);
#1223=LINE('',#7202,#1779);
#1224=LINE('',#7207,#1780);
#1225=LINE('',#7208,#1781);
#1226=LINE('',#7210,#1782);
#1227=LINE('',#7212,#1783);
#1228=LINE('',#7214,#1784);
#1229=LINE('',#7215,#1785);
#1230=LINE('',#7218,#1786);
#1231=LINE('',#7219,#1787);
#1232=LINE('',#7221,#1788);
#1233=LINE('',#7223,#1789);
#1234=LINE('',#7224,#1790);
#1235=LINE('',#7226,#1791);
#1236=LINE('',#7229,#1792);
#1237=LINE('',#7230,#1793);
#1238=LINE('',#7233,#1794);
#1239=LINE('',#7234,#1795);
#1240=LINE('',#7236,#1796);
#1241=LINE('',#7242,#1797);
#1242=LINE('',#7246,#1798);
#1243=LINE('',#7250,#1799);
#1244=LINE('',#7254,#1800);
#1245=LINE('',#7256,#1801);
#1246=LINE('',#7258,#1802);
#1247=LINE('',#7260,#1803);
#1248=LINE('',#7263,#1804);
#1249=LINE('',#7264,#1805);
#1250=LINE('',#7266,#1806);
#1251=LINE('',#7268,#1807);
#1252=LINE('',#7271,#1808);
#1253=LINE('',#7272,#1809);
#1254=LINE('',#7274,#1810);
#1255=LINE('',#7278,#1811);
#1256=LINE('',#7279,#1812);
#1257=LINE('',#7280,#1813);
#1258=LINE('',#7282,#1814);
#1259=LINE('',#7283,#1815);
#1260=LINE('',#7284,#1816);
#1261=LINE('',#7286,#1817);
#1262=LINE('',#7288,#1818);
#1263=LINE('',#7290,#1819);
#1264=LINE('',#7292,#1820);
#1265=LINE('',#7294,#1821);
#1266=LINE('',#7296,#1822);
#1267=LINE('',#7298,#1823);
#1268=LINE('',#7299,#1824);
#1269=LINE('',#7301,#1825);
#1270=LINE('',#7303,#1826);
#1271=LINE('',#7306,#1827);
#1272=LINE('',#7308,#1828);
#1273=LINE('',#7309,#1829);
#1274=LINE('',#7311,#1830);
#1275=LINE('',#7313,#1831);
#1276=LINE('',#7316,#1832);
#1277=LINE('',#7317,#1833);
#1278=LINE('',#7319,#1834);
#1279=LINE('',#7321,#1835);
#1280=LINE('',#7324,#1836);
#1281=LINE('',#7327,#1837);
#1282=LINE('',#7329,#1838);
#1283=LINE('',#7332,#1839);
#1284=LINE('',#7333,#1840);
#1285=LINE('',#7336,#1841);
#1286=LINE('',#7337,#1842);
#1287=LINE('',#7340,#1843);
#1288=LINE('',#7341,#1844);
#1289=LINE('',#7344,#1845);
#1290=LINE('',#7345,#1846);
#1291=LINE('',#7350,#1847);
#1292=LINE('',#7352,#1848);
#1293=LINE('',#7353,#1849);
#1294=LINE('',#7355,#1850);
#1295=LINE('',#7357,#1851);
#1296=LINE('',#7360,#1852);
#1297=LINE('',#7362,#1853);
#1298=LINE('',#7364,#1854);
#1299=LINE('',#7367,#1855);
#1300=LINE('',#7369,#1856);
#1301=LINE('',#7372,#1857);
#1302=LINE('',#7374,#1858);
#1303=LINE('',#7377,#1859);
#1304=VECTOR('',#4924,10.);
#1305=VECTOR('',#4925,10.);
#1306=VECTOR('',#4926,10.);
#1307=VECTOR('',#4927,10.);
#1308=VECTOR('',#4930,10.);
#1309=VECTOR('',#4931,10.);
#1310=VECTOR('',#4932,10.);
#1311=VECTOR('',#4933,10.);
#1312=VECTOR('',#4934,10.);
#1313=VECTOR('',#4937,10.);
#1314=VECTOR('',#4938,10.);
#1315=VECTOR('',#4941,10.);
#1316=VECTOR('',#4942,10.);
#1317=VECTOR('',#4943,10.);
#1318=VECTOR('',#4944,10.);
#1319=VECTOR('',#4947,10.);
#1320=VECTOR('',#4948,10.);
#1321=VECTOR('',#4949,10.);
#1322=VECTOR('',#4950,10.);
#1323=VECTOR('',#4951,10.);
#1324=VECTOR('',#4952,10.);
#1325=VECTOR('',#4953,10.);
#1326=VECTOR('',#4954,10.);
#1327=VECTOR('',#4955,10.);
#1328=VECTOR('',#4956,10.);
#1329=VECTOR('',#4963,10.);
#1330=VECTOR('',#4964,10.);
#1331=VECTOR('',#4965,10.);
#1332=VECTOR('',#4968,10.);
#1333=VECTOR('',#4969,10.);
#1334=VECTOR('',#4970,10.);
#1335=VECTOR('',#4971,10.);
#1336=VECTOR('',#4974,10.);
#1337=VECTOR('',#4975,10.);
#1338=VECTOR('',#4976,10.);
#1339=VECTOR('',#4979,10.);
#1340=VECTOR('',#4980,10.);
#1341=VECTOR('',#4981,10.);
#1342=VECTOR('',#4984,10.);
#1343=VECTOR('',#4985,10.);
#1344=VECTOR('',#4986,10.);
#1345=VECTOR('',#4987,10.);
#1346=VECTOR('',#4990,10.);
#1347=VECTOR('',#4991,10.);
#1348=VECTOR('',#4992,10.);
#1349=VECTOR('',#4993,10.);
#1350=VECTOR('',#4996,10.);
#1351=VECTOR('',#4997,10.);
#1352=VECTOR('',#4998,10.);
#1353=VECTOR('',#4999,10.);
#1354=VECTOR('',#5002,10.);
#1355=VECTOR('',#5003,10.);
#1356=VECTOR('',#5006,10.);
#1357=VECTOR('',#5007,10.);
#1358=VECTOR('',#5008,10.);
#1359=VECTOR('',#5009,10.);
#1360=VECTOR('',#5012,10.);
#1361=VECTOR('',#5013,10.);
#1362=VECTOR('',#5014,10.);
#1363=VECTOR('',#5017,10.);
#1364=VECTOR('',#5018,10.);
#1365=VECTOR('',#5019,10.);
#1366=VECTOR('',#5022,10.);
#1367=VECTOR('',#5023,10.);
#1368=VECTOR('',#5026,10.);
#1369=VECTOR('',#5027,10.);
#1370=VECTOR('',#5030,10.);
#1371=VECTOR('',#5031,10.);
#1372=VECTOR('',#5034,10.);
#1373=VECTOR('',#5035,10.);
#1374=VECTOR('',#5036,10.);
#1375=VECTOR('',#5039,10.);
#1376=VECTOR('',#5040,10.);
#1377=VECTOR('',#5041,10.);
#1378=VECTOR('',#5044,10.);
#1379=VECTOR('',#5045,10.);
#1380=VECTOR('',#5046,10.);
#1381=VECTOR('',#5049,10.);
#1382=VECTOR('',#5050,10.);
#1383=VECTOR('',#5051,10.);
#1384=VECTOR('',#5054,10.);
#1385=VECTOR('',#5055,10.);
#1386=VECTOR('',#5056,10.);
#1387=VECTOR('',#5059,10.);
#1388=VECTOR('',#5060,10.);
#1389=VECTOR('',#5061,10.);
#1390=VECTOR('',#5064,10.);
#1391=VECTOR('',#5065,10.);
#1392=VECTOR('',#5070,10.);
#1393=VECTOR('',#5071,10.);
#1394=VECTOR('',#5072,10.);
#1395=VECTOR('',#5073,10.);
#1396=VECTOR('',#5078,10.);
#1397=VECTOR('',#5079,10.);
#1398=VECTOR('',#5080,10.);
#1399=VECTOR('',#5081,10.);
#1400=VECTOR('',#5084,10.);
#1401=VECTOR('',#5085,10.);
#1402=VECTOR('',#5086,10.);
#1403=VECTOR('',#5089,10.);
#1404=VECTOR('',#5090,10.);
#1405=VECTOR('',#5095,10.);
#1406=VECTOR('',#5096,10.);
#1407=VECTOR('',#5097,10.);
#1408=VECTOR('',#5098,10.);
#1409=VECTOR('',#5099,10.);
#1410=VECTOR('',#5100,10.);
#1411=VECTOR('',#5103,10.);
#1412=VECTOR('',#5106,10.);
#1413=VECTOR('',#5109,10.);
#1414=VECTOR('',#5112,10.);
#1415=VECTOR('',#5115,10.);
#1416=VECTOR('',#5116,10.);
#1417=VECTOR('',#5117,10.);
#1418=VECTOR('',#5118,10.);
#1419=VECTOR('',#5121,10.);
#1420=VECTOR('',#5122,10.);
#1421=VECTOR('',#5123,10.);
#1422=VECTOR('',#5126,10.);
#1423=VECTOR('',#5127,10.);
#1424=VECTOR('',#5132,10.);
#1425=VECTOR('',#5133,10.);
#1426=VECTOR('',#5134,10.);
#1427=VECTOR('',#5135,10.);
#1428=VECTOR('',#5136,10.);
#1429=VECTOR('',#5137,10.);
#1430=VECTOR('',#5138,10.);
#1431=VECTOR('',#5139,10.);
#1432=VECTOR('',#5146,10.);
#1433=VECTOR('',#5147,10.);
#1434=VECTOR('',#5148,10.);
#1435=VECTOR('',#5149,10.);
#1436=VECTOR('',#5152,10.);
#1437=VECTOR('',#5153,10.);
#1438=VECTOR('',#5154,10.);
#1439=VECTOR('',#5157,10.);
#1440=VECTOR('',#5158,10.);
#1441=VECTOR('',#5163,10.);
#1442=VECTOR('',#5164,10.);
#1443=VECTOR('',#5165,10.);
#1444=VECTOR('',#5166,10.);
#1445=VECTOR('',#5167,10.);
#1446=VECTOR('',#5168,10.);
#1447=VECTOR('',#5169,10.);
#1448=VECTOR('',#5170,10.);
#1449=VECTOR('',#5171,10.);
#1450=VECTOR('',#5172,10.);
#1451=VECTOR('',#5173,10.);
#1452=VECTOR('',#5174,10.);
#1453=VECTOR('',#5175,10.);
#1454=VECTOR('',#5176,10.);
#1455=VECTOR('',#5177,10.);
#1456=VECTOR('',#5178,10.);
#1457=VECTOR('',#5179,10.);
#1458=VECTOR('',#5180,10.);
#1459=VECTOR('',#5181,10.);
#1460=VECTOR('',#5182,10.);
#1461=VECTOR('',#5183,10.);
#1462=VECTOR('',#5184,10.);
#1463=VECTOR('',#5185,10.);
#1464=VECTOR('',#5186,10.);
#1465=VECTOR('',#5187,10.);
#1466=VECTOR('',#5188,10.);
#1467=VECTOR('',#5189,10.);
#1468=VECTOR('',#5190,10.);
#1469=VECTOR('',#5191,10.);
#1470=VECTOR('',#5192,10.);
#1471=VECTOR('',#5193,10.);
#1472=VECTOR('',#5194,10.);
#1473=VECTOR('',#5195,10.);
#1474=VECTOR('',#5196,10.);
#1475=VECTOR('',#5197,10.);
#1476=VECTOR('',#5198,10.);
#1477=VECTOR('',#5199,10.);
#1478=VECTOR('',#5200,10.);
#1479=VECTOR('',#5201,10.);
#1480=VECTOR('',#5202,10.);
#1481=VECTOR('',#5203,10.);
#1482=VECTOR('',#5204,10.);
#1483=VECTOR('',#5205,10.);
#1484=VECTOR('',#5206,10.);
#1485=VECTOR('',#5207,10.);
#1486=VECTOR('',#5208,10.);
#1487=VECTOR('',#5209,10.);
#1488=VECTOR('',#5210,10.);
#1489=VECTOR('',#5211,10.);
#1490=VECTOR('',#5212,10.);
#1491=VECTOR('',#5213,10.);
#1492=VECTOR('',#5216,10.);
#1493=VECTOR('',#5217,10.);
#1494=VECTOR('',#5218,10.);
#1495=VECTOR('',#5219,10.);
#1496=VECTOR('',#5220,10.);
#1497=VECTOR('',#5225,2.05);
#1498=VECTOR('',#5230,1.85);
#1499=VECTOR('',#5235,10.);
#1500=VECTOR('',#5236,10.);
#1501=VECTOR('',#5237,10.);
#1502=VECTOR('',#5238,10.);
#1503=VECTOR('',#5239,10.);
#1504=VECTOR('',#5240,10.);
#1505=VECTOR('',#5241,10.);
#1506=VECTOR('',#5242,10.);
#1507=VECTOR('',#5247,2.05);
#1508=VECTOR('',#5252,1.85);
#1509=VECTOR('',#5257,10.);
#1510=VECTOR('',#5258,10.);
#1511=VECTOR('',#5259,10.);
#1512=VECTOR('',#5260,10.);
#1513=VECTOR('',#5261,10.);
#1514=VECTOR('',#5262,10.);
#1515=VECTOR('',#5263,10.);
#1516=VECTOR('',#5264,10.);
#1517=VECTOR('',#5273,3.);
#1518=VECTOR('',#5282,3.);
#1519=VECTOR('',#5289,10.);
#1520=VECTOR('',#5290,10.);
#1521=VECTOR('',#5293,10.);
#1522=VECTOR('',#5294,10.);
#1523=VECTOR('',#5297,10.);
#1524=VECTOR('',#5298,10.);
#1525=VECTOR('',#5301,10.);
#1526=VECTOR('',#5302,10.);
#1527=VECTOR('',#5309,10.);
#1528=VECTOR('',#5310,10.);
#1529=VECTOR('',#5311,10.);
#1530=VECTOR('',#5314,10.);
#1531=VECTOR('',#5315,10.);
#1532=VECTOR('',#5318,10.);
#1533=VECTOR('',#5319,10.);
#1534=VECTOR('',#5322,10.);
#1535=VECTOR('',#5323,10.);
#1536=VECTOR('',#5326,10.);
#1537=VECTOR('',#5327,10.);
#1538=VECTOR('',#5334,10.);
#1539=VECTOR('',#5335,10.);
#1540=VECTOR('',#5336,10.);
#1541=VECTOR('',#5339,10.);
#1542=VECTOR('',#5340,10.);
#1543=VECTOR('',#5341,10.);
#1544=VECTOR('',#5344,10.);
#1545=VECTOR('',#5345,10.);
#1546=VECTOR('',#5348,10.);
#1547=VECTOR('',#5349,10.);
#1548=VECTOR('',#5352,10.);
#1549=VECTOR('',#5357,10.);
#1550=VECTOR('',#5358,10.);
#1551=VECTOR('',#5359,10.);
#1552=VECTOR('',#5362,10.);
#1553=VECTOR('',#5365,10.);
#1554=VECTOR('',#5370,10.);
#1555=VECTOR('',#5371,10.);
#1556=VECTOR('',#5372,10.);
#1557=VECTOR('',#5375,10.);
#1558=VECTOR('',#5376,10.);
#1559=VECTOR('',#5379,10.);
#1560=VECTOR('',#5380,10.);
#1561=VECTOR('',#5383,10.);
#1562=VECTOR('',#5388,10.);
#1563=VECTOR('',#5389,10.);
#1564=VECTOR('',#5392,10.);
#1565=VECTOR('',#5393,10.);
#1566=VECTOR('',#5396,10.);
#1567=VECTOR('',#5403,2.15);
#1568=VECTOR('',#5408,10.);
#1569=VECTOR('',#5409,10.);
#1570=VECTOR('',#5410,10.);
#1571=VECTOR('',#5411,10.);
#1572=VECTOR('',#5424,1.85);
#1573=VECTOR('',#5427,2.15);
#1574=VECTOR('',#5432,1.85);
#1575=VECTOR('',#5435,2.14999999999998);
#1576=VECTOR('',#5440,1.84999999999999);
#1577=VECTOR('',#5443,2.14999999999998);
#1578=VECTOR('',#5450,1.84999999999999);
#1579=VECTOR('',#5455,2.14999999999998);
#1580=VECTOR('',#5458,1.84999999999999);
#1581=VECTOR('',#5465,2.14999999999998);
#1582=VECTOR('',#5468,1.84999999999999);
#1583=VECTOR('',#5475,2.15);
#1584=VECTOR('',#5480,10.);
#1585=VECTOR('',#5481,10.);
#1586=VECTOR('',#5482,10.);
#1587=VECTOR('',#5483,10.);
#1588=VECTOR('',#5484,10.);
#1589=VECTOR('',#5485,10.);
#1590=VECTOR('',#5486,10.);
#1591=VECTOR('',#5487,10.);
#1592=VECTOR('',#5488,10.);
#1593=VECTOR('',#5489,10.);
#1594=VECTOR('',#5494,1.85);
#1595=VECTOR('',#5501,2.15);
#1596=VECTOR('',#5504,1.85);
#1597=VECTOR('',#5509,10.);
#1598=VECTOR('',#5510,10.);
#1599=VECTOR('',#5511,10.);
#1600=VECTOR('',#5512,10.);
#1601=VECTOR('',#5513,10.);
#1602=VECTOR('',#5516,10.);
#1603=VECTOR('',#5517,10.);
#1604=VECTOR('',#5518,10.);
#1605=VECTOR('',#5519,10.);
#1606=VECTOR('',#5520,10.);
#1607=VECTOR('',#5523,10.);
#1608=VECTOR('',#5524,10.);
#1609=VECTOR('',#5525,10.);
#1610=VECTOR('',#5526,10.);
#1611=VECTOR('',#5527,10.);
#1612=VECTOR('',#5528,10.);
#1613=VECTOR('',#5529,10.);
#1614=VECTOR('',#5530,10.);
#1615=VECTOR('',#5531,10.);
#1616=VECTOR('',#5532,10.);
#1617=VECTOR('',#5533,10.);
#1618=VECTOR('',#5536,10.);
#1619=VECTOR('',#5537,10.);
#1620=VECTOR('',#5538,10.);
#1621=VECTOR('',#5541,10.);
#1622=VECTOR('',#5542,10.);
#1623=VECTOR('',#5545,10.);
#1624=VECTOR('',#5546,10.);
#1625=VECTOR('',#5547,10.);
#1626=VECTOR('',#5550,10.);
#1627=VECTOR('',#5551,10.);
#1628=VECTOR('',#5552,10.);
#1629=VECTOR('',#5553,10.);
#1630=VECTOR('',#5564,10.);
#1631=VECTOR('',#5565,10.);
#1632=VECTOR('',#5566,10.);
#1633=VECTOR('',#5569,10.);
#1634=VECTOR('',#5570,10.);
#1635=VECTOR('',#5573,10.);
#1636=VECTOR('',#5574,10.);
#1637=VECTOR('',#5575,10.);
#1638=VECTOR('',#5580,10.);
#1639=VECTOR('',#5581,10.);
#1640=VECTOR('',#5582,10.);
#1641=VECTOR('',#5583,10.);
#1642=VECTOR('',#5584,10.);
#1643=VECTOR('',#5585,10.);
#1644=VECTOR('',#5586,10.);
#1645=VECTOR('',#5587,10.);
#1646=VECTOR('',#5592,10.);
#1647=VECTOR('',#5593,10.);
#1648=VECTOR('',#5594,10.);
#1649=VECTOR('',#5595,10.);
#1650=VECTOR('',#5596,10.);
#1651=VECTOR('',#5597,10.);
#1652=VECTOR('',#5598,10.);
#1653=VECTOR('',#5599,10.);
#1654=VECTOR('',#5602,10.);
#1655=VECTOR('',#5603,10.);
#1656=VECTOR('',#5606,10.);
#1657=VECTOR('',#5607,10.);
#1658=VECTOR('',#5608,10.);
#1659=VECTOR('',#5609,10.);
#1660=VECTOR('',#5610,10.);
#1661=VECTOR('',#5611,10.);
#1662=VECTOR('',#5612,10.);
#1663=VECTOR('',#5613,10.);
#1664=VECTOR('',#5614,10.);
#1665=VECTOR('',#5615,10.);
#1666=VECTOR('',#5616,10.);
#1667=VECTOR('',#5617,10.);
#1668=VECTOR('',#5618,10.);
#1669=VECTOR('',#5619,10.);
#1670=VECTOR('',#5620,10.);
#1671=VECTOR('',#5621,10.);
#1672=VECTOR('',#5622,10.);
#1673=VECTOR('',#5625,10.);
#1674=VECTOR('',#5626,10.);
#1675=VECTOR('',#5627,10.);
#1676=VECTOR('',#5628,10.);
#1677=VECTOR('',#5637,10.);
#1678=VECTOR('',#5638,10.);
#1679=VECTOR('',#5641,10.);
#1680=VECTOR('',#5642,10.);
#1681=VECTOR('',#5645,10.);
#1682=VECTOR('',#5646,10.);
#1683=VECTOR('',#5647,10.);
#1684=VECTOR('',#5648,10.);
#1685=VECTOR('',#5649,10.);
#1686=VECTOR('',#5650,10.);
#1687=VECTOR('',#5651,10.);
#1688=VECTOR('',#5652,10.);
#1689=VECTOR('',#5653,10.);
#1690=VECTOR('',#5654,10.);
#1691=VECTOR('',#5655,10.);
#1692=VECTOR('',#5656,10.);
#1693=VECTOR('',#5657,10.);
#1694=VECTOR('',#5658,10.);
#1695=VECTOR('',#5659,10.);
#1696=VECTOR('',#5664,2.14999999999998);
#1697=VECTOR('',#5667,10.);
#1698=VECTOR('',#5668,10.);
#1699=VECTOR('',#5669,10.);
#1700=VECTOR('',#5670,10.);
#1701=VECTOR('',#5671,10.);
#1702=VECTOR('',#5672,10.);
#1703=VECTOR('',#5673,10.);
#1704=VECTOR('',#5674,10.);
#1705=VECTOR('',#5675,10.);
#1706=VECTOR('',#5676,10.);
#1707=VECTOR('',#5677,10.);
#1708=VECTOR('',#5682,2.15000000000001);
#1709=VECTOR('',#5687,1.85);
#1710=VECTOR('',#5692,2.15000000000001);
#1711=VECTOR('',#5697,1.85);
#1712=VECTOR('',#5700,10.);
#1713=VECTOR('',#5701,10.);
#1714=VECTOR('',#5702,10.);
#1715=VECTOR('',#5703,10.);
#1716=VECTOR('',#5708,2.14999999999998);
#1717=VECTOR('',#5713,1.84999999999999);
#1718=VECTOR('',#5718,10.);
#1719=VECTOR('',#5719,10.);
#1720=VECTOR('',#5720,10.);
#1721=VECTOR('',#5721,10.);
#1722=VECTOR('',#5722,10.);
#1723=VECTOR('',#5725,2.15);
#1724=VECTOR('',#5730,1.85);
#1725=VECTOR('',#5735,2.15);
#1726=VECTOR('',#5740,1.85);
#1727=VECTOR('',#5745,2.14999999999998);
#1728=VECTOR('',#5750,1.84999999999999);
#1729=VECTOR('',#5755,2.14999999999998);
#1730=VECTOR('',#5760,1.84999999999999);
#1731=VECTOR('',#5765,10.);
#1732=VECTOR('',#5766,10.);
#1733=VECTOR('',#5767,10.);
#1734=VECTOR('',#5770,10.);
#1735=VECTOR('',#5771,10.);
#1736=VECTOR('',#5778,10.);
#1737=VECTOR('',#5779,10.);
#1738=VECTOR('',#5780,10.);
#1739=VECTOR('',#5781,10.);
#1740=VECTOR('',#5782,10.);
#1741=VECTOR('',#5783,10.);
#1742=VECTOR('',#5786,10.);
#1743=VECTOR('',#5787,10.);
#1744=VECTOR('',#5790,10.);
#1745=VECTOR('',#5793,10.);
#1746=VECTOR('',#5794,10.);
#1747=VECTOR('',#5795,10.);
#1748=VECTOR('',#5796,10.);
#1749=VECTOR('',#5797,10.);
#1750=VECTOR('',#5798,10.);
#1751=VECTOR('',#5799,10.);
#1752=VECTOR('',#5800,10.);
#1753=VECTOR('',#5803,10.);
#1754=VECTOR('',#5804,10.);
#1755=VECTOR('',#5807,10.);
#1756=VECTOR('',#5808,10.);
#1757=VECTOR('',#5809,10.);
#1758=VECTOR('',#5810,10.);
#1759=VECTOR('',#5813,10.);
#1760=VECTOR('',#5814,10.);
#1761=VECTOR('',#5817,10.);
#1762=VECTOR('',#5818,10.);
#1763=VECTOR('',#5821,10.);
#1764=VECTOR('',#5822,10.);
#1765=VECTOR('',#5823,10.);
#1766=VECTOR('',#5826,10.);
#1767=VECTOR('',#5827,10.);
#1768=VECTOR('',#5830,10.);
#1769=VECTOR('',#5833,10.);
#1770=VECTOR('',#5836,10.);
#1771=VECTOR('',#5841,10.);
#1772=VECTOR('',#5844,10.);
#1773=VECTOR('',#5845,10.);
#1774=VECTOR('',#5846,10.);
#1775=VECTOR('',#5847,10.);
#1776=VECTOR('',#5852,10.);
#1777=VECTOR('',#5853,10.);
#1778=VECTOR('',#5854,10.);
#1779=VECTOR('',#5855,10.);
#1780=VECTOR('',#5860,10.);
#1781=VECTOR('',#5861,10.);
#1782=VECTOR('',#5864,10.);
#1783=VECTOR('',#5865,10.);
#1784=VECTOR('',#5866,10.);
#1785=VECTOR('',#5867,10.);
#1786=VECTOR('',#5870,10.);
#1787=VECTOR('',#5871,10.);
#1788=VECTOR('',#5874,10.);
#1789=VECTOR('',#5877,10.);
#1790=VECTOR('',#5878,10.);
#1791=VECTOR('',#5881,10.);
#1792=VECTOR('',#5884,10.);
#1793=VECTOR('',#5885,10.);
#1794=VECTOR('',#5888,10.);
#1795=VECTOR('',#5889,10.);
#1796=VECTOR('',#5892,10.);
#1797=VECTOR('',#5899,10.);
#1798=VECTOR('',#5902,10.);
#1799=VECTOR('',#5905,10.);
#1800=VECTOR('',#5908,10.);
#1801=VECTOR('',#5911,1.85);
#1802=VECTOR('',#5914,1.85);
#1803=VECTOR('',#5917,10.);
#1804=VECTOR('',#5922,10.);
#1805=VECTOR('',#5923,10.);
#1806=VECTOR('',#5926,10.);
#1807=VECTOR('',#5929,10.);
#1808=VECTOR('',#5934,10.);
#1809=VECTOR('',#5935,10.);
#1810=VECTOR('',#5938,10.);
#1811=VECTOR('',#5941,10.);
#1812=VECTOR('',#5942,10.);
#1813=VECTOR('',#5943,10.);
#1814=VECTOR('',#5946,10.);
#1815=VECTOR('',#5947,10.);
#1816=VECTOR('',#5948,10.);
#1817=VECTOR('',#5951,10.);
#1818=VECTOR('',#5954,10.);
#1819=VECTOR('',#5957,10.);
#1820=VECTOR('',#5960,10.);
#1821=VECTOR('',#5963,10.);
#1822=VECTOR('',#5966,10.);
#1823=VECTOR('',#5969,10.);
#1824=VECTOR('',#5970,10.);
#1825=VECTOR('',#5973,10.);
#1826=VECTOR('',#5976,10.);
#1827=VECTOR('',#5981,1.35);
#1828=VECTOR('',#5984,10.);
#1829=VECTOR('',#5985,10.);
#1830=VECTOR('',#5988,10.);
#1831=VECTOR('',#5991,10.);
#1832=VECTOR('',#5996,10.);
#1833=VECTOR('',#5997,10.);
#1834=VECTOR('',#6000,10.);
#1835=VECTOR('',#6003,10.);
#1836=VECTOR('',#6008,1.35);
#1837=VECTOR('',#6013,10.);
#1838=VECTOR('',#6016,10.);
#1839=VECTOR('',#6021,10.);
#1840=VECTOR('',#6022,10.);
#1841=VECTOR('',#6027,10.);
#1842=VECTOR('',#6028,10.);
#1843=VECTOR('',#6033,10.);
#1844=VECTOR('',#6034,10.);
#1845=VECTOR('',#6039,10.);
#1846=VECTOR('',#6040,10.);
#1847=VECTOR('',#6049,0.750000000000002);
#1848=VECTOR('',#6052,10.);
#1849=VECTOR('',#6053,10.);
#1850=VECTOR('',#6056,10.);
#1851=VECTOR('',#6059,10.);
#1852=VECTOR('',#6064,0.750000000000002);
#1853=VECTOR('',#6067,0.750000000000002);
#1854=VECTOR('',#6070,0.750000000000002);
#1855=VECTOR('',#6075,10.);
#1856=VECTOR('',#6078,10.);
#1857=VECTOR('',#6083,10.);
#1858=VECTOR('',#6086,10.);
#1859=VECTOR('',#6091,10.);
#1860=VERTEX_POINT('',#6102);
#1861=VERTEX_POINT('',#6103);
#1862=VERTEX_POINT('',#6105);
#1863=VERTEX_POINT('',#6107);
#1864=VERTEX_POINT('',#6111);
#1865=VERTEX_POINT('',#6113);
#1866=VERTEX_POINT('',#6115);
#1867=VERTEX_POINT('',#6117);
#1868=VERTEX_POINT('',#6121);
#1869=VERTEX_POINT('',#6125);
#1870=VERTEX_POINT('',#6127);
#1871=VERTEX_POINT('',#6129);
#1872=VERTEX_POINT('',#6133);
#1873=VERTEX_POINT('',#6135);
#1874=VERTEX_POINT('',#6137);
#1875=VERTEX_POINT('',#6139);
#1876=VERTEX_POINT('',#6141);
#1877=VERTEX_POINT('',#6143);
#1878=VERTEX_POINT('',#6145);
#1879=VERTEX_POINT('',#6147);
#1880=VERTEX_POINT('',#6149);
#1881=VERTEX_POINT('',#6152);
#1882=VERTEX_POINT('',#6154);
#1883=VERTEX_POINT('',#6157);
#1884=VERTEX_POINT('',#6159);
#1885=VERTEX_POINT('',#6163);
#1886=VERTEX_POINT('',#6164);
#1887=VERTEX_POINT('',#6166);
#1888=VERTEX_POINT('',#6168);
#1889=VERTEX_POINT('',#6172);
#1890=VERTEX_POINT('',#6174);
#1891=VERTEX_POINT('',#6178);
#1892=VERTEX_POINT('',#6180);
#1893=VERTEX_POINT('',#6184);
#1894=VERTEX_POINT('',#6185);
#1895=VERTEX_POINT('',#6187);
#1896=VERTEX_POINT('',#6189);
#1897=VERTEX_POINT('',#6193);
#1898=VERTEX_POINT('',#6194);
#1899=VERTEX_POINT('',#6196);
#1900=VERTEX_POINT('',#6198);
#1901=VERTEX_POINT('',#6202);
#1902=VERTEX_POINT('',#6203);
#1903=VERTEX_POINT('',#6205);
#1904=VERTEX_POINT('',#6207);
#1905=VERTEX_POINT('',#6214);
#1906=VERTEX_POINT('',#6215);
#1907=VERTEX_POINT('',#6217);
#1908=VERTEX_POINT('',#6219);
#1909=VERTEX_POINT('',#6223);
#1910=VERTEX_POINT('',#6225);
#1911=VERTEX_POINT('',#6229);
#1912=VERTEX_POINT('',#6231);
#1913=VERTEX_POINT('',#6244);
#1914=VERTEX_POINT('',#6246);
#1915=VERTEX_POINT('',#6250);
#1916=VERTEX_POINT('',#6252);
#1917=VERTEX_POINT('',#6256);
#1918=VERTEX_POINT('',#6258);
#1919=VERTEX_POINT('',#6262);
#1920=VERTEX_POINT('',#6264);
#1921=VERTEX_POINT('',#6268);
#1922=VERTEX_POINT('',#6270);
#1923=VERTEX_POINT('',#6274);
#1924=VERTEX_POINT('',#6276);
#1925=VERTEX_POINT('',#6283);
#1926=VERTEX_POINT('',#6285);
#1927=VERTEX_POINT('',#6286);
#1928=VERTEX_POINT('',#6288);
#1929=VERTEX_POINT('',#6290);
#1930=VERTEX_POINT('',#6293);
#1931=VERTEX_POINT('',#6296);
#1932=VERTEX_POINT('',#6297);
#1933=VERTEX_POINT('',#6299);
#1934=VERTEX_POINT('',#6301);
#1935=VERTEX_POINT('',#6305);
#1936=VERTEX_POINT('',#6307);
#1937=VERTEX_POINT('',#6311);
#1938=VERTEX_POINT('',#6314);
#1939=VERTEX_POINT('',#6317);
#1940=VERTEX_POINT('',#6319);
#1941=VERTEX_POINT('',#6321);
#1942=VERTEX_POINT('',#6323);
#1943=VERTEX_POINT('',#6325);
#1944=VERTEX_POINT('',#6328);
#1945=VERTEX_POINT('',#6329);
#1946=VERTEX_POINT('',#6332);
#1947=VERTEX_POINT('',#6333);
#1948=VERTEX_POINT('',#6336);
#1949=VERTEX_POINT('',#6337);
#1950=VERTEX_POINT('',#6340);
#1951=VERTEX_POINT('',#6341);
#1952=VERTEX_POINT('',#6345);
#1953=VERTEX_POINT('',#6346);
#1954=VERTEX_POINT('',#6348);
#1955=VERTEX_POINT('',#6350);
#1956=VERTEX_POINT('',#6354);
#1957=VERTEX_POINT('',#6356);
#1958=VERTEX_POINT('',#6360);
#1959=VERTEX_POINT('',#6363);
#1960=VERTEX_POINT('',#6367);
#1961=VERTEX_POINT('',#6369);
#1962=VERTEX_POINT('',#6371);
#1963=VERTEX_POINT('',#6373);
#1964=VERTEX_POINT('',#6375);
#1965=VERTEX_POINT('',#6377);
#1966=VERTEX_POINT('',#6380);
#1967=VERTEX_POINT('',#6382);
#1968=VERTEX_POINT('',#6385);
#1969=VERTEX_POINT('',#6386);
#1970=VERTEX_POINT('',#6388);
#1971=VERTEX_POINT('',#6390);
#1972=VERTEX_POINT('',#6394);
#1973=VERTEX_POINT('',#6396);
#1974=VERTEX_POINT('',#6400);
#1975=VERTEX_POINT('',#6403);
#1976=VERTEX_POINT('',#6406);
#1977=VERTEX_POINT('',#6408);
#1978=VERTEX_POINT('',#6410);
#1979=VERTEX_POINT('',#6412);
#1980=VERTEX_POINT('',#6414);
#1981=VERTEX_POINT('',#6416);
#1982=VERTEX_POINT('',#6418);
#1983=VERTEX_POINT('',#6420);
#1984=VERTEX_POINT('',#6422);
#1985=VERTEX_POINT('',#6424);
#1986=VERTEX_POINT('',#6426);
#1987=VERTEX_POINT('',#6428);
#1988=VERTEX_POINT('',#6432);
#1989=VERTEX_POINT('',#6434);
#1990=VERTEX_POINT('',#6436);
#1991=VERTEX_POINT('',#6438);
#1992=VERTEX_POINT('',#6441);
#1993=VERTEX_POINT('',#6443);
#1994=VERTEX_POINT('',#6445);
#1995=VERTEX_POINT('',#6448);
#1996=VERTEX_POINT('',#6449);
#1997=VERTEX_POINT('',#6451);
#1998=VERTEX_POINT('',#6453);
#1999=VERTEX_POINT('',#6456);
#2000=VERTEX_POINT('',#6457);
#2001=VERTEX_POINT('',#6459);
#2002=VERTEX_POINT('',#6461);
#2003=VERTEX_POINT('',#6463);
#2004=VERTEX_POINT('',#6465);
#2005=VERTEX_POINT('',#6467);
#2006=VERTEX_POINT('',#6469);
#2007=VERTEX_POINT('',#6471);
#2008=VERTEX_POINT('',#6473);
#2009=VERTEX_POINT('',#6475);
#2010=VERTEX_POINT('',#6477);
#2011=VERTEX_POINT('',#6480);
#2012=VERTEX_POINT('',#6481);
#2013=VERTEX_POINT('',#6483);
#2014=VERTEX_POINT('',#6485);
#2015=VERTEX_POINT('',#6487);
#2016=VERTEX_POINT('',#6489);
#2017=VERTEX_POINT('',#6491);
#2018=VERTEX_POINT('',#6493);
#2019=VERTEX_POINT('',#6495);
#2020=VERTEX_POINT('',#6497);
#2021=VERTEX_POINT('',#6499);
#2022=VERTEX_POINT('',#6501);
#2023=VERTEX_POINT('',#6505);
#2024=VERTEX_POINT('',#6507);
#2025=VERTEX_POINT('',#6509);
#2026=VERTEX_POINT('',#6511);
#2027=VERTEX_POINT('',#6515);
#2028=VERTEX_POINT('',#6517);
#2029=VERTEX_POINT('',#6521);
#2030=VERTEX_POINT('',#6525);
#2031=VERTEX_POINT('',#6526);
#2032=VERTEX_POINT('',#6528);
#2033=VERTEX_POINT('',#6530);
#2034=VERTEX_POINT('',#6532);
#2035=VERTEX_POINT('',#6534);
#2036=VERTEX_POINT('',#6536);
#2037=VERTEX_POINT('',#6538);
#2038=VERTEX_POINT('',#6542);
#2039=VERTEX_POINT('',#6544);
#2040=VERTEX_POINT('',#6548);
#2041=VERTEX_POINT('',#6552);
#2042=VERTEX_POINT('',#6553);
#2043=VERTEX_POINT('',#6555);
#2044=VERTEX_POINT('',#6557);
#2045=VERTEX_POINT('',#6559);
#2046=VERTEX_POINT('',#6561);
#2047=VERTEX_POINT('',#6563);
#2048=VERTEX_POINT('',#6565);
#2049=VERTEX_POINT('',#6571);
#2050=VERTEX_POINT('',#6573);
#2051=VERTEX_POINT('',#6578);
#2052=VERTEX_POINT('',#6580);
#2053=VERTEX_POINT('',#6599);
#2054=VERTEX_POINT('',#6601);
#2055=VERTEX_POINT('',#6619);
#2056=VERTEX_POINT('',#6621);
#2057=VERTEX_POINT('',#6625);
#2058=VERTEX_POINT('',#6627);
#2059=VERTEX_POINT('',#6631);
#2060=VERTEX_POINT('',#6635);
#2061=VERTEX_POINT('',#6642);
#2062=VERTEX_POINT('',#6644);
#2063=VERTEX_POINT('',#6653);
#2064=VERTEX_POINT('',#6655);
#2065=VERTEX_POINT('',#6659);
#2066=VERTEX_POINT('',#6663);
#2067=VERTEX_POINT('',#6670);
#2068=VERTEX_POINT('',#6674);
#2069=VERTEX_POINT('',#6681);
#2070=VERTEX_POINT('',#6683);
#2071=VERTEX_POINT('',#6687);
#2072=VERTEX_POINT('',#6688);
#2073=VERTEX_POINT('',#6690);
#2074=VERTEX_POINT('',#6692);
#2075=VERTEX_POINT('',#6695);
#2076=VERTEX_POINT('',#6697);
#2077=VERTEX_POINT('',#6699);
#2078=VERTEX_POINT('',#6701);
#2079=VERTEX_POINT('',#6703);
#2080=VERTEX_POINT('',#6708);
#2081=VERTEX_POINT('',#6714);
#2082=VERTEX_POINT('',#6720);
#2083=VERTEX_POINT('',#6724);
#2084=VERTEX_POINT('',#6728);
#2085=VERTEX_POINT('',#6732);
#2086=VERTEX_POINT('',#6736);
#2087=VERTEX_POINT('',#6740);
#2088=VERTEX_POINT('',#6744);
#2089=VERTEX_POINT('',#6746);
#2090=VERTEX_POINT('',#6750);
#2091=VERTEX_POINT('',#6751);
#2092=VERTEX_POINT('',#6753);
#2093=VERTEX_POINT('',#6755);
#2094=VERTEX_POINT('',#6757);
#2095=VERTEX_POINT('',#6760);
#2096=VERTEX_POINT('',#6762);
#2097=VERTEX_POINT('',#6764);
#2098=VERTEX_POINT('',#6766);
#2099=VERTEX_POINT('',#6769);
#2100=VERTEX_POINT('',#6772);
#2101=VERTEX_POINT('',#6776);
#2102=VERTEX_POINT('',#6780);
#2103=VERTEX_POINT('',#6784);
#2104=VERTEX_POINT('',#6786);
#2105=VERTEX_POINT('',#6788);
#2106=VERTEX_POINT('',#6790);
#2107=VERTEX_POINT('',#6794);
#2108=VERTEX_POINT('',#6796);
#2109=VERTEX_POINT('',#6798);
#2110=VERTEX_POINT('',#6800);
#2111=VERTEX_POINT('',#6804);
#2112=VERTEX_POINT('',#6806);
#2113=VERTEX_POINT('',#6809);
#2114=VERTEX_POINT('',#6811);
#2115=VERTEX_POINT('',#6813);
#2116=VERTEX_POINT('',#6815);
#2117=VERTEX_POINT('',#6817);
#2118=VERTEX_POINT('',#6819);
#2119=VERTEX_POINT('',#6821);
#2120=VERTEX_POINT('',#6826);
#2121=VERTEX_POINT('',#6830);
#2122=VERTEX_POINT('',#6834);
#2123=VERTEX_POINT('',#6836);
#2124=VERTEX_POINT('',#6840);
#2125=VERTEX_POINT('',#6843);
#2126=VERTEX_POINT('',#6846);
#2127=VERTEX_POINT('',#6848);
#2128=VERTEX_POINT('',#6850);
#2129=VERTEX_POINT('',#6852);
#2130=VERTEX_POINT('',#6855);
#2131=VERTEX_POINT('',#6857);
#2132=VERTEX_POINT('',#6861);
#2133=VERTEX_POINT('',#6866);
#2134=VERTEX_POINT('',#6869);
#2135=VERTEX_POINT('',#6871);
#2136=VERTEX_POINT('',#6873);
#2137=VERTEX_POINT('',#6874);
#2138=VERTEX_POINT('',#6876);
#2139=VERTEX_POINT('',#6878);
#2140=VERTEX_POINT('',#6881);
#2141=VERTEX_POINT('',#6882);
#2142=VERTEX_POINT('',#6884);
#2143=VERTEX_POINT('',#6886);
#2144=VERTEX_POINT('',#6889);
#2145=VERTEX_POINT('',#6891);
#2146=VERTEX_POINT('',#6893);
#2147=VERTEX_POINT('',#6894);
#2148=VERTEX_POINT('',#6896);
#2149=VERTEX_POINT('',#6898);
#2150=VERTEX_POINT('',#6901);
#2151=VERTEX_POINT('',#6902);
#2152=VERTEX_POINT('',#6904);
#2153=VERTEX_POINT('',#6906);
#2154=VERTEX_POINT('',#6910);
#2155=VERTEX_POINT('',#6914);
#2156=VERTEX_POINT('',#6916);
#2157=VERTEX_POINT('',#6918);
#2158=VERTEX_POINT('',#6920);
#2159=VERTEX_POINT('',#6922);
#2160=VERTEX_POINT('',#6924);
#2161=VERTEX_POINT('',#6928);
#2162=VERTEX_POINT('',#6930);
#2163=VERTEX_POINT('',#6932);
#2164=VERTEX_POINT('',#6934);
#2165=VERTEX_POINT('',#6936);
#2166=VERTEX_POINT('',#6938);
#2167=VERTEX_POINT('',#6940);
#2168=VERTEX_POINT('',#6942);
#2169=VERTEX_POINT('',#6945);
#2170=VERTEX_POINT('',#6947);
#2171=VERTEX_POINT('',#6948);
#2172=VERTEX_POINT('',#6950);
#2173=VERTEX_POINT('',#6952);
#2174=VERTEX_POINT('',#6955);
#2175=VERTEX_POINT('',#6957);
#2176=VERTEX_POINT('',#6959);
#2177=VERTEX_POINT('',#6962);
#2178=VERTEX_POINT('',#6966);
#2179=VERTEX_POINT('',#6970);
#2180=VERTEX_POINT('',#6972);
#2181=VERTEX_POINT('',#6974);
#2182=VERTEX_POINT('',#6976);
#2183=VERTEX_POINT('',#6978);
#2184=VERTEX_POINT('',#6982);
#2185=VERTEX_POINT('',#6983);
#2186=VERTEX_POINT('',#6985);
#2187=VERTEX_POINT('',#6987);
#2188=VERTEX_POINT('',#6990);
#2189=VERTEX_POINT('',#6991);
#2190=VERTEX_POINT('',#6993);
#2191=VERTEX_POINT('',#6995);
#2192=VERTEX_POINT('',#6999);
#2193=VERTEX_POINT('',#7003);
#2194=VERTEX_POINT('',#7005);
#2195=VERTEX_POINT('',#7007);
#2196=VERTEX_POINT('',#7009);
#2197=VERTEX_POINT('',#7011);
#2198=VERTEX_POINT('',#7013);
#2199=VERTEX_POINT('',#7015);
#2200=VERTEX_POINT('',#7017);
#2201=VERTEX_POINT('',#7022);
#2202=VERTEX_POINT('',#7025);
#2203=VERTEX_POINT('',#7031);
#2204=VERTEX_POINT('',#7033);
#2205=VERTEX_POINT('',#7039);
#2206=VERTEX_POINT('',#7040);
#2207=VERTEX_POINT('',#7042);
#2208=VERTEX_POINT('',#7044);
#2209=VERTEX_POINT('',#7048);
#2210=VERTEX_POINT('',#7050);
#2211=VERTEX_POINT('',#7054);
#2212=VERTEX_POINT('',#7058);
#2213=VERTEX_POINT('',#7060);
#2214=VERTEX_POINT('',#7062);
#2215=VERTEX_POINT('',#7064);
#2216=VERTEX_POINT('',#7068);
#2217=VERTEX_POINT('',#7072);
#2218=VERTEX_POINT('',#7076);
#2219=VERTEX_POINT('',#7080);
#2220=VERTEX_POINT('',#7084);
#2221=VERTEX_POINT('',#7088);
#2222=VERTEX_POINT('',#7092);
#2223=VERTEX_POINT('',#7096);
#2224=VERTEX_POINT('',#7100);
#2225=VERTEX_POINT('',#7105);
#2226=VERTEX_POINT('',#7111);
#2227=VERTEX_POINT('',#7112);
#2228=VERTEX_POINT('',#7114);
#2229=VERTEX_POINT('',#7116);
#2230=VERTEX_POINT('',#7118);
#2231=VERTEX_POINT('',#7120);
#2232=VERTEX_POINT('',#7130);
#2233=VERTEX_POINT('',#7132);
#2234=VERTEX_POINT('',#7134);
#2235=VERTEX_POINT('',#7136);
#2236=VERTEX_POINT('',#7138);
#2237=VERTEX_POINT('',#7140);
#2238=VERTEX_POINT('',#7144);
#2239=VERTEX_POINT('',#7148);
#2240=VERTEX_POINT('',#7150);
#2241=VERTEX_POINT('',#7152);
#2242=VERTEX_POINT('',#7156);
#2243=VERTEX_POINT('',#7160);
#2244=VERTEX_POINT('',#7165);
#2245=VERTEX_POINT('',#7169);
#2246=VERTEX_POINT('',#7181);
#2247=VERTEX_POINT('',#7183);
#2248=VERTEX_POINT('',#7184);
#2249=VERTEX_POINT('',#7186);
#2250=VERTEX_POINT('',#7188);
#2251=VERTEX_POINT('',#7191);
#2252=VERTEX_POINT('',#7193);
#2253=VERTEX_POINT('',#7195);
#2254=VERTEX_POINT('',#7196);
#2255=VERTEX_POINT('',#7198);
#2256=VERTEX_POINT('',#7200);
#2257=VERTEX_POINT('',#7203);
#2258=VERTEX_POINT('',#7206);
#2259=VERTEX_POINT('',#7211);
#2260=VERTEX_POINT('',#7213);
#2261=VERTEX_POINT('',#7217);
#2262=VERTEX_POINT('',#7228);
#2263=VERTEX_POINT('',#7232);
#2264=VERTEX_POINT('',#7239);
#2265=VERTEX_POINT('',#7240);
#2266=VERTEX_POINT('',#7243);
#2267=VERTEX_POINT('',#7244);
#2268=VERTEX_POINT('',#7247);
#2269=VERTEX_POINT('',#7248);
#2270=VERTEX_POINT('',#7251);
#2271=VERTEX_POINT('',#7252);
#2272=VERTEX_POINT('',#7276);
#2273=VERTEX_POINT('',#7277);
#2274=EDGE_CURVE('',#1860,#1861,#748,.T.);
#2275=EDGE_CURVE('',#1862,#1861,#749,.T.);
#2276=EDGE_CURVE('',#1862,#1863,#750,.T.);
#2277=EDGE_CURVE('',#1863,#1860,#751,.T.);
#2278=EDGE_CURVE('',#1864,#1862,#752,.T.);
#2279=EDGE_CURVE('',#1865,#1864,#753,.T.);
#2280=EDGE_CURVE('',#1866,#1865,#754,.T.);
#2281=EDGE_CURVE('',#1866,#1867,#755,.T.);
#2282=EDGE_CURVE('',#1863,#1867,#756,.T.);
#2283=EDGE_CURVE('',#1861,#1868,#757,.T.);
#2284=EDGE_CURVE('',#1868,#1864,#758,.T.);
#2285=EDGE_CURVE('',#1869,#1860,#759,.T.);
#2286=EDGE_CURVE('',#1870,#1869,#760,.T.);
#2287=EDGE_CURVE('',#1871,#1870,#761,.T.);
#2288=EDGE_CURVE('',#1871,#1868,#762,.T.);
#2289=EDGE_CURVE('',#1872,#1867,#763,.T.);
#2290=EDGE_CURVE('',#1873,#1872,#764,.T.);
#2291=EDGE_CURVE('',#1874,#1873,#765,.T.);
#2292=EDGE_CURVE('',#1875,#1874,#766,.T.);
#2293=EDGE_CURVE('',#1876,#1875,#767,.T.);
#2294=EDGE_CURVE('',#1877,#1876,#768,.T.);
#2295=EDGE_CURVE('',#1878,#1877,#769,.T.);
#2296=EDGE_CURVE('',#1879,#1878,#770,.T.);
#2297=EDGE_CURVE('',#1880,#1879,#771,.T.);
#2298=EDGE_CURVE('',#1863,#1880,#772,.T.);
#2299=EDGE_CURVE('',#1881,#1881,#143,.T.);
#2300=EDGE_CURVE('',#1882,#1882,#144,.T.);
#2301=EDGE_CURVE('',#1883,#1860,#773,.T.);
#2302=EDGE_CURVE('',#1884,#1883,#774,.T.);
#2303=EDGE_CURVE('',#1869,#1884,#775,.T.);
#2304=EDGE_CURVE('',#1885,#1886,#776,.T.);
#2305=EDGE_CURVE('',#1885,#1887,#777,.T.);
#2306=EDGE_CURVE('',#1887,#1888,#778,.T.);
#2307=EDGE_CURVE('',#1886,#1888,#779,.T.);
#2308=EDGE_CURVE('',#1889,#1886,#780,.T.);
#2309=EDGE_CURVE('',#1890,#1889,#781,.T.);
#2310=EDGE_CURVE('',#1885,#1890,#782,.T.);
#2311=EDGE_CURVE('',#1891,#1889,#783,.T.);
#2312=EDGE_CURVE('',#1891,#1892,#784,.T.);
#2313=EDGE_CURVE('',#1892,#1890,#785,.T.);
#2314=EDGE_CURVE('',#1893,#1894,#786,.T.);
#2315=EDGE_CURVE('',#1895,#1893,#787,.T.);
#2316=EDGE_CURVE('',#1895,#1896,#788,.T.);
#2317=EDGE_CURVE('',#1896,#1894,#789,.T.);
#2318=EDGE_CURVE('',#1897,#1898,#790,.T.);
#2319=EDGE_CURVE('',#1899,#1898,#791,.T.);
#2320=EDGE_CURVE('',#1899,#1900,#792,.T.);
#2321=EDGE_CURVE('',#1900,#1897,#793,.T.);
#2322=EDGE_CURVE('',#1901,#1902,#794,.T.);
#2323=EDGE_CURVE('',#1901,#1903,#795,.T.);
#2324=EDGE_CURVE('',#1904,#1903,#796,.T.);
#2325=EDGE_CURVE('',#1902,#1904,#797,.T.);
#2326=EDGE_CURVE('',#1898,#1902,#798,.T.);
#2327=EDGE_CURVE('',#1901,#1897,#799,.T.);
#2328=EDGE_CURVE('',#1905,#1906,#800,.T.);
#2329=EDGE_CURVE('',#1905,#1907,#801,.T.);
#2330=EDGE_CURVE('',#1908,#1907,#802,.T.);
#2331=EDGE_CURVE('',#1906,#1908,#803,.T.);
#2332=EDGE_CURVE('',#1906,#1909,#804,.T.);
#2333=EDGE_CURVE('',#1910,#1908,#805,.T.);
#2334=EDGE_CURVE('',#1909,#1910,#806,.T.);
#2335=EDGE_CURVE('',#1909,#1911,#807,.T.);
#2336=EDGE_CURVE('',#1912,#1910,#808,.T.);
#2337=EDGE_CURVE('',#1911,#1912,#809,.T.);
#2338=EDGE_CURVE('',#1911,#1887,#810,.T.);
#2339=EDGE_CURVE('',#1888,#1912,#811,.T.);
#2340=EDGE_CURVE('',#1892,#1903,#812,.T.);
#2341=EDGE_CURVE('',#1904,#1891,#813,.T.);
#2342=EDGE_CURVE('',#1900,#1894,#814,.T.);
#2343=EDGE_CURVE('',#1893,#1899,#815,.T.);
#2344=EDGE_CURVE('',#1896,#1913,#816,.T.);
#2345=EDGE_CURVE('',#1914,#1895,#817,.T.);
#2346=EDGE_CURVE('',#1913,#1914,#818,.T.);
#2347=EDGE_CURVE('',#1913,#1915,#819,.T.);
#2348=EDGE_CURVE('',#1916,#1914,#820,.T.);
#2349=EDGE_CURVE('',#1915,#1916,#821,.T.);
#2350=EDGE_CURVE('',#1915,#1917,#822,.T.);
#2351=EDGE_CURVE('',#1918,#1916,#823,.T.);
#2352=EDGE_CURVE('',#1917,#1918,#824,.T.);
#2353=EDGE_CURVE('',#1917,#1919,#825,.T.);
#2354=EDGE_CURVE('',#1920,#1918,#826,.T.);
#2355=EDGE_CURVE('',#1919,#1920,#827,.T.);
#2356=EDGE_CURVE('',#1919,#1921,#828,.T.);
#2357=EDGE_CURVE('',#1922,#1920,#829,.T.);
#2358=EDGE_CURVE('',#1921,#1922,#830,.T.);
#2359=EDGE_CURVE('',#1921,#1923,#831,.T.);
#2360=EDGE_CURVE('',#1924,#1922,#832,.T.);
#2361=EDGE_CURVE('',#1923,#1924,#833,.T.);
#2362=EDGE_CURVE('',#1923,#1905,#834,.T.);
#2363=EDGE_CURVE('',#1907,#1924,#835,.T.);
#2364=EDGE_CURVE('',#1925,#1925,#145,.T.);
#2365=EDGE_CURVE('',#1926,#1927,#836,.T.);
#2366=EDGE_CURVE('',#1927,#1928,#837,.T.);
#2367=EDGE_CURVE('',#1928,#1929,#838,.T.);
#2368=EDGE_CURVE('',#1929,#1926,#839,.T.);
#2369=EDGE_CURVE('',#1930,#1930,#146,.T.);
#2370=EDGE_CURVE('',#1931,#1932,#840,.T.);
#2371=EDGE_CURVE('',#1933,#1931,#841,.T.);
#2372=EDGE_CURVE('',#1934,#1933,#842,.T.);
#2373=EDGE_CURVE('',#1932,#1934,#843,.T.);
#2374=EDGE_CURVE('',#1932,#1935,#844,.T.);
#2375=EDGE_CURVE('',#1936,#1934,#845,.T.);
#2376=EDGE_CURVE('',#1935,#1936,#846,.T.);
#2377=EDGE_CURVE('',#1936,#1937,#847,.T.);
#2378=EDGE_CURVE('',#1937,#1933,#848,.T.);
#2379=EDGE_CURVE('',#1938,#1938,#147,.T.);
#2380=EDGE_CURVE('',#1939,#1931,#849,.T.);
#2381=EDGE_CURVE('',#1939,#1940,#850,.T.);
#2382=EDGE_CURVE('',#1941,#1940,#851,.T.);
#2383=EDGE_CURVE('',#1941,#1942,#852,.T.);
#2384=EDGE_CURVE('',#1942,#1943,#853,.T.);
#2385=EDGE_CURVE('',#1937,#1943,#854,.T.);
#2386=EDGE_CURVE('',#1944,#1945,#148,.T.);
#2387=EDGE_CURVE('',#1945,#1944,#855,.T.);
#2388=EDGE_CURVE('',#1946,#1947,#149,.T.);
#2389=EDGE_CURVE('',#1947,#1946,#856,.T.);
#2390=EDGE_CURVE('',#1948,#1949,#150,.T.);
#2391=EDGE_CURVE('',#1949,#1948,#857,.T.);
#2392=EDGE_CURVE('',#1950,#1951,#151,.T.);
#2393=EDGE_CURVE('',#1951,#1950,#858,.T.);
#2394=EDGE_CURVE('',#1952,#1953,#859,.T.);
#2395=EDGE_CURVE('',#1954,#1952,#860,.T.);
#2396=EDGE_CURVE('',#1955,#1954,#861,.T.);
#2397=EDGE_CURVE('',#1953,#1955,#862,.T.);
#2398=EDGE_CURVE('',#1953,#1956,#863,.T.);
#2399=EDGE_CURVE('',#1957,#1955,#864,.T.);
#2400=EDGE_CURVE('',#1956,#1957,#865,.T.);
#2401=EDGE_CURVE('',#1957,#1958,#866,.T.);
#2402=EDGE_CURVE('',#1958,#1954,#867,.T.);
#2403=EDGE_CURVE('',#1959,#1959,#152,.T.);
#2404=EDGE_CURVE('',#1870,#1952,#868,.T.);
#2405=EDGE_CURVE('',#1884,#1960,#869,.T.);
#2406=EDGE_CURVE('',#1960,#1961,#870,.T.);
#2407=EDGE_CURVE('',#1961,#1962,#871,.T.);
#2408=EDGE_CURVE('',#1962,#1963,#872,.T.);
#2409=EDGE_CURVE('',#1963,#1964,#873,.T.);
#2410=EDGE_CURVE('',#1964,#1965,#874,.T.);
#2411=EDGE_CURVE('',#1958,#1965,#875,.T.);
#2412=EDGE_CURVE('',#1966,#1966,#153,.T.);
#2413=EDGE_CURVE('',#1967,#1967,#154,.T.);
#2414=EDGE_CURVE('',#1968,#1969,#876,.T.);
#2415=EDGE_CURVE('',#1970,#1968,#877,.T.);
#2416=EDGE_CURVE('',#1971,#1970,#878,.T.);
#2417=EDGE_CURVE('',#1969,#1971,#879,.T.);
#2418=EDGE_CURVE('',#1969,#1972,#880,.T.);
#2419=EDGE_CURVE('',#1973,#1971,#881,.T.);
#2420=EDGE_CURVE('',#1972,#1973,#882,.T.);
#2421=EDGE_CURVE('',#1974,#1970,#883,.T.);
#2422=EDGE_CURVE('',#1973,#1974,#884,.T.);
#2423=EDGE_CURVE('',#1975,#1975,#155,.T.);
#2424=EDGE_CURVE('',#1935,#1976,#885,.T.);
#2425=EDGE_CURVE('',#1976,#1977,#886,.T.);
#2426=EDGE_CURVE('',#1977,#1978,#887,.T.);
#2427=EDGE_CURVE('',#1978,#1979,#888,.T.);
#2428=EDGE_CURVE('',#1979,#1980,#889,.T.);
#2429=EDGE_CURVE('',#1980,#1981,#890,.T.);
#2430=EDGE_CURVE('',#1981,#1982,#891,.T.);
#2431=EDGE_CURVE('',#1982,#1983,#892,.T.);
#2432=EDGE_CURVE('',#1983,#1984,#893,.T.);
#2433=EDGE_CURVE('',#1984,#1985,#894,.T.);
#2434=EDGE_CURVE('',#1985,#1986,#895,.T.);
#2435=EDGE_CURVE('',#1986,#1987,#896,.T.);
#2436=EDGE_CURVE('',#1987,#1866,#897,.T.);
#2437=EDGE_CURVE('',#1865,#1871,#898,.T.);
#2438=EDGE_CURVE('',#1956,#1988,#899,.T.);
#2439=EDGE_CURVE('',#1988,#1989,#900,.T.);
#2440=EDGE_CURVE('',#1989,#1990,#901,.T.);
#2441=EDGE_CURVE('',#1990,#1991,#902,.T.);
#2442=EDGE_CURVE('',#1991,#1968,#903,.T.);
#2443=EDGE_CURVE('',#1972,#1992,#904,.T.);
#2444=EDGE_CURVE('',#1992,#1993,#905,.T.);
#2445=EDGE_CURVE('',#1993,#1994,#906,.T.);
#2446=EDGE_CURVE('',#1994,#1939,#907,.T.);
#2447=EDGE_CURVE('',#1995,#1996,#908,.T.);
#2448=EDGE_CURVE('',#1996,#1997,#909,.T.);
#2449=EDGE_CURVE('',#1997,#1998,#910,.T.);
#2450=EDGE_CURVE('',#1998,#1995,#911,.T.);
#2451=EDGE_CURVE('',#1999,#2000,#912,.T.);
#2452=EDGE_CURVE('',#2000,#2001,#913,.T.);
#2453=EDGE_CURVE('',#2001,#2002,#914,.T.);
#2454=EDGE_CURVE('',#2002,#2003,#915,.T.);
#2455=EDGE_CURVE('',#2003,#2004,#916,.T.);
#2456=EDGE_CURVE('',#2004,#2005,#917,.T.);
#2457=EDGE_CURVE('',#2005,#2006,#918,.T.);
#2458=EDGE_CURVE('',#2006,#2007,#919,.T.);
#2459=EDGE_CURVE('',#2007,#2008,#920,.T.);
#2460=EDGE_CURVE('',#2008,#2009,#921,.T.);
#2461=EDGE_CURVE('',#2009,#2010,#922,.T.);
#2462=EDGE_CURVE('',#2010,#1999,#923,.T.);
#2463=EDGE_CURVE('',#2011,#2012,#924,.T.);
#2464=EDGE_CURVE('',#2012,#2013,#925,.T.);
#2465=EDGE_CURVE('',#2013,#2014,#926,.T.);
#2466=EDGE_CURVE('',#2014,#2015,#927,.T.);
#2467=EDGE_CURVE('',#2015,#2016,#928,.T.);
#2468=EDGE_CURVE('',#2016,#2017,#929,.T.);
#2469=EDGE_CURVE('',#2017,#2018,#930,.T.);
#2470=EDGE_CURVE('',#2018,#2019,#931,.T.);
#2471=EDGE_CURVE('',#2019,#2020,#932,.T.);
#2472=EDGE_CURVE('',#2020,#2021,#933,.T.);
#2473=EDGE_CURVE('',#2021,#2022,#934,.T.);
#2474=EDGE_CURVE('',#2022,#2011,#935,.T.);
#2475=EDGE_CURVE('',#1974,#2023,#936,.T.);
#2476=EDGE_CURVE('',#2023,#2024,#937,.T.);
#2477=EDGE_CURVE('',#2024,#2025,#938,.T.);
#2478=EDGE_CURVE('',#2026,#2025,#939,.T.);
#2479=EDGE_CURVE('',#1992,#2026,#940,.T.);
#2480=EDGE_CURVE('',#2027,#2027,#156,.T.);
#2481=EDGE_CURVE('',#2027,#2028,#941,.T.);
#2482=EDGE_CURVE('',#2028,#2028,#157,.T.);
#2483=EDGE_CURVE('',#2028,#2029,#942,.T.);
#2484=EDGE_CURVE('',#2029,#2029,#158,.T.);
#2485=EDGE_CURVE('',#2030,#2031,#943,.T.);
#2486=EDGE_CURVE('',#2032,#2031,#944,.T.);
#2487=EDGE_CURVE('',#2032,#2033,#945,.T.);
#2488=EDGE_CURVE('',#2033,#2034,#946,.T.);
#2489=EDGE_CURVE('',#2034,#2035,#947,.T.);
#2490=EDGE_CURVE('',#2036,#2035,#948,.T.);
#2491=EDGE_CURVE('',#2036,#2037,#949,.T.);
#2492=EDGE_CURVE('',#2037,#2030,#950,.T.);
#2493=EDGE_CURVE('',#2038,#2038,#159,.T.);
#2494=EDGE_CURVE('',#2038,#2039,#951,.T.);
#2495=EDGE_CURVE('',#2039,#2039,#160,.T.);
#2496=EDGE_CURVE('',#2039,#2040,#952,.T.);
#2497=EDGE_CURVE('',#2040,#2040,#161,.T.);
#2498=EDGE_CURVE('',#2041,#2042,#953,.T.);
#2499=EDGE_CURVE('',#2043,#2042,#954,.T.);
#2500=EDGE_CURVE('',#2043,#2044,#955,.T.);
#2501=EDGE_CURVE('',#2044,#2045,#956,.T.);
#2502=EDGE_CURVE('',#2045,#2046,#957,.T.);
#2503=EDGE_CURVE('',#2047,#2046,#958,.T.);
#2504=EDGE_CURVE('',#2047,#2048,#959,.T.);
#2505=EDGE_CURVE('',#2048,#2041,#960,.T.);
#2506=EDGE_CURVE('',#2049,#2049,#162,.T.);
#2507=EDGE_CURVE('',#2049,#2050,#961,.T.);
#2508=EDGE_CURVE('',#2050,#2050,#163,.T.);
#2509=EDGE_CURVE('',#2051,#2051,#164,.T.);
#2510=EDGE_CURVE('',#2051,#2052,#962,.T.);
#2511=EDGE_CURVE('',#2052,#2052,#165,.T.);
#2512=EDGE_CURVE('',#2015,#2046,#963,.T.);
#2513=EDGE_CURVE('',#2016,#2045,#964,.T.);
#2514=EDGE_CURVE('',#2012,#2047,#965,.T.);
#2515=EDGE_CURVE('',#2011,#2048,#966,.T.);
#2516=EDGE_CURVE('',#2018,#2043,#967,.T.);
#2517=EDGE_CURVE('',#2017,#2044,#968,.T.);
#2518=EDGE_CURVE('',#2021,#2042,#969,.T.);
#2519=EDGE_CURVE('',#2022,#2041,#970,.T.);
#2520=EDGE_CURVE('',#2046,#2053,#971,.T.);
#2521=EDGE_CURVE('',#2054,#2053,#972,.T.);
#2522=EDGE_CURVE('',#2047,#2054,#973,.T.);
#2523=EDGE_CURVE('',#2003,#2035,#974,.T.);
#2524=EDGE_CURVE('',#2004,#2034,#975,.T.);
#2525=EDGE_CURVE('',#2000,#2036,#976,.T.);
#2526=EDGE_CURVE('',#1999,#2037,#977,.T.);
#2527=EDGE_CURVE('',#2006,#2032,#978,.T.);
#2528=EDGE_CURVE('',#2005,#2033,#979,.T.);
#2529=EDGE_CURVE('',#2009,#2031,#980,.T.);
#2530=EDGE_CURVE('',#2010,#2030,#981,.T.);
#2531=EDGE_CURVE('',#2035,#2055,#982,.T.);
#2532=EDGE_CURVE('',#2056,#2055,#983,.T.);
#2533=EDGE_CURVE('',#2036,#2056,#984,.T.);
#2534=EDGE_CURVE('',#2020,#2057,#985,.T.);
#2535=EDGE_CURVE('',#2058,#2057,#986,.T.);
#2536=EDGE_CURVE('',#2042,#2058,#987,.T.);
#2537=EDGE_CURVE('',#2059,#2058,#988,.T.);
#2538=EDGE_CURVE('',#2043,#2059,#989,.T.);
#2539=EDGE_CURVE('',#2060,#2059,#990,.T.);
#2540=EDGE_CURVE('',#2019,#2060,#991,.T.);
#2541=EDGE_CURVE('',#2057,#2060,#992,.T.);
#2542=EDGE_CURVE('',#2013,#2061,#993,.T.);
#2543=EDGE_CURVE('',#2062,#2061,#994,.T.);
#2544=EDGE_CURVE('',#2014,#2062,#995,.T.);
#2545=EDGE_CURVE('',#2053,#2062,#996,.T.);
#2546=EDGE_CURVE('',#2061,#2054,#997,.T.);
#2547=EDGE_CURVE('',#2007,#2063,#998,.T.);
#2548=EDGE_CURVE('',#2064,#2063,#999,.T.);
#2549=EDGE_CURVE('',#2008,#2064,#1000,.T.);
#2550=EDGE_CURVE('',#2065,#2064,#1001,.T.);
#2551=EDGE_CURVE('',#2031,#2065,#1002,.T.);
#2552=EDGE_CURVE('',#2066,#2065,#1003,.T.);
#2553=EDGE_CURVE('',#2032,#2066,#1004,.T.);
#2554=EDGE_CURVE('',#2063,#2066,#1005,.T.);
#2555=EDGE_CURVE('',#2067,#2056,#1006,.T.);
#2556=EDGE_CURVE('',#2001,#2067,#1007,.T.);
#2557=EDGE_CURVE('',#2068,#2067,#1008,.T.);
#2558=EDGE_CURVE('',#2002,#2068,#1009,.T.);
#2559=EDGE_CURVE('',#2055,#2068,#1010,.T.);
#2560=EDGE_CURVE('',#2069,#2069,#166,.T.);
#2561=EDGE_CURVE('',#2069,#2070,#1011,.T.);
#2562=EDGE_CURVE('',#2070,#2070,#167,.T.);
#2563=EDGE_CURVE('',#2071,#2072,#1012,.T.);
#2564=EDGE_CURVE('',#2073,#2071,#1013,.T.);
#2565=EDGE_CURVE('',#2074,#2073,#1014,.T.);
#2566=EDGE_CURVE('',#2072,#2074,#1015,.T.);
#2567=EDGE_CURVE('',#2075,#2075,#168,.T.);
#2568=EDGE_CURVE('',#2076,#2076,#169,.T.);
#2569=EDGE_CURVE('',#2077,#2077,#170,.T.);
#2570=EDGE_CURVE('',#2078,#2078,#171,.T.);
#2571=EDGE_CURVE('',#2079,#2079,#172,.T.);
#2572=EDGE_CURVE('',#2070,#1959,#1016,.T.);
#2573=EDGE_CURVE('',#2077,#2080,#1017,.T.);
#2574=EDGE_CURVE('',#2080,#2080,#173,.T.);
#2575=EDGE_CURVE('',#2080,#1975,#1018,.T.);
#2576=EDGE_CURVE('',#2079,#2081,#1019,.T.);
#2577=EDGE_CURVE('',#2081,#2081,#174,.T.);
#2578=EDGE_CURVE('',#2081,#1938,#1020,.T.);
#2579=EDGE_CURVE('',#2078,#2082,#1021,.T.);
#2580=EDGE_CURVE('',#2082,#2082,#175,.T.);
#2581=EDGE_CURVE('',#2083,#2083,#176,.T.);
#2582=EDGE_CURVE('',#2083,#2082,#1022,.T.);
#2583=EDGE_CURVE('',#2084,#2084,#177,.T.);
#2584=EDGE_CURVE('',#2084,#1882,#1023,.T.);
#2585=EDGE_CURVE('',#2084,#2085,#1024,.T.);
#2586=EDGE_CURVE('',#2085,#2085,#15,.T.);
#2587=EDGE_CURVE('',#2086,#2086,#178,.T.);
#2588=EDGE_CURVE('',#2086,#1881,#1025,.T.);
#2589=EDGE_CURVE('',#2086,#2087,#1026,.T.);
#2590=EDGE_CURVE('',#2087,#2087,#16,.T.);
#2591=EDGE_CURVE('',#2088,#2088,#179,.T.);
#2592=EDGE_CURVE('',#2088,#2089,#1027,.T.);
#2593=EDGE_CURVE('',#2089,#2089,#180,.T.);
#2594=EDGE_CURVE('',#2090,#2091,#1028,.T.);
#2595=EDGE_CURVE('',#2092,#2090,#1029,.T.);
#2596=EDGE_CURVE('',#2093,#2092,#1030,.T.);
#2597=EDGE_CURVE('',#2094,#2093,#1031,.T.);
#2598=EDGE_CURVE('',#1963,#2094,#1032,.T.);
#2599=EDGE_CURVE('',#2095,#1962,#1033,.T.);
#2600=EDGE_CURVE('',#2096,#2095,#1034,.T.);
#2601=EDGE_CURVE('',#2097,#2096,#1035,.T.);
#2602=EDGE_CURVE('',#2098,#2097,#1036,.T.);
#2603=EDGE_CURVE('',#2091,#2098,#1037,.T.);
#2604=EDGE_CURVE('',#2099,#2099,#181,.T.);
#2605=EDGE_CURVE('',#2088,#2100,#1038,.T.);
#2606=EDGE_CURVE('',#2100,#2100,#17,.T.);
#2607=EDGE_CURVE('',#2101,#2101,#182,.T.);
#2608=EDGE_CURVE('',#2101,#2099,#1039,.T.);
#2609=EDGE_CURVE('',#2101,#2102,#1040,.T.);
#2610=EDGE_CURVE('',#2102,#2102,#18,.T.);
#2611=EDGE_CURVE('',#2098,#2103,#1041,.T.);
#2612=EDGE_CURVE('',#2104,#2097,#1042,.T.);
#2613=EDGE_CURVE('',#2105,#2104,#1043,.T.);
#2614=EDGE_CURVE('',#2106,#2105,#1044,.T.);
#2615=EDGE_CURVE('',#2103,#2106,#1045,.T.);
#2616=EDGE_CURVE('',#2107,#1878,#1046,.T.);
#2617=EDGE_CURVE('',#2108,#2107,#1047,.T.);
#2618=EDGE_CURVE('',#2109,#2108,#1048,.T.);
#2619=EDGE_CURVE('',#2110,#2109,#1049,.T.);
#2620=EDGE_CURVE('',#1879,#2110,#1050,.T.);
#2621=EDGE_CURVE('',#2111,#2105,#1051,.T.);
#2622=EDGE_CURVE('',#2111,#2112,#1052,.T.);
#2623=EDGE_CURVE('',#2025,#2112,#1053,.T.);
#2624=EDGE_CURVE('',#2113,#2024,#1054,.T.);
#2625=EDGE_CURVE('',#2114,#2113,#1055,.T.);
#2626=EDGE_CURVE('',#2115,#2114,#1056,.T.);
#2627=EDGE_CURVE('',#2116,#2115,#1057,.T.);
#2628=EDGE_CURVE('',#2116,#2117,#1058,.T.);
#2629=EDGE_CURVE('',#2118,#2117,#1059,.T.);
#2630=EDGE_CURVE('',#2119,#2118,#1060,.T.);
#2631=EDGE_CURVE('',#2106,#2119,#1061,.T.);
#2632=EDGE_CURVE('',#2071,#2096,#1062,.T.);
#2633=EDGE_CURVE('',#2072,#2120,#1063,.T.);
#2634=EDGE_CURVE('',#2104,#2120,#1064,.T.);
#2635=EDGE_CURVE('',#2121,#1961,#1065,.T.);
#2636=EDGE_CURVE('',#2095,#2121,#1066,.T.);
#2637=EDGE_CURVE('',#2107,#2122,#1067,.T.);
#2638=EDGE_CURVE('',#2122,#2123,#1068,.T.);
#2639=EDGE_CURVE('',#2123,#2108,#1069,.T.);
#2640=EDGE_CURVE('',#2120,#2124,#1070,.T.);
#2641=EDGE_CURVE('',#2124,#2110,#1071,.T.);
#2642=EDGE_CURVE('',#2109,#2125,#1072,.T.);
#2643=EDGE_CURVE('',#2125,#2111,#1073,.T.);
#2644=EDGE_CURVE('',#2126,#2126,#183,.T.);
#2645=EDGE_CURVE('',#2127,#2127,#184,.T.);
#2646=EDGE_CURVE('',#2128,#2128,#185,.T.);
#2647=EDGE_CURVE('',#2129,#2129,#186,.T.);
#2648=EDGE_CURVE('',#1877,#2130,#1074,.T.);
#2649=EDGE_CURVE('',#2131,#2130,#1075,.T.);
#2650=EDGE_CURVE('',#1878,#2131,#1076,.T.);
#2651=EDGE_CURVE('',#1876,#2132,#1077,.T.);
#2652=EDGE_CURVE('',#2130,#2132,#1078,.T.);
#2653=EDGE_CURVE('',#2073,#1880,#1079,.T.);
#2654=EDGE_CURVE('',#2121,#2133,#1080,.T.);
#2655=EDGE_CURVE('',#2133,#1883,#1081,.T.);
#2656=EDGE_CURVE('',#2134,#2134,#187,.T.);
#2657=EDGE_CURVE('',#2135,#2135,#188,.T.);
#2658=EDGE_CURVE('',#2136,#2137,#1082,.T.);
#2659=EDGE_CURVE('',#2137,#2138,#1083,.T.);
#2660=EDGE_CURVE('',#2138,#2139,#1084,.T.);
#2661=EDGE_CURVE('',#2139,#2136,#1085,.T.);
#2662=EDGE_CURVE('',#2140,#2141,#1086,.T.);
#2663=EDGE_CURVE('',#2141,#2142,#1087,.T.);
#2664=EDGE_CURVE('',#2142,#2143,#1088,.T.);
#2665=EDGE_CURVE('',#2143,#2140,#1089,.T.);
#2666=EDGE_CURVE('',#2144,#2144,#189,.T.);
#2667=EDGE_CURVE('',#2145,#2145,#190,.T.);
#2668=EDGE_CURVE('',#2146,#2147,#1090,.T.);
#2669=EDGE_CURVE('',#2147,#2148,#1091,.T.);
#2670=EDGE_CURVE('',#2148,#2149,#1092,.T.);
#2671=EDGE_CURVE('',#2149,#2146,#1093,.T.);
#2672=EDGE_CURVE('',#2150,#2151,#1094,.T.);
#2673=EDGE_CURVE('',#2151,#2152,#1095,.T.);
#2674=EDGE_CURVE('',#2152,#2153,#1096,.T.);
#2675=EDGE_CURVE('',#2153,#2150,#1097,.T.);
#2676=EDGE_CURVE('',#2154,#1875,#1098,.T.);
#2677=EDGE_CURVE('',#2132,#2154,#1099,.T.);
#2678=EDGE_CURVE('',#2155,#1943,#1100,.T.);
#2679=EDGE_CURVE('',#2155,#2156,#1101,.T.);
#2680=EDGE_CURVE('',#2157,#2156,#1102,.T.);
#2681=EDGE_CURVE('',#2158,#2157,#1103,.T.);
#2682=EDGE_CURVE('',#2158,#2159,#1104,.T.);
#2683=EDGE_CURVE('',#2160,#2159,#1105,.T.);
#2684=EDGE_CURVE('',#2160,#2122,#1106,.T.);
#2685=EDGE_CURVE('',#2154,#2131,#1107,.T.);
#2686=EDGE_CURVE('',#1874,#2161,#1108,.T.);
#2687=EDGE_CURVE('',#2162,#2161,#1109,.T.);
#2688=EDGE_CURVE('',#2163,#2162,#1110,.T.);
#2689=EDGE_CURVE('',#2163,#2164,#1111,.T.);
#2690=EDGE_CURVE('',#2164,#2165,#1112,.T.);
#2691=EDGE_CURVE('',#2165,#2166,#1113,.T.);
#2692=EDGE_CURVE('',#2166,#2167,#1114,.T.);
#2693=EDGE_CURVE('',#2167,#2168,#1115,.T.);
#2694=EDGE_CURVE('',#2168,#1976,#1116,.T.);
#2695=EDGE_CURVE('',#2169,#2169,#191,.T.);
#2696=EDGE_CURVE('',#2170,#2171,#1117,.T.);
#2697=EDGE_CURVE('',#2171,#2172,#1118,.T.);
#2698=EDGE_CURVE('',#2172,#2173,#1119,.T.);
#2699=EDGE_CURVE('',#2173,#2170,#1120,.T.);
#2700=EDGE_CURVE('',#2174,#2174,#192,.T.);
#2701=EDGE_CURVE('',#2175,#2175,#193,.T.);
#2702=EDGE_CURVE('',#2176,#2176,#194,.T.);
#2703=EDGE_CURVE('',#1873,#2177,#1121,.T.);
#2704=EDGE_CURVE('',#2161,#2177,#1122,.T.);
#2705=EDGE_CURVE('',#2178,#1872,#1123,.T.);
#2706=EDGE_CURVE('',#2177,#2178,#1124,.T.);
#2707=EDGE_CURVE('',#1987,#2179,#1125,.T.);
#2708=EDGE_CURVE('',#2179,#2180,#1126,.T.);
#2709=EDGE_CURVE('',#2180,#2181,#1127,.T.);
#2710=EDGE_CURVE('',#2181,#2182,#1128,.T.);
#2711=EDGE_CURVE('',#2182,#2183,#1129,.T.);
#2712=EDGE_CURVE('',#2183,#2163,#1130,.T.);
#2713=EDGE_CURVE('',#2162,#2178,#1131,.T.);
#2714=EDGE_CURVE('',#2184,#2185,#1132,.T.);
#2715=EDGE_CURVE('',#2185,#2186,#1133,.T.);
#2716=EDGE_CURVE('',#2186,#2187,#1134,.T.);
#2717=EDGE_CURVE('',#2187,#2184,#1135,.T.);
#2718=EDGE_CURVE('',#2188,#2189,#1136,.T.);
#2719=EDGE_CURVE('',#2189,#2190,#1137,.T.);
#2720=EDGE_CURVE('',#2190,#2191,#1138,.T.);
#2721=EDGE_CURVE('',#2191,#2188,#1139,.T.);
#2722=EDGE_CURVE('',#2192,#2192,#195,.T.);
#2723=EDGE_CURVE('',#2192,#2083,#1140,.T.);
#2724=EDGE_CURVE('',#2179,#2193,#1141,.T.);
#2725=EDGE_CURVE('',#2193,#2194,#1142,.T.);
#2726=EDGE_CURVE('',#2194,#2195,#1143,.T.);
#2727=EDGE_CURVE('',#2195,#2196,#1144,.T.);
#2728=EDGE_CURVE('',#2196,#2197,#1145,.T.);
#2729=EDGE_CURVE('',#2197,#2198,#1146,.T.);
#2730=EDGE_CURVE('',#2198,#2199,#1147,.T.);
#2731=EDGE_CURVE('',#2199,#2200,#1148,.T.);
#2732=EDGE_CURVE('',#2200,#2164,#1149,.T.);
#2733=EDGE_CURVE('',#2150,#2183,#1150,.T.);
#2734=EDGE_CURVE('',#2153,#2180,#1151,.T.);
#2735=EDGE_CURVE('',#2201,#2201,#196,.T.);
#2736=EDGE_CURVE('',#2201,#2202,#1152,.T.);
#2737=EDGE_CURVE('',#2202,#2202,#197,.T.);
#2738=EDGE_CURVE('',#2202,#2076,#1153,.T.);
#2739=EDGE_CURVE('',#2203,#2203,#198,.T.);
#2740=EDGE_CURVE('',#2203,#2204,#1154,.T.);
#2741=EDGE_CURVE('',#2204,#2204,#199,.T.);
#2742=EDGE_CURVE('',#2204,#2075,#1155,.T.);
#2743=EDGE_CURVE('',#2205,#2206,#1156,.T.);
#2744=EDGE_CURVE('',#2206,#2207,#1157,.T.);
#2745=EDGE_CURVE('',#2207,#2208,#1158,.T.);
#2746=EDGE_CURVE('',#2208,#2205,#1159,.T.);
#2747=EDGE_CURVE('',#2209,#2209,#200,.T.);
#2748=EDGE_CURVE('',#2209,#2210,#1160,.T.);
#2749=EDGE_CURVE('',#2210,#2210,#201,.T.);
#2750=EDGE_CURVE('',#2210,#2211,#1161,.T.);
#2751=EDGE_CURVE('',#2211,#2211,#202,.T.);
#2752=EDGE_CURVE('',#2167,#2212,#1162,.T.);
#2753=EDGE_CURVE('',#2212,#2213,#1163,.T.);
#2754=EDGE_CURVE('',#2213,#2214,#1164,.T.);
#2755=EDGE_CURVE('',#2214,#2215,#1165,.T.);
#2756=EDGE_CURVE('',#2215,#2168,#1166,.T.);
#2757=EDGE_CURVE('',#2126,#2216,#1167,.T.);
#2758=EDGE_CURVE('',#2216,#2216,#203,.T.);
#2759=EDGE_CURVE('',#2216,#2217,#1168,.T.);
#2760=EDGE_CURVE('',#2217,#2217,#19,.T.);
#2761=EDGE_CURVE('',#2129,#2218,#1169,.T.);
#2762=EDGE_CURVE('',#2218,#2218,#204,.T.);
#2763=EDGE_CURVE('',#2218,#2219,#1170,.T.);
#2764=EDGE_CURVE('',#2219,#2219,#20,.T.);
#2765=EDGE_CURVE('',#2127,#2220,#1171,.T.);
#2766=EDGE_CURVE('',#2220,#2220,#205,.T.);
#2767=EDGE_CURVE('',#2220,#2221,#1172,.T.);
#2768=EDGE_CURVE('',#2221,#2221,#21,.T.);
#2769=EDGE_CURVE('',#2128,#2222,#1173,.T.);
#2770=EDGE_CURVE('',#2222,#2222,#206,.T.);
#2771=EDGE_CURVE('',#2222,#2223,#1174,.T.);
#2772=EDGE_CURVE('',#2223,#2223,#22,.T.);
#2773=EDGE_CURVE('',#2224,#1965,#1175,.T.);
#2774=EDGE_CURVE('',#2224,#2093,#1176,.T.);
#2775=EDGE_CURVE('',#1988,#2092,#1177,.T.);
#2776=EDGE_CURVE('',#2119,#2225,#1178,.T.);
#2777=EDGE_CURVE('',#2225,#2103,#1179,.T.);
#2778=EDGE_CURVE('',#2226,#2227,#1180,.T.);
#2779=EDGE_CURVE('',#2228,#2226,#1181,.F.);
#2780=EDGE_CURVE('',#2228,#2229,#1182,.T.);
#2781=EDGE_CURVE('',#2229,#2230,#1183,.T.);
#2782=EDGE_CURVE('',#2230,#2231,#1184,.T.);
#2783=EDGE_CURVE('',#2227,#2231,#1185,.T.);
#2784=EDGE_CURVE('',#1990,#2227,#1186,.T.);
#2785=EDGE_CURVE('',#1989,#2226,#1187,.T.);
#2786=EDGE_CURVE('',#1991,#2231,#1188,.T.);
#2787=EDGE_CURVE('',#2230,#2098,#1189,.T.);
#2788=EDGE_CURVE('',#2225,#2232,#1190,.T.);
#2789=EDGE_CURVE('',#2233,#2232,#1191,.T.);
#2790=EDGE_CURVE('',#2233,#2234,#1192,.T.);
#2791=EDGE_CURVE('',#2235,#2234,#1193,.T.);
#2792=EDGE_CURVE('',#2236,#2235,#1194,.T.);
#2793=EDGE_CURVE('',#2236,#2237,#1195,.T.);
#2794=EDGE_CURVE('',#2023,#2237,#1196,.T.);
#2795=EDGE_CURVE('',#1964,#2238,#1197,.T.);
#2796=EDGE_CURVE('',#2238,#2224,#1198,.T.);
#2797=EDGE_CURVE('',#2239,#2156,#1199,.T.);
#2798=EDGE_CURVE('',#2239,#2240,#1200,.T.);
#2799=EDGE_CURVE('',#2241,#2240,#1201,.T.);
#2800=EDGE_CURVE('',#2157,#2241,#1202,.T.);
#2801=EDGE_CURVE('',#2241,#2242,#1203,.T.);
#2802=EDGE_CURVE('',#2158,#2242,#1204,.T.);
#2803=EDGE_CURVE('',#2240,#2243,#1205,.T.);
#2804=EDGE_CURVE('',#2243,#2242,#1206,.T.);
#2805=EDGE_CURVE('',#2236,#2114,#1207,.T.);
#2806=EDGE_CURVE('',#2244,#2235,#1208,.T.);
#2807=EDGE_CURVE('',#2115,#2244,#1209,.T.);
#2808=EDGE_CURVE('',#2245,#2244,#1210,.T.);
#2809=EDGE_CURVE('',#2245,#2116,#1211,.T.);
#2810=EDGE_CURVE('',#2091,#2229,#1212,.T.);
#2811=EDGE_CURVE('',#2090,#2228,#1213,.T.);
#2812=EDGE_CURVE('',#2094,#2238,#1214,.T.);
#2813=EDGE_CURVE('',#2074,#2124,#1215,.T.);
#2814=EDGE_CURVE('',#2246,#2246,#207,.T.);
#2815=EDGE_CURVE('',#2247,#2248,#1216,.T.);
#2816=EDGE_CURVE('',#2248,#2249,#1217,.T.);
#2817=EDGE_CURVE('',#2249,#2250,#1218,.T.);
#2818=EDGE_CURVE('',#2250,#2247,#1219,.T.);
#2819=EDGE_CURVE('',#2251,#2251,#208,.T.);
#2820=EDGE_CURVE('',#2252,#2252,#209,.T.);
#2821=EDGE_CURVE('',#2253,#2254,#1220,.T.);
#2822=EDGE_CURVE('',#2254,#2255,#1221,.T.);
#2823=EDGE_CURVE('',#2255,#2256,#1222,.T.);
#2824=EDGE_CURVE('',#2256,#2253,#1223,.T.);
#2825=EDGE_CURVE('',#2257,#2257,#210,.T.);
#2826=EDGE_CURVE('',#2112,#2258,#1224,.T.);
#2827=EDGE_CURVE('',#2125,#2258,#1225,.T.);
#2828=EDGE_CURVE('',#2258,#1941,#1226,.T.);
#2829=EDGE_CURVE('',#1940,#2259,#1227,.T.);
#2830=EDGE_CURVE('',#2259,#2260,#1228,.T.);
#2831=EDGE_CURVE('',#2260,#2026,#1229,.T.);
#2832=EDGE_CURVE('',#2243,#2261,#1230,.T.);
#2833=EDGE_CURVE('',#2159,#2261,#1231,.T.);
#2834=EDGE_CURVE('',#2245,#2234,#1232,.T.);
#2835=EDGE_CURVE('',#2232,#2118,#1233,.T.);
#2836=EDGE_CURVE('',#2117,#2233,#1234,.T.);
#2837=EDGE_CURVE('',#2237,#2113,#1235,.T.);
#2838=EDGE_CURVE('',#2261,#2262,#1236,.T.);
#2839=EDGE_CURVE('',#2262,#2160,#1237,.T.);
#2840=EDGE_CURVE('',#1942,#2263,#1238,.T.);
#2841=EDGE_CURVE('',#2263,#2155,#1239,.T.);
#2842=EDGE_CURVE('',#2239,#2263,#1240,.T.);
#2843=EDGE_CURVE('',#2264,#2265,#211,.T.);
#2844=EDGE_CURVE('',#2265,#2264,#1241,.T.);
#2845=EDGE_CURVE('',#2266,#2267,#212,.T.);
#2846=EDGE_CURVE('',#2267,#2266,#1242,.T.);
#2847=EDGE_CURVE('',#2268,#2269,#213,.T.);
#2848=EDGE_CURVE('',#2269,#2268,#1243,.T.);
#2849=EDGE_CURVE('',#2270,#2271,#214,.T.);
#2850=EDGE_CURVE('',#2271,#2270,#1244,.T.);
#2851=EDGE_CURVE('',#2134,#1967,#1245,.T.);
#2852=EDGE_CURVE('',#2144,#1966,#1246,.T.);
#2853=EDGE_CURVE('',#2133,#1960,#1247,.T.);
#2854=EDGE_CURVE('',#1998,#2206,#1248,.T.);
#2855=EDGE_CURVE('',#1995,#2205,#1249,.T.);
#2856=EDGE_CURVE('',#1997,#2207,#1250,.T.);
#2857=EDGE_CURVE('',#1996,#2208,#1251,.T.);
#2858=EDGE_CURVE('',#1977,#2215,#1252,.T.);
#2859=EDGE_CURVE('',#1978,#2214,#1253,.T.);
#2860=EDGE_CURVE('',#1979,#2213,#1254,.T.);
#2861=EDGE_CURVE('',#2272,#2273,#1255,.T.);
#2862=EDGE_CURVE('',#2247,#2272,#1256,.T.);
#2863=EDGE_CURVE('',#2250,#2273,#1257,.T.);
#2864=EDGE_CURVE('',#2212,#2272,#1258,.T.);
#2865=EDGE_CURVE('',#2273,#2200,#1259,.T.);
#2866=EDGE_CURVE('',#1980,#2199,#1260,.T.);
#2867=EDGE_CURVE('',#1981,#2198,#1261,.T.);
#2868=EDGE_CURVE('',#1982,#2197,#1262,.T.);
#2869=EDGE_CURVE('',#1983,#2196,#1263,.T.);
#2870=EDGE_CURVE('',#1984,#2195,#1264,.T.);
#2871=EDGE_CURVE('',#1985,#2194,#1265,.T.);
#2872=EDGE_CURVE('',#1986,#2193,#1266,.T.);
#2873=EDGE_CURVE('',#2148,#2187,#1267,.T.);
#2874=EDGE_CURVE('',#2147,#2184,#1268,.T.);
#2875=EDGE_CURVE('',#2149,#2186,#1269,.T.);
#2876=EDGE_CURVE('',#2146,#2185,#1270,.T.);
#2877=EDGE_CURVE('',#2145,#1925,#1271,.T.);
#2878=EDGE_CURVE('',#2142,#1927,#1272,.T.);
#2879=EDGE_CURVE('',#2141,#1928,#1273,.T.);
#2880=EDGE_CURVE('',#2143,#1926,#1274,.T.);
#2881=EDGE_CURVE('',#2140,#1929,#1275,.T.);
#2882=EDGE_CURVE('',#2138,#2191,#1276,.T.);
#2883=EDGE_CURVE('',#2137,#2188,#1277,.T.);
#2884=EDGE_CURVE('',#2139,#2190,#1278,.T.);
#2885=EDGE_CURVE('',#2136,#2189,#1279,.T.);
#2886=EDGE_CURVE('',#2135,#1930,#1280,.T.);
#2887=EDGE_CURVE('',#2151,#2182,#1281,.T.);
#2888=EDGE_CURVE('',#2152,#2181,#1282,.T.);
#2889=EDGE_CURVE('',#2270,#1945,#1283,.T.);
#2890=EDGE_CURVE('',#2271,#1944,#1284,.T.);
#2891=EDGE_CURVE('',#2268,#1947,#1285,.T.);
#2892=EDGE_CURVE('',#2269,#1946,#1286,.T.);
#2893=EDGE_CURVE('',#2266,#1949,#1287,.T.);
#2894=EDGE_CURVE('',#2267,#1948,#1288,.T.);
#2895=EDGE_CURVE('',#2264,#1951,#1289,.T.);
#2896=EDGE_CURVE('',#2265,#1950,#1290,.T.);
#2897=EDGE_CURVE('',#2257,#2169,#1291,.T.);
#2898=EDGE_CURVE('',#2255,#2173,#1292,.T.);
#2899=EDGE_CURVE('',#2254,#2170,#1293,.T.);
#2900=EDGE_CURVE('',#2256,#2172,#1294,.T.);
#2901=EDGE_CURVE('',#2253,#2171,#1295,.T.);
#2902=EDGE_CURVE('',#2252,#2174,#1296,.T.);
#2903=EDGE_CURVE('',#2251,#2175,#1297,.T.);
#2904=EDGE_CURVE('',#2246,#2176,#1298,.T.);
#2905=EDGE_CURVE('',#2248,#2166,#1299,.T.);
#2906=EDGE_CURVE('',#2249,#2165,#1300,.T.);
#2907=EDGE_CURVE('',#1993,#2260,#1301,.T.);
#2908=EDGE_CURVE('',#1994,#2259,#1302,.T.);
#2909=EDGE_CURVE('',#2123,#2262,#1303,.T.);
#2910=ORIENTED_EDGE('',*,*,#2274,.T.);
#2911=ORIENTED_EDGE('',*,*,#2275,.F.);
#2912=ORIENTED_EDGE('',*,*,#2276,.T.);
#2913=ORIENTED_EDGE('',*,*,#2277,.T.);
#2914=ORIENTED_EDGE('',*,*,#2276,.F.);
#2915=ORIENTED_EDGE('',*,*,#2278,.F.);
#2916=ORIENTED_EDGE('',*,*,#2279,.F.);
#2917=ORIENTED_EDGE('',*,*,#2280,.F.);
#2918=ORIENTED_EDGE('',*,*,#2281,.T.);
#2919=ORIENTED_EDGE('',*,*,#2282,.F.);
#2920=ORIENTED_EDGE('',*,*,#2278,.T.);
#2921=ORIENTED_EDGE('',*,*,#2275,.T.);
#2922=ORIENTED_EDGE('',*,*,#2283,.T.);
#2923=ORIENTED_EDGE('',*,*,#2284,.T.);
#2924=ORIENTED_EDGE('',*,*,#2274,.F.);
#2925=ORIENTED_EDGE('',*,*,#2285,.F.);
#2926=ORIENTED_EDGE('',*,*,#2286,.F.);
#2927=ORIENTED_EDGE('',*,*,#2287,.F.);
#2928=ORIENTED_EDGE('',*,*,#2288,.T.);
#2929=ORIENTED_EDGE('',*,*,#2283,.F.);
#2930=ORIENTED_EDGE('',*,*,#2282,.T.);
#2931=ORIENTED_EDGE('',*,*,#2289,.F.);
#2932=ORIENTED_EDGE('',*,*,#2290,.F.);
#2933=ORIENTED_EDGE('',*,*,#2291,.F.);
#2934=ORIENTED_EDGE('',*,*,#2292,.F.);
#2935=ORIENTED_EDGE('',*,*,#2293,.F.);
#2936=ORIENTED_EDGE('',*,*,#2294,.F.);
#2937=ORIENTED_EDGE('',*,*,#2295,.F.);
#2938=ORIENTED_EDGE('',*,*,#2296,.F.);
#2939=ORIENTED_EDGE('',*,*,#2297,.F.);
#2940=ORIENTED_EDGE('',*,*,#2298,.F.);
#2941=ORIENTED_EDGE('',*,*,#2299,.F.);
#2942=ORIENTED_EDGE('',*,*,#2300,.F.);
#2943=ORIENTED_EDGE('',*,*,#2285,.T.);
#2944=ORIENTED_EDGE('',*,*,#2301,.F.);
#2945=ORIENTED_EDGE('',*,*,#2302,.F.);
#2946=ORIENTED_EDGE('',*,*,#2303,.F.);
#2947=ORIENTED_EDGE('',*,*,#2304,.F.);
#2948=ORIENTED_EDGE('',*,*,#2305,.T.);
#2949=ORIENTED_EDGE('',*,*,#2306,.T.);
#2950=ORIENTED_EDGE('',*,*,#2307,.F.);
#2951=ORIENTED_EDGE('',*,*,#2304,.T.);
#2952=ORIENTED_EDGE('',*,*,#2308,.F.);
#2953=ORIENTED_EDGE('',*,*,#2309,.F.);
#2954=ORIENTED_EDGE('',*,*,#2310,.F.);
#2955=ORIENTED_EDGE('',*,*,#2309,.T.);
#2956=ORIENTED_EDGE('',*,*,#2311,.F.);
#2957=ORIENTED_EDGE('',*,*,#2312,.T.);
#2958=ORIENTED_EDGE('',*,*,#2313,.T.);
#2959=ORIENTED_EDGE('',*,*,#2314,.F.);
#2960=ORIENTED_EDGE('',*,*,#2315,.F.);
#2961=ORIENTED_EDGE('',*,*,#2316,.T.);
#2962=ORIENTED_EDGE('',*,*,#2317,.T.);
#2963=ORIENTED_EDGE('',*,*,#2318,.T.);
#2964=ORIENTED_EDGE('',*,*,#2319,.F.);
#2965=ORIENTED_EDGE('',*,*,#2320,.T.);
#2966=ORIENTED_EDGE('',*,*,#2321,.T.);
#2967=ORIENTED_EDGE('',*,*,#2322,.F.);
#2968=ORIENTED_EDGE('',*,*,#2323,.T.);
#2969=ORIENTED_EDGE('',*,*,#2324,.F.);
#2970=ORIENTED_EDGE('',*,*,#2325,.F.);
#2971=ORIENTED_EDGE('',*,*,#2322,.T.);
#2972=ORIENTED_EDGE('',*,*,#2326,.F.);
#2973=ORIENTED_EDGE('',*,*,#2318,.F.);
#2974=ORIENTED_EDGE('',*,*,#2327,.F.);
#2975=ORIENTED_EDGE('',*,*,#2328,.F.);
#2976=ORIENTED_EDGE('',*,*,#2329,.T.);
#2977=ORIENTED_EDGE('',*,*,#2330,.F.);
#2978=ORIENTED_EDGE('',*,*,#2331,.F.);
#2979=ORIENTED_EDGE('',*,*,#2332,.F.);
#2980=ORIENTED_EDGE('',*,*,#2331,.T.);
#2981=ORIENTED_EDGE('',*,*,#2333,.F.);
#2982=ORIENTED_EDGE('',*,*,#2334,.F.);
#2983=ORIENTED_EDGE('',*,*,#2335,.F.);
#2984=ORIENTED_EDGE('',*,*,#2334,.T.);
#2985=ORIENTED_EDGE('',*,*,#2336,.F.);
#2986=ORIENTED_EDGE('',*,*,#2337,.F.);
#2987=ORIENTED_EDGE('',*,*,#2338,.F.);
#2988=ORIENTED_EDGE('',*,*,#2337,.T.);
#2989=ORIENTED_EDGE('',*,*,#2339,.F.);
#2990=ORIENTED_EDGE('',*,*,#2306,.F.);
#2991=ORIENTED_EDGE('',*,*,#2324,.T.);
#2992=ORIENTED_EDGE('',*,*,#2340,.F.);
#2993=ORIENTED_EDGE('',*,*,#2312,.F.);
#2994=ORIENTED_EDGE('',*,*,#2341,.F.);
#2995=ORIENTED_EDGE('',*,*,#2314,.T.);
#2996=ORIENTED_EDGE('',*,*,#2342,.F.);
#2997=ORIENTED_EDGE('',*,*,#2320,.F.);
#2998=ORIENTED_EDGE('',*,*,#2343,.F.);
#2999=ORIENTED_EDGE('',*,*,#2344,.F.);
#3000=ORIENTED_EDGE('',*,*,#2316,.F.);
#3001=ORIENTED_EDGE('',*,*,#2345,.F.);
#3002=ORIENTED_EDGE('',*,*,#2346,.F.);
#3003=ORIENTED_EDGE('',*,*,#2347,.F.);
#3004=ORIENTED_EDGE('',*,*,#2346,.T.);
#3005=ORIENTED_EDGE('',*,*,#2348,.F.);
#3006=ORIENTED_EDGE('',*,*,#2349,.F.);
#3007=ORIENTED_EDGE('',*,*,#2350,.F.);
#3008=ORIENTED_EDGE('',*,*,#2349,.T.);
#3009=ORIENTED_EDGE('',*,*,#2351,.F.);
#3010=ORIENTED_EDGE('',*,*,#2352,.F.);
#3011=ORIENTED_EDGE('',*,*,#2353,.F.);
#3012=ORIENTED_EDGE('',*,*,#2352,.T.);
#3013=ORIENTED_EDGE('',*,*,#2354,.F.);
#3014=ORIENTED_EDGE('',*,*,#2355,.F.);
#3015=ORIENTED_EDGE('',*,*,#2356,.F.);
#3016=ORIENTED_EDGE('',*,*,#2355,.T.);
#3017=ORIENTED_EDGE('',*,*,#2357,.F.);
#3018=ORIENTED_EDGE('',*,*,#2358,.F.);
#3019=ORIENTED_EDGE('',*,*,#2359,.F.);
#3020=ORIENTED_EDGE('',*,*,#2358,.T.);
#3021=ORIENTED_EDGE('',*,*,#2360,.F.);
#3022=ORIENTED_EDGE('',*,*,#2361,.F.);
#3023=ORIENTED_EDGE('',*,*,#2362,.F.);
#3024=ORIENTED_EDGE('',*,*,#2361,.T.);
#3025=ORIENTED_EDGE('',*,*,#2363,.F.);
#3026=ORIENTED_EDGE('',*,*,#2329,.F.);
#3027=ORIENTED_EDGE('',*,*,#2363,.T.);
#3028=ORIENTED_EDGE('',*,*,#2360,.T.);
#3029=ORIENTED_EDGE('',*,*,#2357,.T.);
#3030=ORIENTED_EDGE('',*,*,#2354,.T.);
#3031=ORIENTED_EDGE('',*,*,#2351,.T.);
#3032=ORIENTED_EDGE('',*,*,#2348,.T.);
#3033=ORIENTED_EDGE('',*,*,#2345,.T.);
#3034=ORIENTED_EDGE('',*,*,#2315,.T.);
#3035=ORIENTED_EDGE('',*,*,#2343,.T.);
#3036=ORIENTED_EDGE('',*,*,#2319,.T.);
#3037=ORIENTED_EDGE('',*,*,#2326,.T.);
#3038=ORIENTED_EDGE('',*,*,#2325,.T.);
#3039=ORIENTED_EDGE('',*,*,#2341,.T.);
#3040=ORIENTED_EDGE('',*,*,#2311,.T.);
#3041=ORIENTED_EDGE('',*,*,#2308,.T.);
#3042=ORIENTED_EDGE('',*,*,#2307,.T.);
#3043=ORIENTED_EDGE('',*,*,#2339,.T.);
#3044=ORIENTED_EDGE('',*,*,#2336,.T.);
#3045=ORIENTED_EDGE('',*,*,#2333,.T.);
#3046=ORIENTED_EDGE('',*,*,#2330,.T.);
#3047=ORIENTED_EDGE('',*,*,#2364,.T.);
#3048=ORIENTED_EDGE('',*,*,#2365,.T.);
#3049=ORIENTED_EDGE('',*,*,#2366,.T.);
#3050=ORIENTED_EDGE('',*,*,#2367,.T.);
#3051=ORIENTED_EDGE('',*,*,#2368,.T.);
#3052=ORIENTED_EDGE('',*,*,#2369,.T.);
#3053=ORIENTED_EDGE('',*,*,#2370,.F.);
#3054=ORIENTED_EDGE('',*,*,#2371,.F.);
#3055=ORIENTED_EDGE('',*,*,#2372,.F.);
#3056=ORIENTED_EDGE('',*,*,#2373,.F.);
#3057=ORIENTED_EDGE('',*,*,#2374,.F.);
#3058=ORIENTED_EDGE('',*,*,#2373,.T.);
#3059=ORIENTED_EDGE('',*,*,#2375,.F.);
#3060=ORIENTED_EDGE('',*,*,#2376,.F.);
#3061=ORIENTED_EDGE('',*,*,#2377,.F.);
#3062=ORIENTED_EDGE('',*,*,#2375,.T.);
#3063=ORIENTED_EDGE('',*,*,#2372,.T.);
#3064=ORIENTED_EDGE('',*,*,#2378,.F.);
#3065=ORIENTED_EDGE('',*,*,#2379,.T.);
#3066=ORIENTED_EDGE('',*,*,#2378,.T.);
#3067=ORIENTED_EDGE('',*,*,#2371,.T.);
#3068=ORIENTED_EDGE('',*,*,#2380,.F.);
#3069=ORIENTED_EDGE('',*,*,#2381,.T.);
#3070=ORIENTED_EDGE('',*,*,#2382,.F.);
#3071=ORIENTED_EDGE('',*,*,#2383,.T.);
#3072=ORIENTED_EDGE('',*,*,#2384,.T.);
#3073=ORIENTED_EDGE('',*,*,#2385,.F.);
#3074=ORIENTED_EDGE('',*,*,#2386,.T.);
#3075=ORIENTED_EDGE('',*,*,#2387,.T.);
#3076=ORIENTED_EDGE('',*,*,#2388,.T.);
#3077=ORIENTED_EDGE('',*,*,#2389,.T.);
#3078=ORIENTED_EDGE('',*,*,#2390,.T.);
#3079=ORIENTED_EDGE('',*,*,#2391,.T.);
#3080=ORIENTED_EDGE('',*,*,#2392,.T.);
#3081=ORIENTED_EDGE('',*,*,#2393,.T.);
#3082=ORIENTED_EDGE('',*,*,#2394,.F.);
#3083=ORIENTED_EDGE('',*,*,#2395,.F.);
#3084=ORIENTED_EDGE('',*,*,#2396,.F.);
#3085=ORIENTED_EDGE('',*,*,#2397,.F.);
#3086=ORIENTED_EDGE('',*,*,#2398,.F.);
#3087=ORIENTED_EDGE('',*,*,#2397,.T.);
#3088=ORIENTED_EDGE('',*,*,#2399,.F.);
#3089=ORIENTED_EDGE('',*,*,#2400,.F.);
#3090=ORIENTED_EDGE('',*,*,#2401,.F.);
#3091=ORIENTED_EDGE('',*,*,#2399,.T.);
#3092=ORIENTED_EDGE('',*,*,#2396,.T.);
#3093=ORIENTED_EDGE('',*,*,#2402,.F.);
#3094=ORIENTED_EDGE('',*,*,#2403,.T.);
#3095=ORIENTED_EDGE('',*,*,#2402,.T.);
#3096=ORIENTED_EDGE('',*,*,#2395,.T.);
#3097=ORIENTED_EDGE('',*,*,#2404,.F.);
#3098=ORIENTED_EDGE('',*,*,#2286,.T.);
#3099=ORIENTED_EDGE('',*,*,#2303,.T.);
#3100=ORIENTED_EDGE('',*,*,#2405,.T.);
#3101=ORIENTED_EDGE('',*,*,#2406,.T.);
#3102=ORIENTED_EDGE('',*,*,#2407,.T.);
#3103=ORIENTED_EDGE('',*,*,#2408,.T.);
#3104=ORIENTED_EDGE('',*,*,#2409,.T.);
#3105=ORIENTED_EDGE('',*,*,#2410,.T.);
#3106=ORIENTED_EDGE('',*,*,#2411,.F.);
#3107=ORIENTED_EDGE('',*,*,#2412,.T.);
#3108=ORIENTED_EDGE('',*,*,#2413,.T.);
#3109=ORIENTED_EDGE('',*,*,#2414,.F.);
#3110=ORIENTED_EDGE('',*,*,#2415,.F.);
#3111=ORIENTED_EDGE('',*,*,#2416,.F.);
#3112=ORIENTED_EDGE('',*,*,#2417,.F.);
#3113=ORIENTED_EDGE('',*,*,#2418,.F.);
#3114=ORIENTED_EDGE('',*,*,#2417,.T.);
#3115=ORIENTED_EDGE('',*,*,#2419,.F.);
#3116=ORIENTED_EDGE('',*,*,#2420,.F.);
#3117=ORIENTED_EDGE('',*,*,#2419,.T.);
#3118=ORIENTED_EDGE('',*,*,#2416,.T.);
#3119=ORIENTED_EDGE('',*,*,#2421,.F.);
#3120=ORIENTED_EDGE('',*,*,#2422,.F.);
#3121=ORIENTED_EDGE('',*,*,#2423,.T.);
#3122=ORIENTED_EDGE('',*,*,#2374,.T.);
#3123=ORIENTED_EDGE('',*,*,#2424,.T.);
#3124=ORIENTED_EDGE('',*,*,#2425,.T.);
#3125=ORIENTED_EDGE('',*,*,#2426,.T.);
#3126=ORIENTED_EDGE('',*,*,#2427,.T.);
#3127=ORIENTED_EDGE('',*,*,#2428,.T.);
#3128=ORIENTED_EDGE('',*,*,#2429,.T.);
#3129=ORIENTED_EDGE('',*,*,#2430,.T.);
#3130=ORIENTED_EDGE('',*,*,#2431,.T.);
#3131=ORIENTED_EDGE('',*,*,#2432,.T.);
#3132=ORIENTED_EDGE('',*,*,#2433,.T.);
#3133=ORIENTED_EDGE('',*,*,#2434,.T.);
#3134=ORIENTED_EDGE('',*,*,#2435,.T.);
#3135=ORIENTED_EDGE('',*,*,#2436,.T.);
#3136=ORIENTED_EDGE('',*,*,#2280,.T.);
#3137=ORIENTED_EDGE('',*,*,#2437,.T.);
#3138=ORIENTED_EDGE('',*,*,#2287,.T.);
#3139=ORIENTED_EDGE('',*,*,#2404,.T.);
#3140=ORIENTED_EDGE('',*,*,#2394,.T.);
#3141=ORIENTED_EDGE('',*,*,#2398,.T.);
#3142=ORIENTED_EDGE('',*,*,#2438,.T.);
#3143=ORIENTED_EDGE('',*,*,#2439,.T.);
#3144=ORIENTED_EDGE('',*,*,#2440,.T.);
#3145=ORIENTED_EDGE('',*,*,#2441,.T.);
#3146=ORIENTED_EDGE('',*,*,#2442,.T.);
#3147=ORIENTED_EDGE('',*,*,#2414,.T.);
#3148=ORIENTED_EDGE('',*,*,#2418,.T.);
#3149=ORIENTED_EDGE('',*,*,#2443,.T.);
#3150=ORIENTED_EDGE('',*,*,#2444,.T.);
#3151=ORIENTED_EDGE('',*,*,#2445,.T.);
#3152=ORIENTED_EDGE('',*,*,#2446,.T.);
#3153=ORIENTED_EDGE('',*,*,#2380,.T.);
#3154=ORIENTED_EDGE('',*,*,#2370,.T.);
#3155=ORIENTED_EDGE('',*,*,#2447,.T.);
#3156=ORIENTED_EDGE('',*,*,#2448,.T.);
#3157=ORIENTED_EDGE('',*,*,#2449,.T.);
#3158=ORIENTED_EDGE('',*,*,#2450,.T.);
#3159=ORIENTED_EDGE('',*,*,#2451,.T.);
#3160=ORIENTED_EDGE('',*,*,#2452,.T.);
#3161=ORIENTED_EDGE('',*,*,#2453,.T.);
#3162=ORIENTED_EDGE('',*,*,#2454,.T.);
#3163=ORIENTED_EDGE('',*,*,#2455,.T.);
#3164=ORIENTED_EDGE('',*,*,#2456,.T.);
#3165=ORIENTED_EDGE('',*,*,#2457,.T.);
#3166=ORIENTED_EDGE('',*,*,#2458,.T.);
#3167=ORIENTED_EDGE('',*,*,#2459,.T.);
#3168=ORIENTED_EDGE('',*,*,#2460,.T.);
#3169=ORIENTED_EDGE('',*,*,#2461,.T.);
#3170=ORIENTED_EDGE('',*,*,#2462,.T.);
#3171=ORIENTED_EDGE('',*,*,#2463,.T.);
#3172=ORIENTED_EDGE('',*,*,#2464,.T.);
#3173=ORIENTED_EDGE('',*,*,#2465,.T.);
#3174=ORIENTED_EDGE('',*,*,#2466,.T.);
#3175=ORIENTED_EDGE('',*,*,#2467,.T.);
#3176=ORIENTED_EDGE('',*,*,#2468,.T.);
#3177=ORIENTED_EDGE('',*,*,#2469,.T.);
#3178=ORIENTED_EDGE('',*,*,#2470,.T.);
#3179=ORIENTED_EDGE('',*,*,#2471,.T.);
#3180=ORIENTED_EDGE('',*,*,#2472,.T.);
#3181=ORIENTED_EDGE('',*,*,#2473,.T.);
#3182=ORIENTED_EDGE('',*,*,#2474,.T.);
#3183=ORIENTED_EDGE('',*,*,#2420,.T.);
#3184=ORIENTED_EDGE('',*,*,#2422,.T.);
#3185=ORIENTED_EDGE('',*,*,#2475,.T.);
#3186=ORIENTED_EDGE('',*,*,#2476,.T.);
#3187=ORIENTED_EDGE('',*,*,#2477,.T.);
#3188=ORIENTED_EDGE('',*,*,#2478,.F.);
#3189=ORIENTED_EDGE('',*,*,#2479,.F.);
#3190=ORIENTED_EDGE('',*,*,#2443,.F.);
#3191=ORIENTED_EDGE('',*,*,#2480,.T.);
#3192=ORIENTED_EDGE('',*,*,#2481,.T.);
#3193=ORIENTED_EDGE('',*,*,#2482,.T.);
#3194=ORIENTED_EDGE('',*,*,#2481,.F.);
#3195=ORIENTED_EDGE('',*,*,#2482,.F.);
#3196=ORIENTED_EDGE('',*,*,#2483,.T.);
#3197=ORIENTED_EDGE('',*,*,#2484,.T.);
#3198=ORIENTED_EDGE('',*,*,#2483,.F.);
#3199=ORIENTED_EDGE('',*,*,#2485,.T.);
#3200=ORIENTED_EDGE('',*,*,#2486,.F.);
#3201=ORIENTED_EDGE('',*,*,#2487,.T.);
#3202=ORIENTED_EDGE('',*,*,#2488,.T.);
#3203=ORIENTED_EDGE('',*,*,#2489,.T.);
#3204=ORIENTED_EDGE('',*,*,#2490,.F.);
#3205=ORIENTED_EDGE('',*,*,#2491,.T.);
#3206=ORIENTED_EDGE('',*,*,#2492,.T.);
#3207=ORIENTED_EDGE('',*,*,#2480,.F.);
#3208=ORIENTED_EDGE('',*,*,#2493,.T.);
#3209=ORIENTED_EDGE('',*,*,#2494,.T.);
#3210=ORIENTED_EDGE('',*,*,#2495,.T.);
#3211=ORIENTED_EDGE('',*,*,#2494,.F.);
#3212=ORIENTED_EDGE('',*,*,#2495,.F.);
#3213=ORIENTED_EDGE('',*,*,#2496,.T.);
#3214=ORIENTED_EDGE('',*,*,#2497,.T.);
#3215=ORIENTED_EDGE('',*,*,#2496,.F.);
#3216=ORIENTED_EDGE('',*,*,#2498,.T.);
#3217=ORIENTED_EDGE('',*,*,#2499,.F.);
#3218=ORIENTED_EDGE('',*,*,#2500,.T.);
#3219=ORIENTED_EDGE('',*,*,#2501,.T.);
#3220=ORIENTED_EDGE('',*,*,#2502,.T.);
#3221=ORIENTED_EDGE('',*,*,#2503,.F.);
#3222=ORIENTED_EDGE('',*,*,#2504,.T.);
#3223=ORIENTED_EDGE('',*,*,#2505,.T.);
#3224=ORIENTED_EDGE('',*,*,#2493,.F.);
#3225=ORIENTED_EDGE('',*,*,#2497,.F.);
#3226=ORIENTED_EDGE('',*,*,#2484,.F.);
#3227=ORIENTED_EDGE('',*,*,#2506,.F.);
#3228=ORIENTED_EDGE('',*,*,#2507,.T.);
#3229=ORIENTED_EDGE('',*,*,#2508,.T.);
#3230=ORIENTED_EDGE('',*,*,#2507,.F.);
#3231=ORIENTED_EDGE('',*,*,#2508,.F.);
#3232=ORIENTED_EDGE('',*,*,#2509,.F.);
#3233=ORIENTED_EDGE('',*,*,#2510,.T.);
#3234=ORIENTED_EDGE('',*,*,#2511,.T.);
#3235=ORIENTED_EDGE('',*,*,#2510,.F.);
#3236=ORIENTED_EDGE('',*,*,#2511,.F.);
#3237=ORIENTED_EDGE('',*,*,#2512,.T.);
#3238=ORIENTED_EDGE('',*,*,#2502,.F.);
#3239=ORIENTED_EDGE('',*,*,#2513,.F.);
#3240=ORIENTED_EDGE('',*,*,#2467,.F.);
#3241=ORIENTED_EDGE('',*,*,#2514,.F.);
#3242=ORIENTED_EDGE('',*,*,#2463,.F.);
#3243=ORIENTED_EDGE('',*,*,#2515,.T.);
#3244=ORIENTED_EDGE('',*,*,#2504,.F.);
#3245=ORIENTED_EDGE('',*,*,#2516,.F.);
#3246=ORIENTED_EDGE('',*,*,#2469,.F.);
#3247=ORIENTED_EDGE('',*,*,#2517,.T.);
#3248=ORIENTED_EDGE('',*,*,#2500,.F.);
#3249=ORIENTED_EDGE('',*,*,#2518,.T.);
#3250=ORIENTED_EDGE('',*,*,#2498,.F.);
#3251=ORIENTED_EDGE('',*,*,#2519,.F.);
#3252=ORIENTED_EDGE('',*,*,#2473,.F.);
#3253=ORIENTED_EDGE('',*,*,#2474,.F.);
#3254=ORIENTED_EDGE('',*,*,#2519,.T.);
#3255=ORIENTED_EDGE('',*,*,#2505,.F.);
#3256=ORIENTED_EDGE('',*,*,#2515,.F.);
#3257=ORIENTED_EDGE('',*,*,#2468,.F.);
#3258=ORIENTED_EDGE('',*,*,#2513,.T.);
#3259=ORIENTED_EDGE('',*,*,#2501,.F.);
#3260=ORIENTED_EDGE('',*,*,#2517,.F.);
#3261=ORIENTED_EDGE('',*,*,#2503,.T.);
#3262=ORIENTED_EDGE('',*,*,#2520,.T.);
#3263=ORIENTED_EDGE('',*,*,#2521,.F.);
#3264=ORIENTED_EDGE('',*,*,#2522,.F.);
#3265=ORIENTED_EDGE('',*,*,#2523,.T.);
#3266=ORIENTED_EDGE('',*,*,#2489,.F.);
#3267=ORIENTED_EDGE('',*,*,#2524,.F.);
#3268=ORIENTED_EDGE('',*,*,#2455,.F.);
#3269=ORIENTED_EDGE('',*,*,#2525,.F.);
#3270=ORIENTED_EDGE('',*,*,#2451,.F.);
#3271=ORIENTED_EDGE('',*,*,#2526,.T.);
#3272=ORIENTED_EDGE('',*,*,#2491,.F.);
#3273=ORIENTED_EDGE('',*,*,#2527,.F.);
#3274=ORIENTED_EDGE('',*,*,#2457,.F.);
#3275=ORIENTED_EDGE('',*,*,#2528,.T.);
#3276=ORIENTED_EDGE('',*,*,#2487,.F.);
#3277=ORIENTED_EDGE('',*,*,#2529,.T.);
#3278=ORIENTED_EDGE('',*,*,#2485,.F.);
#3279=ORIENTED_EDGE('',*,*,#2530,.F.);
#3280=ORIENTED_EDGE('',*,*,#2461,.F.);
#3281=ORIENTED_EDGE('',*,*,#2462,.F.);
#3282=ORIENTED_EDGE('',*,*,#2530,.T.);
#3283=ORIENTED_EDGE('',*,*,#2492,.F.);
#3284=ORIENTED_EDGE('',*,*,#2526,.F.);
#3285=ORIENTED_EDGE('',*,*,#2456,.F.);
#3286=ORIENTED_EDGE('',*,*,#2524,.T.);
#3287=ORIENTED_EDGE('',*,*,#2488,.F.);
#3288=ORIENTED_EDGE('',*,*,#2528,.F.);
#3289=ORIENTED_EDGE('',*,*,#2490,.T.);
#3290=ORIENTED_EDGE('',*,*,#2531,.T.);
#3291=ORIENTED_EDGE('',*,*,#2532,.F.);
#3292=ORIENTED_EDGE('',*,*,#2533,.F.);
#3293=ORIENTED_EDGE('',*,*,#2472,.F.);
#3294=ORIENTED_EDGE('',*,*,#2534,.T.);
#3295=ORIENTED_EDGE('',*,*,#2535,.F.);
#3296=ORIENTED_EDGE('',*,*,#2536,.F.);
#3297=ORIENTED_EDGE('',*,*,#2518,.F.);
#3298=ORIENTED_EDGE('',*,*,#2499,.T.);
#3299=ORIENTED_EDGE('',*,*,#2536,.T.);
#3300=ORIENTED_EDGE('',*,*,#2537,.F.);
#3301=ORIENTED_EDGE('',*,*,#2538,.F.);
#3302=ORIENTED_EDGE('',*,*,#2470,.F.);
#3303=ORIENTED_EDGE('',*,*,#2516,.T.);
#3304=ORIENTED_EDGE('',*,*,#2538,.T.);
#3305=ORIENTED_EDGE('',*,*,#2539,.F.);
#3306=ORIENTED_EDGE('',*,*,#2540,.F.);
#3307=ORIENTED_EDGE('',*,*,#2471,.F.);
#3308=ORIENTED_EDGE('',*,*,#2540,.T.);
#3309=ORIENTED_EDGE('',*,*,#2541,.F.);
#3310=ORIENTED_EDGE('',*,*,#2534,.F.);
#3311=ORIENTED_EDGE('',*,*,#2541,.T.);
#3312=ORIENTED_EDGE('',*,*,#2539,.T.);
#3313=ORIENTED_EDGE('',*,*,#2537,.T.);
#3314=ORIENTED_EDGE('',*,*,#2535,.T.);
#3315=ORIENTED_EDGE('',*,*,#2465,.F.);
#3316=ORIENTED_EDGE('',*,*,#2542,.T.);
#3317=ORIENTED_EDGE('',*,*,#2543,.F.);
#3318=ORIENTED_EDGE('',*,*,#2544,.F.);
#3319=ORIENTED_EDGE('',*,*,#2466,.F.);
#3320=ORIENTED_EDGE('',*,*,#2544,.T.);
#3321=ORIENTED_EDGE('',*,*,#2545,.F.);
#3322=ORIENTED_EDGE('',*,*,#2520,.F.);
#3323=ORIENTED_EDGE('',*,*,#2512,.F.);
#3324=ORIENTED_EDGE('',*,*,#2464,.F.);
#3325=ORIENTED_EDGE('',*,*,#2514,.T.);
#3326=ORIENTED_EDGE('',*,*,#2522,.T.);
#3327=ORIENTED_EDGE('',*,*,#2546,.F.);
#3328=ORIENTED_EDGE('',*,*,#2542,.F.);
#3329=ORIENTED_EDGE('',*,*,#2546,.T.);
#3330=ORIENTED_EDGE('',*,*,#2521,.T.);
#3331=ORIENTED_EDGE('',*,*,#2545,.T.);
#3332=ORIENTED_EDGE('',*,*,#2543,.T.);
#3333=ORIENTED_EDGE('',*,*,#2459,.F.);
#3334=ORIENTED_EDGE('',*,*,#2547,.T.);
#3335=ORIENTED_EDGE('',*,*,#2548,.F.);
#3336=ORIENTED_EDGE('',*,*,#2549,.F.);
#3337=ORIENTED_EDGE('',*,*,#2460,.F.);
#3338=ORIENTED_EDGE('',*,*,#2549,.T.);
#3339=ORIENTED_EDGE('',*,*,#2550,.F.);
#3340=ORIENTED_EDGE('',*,*,#2551,.F.);
#3341=ORIENTED_EDGE('',*,*,#2529,.F.);
#3342=ORIENTED_EDGE('',*,*,#2486,.T.);
#3343=ORIENTED_EDGE('',*,*,#2551,.T.);
#3344=ORIENTED_EDGE('',*,*,#2552,.F.);
#3345=ORIENTED_EDGE('',*,*,#2553,.F.);
#3346=ORIENTED_EDGE('',*,*,#2458,.F.);
#3347=ORIENTED_EDGE('',*,*,#2527,.T.);
#3348=ORIENTED_EDGE('',*,*,#2553,.T.);
#3349=ORIENTED_EDGE('',*,*,#2554,.F.);
#3350=ORIENTED_EDGE('',*,*,#2547,.F.);
#3351=ORIENTED_EDGE('',*,*,#2554,.T.);
#3352=ORIENTED_EDGE('',*,*,#2552,.T.);
#3353=ORIENTED_EDGE('',*,*,#2550,.T.);
#3354=ORIENTED_EDGE('',*,*,#2548,.T.);
#3355=ORIENTED_EDGE('',*,*,#2452,.F.);
#3356=ORIENTED_EDGE('',*,*,#2525,.T.);
#3357=ORIENTED_EDGE('',*,*,#2533,.T.);
#3358=ORIENTED_EDGE('',*,*,#2555,.F.);
#3359=ORIENTED_EDGE('',*,*,#2556,.F.);
#3360=ORIENTED_EDGE('',*,*,#2453,.F.);
#3361=ORIENTED_EDGE('',*,*,#2556,.T.);
#3362=ORIENTED_EDGE('',*,*,#2557,.F.);
#3363=ORIENTED_EDGE('',*,*,#2558,.F.);
#3364=ORIENTED_EDGE('',*,*,#2454,.F.);
#3365=ORIENTED_EDGE('',*,*,#2558,.T.);
#3366=ORIENTED_EDGE('',*,*,#2559,.F.);
#3367=ORIENTED_EDGE('',*,*,#2531,.F.);
#3368=ORIENTED_EDGE('',*,*,#2523,.F.);
#3369=ORIENTED_EDGE('',*,*,#2532,.T.);
#3370=ORIENTED_EDGE('',*,*,#2559,.T.);
#3371=ORIENTED_EDGE('',*,*,#2557,.T.);
#3372=ORIENTED_EDGE('',*,*,#2555,.T.);
#3373=ORIENTED_EDGE('',*,*,#2560,.T.);
#3374=ORIENTED_EDGE('',*,*,#2561,.T.);
#3375=ORIENTED_EDGE('',*,*,#2562,.T.);
#3376=ORIENTED_EDGE('',*,*,#2561,.F.);
#3377=ORIENTED_EDGE('',*,*,#2563,.F.);
#3378=ORIENTED_EDGE('',*,*,#2564,.F.);
#3379=ORIENTED_EDGE('',*,*,#2565,.F.);
#3380=ORIENTED_EDGE('',*,*,#2566,.F.);
#3381=ORIENTED_EDGE('',*,*,#2567,.T.);
#3382=ORIENTED_EDGE('',*,*,#2568,.T.);
#3383=ORIENTED_EDGE('',*,*,#2506,.T.);
#3384=ORIENTED_EDGE('',*,*,#2509,.T.);
#3385=ORIENTED_EDGE('',*,*,#2569,.F.);
#3386=ORIENTED_EDGE('',*,*,#2570,.F.);
#3387=ORIENTED_EDGE('',*,*,#2571,.F.);
#3388=ORIENTED_EDGE('',*,*,#2560,.F.);
#3389=ORIENTED_EDGE('',*,*,#2562,.F.);
#3390=ORIENTED_EDGE('',*,*,#2572,.T.);
#3391=ORIENTED_EDGE('',*,*,#2403,.F.);
#3392=ORIENTED_EDGE('',*,*,#2572,.F.);
#3393=ORIENTED_EDGE('',*,*,#2569,.T.);
#3394=ORIENTED_EDGE('',*,*,#2573,.T.);
#3395=ORIENTED_EDGE('',*,*,#2574,.T.);
#3396=ORIENTED_EDGE('',*,*,#2573,.F.);
#3397=ORIENTED_EDGE('',*,*,#2574,.F.);
#3398=ORIENTED_EDGE('',*,*,#2575,.T.);
#3399=ORIENTED_EDGE('',*,*,#2423,.F.);
#3400=ORIENTED_EDGE('',*,*,#2575,.F.);
#3401=ORIENTED_EDGE('',*,*,#2571,.T.);
#3402=ORIENTED_EDGE('',*,*,#2576,.T.);
#3403=ORIENTED_EDGE('',*,*,#2577,.T.);
#3404=ORIENTED_EDGE('',*,*,#2576,.F.);
#3405=ORIENTED_EDGE('',*,*,#2577,.F.);
#3406=ORIENTED_EDGE('',*,*,#2578,.T.);
#3407=ORIENTED_EDGE('',*,*,#2379,.F.);
#3408=ORIENTED_EDGE('',*,*,#2578,.F.);
#3409=ORIENTED_EDGE('',*,*,#2570,.T.);
#3410=ORIENTED_EDGE('',*,*,#2579,.T.);
#3411=ORIENTED_EDGE('',*,*,#2580,.T.);
#3412=ORIENTED_EDGE('',*,*,#2579,.F.);
#3413=ORIENTED_EDGE('',*,*,#2581,.F.);
#3414=ORIENTED_EDGE('',*,*,#2582,.T.);
#3415=ORIENTED_EDGE('',*,*,#2580,.F.);
#3416=ORIENTED_EDGE('',*,*,#2582,.F.);
#3417=ORIENTED_EDGE('',*,*,#2583,.T.);
#3418=ORIENTED_EDGE('',*,*,#2584,.T.);
#3419=ORIENTED_EDGE('',*,*,#2300,.T.);
#3420=ORIENTED_EDGE('',*,*,#2584,.F.);
#3421=ORIENTED_EDGE('',*,*,#2583,.F.);
#3422=ORIENTED_EDGE('',*,*,#2585,.T.);
#3423=ORIENTED_EDGE('',*,*,#2586,.F.);
#3424=ORIENTED_EDGE('',*,*,#2585,.F.);
#3425=ORIENTED_EDGE('',*,*,#2587,.T.);
#3426=ORIENTED_EDGE('',*,*,#2588,.T.);
#3427=ORIENTED_EDGE('',*,*,#2299,.T.);
#3428=ORIENTED_EDGE('',*,*,#2588,.F.);
#3429=ORIENTED_EDGE('',*,*,#2587,.F.);
#3430=ORIENTED_EDGE('',*,*,#2589,.T.);
#3431=ORIENTED_EDGE('',*,*,#2590,.F.);
#3432=ORIENTED_EDGE('',*,*,#2589,.F.);
#3433=ORIENTED_EDGE('',*,*,#2591,.T.);
#3434=ORIENTED_EDGE('',*,*,#2592,.T.);
#3435=ORIENTED_EDGE('',*,*,#2593,.T.);
#3436=ORIENTED_EDGE('',*,*,#2592,.F.);
#3437=ORIENTED_EDGE('',*,*,#2594,.F.);
#3438=ORIENTED_EDGE('',*,*,#2595,.F.);
#3439=ORIENTED_EDGE('',*,*,#2596,.F.);
#3440=ORIENTED_EDGE('',*,*,#2597,.F.);
#3441=ORIENTED_EDGE('',*,*,#2598,.F.);
#3442=ORIENTED_EDGE('',*,*,#2408,.F.);
#3443=ORIENTED_EDGE('',*,*,#2599,.F.);
#3444=ORIENTED_EDGE('',*,*,#2600,.F.);
#3445=ORIENTED_EDGE('',*,*,#2601,.F.);
#3446=ORIENTED_EDGE('',*,*,#2602,.F.);
#3447=ORIENTED_EDGE('',*,*,#2603,.F.);
#3448=ORIENTED_EDGE('',*,*,#2604,.F.);
#3449=ORIENTED_EDGE('',*,*,#2593,.F.);
#3450=ORIENTED_EDGE('',*,*,#2591,.F.);
#3451=ORIENTED_EDGE('',*,*,#2605,.T.);
#3452=ORIENTED_EDGE('',*,*,#2606,.F.);
#3453=ORIENTED_EDGE('',*,*,#2605,.F.);
#3454=ORIENTED_EDGE('',*,*,#2607,.T.);
#3455=ORIENTED_EDGE('',*,*,#2608,.T.);
#3456=ORIENTED_EDGE('',*,*,#2604,.T.);
#3457=ORIENTED_EDGE('',*,*,#2608,.F.);
#3458=ORIENTED_EDGE('',*,*,#2607,.F.);
#3459=ORIENTED_EDGE('',*,*,#2609,.T.);
#3460=ORIENTED_EDGE('',*,*,#2610,.F.);
#3461=ORIENTED_EDGE('',*,*,#2609,.F.);
#3462=ORIENTED_EDGE('',*,*,#2611,.F.);
#3463=ORIENTED_EDGE('',*,*,#2602,.T.);
#3464=ORIENTED_EDGE('',*,*,#2612,.F.);
#3465=ORIENTED_EDGE('',*,*,#2613,.F.);
#3466=ORIENTED_EDGE('',*,*,#2614,.F.);
#3467=ORIENTED_EDGE('',*,*,#2615,.F.);
#3468=ORIENTED_EDGE('',*,*,#2616,.F.);
#3469=ORIENTED_EDGE('',*,*,#2617,.F.);
#3470=ORIENTED_EDGE('',*,*,#2618,.F.);
#3471=ORIENTED_EDGE('',*,*,#2619,.F.);
#3472=ORIENTED_EDGE('',*,*,#2620,.F.);
#3473=ORIENTED_EDGE('',*,*,#2296,.T.);
#3474=ORIENTED_EDGE('',*,*,#2614,.T.);
#3475=ORIENTED_EDGE('',*,*,#2621,.F.);
#3476=ORIENTED_EDGE('',*,*,#2622,.T.);
#3477=ORIENTED_EDGE('',*,*,#2623,.F.);
#3478=ORIENTED_EDGE('',*,*,#2477,.F.);
#3479=ORIENTED_EDGE('',*,*,#2624,.F.);
#3480=ORIENTED_EDGE('',*,*,#2625,.F.);
#3481=ORIENTED_EDGE('',*,*,#2626,.F.);
#3482=ORIENTED_EDGE('',*,*,#2627,.F.);
#3483=ORIENTED_EDGE('',*,*,#2628,.T.);
#3484=ORIENTED_EDGE('',*,*,#2629,.F.);
#3485=ORIENTED_EDGE('',*,*,#2630,.F.);
#3486=ORIENTED_EDGE('',*,*,#2631,.F.);
#3487=ORIENTED_EDGE('',*,*,#2612,.T.);
#3488=ORIENTED_EDGE('',*,*,#2601,.T.);
#3489=ORIENTED_EDGE('',*,*,#2632,.F.);
#3490=ORIENTED_EDGE('',*,*,#2563,.T.);
#3491=ORIENTED_EDGE('',*,*,#2633,.T.);
#3492=ORIENTED_EDGE('',*,*,#2634,.F.);
#3493=ORIENTED_EDGE('',*,*,#2599,.T.);
#3494=ORIENTED_EDGE('',*,*,#2407,.F.);
#3495=ORIENTED_EDGE('',*,*,#2635,.F.);
#3496=ORIENTED_EDGE('',*,*,#2636,.F.);
#3497=ORIENTED_EDGE('',*,*,#2617,.T.);
#3498=ORIENTED_EDGE('',*,*,#2637,.T.);
#3499=ORIENTED_EDGE('',*,*,#2638,.T.);
#3500=ORIENTED_EDGE('',*,*,#2639,.T.);
#3501=ORIENTED_EDGE('',*,*,#2613,.T.);
#3502=ORIENTED_EDGE('',*,*,#2634,.T.);
#3503=ORIENTED_EDGE('',*,*,#2640,.T.);
#3504=ORIENTED_EDGE('',*,*,#2641,.T.);
#3505=ORIENTED_EDGE('',*,*,#2619,.T.);
#3506=ORIENTED_EDGE('',*,*,#2642,.T.);
#3507=ORIENTED_EDGE('',*,*,#2643,.T.);
#3508=ORIENTED_EDGE('',*,*,#2621,.T.);
#3509=ORIENTED_EDGE('',*,*,#2644,.F.);
#3510=ORIENTED_EDGE('',*,*,#2645,.F.);
#3511=ORIENTED_EDGE('',*,*,#2646,.F.);
#3512=ORIENTED_EDGE('',*,*,#2647,.F.);
#3513=ORIENTED_EDGE('',*,*,#2295,.T.);
#3514=ORIENTED_EDGE('',*,*,#2648,.T.);
#3515=ORIENTED_EDGE('',*,*,#2649,.F.);
#3516=ORIENTED_EDGE('',*,*,#2650,.F.);
#3517=ORIENTED_EDGE('',*,*,#2294,.T.);
#3518=ORIENTED_EDGE('',*,*,#2651,.T.);
#3519=ORIENTED_EDGE('',*,*,#2652,.F.);
#3520=ORIENTED_EDGE('',*,*,#2648,.F.);
#3521=ORIENTED_EDGE('',*,*,#2277,.F.);
#3522=ORIENTED_EDGE('',*,*,#2298,.T.);
#3523=ORIENTED_EDGE('',*,*,#2653,.F.);
#3524=ORIENTED_EDGE('',*,*,#2564,.T.);
#3525=ORIENTED_EDGE('',*,*,#2632,.T.);
#3526=ORIENTED_EDGE('',*,*,#2600,.T.);
#3527=ORIENTED_EDGE('',*,*,#2636,.T.);
#3528=ORIENTED_EDGE('',*,*,#2654,.T.);
#3529=ORIENTED_EDGE('',*,*,#2655,.T.);
#3530=ORIENTED_EDGE('',*,*,#2301,.T.);
#3531=ORIENTED_EDGE('',*,*,#2656,.T.);
#3532=ORIENTED_EDGE('',*,*,#2657,.T.);
#3533=ORIENTED_EDGE('',*,*,#2658,.T.);
#3534=ORIENTED_EDGE('',*,*,#2659,.T.);
#3535=ORIENTED_EDGE('',*,*,#2660,.T.);
#3536=ORIENTED_EDGE('',*,*,#2661,.T.);
#3537=ORIENTED_EDGE('',*,*,#2662,.T.);
#3538=ORIENTED_EDGE('',*,*,#2663,.T.);
#3539=ORIENTED_EDGE('',*,*,#2664,.T.);
#3540=ORIENTED_EDGE('',*,*,#2665,.T.);
#3541=ORIENTED_EDGE('',*,*,#2666,.T.);
#3542=ORIENTED_EDGE('',*,*,#2667,.T.);
#3543=ORIENTED_EDGE('',*,*,#2668,.T.);
#3544=ORIENTED_EDGE('',*,*,#2669,.T.);
#3545=ORIENTED_EDGE('',*,*,#2670,.T.);
#3546=ORIENTED_EDGE('',*,*,#2671,.T.);
#3547=ORIENTED_EDGE('',*,*,#2672,.T.);
#3548=ORIENTED_EDGE('',*,*,#2673,.T.);
#3549=ORIENTED_EDGE('',*,*,#2674,.T.);
#3550=ORIENTED_EDGE('',*,*,#2675,.T.);
#3551=ORIENTED_EDGE('',*,*,#2293,.T.);
#3552=ORIENTED_EDGE('',*,*,#2676,.F.);
#3553=ORIENTED_EDGE('',*,*,#2677,.F.);
#3554=ORIENTED_EDGE('',*,*,#2651,.F.);
#3555=ORIENTED_EDGE('',*,*,#2377,.T.);
#3556=ORIENTED_EDGE('',*,*,#2385,.T.);
#3557=ORIENTED_EDGE('',*,*,#2678,.F.);
#3558=ORIENTED_EDGE('',*,*,#2679,.T.);
#3559=ORIENTED_EDGE('',*,*,#2680,.F.);
#3560=ORIENTED_EDGE('',*,*,#2681,.F.);
#3561=ORIENTED_EDGE('',*,*,#2682,.T.);
#3562=ORIENTED_EDGE('',*,*,#2683,.F.);
#3563=ORIENTED_EDGE('',*,*,#2684,.T.);
#3564=ORIENTED_EDGE('',*,*,#2637,.F.);
#3565=ORIENTED_EDGE('',*,*,#2616,.T.);
#3566=ORIENTED_EDGE('',*,*,#2650,.T.);
#3567=ORIENTED_EDGE('',*,*,#2685,.F.);
#3568=ORIENTED_EDGE('',*,*,#2676,.T.);
#3569=ORIENTED_EDGE('',*,*,#2292,.T.);
#3570=ORIENTED_EDGE('',*,*,#2686,.T.);
#3571=ORIENTED_EDGE('',*,*,#2687,.F.);
#3572=ORIENTED_EDGE('',*,*,#2688,.F.);
#3573=ORIENTED_EDGE('',*,*,#2689,.T.);
#3574=ORIENTED_EDGE('',*,*,#2690,.T.);
#3575=ORIENTED_EDGE('',*,*,#2691,.T.);
#3576=ORIENTED_EDGE('',*,*,#2692,.T.);
#3577=ORIENTED_EDGE('',*,*,#2693,.T.);
#3578=ORIENTED_EDGE('',*,*,#2694,.T.);
#3579=ORIENTED_EDGE('',*,*,#2424,.F.);
#3580=ORIENTED_EDGE('',*,*,#2376,.T.);
#3581=ORIENTED_EDGE('',*,*,#2695,.T.);
#3582=ORIENTED_EDGE('',*,*,#2696,.T.);
#3583=ORIENTED_EDGE('',*,*,#2697,.T.);
#3584=ORIENTED_EDGE('',*,*,#2698,.T.);
#3585=ORIENTED_EDGE('',*,*,#2699,.T.);
#3586=ORIENTED_EDGE('',*,*,#2700,.T.);
#3587=ORIENTED_EDGE('',*,*,#2701,.T.);
#3588=ORIENTED_EDGE('',*,*,#2702,.T.);
#3589=ORIENTED_EDGE('',*,*,#2291,.T.);
#3590=ORIENTED_EDGE('',*,*,#2703,.T.);
#3591=ORIENTED_EDGE('',*,*,#2704,.F.);
#3592=ORIENTED_EDGE('',*,*,#2686,.F.);
#3593=ORIENTED_EDGE('',*,*,#2290,.T.);
#3594=ORIENTED_EDGE('',*,*,#2705,.F.);
#3595=ORIENTED_EDGE('',*,*,#2706,.F.);
#3596=ORIENTED_EDGE('',*,*,#2703,.F.);
#3597=ORIENTED_EDGE('',*,*,#2289,.T.);
#3598=ORIENTED_EDGE('',*,*,#2281,.F.);
#3599=ORIENTED_EDGE('',*,*,#2436,.F.);
#3600=ORIENTED_EDGE('',*,*,#2707,.T.);
#3601=ORIENTED_EDGE('',*,*,#2708,.T.);
#3602=ORIENTED_EDGE('',*,*,#2709,.T.);
#3603=ORIENTED_EDGE('',*,*,#2710,.T.);
#3604=ORIENTED_EDGE('',*,*,#2711,.T.);
#3605=ORIENTED_EDGE('',*,*,#2712,.T.);
#3606=ORIENTED_EDGE('',*,*,#2688,.T.);
#3607=ORIENTED_EDGE('',*,*,#2713,.T.);
#3608=ORIENTED_EDGE('',*,*,#2705,.T.);
#3609=ORIENTED_EDGE('',*,*,#2305,.F.);
#3610=ORIENTED_EDGE('',*,*,#2310,.T.);
#3611=ORIENTED_EDGE('',*,*,#2313,.F.);
#3612=ORIENTED_EDGE('',*,*,#2340,.T.);
#3613=ORIENTED_EDGE('',*,*,#2323,.F.);
#3614=ORIENTED_EDGE('',*,*,#2327,.T.);
#3615=ORIENTED_EDGE('',*,*,#2321,.F.);
#3616=ORIENTED_EDGE('',*,*,#2342,.T.);
#3617=ORIENTED_EDGE('',*,*,#2317,.F.);
#3618=ORIENTED_EDGE('',*,*,#2344,.T.);
#3619=ORIENTED_EDGE('',*,*,#2347,.T.);
#3620=ORIENTED_EDGE('',*,*,#2350,.T.);
#3621=ORIENTED_EDGE('',*,*,#2353,.T.);
#3622=ORIENTED_EDGE('',*,*,#2356,.T.);
#3623=ORIENTED_EDGE('',*,*,#2359,.T.);
#3624=ORIENTED_EDGE('',*,*,#2362,.T.);
#3625=ORIENTED_EDGE('',*,*,#2328,.T.);
#3626=ORIENTED_EDGE('',*,*,#2332,.T.);
#3627=ORIENTED_EDGE('',*,*,#2335,.T.);
#3628=ORIENTED_EDGE('',*,*,#2338,.T.);
#3629=ORIENTED_EDGE('',*,*,#2714,.T.);
#3630=ORIENTED_EDGE('',*,*,#2715,.T.);
#3631=ORIENTED_EDGE('',*,*,#2716,.T.);
#3632=ORIENTED_EDGE('',*,*,#2717,.T.);
#3633=ORIENTED_EDGE('',*,*,#2718,.T.);
#3634=ORIENTED_EDGE('',*,*,#2719,.T.);
#3635=ORIENTED_EDGE('',*,*,#2720,.T.);
#3636=ORIENTED_EDGE('',*,*,#2721,.T.);
#3637=ORIENTED_EDGE('',*,*,#2722,.T.);
#3638=ORIENTED_EDGE('',*,*,#2723,.T.);
#3639=ORIENTED_EDGE('',*,*,#2581,.T.);
#3640=ORIENTED_EDGE('',*,*,#2723,.F.);
#3641=ORIENTED_EDGE('',*,*,#2708,.F.);
#3642=ORIENTED_EDGE('',*,*,#2724,.T.);
#3643=ORIENTED_EDGE('',*,*,#2725,.T.);
#3644=ORIENTED_EDGE('',*,*,#2726,.T.);
#3645=ORIENTED_EDGE('',*,*,#2727,.T.);
#3646=ORIENTED_EDGE('',*,*,#2728,.T.);
#3647=ORIENTED_EDGE('',*,*,#2729,.T.);
#3648=ORIENTED_EDGE('',*,*,#2730,.T.);
#3649=ORIENTED_EDGE('',*,*,#2731,.T.);
#3650=ORIENTED_EDGE('',*,*,#2732,.T.);
#3651=ORIENTED_EDGE('',*,*,#2689,.F.);
#3652=ORIENTED_EDGE('',*,*,#2712,.F.);
#3653=ORIENTED_EDGE('',*,*,#2733,.F.);
#3654=ORIENTED_EDGE('',*,*,#2675,.F.);
#3655=ORIENTED_EDGE('',*,*,#2734,.T.);
#3656=ORIENTED_EDGE('',*,*,#2735,.F.);
#3657=ORIENTED_EDGE('',*,*,#2722,.F.);
#3658=ORIENTED_EDGE('',*,*,#2735,.T.);
#3659=ORIENTED_EDGE('',*,*,#2736,.T.);
#3660=ORIENTED_EDGE('',*,*,#2737,.T.);
#3661=ORIENTED_EDGE('',*,*,#2736,.F.);
#3662=ORIENTED_EDGE('',*,*,#2737,.F.);
#3663=ORIENTED_EDGE('',*,*,#2738,.T.);
#3664=ORIENTED_EDGE('',*,*,#2568,.F.);
#3665=ORIENTED_EDGE('',*,*,#2738,.F.);
#3666=ORIENTED_EDGE('',*,*,#2739,.T.);
#3667=ORIENTED_EDGE('',*,*,#2740,.T.);
#3668=ORIENTED_EDGE('',*,*,#2741,.T.);
#3669=ORIENTED_EDGE('',*,*,#2740,.F.);
#3670=ORIENTED_EDGE('',*,*,#2741,.F.);
#3671=ORIENTED_EDGE('',*,*,#2742,.T.);
#3672=ORIENTED_EDGE('',*,*,#2567,.F.);
#3673=ORIENTED_EDGE('',*,*,#2742,.F.);
#3674=ORIENTED_EDGE('',*,*,#2743,.T.);
#3675=ORIENTED_EDGE('',*,*,#2744,.T.);
#3676=ORIENTED_EDGE('',*,*,#2745,.T.);
#3677=ORIENTED_EDGE('',*,*,#2746,.T.);
#3678=ORIENTED_EDGE('',*,*,#2739,.F.);
#3679=ORIENTED_EDGE('',*,*,#2747,.T.);
#3680=ORIENTED_EDGE('',*,*,#2748,.T.);
#3681=ORIENTED_EDGE('',*,*,#2749,.T.);
#3682=ORIENTED_EDGE('',*,*,#2748,.F.);
#3683=ORIENTED_EDGE('',*,*,#2749,.F.);
#3684=ORIENTED_EDGE('',*,*,#2750,.T.);
#3685=ORIENTED_EDGE('',*,*,#2751,.F.);
#3686=ORIENTED_EDGE('',*,*,#2750,.F.);
#3687=ORIENTED_EDGE('',*,*,#2752,.T.);
#3688=ORIENTED_EDGE('',*,*,#2753,.T.);
#3689=ORIENTED_EDGE('',*,*,#2754,.T.);
#3690=ORIENTED_EDGE('',*,*,#2755,.T.);
#3691=ORIENTED_EDGE('',*,*,#2756,.T.);
#3692=ORIENTED_EDGE('',*,*,#2693,.F.);
#3693=ORIENTED_EDGE('',*,*,#2747,.F.);
#3694=ORIENTED_EDGE('',*,*,#2644,.T.);
#3695=ORIENTED_EDGE('',*,*,#2757,.T.);
#3696=ORIENTED_EDGE('',*,*,#2758,.T.);
#3697=ORIENTED_EDGE('',*,*,#2757,.F.);
#3698=ORIENTED_EDGE('',*,*,#2758,.F.);
#3699=ORIENTED_EDGE('',*,*,#2759,.T.);
#3700=ORIENTED_EDGE('',*,*,#2760,.F.);
#3701=ORIENTED_EDGE('',*,*,#2759,.F.);
#3702=ORIENTED_EDGE('',*,*,#2647,.T.);
#3703=ORIENTED_EDGE('',*,*,#2761,.T.);
#3704=ORIENTED_EDGE('',*,*,#2762,.T.);
#3705=ORIENTED_EDGE('',*,*,#2761,.F.);
#3706=ORIENTED_EDGE('',*,*,#2762,.F.);
#3707=ORIENTED_EDGE('',*,*,#2763,.T.);
#3708=ORIENTED_EDGE('',*,*,#2764,.F.);
#3709=ORIENTED_EDGE('',*,*,#2763,.F.);
#3710=ORIENTED_EDGE('',*,*,#2645,.T.);
#3711=ORIENTED_EDGE('',*,*,#2765,.T.);
#3712=ORIENTED_EDGE('',*,*,#2766,.T.);
#3713=ORIENTED_EDGE('',*,*,#2765,.F.);
#3714=ORIENTED_EDGE('',*,*,#2766,.F.);
#3715=ORIENTED_EDGE('',*,*,#2767,.T.);
#3716=ORIENTED_EDGE('',*,*,#2768,.F.);
#3717=ORIENTED_EDGE('',*,*,#2767,.F.);
#3718=ORIENTED_EDGE('',*,*,#2646,.T.);
#3719=ORIENTED_EDGE('',*,*,#2769,.T.);
#3720=ORIENTED_EDGE('',*,*,#2770,.T.);
#3721=ORIENTED_EDGE('',*,*,#2769,.F.);
#3722=ORIENTED_EDGE('',*,*,#2770,.F.);
#3723=ORIENTED_EDGE('',*,*,#2771,.T.);
#3724=ORIENTED_EDGE('',*,*,#2772,.F.);
#3725=ORIENTED_EDGE('',*,*,#2771,.F.);
#3726=ORIENTED_EDGE('',*,*,#2401,.T.);
#3727=ORIENTED_EDGE('',*,*,#2411,.T.);
#3728=ORIENTED_EDGE('',*,*,#2773,.F.);
#3729=ORIENTED_EDGE('',*,*,#2774,.T.);
#3730=ORIENTED_EDGE('',*,*,#2596,.T.);
#3731=ORIENTED_EDGE('',*,*,#2775,.F.);
#3732=ORIENTED_EDGE('',*,*,#2438,.F.);
#3733=ORIENTED_EDGE('',*,*,#2400,.T.);
#3734=ORIENTED_EDGE('',*,*,#2615,.T.);
#3735=ORIENTED_EDGE('',*,*,#2631,.T.);
#3736=ORIENTED_EDGE('',*,*,#2776,.T.);
#3737=ORIENTED_EDGE('',*,*,#2777,.T.);
#3738=ORIENTED_EDGE('',*,*,#2713,.F.);
#3739=ORIENTED_EDGE('',*,*,#2687,.T.);
#3740=ORIENTED_EDGE('',*,*,#2704,.T.);
#3741=ORIENTED_EDGE('',*,*,#2706,.T.);
#3742=ORIENTED_EDGE('',*,*,#2586,.T.);
#3743=ORIENTED_EDGE('',*,*,#2649,.T.);
#3744=ORIENTED_EDGE('',*,*,#2652,.T.);
#3745=ORIENTED_EDGE('',*,*,#2677,.T.);
#3746=ORIENTED_EDGE('',*,*,#2685,.T.);
#3747=ORIENTED_EDGE('',*,*,#2590,.T.);
#3748=ORIENTED_EDGE('',*,*,#2778,.F.);
#3749=ORIENTED_EDGE('',*,*,#2779,.F.);
#3750=ORIENTED_EDGE('',*,*,#2780,.T.);
#3751=ORIENTED_EDGE('',*,*,#2781,.T.);
#3752=ORIENTED_EDGE('',*,*,#2782,.T.);
#3753=ORIENTED_EDGE('',*,*,#2783,.F.);
#3754=ORIENTED_EDGE('',*,*,#2610,.T.);
#3755=ORIENTED_EDGE('',*,*,#2778,.T.);
#3756=ORIENTED_EDGE('',*,*,#2784,.F.);
#3757=ORIENTED_EDGE('',*,*,#2440,.F.);
#3758=ORIENTED_EDGE('',*,*,#2785,.T.);
#3759=ORIENTED_EDGE('',*,*,#2783,.T.);
#3760=ORIENTED_EDGE('',*,*,#2786,.F.);
#3761=ORIENTED_EDGE('',*,*,#2441,.F.);
#3762=ORIENTED_EDGE('',*,*,#2784,.T.);
#3763=ORIENTED_EDGE('',*,*,#2415,.T.);
#3764=ORIENTED_EDGE('',*,*,#2442,.F.);
#3765=ORIENTED_EDGE('',*,*,#2786,.T.);
#3766=ORIENTED_EDGE('',*,*,#2782,.F.);
#3767=ORIENTED_EDGE('',*,*,#2787,.T.);
#3768=ORIENTED_EDGE('',*,*,#2611,.T.);
#3769=ORIENTED_EDGE('',*,*,#2777,.F.);
#3770=ORIENTED_EDGE('',*,*,#2788,.T.);
#3771=ORIENTED_EDGE('',*,*,#2789,.F.);
#3772=ORIENTED_EDGE('',*,*,#2790,.T.);
#3773=ORIENTED_EDGE('',*,*,#2791,.F.);
#3774=ORIENTED_EDGE('',*,*,#2792,.F.);
#3775=ORIENTED_EDGE('',*,*,#2793,.T.);
#3776=ORIENTED_EDGE('',*,*,#2794,.F.);
#3777=ORIENTED_EDGE('',*,*,#2475,.F.);
#3778=ORIENTED_EDGE('',*,*,#2421,.T.);
#3779=ORIENTED_EDGE('',*,*,#2410,.F.);
#3780=ORIENTED_EDGE('',*,*,#2795,.T.);
#3781=ORIENTED_EDGE('',*,*,#2796,.T.);
#3782=ORIENTED_EDGE('',*,*,#2773,.T.);
#3783=ORIENTED_EDGE('',*,*,#2606,.T.);
#3784=ORIENTED_EDGE('',*,*,#2797,.F.);
#3785=ORIENTED_EDGE('',*,*,#2798,.T.);
#3786=ORIENTED_EDGE('',*,*,#2799,.F.);
#3787=ORIENTED_EDGE('',*,*,#2800,.F.);
#3788=ORIENTED_EDGE('',*,*,#2680,.T.);
#3789=ORIENTED_EDGE('',*,*,#2800,.T.);
#3790=ORIENTED_EDGE('',*,*,#2801,.T.);
#3791=ORIENTED_EDGE('',*,*,#2802,.F.);
#3792=ORIENTED_EDGE('',*,*,#2681,.T.);
#3793=ORIENTED_EDGE('',*,*,#2799,.T.);
#3794=ORIENTED_EDGE('',*,*,#2803,.T.);
#3795=ORIENTED_EDGE('',*,*,#2804,.T.);
#3796=ORIENTED_EDGE('',*,*,#2801,.F.);
#3797=ORIENTED_EDGE('',*,*,#2805,.F.);
#3798=ORIENTED_EDGE('',*,*,#2792,.T.);
#3799=ORIENTED_EDGE('',*,*,#2806,.F.);
#3800=ORIENTED_EDGE('',*,*,#2807,.F.);
#3801=ORIENTED_EDGE('',*,*,#2626,.T.);
#3802=ORIENTED_EDGE('',*,*,#2807,.T.);
#3803=ORIENTED_EDGE('',*,*,#2808,.F.);
#3804=ORIENTED_EDGE('',*,*,#2809,.T.);
#3805=ORIENTED_EDGE('',*,*,#2627,.T.);
#3806=ORIENTED_EDGE('',*,*,#2603,.T.);
#3807=ORIENTED_EDGE('',*,*,#2787,.F.);
#3808=ORIENTED_EDGE('',*,*,#2781,.F.);
#3809=ORIENTED_EDGE('',*,*,#2810,.F.);
#3810=ORIENTED_EDGE('',*,*,#2594,.T.);
#3811=ORIENTED_EDGE('',*,*,#2810,.T.);
#3812=ORIENTED_EDGE('',*,*,#2780,.F.);
#3813=ORIENTED_EDGE('',*,*,#2811,.F.);
#3814=ORIENTED_EDGE('',*,*,#2598,.T.);
#3815=ORIENTED_EDGE('',*,*,#2812,.T.);
#3816=ORIENTED_EDGE('',*,*,#2795,.F.);
#3817=ORIENTED_EDGE('',*,*,#2409,.F.);
#3818=ORIENTED_EDGE('',*,*,#2597,.T.);
#3819=ORIENTED_EDGE('',*,*,#2774,.F.);
#3820=ORIENTED_EDGE('',*,*,#2796,.F.);
#3821=ORIENTED_EDGE('',*,*,#2812,.F.);
#3822=ORIENTED_EDGE('',*,*,#2620,.T.);
#3823=ORIENTED_EDGE('',*,*,#2641,.F.);
#3824=ORIENTED_EDGE('',*,*,#2813,.F.);
#3825=ORIENTED_EDGE('',*,*,#2565,.T.);
#3826=ORIENTED_EDGE('',*,*,#2653,.T.);
#3827=ORIENTED_EDGE('',*,*,#2297,.T.);
#3828=ORIENTED_EDGE('',*,*,#2814,.T.);
#3829=ORIENTED_EDGE('',*,*,#2815,.T.);
#3830=ORIENTED_EDGE('',*,*,#2816,.T.);
#3831=ORIENTED_EDGE('',*,*,#2817,.T.);
#3832=ORIENTED_EDGE('',*,*,#2818,.T.);
#3833=ORIENTED_EDGE('',*,*,#2819,.T.);
#3834=ORIENTED_EDGE('',*,*,#2820,.T.);
#3835=ORIENTED_EDGE('',*,*,#2821,.T.);
#3836=ORIENTED_EDGE('',*,*,#2822,.T.);
#3837=ORIENTED_EDGE('',*,*,#2823,.T.);
#3838=ORIENTED_EDGE('',*,*,#2824,.T.);
#3839=ORIENTED_EDGE('',*,*,#2825,.T.);
#3840=ORIENTED_EDGE('',*,*,#2826,.F.);
#3841=ORIENTED_EDGE('',*,*,#2622,.F.);
#3842=ORIENTED_EDGE('',*,*,#2643,.F.);
#3843=ORIENTED_EDGE('',*,*,#2827,.T.);
#3844=ORIENTED_EDGE('',*,*,#2826,.T.);
#3845=ORIENTED_EDGE('',*,*,#2828,.T.);
#3846=ORIENTED_EDGE('',*,*,#2382,.T.);
#3847=ORIENTED_EDGE('',*,*,#2829,.T.);
#3848=ORIENTED_EDGE('',*,*,#2830,.T.);
#3849=ORIENTED_EDGE('',*,*,#2831,.T.);
#3850=ORIENTED_EDGE('',*,*,#2478,.T.);
#3851=ORIENTED_EDGE('',*,*,#2623,.T.);
#3852=ORIENTED_EDGE('',*,*,#2802,.T.);
#3853=ORIENTED_EDGE('',*,*,#2804,.F.);
#3854=ORIENTED_EDGE('',*,*,#2832,.T.);
#3855=ORIENTED_EDGE('',*,*,#2833,.F.);
#3856=ORIENTED_EDGE('',*,*,#2682,.F.);
#3857=ORIENTED_EDGE('',*,*,#2806,.T.);
#3858=ORIENTED_EDGE('',*,*,#2791,.T.);
#3859=ORIENTED_EDGE('',*,*,#2834,.F.);
#3860=ORIENTED_EDGE('',*,*,#2808,.T.);
#3861=ORIENTED_EDGE('',*,*,#2835,.T.);
#3862=ORIENTED_EDGE('',*,*,#2629,.T.);
#3863=ORIENTED_EDGE('',*,*,#2836,.T.);
#3864=ORIENTED_EDGE('',*,*,#2789,.T.);
#3865=ORIENTED_EDGE('',*,*,#2764,.T.);
#3866=ORIENTED_EDGE('',*,*,#2476,.F.);
#3867=ORIENTED_EDGE('',*,*,#2794,.T.);
#3868=ORIENTED_EDGE('',*,*,#2837,.T.);
#3869=ORIENTED_EDGE('',*,*,#2624,.T.);
#3870=ORIENTED_EDGE('',*,*,#2760,.T.);
#3871=ORIENTED_EDGE('',*,*,#2833,.T.);
#3872=ORIENTED_EDGE('',*,*,#2838,.T.);
#3873=ORIENTED_EDGE('',*,*,#2839,.T.);
#3874=ORIENTED_EDGE('',*,*,#2683,.T.);
#3875=ORIENTED_EDGE('',*,*,#2768,.T.);
#3876=ORIENTED_EDGE('',*,*,#2384,.F.);
#3877=ORIENTED_EDGE('',*,*,#2840,.T.);
#3878=ORIENTED_EDGE('',*,*,#2841,.T.);
#3879=ORIENTED_EDGE('',*,*,#2678,.T.);
#3880=ORIENTED_EDGE('',*,*,#2772,.T.);
#3881=ORIENTED_EDGE('',*,*,#2797,.T.);
#3882=ORIENTED_EDGE('',*,*,#2679,.F.);
#3883=ORIENTED_EDGE('',*,*,#2841,.F.);
#3884=ORIENTED_EDGE('',*,*,#2842,.F.);
#3885=ORIENTED_EDGE('',*,*,#2751,.T.);
#3886=ORIENTED_EDGE('',*,*,#2566,.T.);
#3887=ORIENTED_EDGE('',*,*,#2813,.T.);
#3888=ORIENTED_EDGE('',*,*,#2640,.F.);
#3889=ORIENTED_EDGE('',*,*,#2633,.F.);
#3890=ORIENTED_EDGE('',*,*,#2843,.T.);
#3891=ORIENTED_EDGE('',*,*,#2844,.T.);
#3892=ORIENTED_EDGE('',*,*,#2845,.T.);
#3893=ORIENTED_EDGE('',*,*,#2846,.T.);
#3894=ORIENTED_EDGE('',*,*,#2847,.T.);
#3895=ORIENTED_EDGE('',*,*,#2848,.T.);
#3896=ORIENTED_EDGE('',*,*,#2849,.T.);
#3897=ORIENTED_EDGE('',*,*,#2850,.T.);
#3898=ORIENTED_EDGE('',*,*,#2656,.F.);
#3899=ORIENTED_EDGE('',*,*,#2851,.T.);
#3900=ORIENTED_EDGE('',*,*,#2413,.F.);
#3901=ORIENTED_EDGE('',*,*,#2851,.F.);
#3902=ORIENTED_EDGE('',*,*,#2666,.F.);
#3903=ORIENTED_EDGE('',*,*,#2852,.T.);
#3904=ORIENTED_EDGE('',*,*,#2412,.F.);
#3905=ORIENTED_EDGE('',*,*,#2852,.F.);
#3906=ORIENTED_EDGE('',*,*,#2406,.F.);
#3907=ORIENTED_EDGE('',*,*,#2853,.F.);
#3908=ORIENTED_EDGE('',*,*,#2654,.F.);
#3909=ORIENTED_EDGE('',*,*,#2635,.T.);
#3910=ORIENTED_EDGE('',*,*,#2302,.T.);
#3911=ORIENTED_EDGE('',*,*,#2655,.F.);
#3912=ORIENTED_EDGE('',*,*,#2853,.T.);
#3913=ORIENTED_EDGE('',*,*,#2405,.F.);
#3914=ORIENTED_EDGE('',*,*,#2450,.F.);
#3915=ORIENTED_EDGE('',*,*,#2854,.T.);
#3916=ORIENTED_EDGE('',*,*,#2743,.F.);
#3917=ORIENTED_EDGE('',*,*,#2855,.F.);
#3918=ORIENTED_EDGE('',*,*,#2449,.F.);
#3919=ORIENTED_EDGE('',*,*,#2856,.T.);
#3920=ORIENTED_EDGE('',*,*,#2744,.F.);
#3921=ORIENTED_EDGE('',*,*,#2854,.F.);
#3922=ORIENTED_EDGE('',*,*,#2448,.F.);
#3923=ORIENTED_EDGE('',*,*,#2857,.T.);
#3924=ORIENTED_EDGE('',*,*,#2745,.F.);
#3925=ORIENTED_EDGE('',*,*,#2856,.F.);
#3926=ORIENTED_EDGE('',*,*,#2447,.F.);
#3927=ORIENTED_EDGE('',*,*,#2855,.T.);
#3928=ORIENTED_EDGE('',*,*,#2746,.F.);
#3929=ORIENTED_EDGE('',*,*,#2857,.F.);
#3930=ORIENTED_EDGE('',*,*,#2426,.F.);
#3931=ORIENTED_EDGE('',*,*,#2858,.T.);
#3932=ORIENTED_EDGE('',*,*,#2755,.F.);
#3933=ORIENTED_EDGE('',*,*,#2859,.F.);
#3934=ORIENTED_EDGE('',*,*,#2427,.F.);
#3935=ORIENTED_EDGE('',*,*,#2859,.T.);
#3936=ORIENTED_EDGE('',*,*,#2754,.F.);
#3937=ORIENTED_EDGE('',*,*,#2860,.F.);
#3938=ORIENTED_EDGE('',*,*,#2861,.F.);
#3939=ORIENTED_EDGE('',*,*,#2862,.F.);
#3940=ORIENTED_EDGE('',*,*,#2818,.F.);
#3941=ORIENTED_EDGE('',*,*,#2863,.T.);
#3942=ORIENTED_EDGE('',*,*,#2864,.T.);
#3943=ORIENTED_EDGE('',*,*,#2861,.T.);
#3944=ORIENTED_EDGE('',*,*,#2865,.T.);
#3945=ORIENTED_EDGE('',*,*,#2731,.F.);
#3946=ORIENTED_EDGE('',*,*,#2866,.F.);
#3947=ORIENTED_EDGE('',*,*,#2428,.F.);
#3948=ORIENTED_EDGE('',*,*,#2860,.T.);
#3949=ORIENTED_EDGE('',*,*,#2753,.F.);
#3950=ORIENTED_EDGE('',*,*,#2429,.F.);
#3951=ORIENTED_EDGE('',*,*,#2866,.T.);
#3952=ORIENTED_EDGE('',*,*,#2730,.F.);
#3953=ORIENTED_EDGE('',*,*,#2867,.F.);
#3954=ORIENTED_EDGE('',*,*,#2430,.F.);
#3955=ORIENTED_EDGE('',*,*,#2867,.T.);
#3956=ORIENTED_EDGE('',*,*,#2729,.F.);
#3957=ORIENTED_EDGE('',*,*,#2868,.F.);
#3958=ORIENTED_EDGE('',*,*,#2431,.F.);
#3959=ORIENTED_EDGE('',*,*,#2868,.T.);
#3960=ORIENTED_EDGE('',*,*,#2728,.F.);
#3961=ORIENTED_EDGE('',*,*,#2869,.F.);
#3962=ORIENTED_EDGE('',*,*,#2432,.F.);
#3963=ORIENTED_EDGE('',*,*,#2869,.T.);
#3964=ORIENTED_EDGE('',*,*,#2727,.F.);
#3965=ORIENTED_EDGE('',*,*,#2870,.F.);
#3966=ORIENTED_EDGE('',*,*,#2433,.F.);
#3967=ORIENTED_EDGE('',*,*,#2870,.T.);
#3968=ORIENTED_EDGE('',*,*,#2726,.F.);
#3969=ORIENTED_EDGE('',*,*,#2871,.F.);
#3970=ORIENTED_EDGE('',*,*,#2434,.F.);
#3971=ORIENTED_EDGE('',*,*,#2871,.T.);
#3972=ORIENTED_EDGE('',*,*,#2725,.F.);
#3973=ORIENTED_EDGE('',*,*,#2872,.F.);
#3974=ORIENTED_EDGE('',*,*,#2717,.F.);
#3975=ORIENTED_EDGE('',*,*,#2873,.F.);
#3976=ORIENTED_EDGE('',*,*,#2669,.F.);
#3977=ORIENTED_EDGE('',*,*,#2874,.T.);
#3978=ORIENTED_EDGE('',*,*,#2716,.F.);
#3979=ORIENTED_EDGE('',*,*,#2875,.F.);
#3980=ORIENTED_EDGE('',*,*,#2670,.F.);
#3981=ORIENTED_EDGE('',*,*,#2873,.T.);
#3982=ORIENTED_EDGE('',*,*,#2715,.F.);
#3983=ORIENTED_EDGE('',*,*,#2876,.F.);
#3984=ORIENTED_EDGE('',*,*,#2671,.F.);
#3985=ORIENTED_EDGE('',*,*,#2875,.T.);
#3986=ORIENTED_EDGE('',*,*,#2714,.F.);
#3987=ORIENTED_EDGE('',*,*,#2874,.F.);
#3988=ORIENTED_EDGE('',*,*,#2668,.F.);
#3989=ORIENTED_EDGE('',*,*,#2876,.T.);
#3990=ORIENTED_EDGE('',*,*,#2667,.F.);
#3991=ORIENTED_EDGE('',*,*,#2877,.T.);
#3992=ORIENTED_EDGE('',*,*,#2364,.F.);
#3993=ORIENTED_EDGE('',*,*,#2877,.F.);
#3994=ORIENTED_EDGE('',*,*,#2878,.F.);
#3995=ORIENTED_EDGE('',*,*,#2663,.F.);
#3996=ORIENTED_EDGE('',*,*,#2879,.T.);
#3997=ORIENTED_EDGE('',*,*,#2366,.F.);
#3998=ORIENTED_EDGE('',*,*,#2880,.F.);
#3999=ORIENTED_EDGE('',*,*,#2664,.F.);
#4000=ORIENTED_EDGE('',*,*,#2878,.T.);
#4001=ORIENTED_EDGE('',*,*,#2365,.F.);
#4002=ORIENTED_EDGE('',*,*,#2881,.F.);
#4003=ORIENTED_EDGE('',*,*,#2665,.F.);
#4004=ORIENTED_EDGE('',*,*,#2880,.T.);
#4005=ORIENTED_EDGE('',*,*,#2368,.F.);
#4006=ORIENTED_EDGE('',*,*,#2879,.F.);
#4007=ORIENTED_EDGE('',*,*,#2662,.F.);
#4008=ORIENTED_EDGE('',*,*,#2881,.T.);
#4009=ORIENTED_EDGE('',*,*,#2367,.F.);
#4010=ORIENTED_EDGE('',*,*,#2721,.F.);
#4011=ORIENTED_EDGE('',*,*,#2882,.F.);
#4012=ORIENTED_EDGE('',*,*,#2659,.F.);
#4013=ORIENTED_EDGE('',*,*,#2883,.T.);
#4014=ORIENTED_EDGE('',*,*,#2720,.F.);
#4015=ORIENTED_EDGE('',*,*,#2884,.F.);
#4016=ORIENTED_EDGE('',*,*,#2660,.F.);
#4017=ORIENTED_EDGE('',*,*,#2882,.T.);
#4018=ORIENTED_EDGE('',*,*,#2719,.F.);
#4019=ORIENTED_EDGE('',*,*,#2885,.F.);
#4020=ORIENTED_EDGE('',*,*,#2661,.F.);
#4021=ORIENTED_EDGE('',*,*,#2884,.T.);
#4022=ORIENTED_EDGE('',*,*,#2718,.F.);
#4023=ORIENTED_EDGE('',*,*,#2883,.F.);
#4024=ORIENTED_EDGE('',*,*,#2658,.F.);
#4025=ORIENTED_EDGE('',*,*,#2885,.T.);
#4026=ORIENTED_EDGE('',*,*,#2657,.F.);
#4027=ORIENTED_EDGE('',*,*,#2886,.T.);
#4028=ORIENTED_EDGE('',*,*,#2369,.F.);
#4029=ORIENTED_EDGE('',*,*,#2886,.F.);
#4030=ORIENTED_EDGE('',*,*,#2435,.F.);
#4031=ORIENTED_EDGE('',*,*,#2872,.T.);
#4032=ORIENTED_EDGE('',*,*,#2724,.F.);
#4033=ORIENTED_EDGE('',*,*,#2707,.F.);
#4034=ORIENTED_EDGE('',*,*,#2711,.F.);
#4035=ORIENTED_EDGE('',*,*,#2887,.F.);
#4036=ORIENTED_EDGE('',*,*,#2672,.F.);
#4037=ORIENTED_EDGE('',*,*,#2733,.T.);
#4038=ORIENTED_EDGE('',*,*,#2710,.F.);
#4039=ORIENTED_EDGE('',*,*,#2888,.F.);
#4040=ORIENTED_EDGE('',*,*,#2673,.F.);
#4041=ORIENTED_EDGE('',*,*,#2887,.T.);
#4042=ORIENTED_EDGE('',*,*,#2709,.F.);
#4043=ORIENTED_EDGE('',*,*,#2734,.F.);
#4044=ORIENTED_EDGE('',*,*,#2674,.F.);
#4045=ORIENTED_EDGE('',*,*,#2888,.T.);
#4046=ORIENTED_EDGE('',*,*,#2387,.F.);
#4047=ORIENTED_EDGE('',*,*,#2889,.F.);
#4048=ORIENTED_EDGE('',*,*,#2850,.F.);
#4049=ORIENTED_EDGE('',*,*,#2890,.T.);
#4050=ORIENTED_EDGE('',*,*,#2386,.F.);
#4051=ORIENTED_EDGE('',*,*,#2890,.F.);
#4052=ORIENTED_EDGE('',*,*,#2849,.F.);
#4053=ORIENTED_EDGE('',*,*,#2889,.T.);
#4054=ORIENTED_EDGE('',*,*,#2389,.F.);
#4055=ORIENTED_EDGE('',*,*,#2891,.F.);
#4056=ORIENTED_EDGE('',*,*,#2848,.F.);
#4057=ORIENTED_EDGE('',*,*,#2892,.T.);
#4058=ORIENTED_EDGE('',*,*,#2388,.F.);
#4059=ORIENTED_EDGE('',*,*,#2892,.F.);
#4060=ORIENTED_EDGE('',*,*,#2847,.F.);
#4061=ORIENTED_EDGE('',*,*,#2891,.T.);
#4062=ORIENTED_EDGE('',*,*,#2391,.F.);
#4063=ORIENTED_EDGE('',*,*,#2893,.F.);
#4064=ORIENTED_EDGE('',*,*,#2846,.F.);
#4065=ORIENTED_EDGE('',*,*,#2894,.T.);
#4066=ORIENTED_EDGE('',*,*,#2390,.F.);
#4067=ORIENTED_EDGE('',*,*,#2894,.F.);
#4068=ORIENTED_EDGE('',*,*,#2845,.F.);
#4069=ORIENTED_EDGE('',*,*,#2893,.T.);
#4070=ORIENTED_EDGE('',*,*,#2393,.F.);
#4071=ORIENTED_EDGE('',*,*,#2895,.F.);
#4072=ORIENTED_EDGE('',*,*,#2844,.F.);
#4073=ORIENTED_EDGE('',*,*,#2896,.T.);
#4074=ORIENTED_EDGE('',*,*,#2392,.F.);
#4075=ORIENTED_EDGE('',*,*,#2896,.F.);
#4076=ORIENTED_EDGE('',*,*,#2843,.F.);
#4077=ORIENTED_EDGE('',*,*,#2895,.T.);
#4078=ORIENTED_EDGE('',*,*,#2595,.T.);
#4079=ORIENTED_EDGE('',*,*,#2811,.T.);
#4080=ORIENTED_EDGE('',*,*,#2779,.T.);
#4081=ORIENTED_EDGE('',*,*,#2785,.F.);
#4082=ORIENTED_EDGE('',*,*,#2439,.F.);
#4083=ORIENTED_EDGE('',*,*,#2775,.T.);
#4084=ORIENTED_EDGE('',*,*,#2284,.F.);
#4085=ORIENTED_EDGE('',*,*,#2288,.F.);
#4086=ORIENTED_EDGE('',*,*,#2437,.F.);
#4087=ORIENTED_EDGE('',*,*,#2279,.T.);
#4088=ORIENTED_EDGE('',*,*,#2825,.F.);
#4089=ORIENTED_EDGE('',*,*,#2897,.T.);
#4090=ORIENTED_EDGE('',*,*,#2695,.F.);
#4091=ORIENTED_EDGE('',*,*,#2897,.F.);
#4092=ORIENTED_EDGE('',*,*,#2699,.F.);
#4093=ORIENTED_EDGE('',*,*,#2898,.F.);
#4094=ORIENTED_EDGE('',*,*,#2822,.F.);
#4095=ORIENTED_EDGE('',*,*,#2899,.T.);
#4096=ORIENTED_EDGE('',*,*,#2698,.F.);
#4097=ORIENTED_EDGE('',*,*,#2900,.F.);
#4098=ORIENTED_EDGE('',*,*,#2823,.F.);
#4099=ORIENTED_EDGE('',*,*,#2898,.T.);
#4100=ORIENTED_EDGE('',*,*,#2697,.F.);
#4101=ORIENTED_EDGE('',*,*,#2901,.F.);
#4102=ORIENTED_EDGE('',*,*,#2824,.F.);
#4103=ORIENTED_EDGE('',*,*,#2900,.T.);
#4104=ORIENTED_EDGE('',*,*,#2696,.F.);
#4105=ORIENTED_EDGE('',*,*,#2899,.F.);
#4106=ORIENTED_EDGE('',*,*,#2821,.F.);
#4107=ORIENTED_EDGE('',*,*,#2901,.T.);
#4108=ORIENTED_EDGE('',*,*,#2820,.F.);
#4109=ORIENTED_EDGE('',*,*,#2902,.T.);
#4110=ORIENTED_EDGE('',*,*,#2700,.F.);
#4111=ORIENTED_EDGE('',*,*,#2902,.F.);
#4112=ORIENTED_EDGE('',*,*,#2819,.F.);
#4113=ORIENTED_EDGE('',*,*,#2903,.T.);
#4114=ORIENTED_EDGE('',*,*,#2701,.F.);
#4115=ORIENTED_EDGE('',*,*,#2903,.F.);
#4116=ORIENTED_EDGE('',*,*,#2814,.F.);
#4117=ORIENTED_EDGE('',*,*,#2904,.T.);
#4118=ORIENTED_EDGE('',*,*,#2702,.F.);
#4119=ORIENTED_EDGE('',*,*,#2904,.F.);
#4120=ORIENTED_EDGE('',*,*,#2425,.F.);
#4121=ORIENTED_EDGE('',*,*,#2694,.F.);
#4122=ORIENTED_EDGE('',*,*,#2756,.F.);
#4123=ORIENTED_EDGE('',*,*,#2858,.F.);
#4124=ORIENTED_EDGE('',*,*,#2692,.F.);
#4125=ORIENTED_EDGE('',*,*,#2905,.F.);
#4126=ORIENTED_EDGE('',*,*,#2815,.F.);
#4127=ORIENTED_EDGE('',*,*,#2862,.T.);
#4128=ORIENTED_EDGE('',*,*,#2864,.F.);
#4129=ORIENTED_EDGE('',*,*,#2752,.F.);
#4130=ORIENTED_EDGE('',*,*,#2691,.F.);
#4131=ORIENTED_EDGE('',*,*,#2906,.F.);
#4132=ORIENTED_EDGE('',*,*,#2816,.F.);
#4133=ORIENTED_EDGE('',*,*,#2905,.T.);
#4134=ORIENTED_EDGE('',*,*,#2690,.F.);
#4135=ORIENTED_EDGE('',*,*,#2732,.F.);
#4136=ORIENTED_EDGE('',*,*,#2865,.F.);
#4137=ORIENTED_EDGE('',*,*,#2863,.F.);
#4138=ORIENTED_EDGE('',*,*,#2817,.F.);
#4139=ORIENTED_EDGE('',*,*,#2906,.T.);
#4140=ORIENTED_EDGE('',*,*,#2444,.F.);
#4141=ORIENTED_EDGE('',*,*,#2479,.T.);
#4142=ORIENTED_EDGE('',*,*,#2831,.F.);
#4143=ORIENTED_EDGE('',*,*,#2907,.F.);
#4144=ORIENTED_EDGE('',*,*,#2445,.F.);
#4145=ORIENTED_EDGE('',*,*,#2907,.T.);
#4146=ORIENTED_EDGE('',*,*,#2830,.F.);
#4147=ORIENTED_EDGE('',*,*,#2908,.F.);
#4148=ORIENTED_EDGE('',*,*,#2446,.F.);
#4149=ORIENTED_EDGE('',*,*,#2908,.T.);
#4150=ORIENTED_EDGE('',*,*,#2829,.F.);
#4151=ORIENTED_EDGE('',*,*,#2381,.F.);
#4152=ORIENTED_EDGE('',*,*,#2618,.T.);
#4153=ORIENTED_EDGE('',*,*,#2639,.F.);
#4154=ORIENTED_EDGE('',*,*,#2909,.T.);
#4155=ORIENTED_EDGE('',*,*,#2838,.F.);
#4156=ORIENTED_EDGE('',*,*,#2832,.F.);
#4157=ORIENTED_EDGE('',*,*,#2803,.F.);
#4158=ORIENTED_EDGE('',*,*,#2798,.F.);
#4159=ORIENTED_EDGE('',*,*,#2842,.T.);
#4160=ORIENTED_EDGE('',*,*,#2840,.F.);
#4161=ORIENTED_EDGE('',*,*,#2383,.F.);
#4162=ORIENTED_EDGE('',*,*,#2828,.F.);
#4163=ORIENTED_EDGE('',*,*,#2827,.F.);
#4164=ORIENTED_EDGE('',*,*,#2642,.F.);
#4165=ORIENTED_EDGE('',*,*,#2684,.F.);
#4166=ORIENTED_EDGE('',*,*,#2839,.F.);
#4167=ORIENTED_EDGE('',*,*,#2909,.F.);
#4168=ORIENTED_EDGE('',*,*,#2638,.F.);
#4169=ORIENTED_EDGE('',*,*,#2776,.F.);
#4170=ORIENTED_EDGE('',*,*,#2630,.T.);
#4171=ORIENTED_EDGE('',*,*,#2835,.F.);
#4172=ORIENTED_EDGE('',*,*,#2788,.F.);
#4173=ORIENTED_EDGE('',*,*,#2834,.T.);
#4174=ORIENTED_EDGE('',*,*,#2790,.F.);
#4175=ORIENTED_EDGE('',*,*,#2836,.F.);
#4176=ORIENTED_EDGE('',*,*,#2628,.F.);
#4177=ORIENTED_EDGE('',*,*,#2809,.F.);
#4178=ORIENTED_EDGE('',*,*,#2805,.T.);
#4179=ORIENTED_EDGE('',*,*,#2625,.T.);
#4180=ORIENTED_EDGE('',*,*,#2837,.F.);
#4181=ORIENTED_EDGE('',*,*,#2793,.F.);
#4182=PLANE('',#4609);
#4183=PLANE('',#4610);
#4184=PLANE('',#4611);
#4185=PLANE('',#4612);
#4186=PLANE('',#4613);
#4187=PLANE('',#4616);
#4188=PLANE('',#4617);
#4189=PLANE('',#4618);
#4190=PLANE('',#4619);
#4191=PLANE('',#4620);
#4192=PLANE('',#4621);
#4193=PLANE('',#4622);
#4194=PLANE('',#4623);
#4195=PLANE('',#4624);
#4196=PLANE('',#4625);
#4197=PLANE('',#4626);
#4198=PLANE('',#4627);
#4199=PLANE('',#4628);
#4200=PLANE('',#4629);
#4201=PLANE('',#4630);
#4202=PLANE('',#4631);
#4203=PLANE('',#4632);
#4204=PLANE('',#4633);
#4205=PLANE('',#4634);
#4206=PLANE('',#4635);
#4207=PLANE('',#4636);
#4208=PLANE('',#4637);
#4209=PLANE('',#4640);
#4210=PLANE('',#4641);
#4211=PLANE('',#4642);
#4212=PLANE('',#4644);
#4213=PLANE('',#4649);
#4214=PLANE('',#4650);
#4215=PLANE('',#4651);
#4216=PLANE('',#4653);
#4217=PLANE('',#4656);
#4218=PLANE('',#4657);
#4219=PLANE('',#4658);
#4220=PLANE('',#4660);
#4221=PLANE('',#4661);
#4222=PLANE('',#4667);
#4223=PLANE('',#4673);
#4224=PLANE('',#4674);
#4225=PLANE('',#4675);
#4226=PLANE('',#4679);
#4227=PLANE('',#4683);
#4228=PLANE('',#4684);
#4229=PLANE('',#4685);
#4230=PLANE('',#4686);
#4231=PLANE('',#4687);
#4232=PLANE('',#4688);
#4233=PLANE('',#4689);
#4234=PLANE('',#4690);
#4235=PLANE('',#4691);
#4236=PLANE('',#4692);
#4237=PLANE('',#4693);
#4238=PLANE('',#4694);
#4239=PLANE('',#4695);
#4240=PLANE('',#4696);
#4241=PLANE('',#4697);
#4242=PLANE('',#4698);
#4243=PLANE('',#4699);
#4244=PLANE('',#4700);
#4245=PLANE('',#4701);
#4246=PLANE('',#4702);
#4247=PLANE('',#4703);
#4248=PLANE('',#4704);
#4249=PLANE('',#4705);
#4250=PLANE('',#4706);
#4251=PLANE('',#4707);
#4252=PLANE('',#4708);
#4253=PLANE('',#4709);
#4254=PLANE('',#4710);
#4255=PLANE('',#4711);
#4256=PLANE('',#4712);
#4257=PLANE('',#4713);
#4258=PLANE('',#4714);
#4259=PLANE('',#4715);
#4260=PLANE('',#4719);
#4261=PLANE('',#4747);
#4262=PLANE('',#4755);
#4263=PLANE('',#4756);
#4264=PLANE('',#4757);
#4265=PLANE('',#4758);
#4266=PLANE('',#4759);
#4267=PLANE('',#4760);
#4268=PLANE('',#4761);
#4269=PLANE('',#4766);
#4270=PLANE('',#4767);
#4271=PLANE('',#4768);
#4272=PLANE('',#4773);
#4273=PLANE('',#4774);
#4274=PLANE('',#4779);
#4275=PLANE('',#4780);
#4276=PLANE('',#4781);
#4277=PLANE('',#4784);
#4278=PLANE('',#4793);
#4279=PLANE('',#4799);
#4280=PLANE('',#4816);
#4281=PLANE('',#4817);
#4282=PLANE('',#4818);
#4283=PLANE('',#4819);
#4284=PLANE('',#4820);
#4285=PLANE('',#4821);
#4286=PLANE('',#4822);
#4287=PLANE('',#4823);
#4288=PLANE('',#4824);
#4289=PLANE('',#4825);
#4290=PLANE('',#4826);
#4291=PLANE('',#4827);
#4292=PLANE('',#4828);
#4293=PLANE('',#4829);
#4294=PLANE('',#4830);
#4295=PLANE('',#4831);
#4296=PLANE('',#4832);
#4297=PLANE('',#4833);
#4298=PLANE('',#4834);
#4299=PLANE('',#4839);
#4300=PLANE('',#4840);
#4301=PLANE('',#4841);
#4302=PLANE('',#4842);
#4303=PLANE('',#4843);
#4304=PLANE('',#4844);
#4305=PLANE('',#4845);
#4306=PLANE('',#4846);
#4307=PLANE('',#4847);
#4308=PLANE('',#4848);
#4309=PLANE('',#4849);
#4310=PLANE('',#4856);
#4311=PLANE('',#4857);
#4312=PLANE('',#4858);
#4313=PLANE('',#4859);
#4314=PLANE('',#4860);
#4315=PLANE('',#4861);
#4316=PLANE('',#4862);
#4317=PLANE('',#4863);
#4318=PLANE('',#4864);
#4319=PLANE('',#4865);
#4320=PLANE('',#4866);
#4321=PLANE('',#4867);
#4322=PLANE('',#4868);
#4323=PLANE('',#4869);
#4324=PLANE('',#4870);
#4325=PLANE('',#4871);
#4326=PLANE('',#4872);
#4327=PLANE('',#4873);
#4328=PLANE('',#4874);
#4329=PLANE('',#4875);
#4330=PLANE('',#4877);
#4331=PLANE('',#4878);
#4332=PLANE('',#4879);
#4333=PLANE('',#4880);
#4334=PLANE('',#4881);
#4335=PLANE('',#4882);
#4336=PLANE('',#4883);
#4337=PLANE('',#4884);
#4338=PLANE('',#4886);
#4339=PLANE('',#4887);
#4340=PLANE('',#4888);
#4341=PLANE('',#4889);
#4342=PLANE('',#4890);
#4343=PLANE('',#4892);
#4344=PLANE('',#4894);
#4345=PLANE('',#4896);
#4346=PLANE('',#4898);
#4347=PLANE('',#4899);
#4348=PLANE('',#4901);
#4349=PLANE('',#4902);
#4350=PLANE('',#4903);
#4351=PLANE('',#4904);
#4352=PLANE('',#4908);
#4353=PLANE('',#4909);
#4354=PLANE('',#4910);
#4355=PLANE('',#4911);
#4356=PLANE('',#4912);
#4357=PLANE('',#4913);
#4358=PLANE('',#4914);
#4359=PLANE('',#4915);
#4360=PLANE('',#4916);
#4361=PLANE('',#4917);
#4362=PLANE('',#4918);
#4363=PLANE('',#4919);
#4364=ADVANCED_FACE('',(#215),#4182,.T.);
#4365=ADVANCED_FACE('',(#216),#4183,.T.);
#4366=ADVANCED_FACE('',(#217),#4184,.T.);
#4367=ADVANCED_FACE('',(#218),#4185,.T.);
#4368=ADVANCED_FACE('',(#219,#72,#73),#4186,.F.);
#4369=ADVANCED_FACE('',(#220),#4187,.F.);
#4370=ADVANCED_FACE('',(#221),#4188,.T.);
#4371=ADVANCED_FACE('',(#222),#4189,.T.);
#4372=ADVANCED_FACE('',(#223),#4190,.T.);
#4373=ADVANCED_FACE('',(#224),#4191,.T.);
#4374=ADVANCED_FACE('',(#225),#4192,.T.);
#4375=ADVANCED_FACE('',(#226),#4193,.T.);
#4376=ADVANCED_FACE('',(#227),#4194,.T.);
#4377=ADVANCED_FACE('',(#228),#4195,.T.);
#4378=ADVANCED_FACE('',(#229),#4196,.T.);
#4379=ADVANCED_FACE('',(#230),#4197,.T.);
#4380=ADVANCED_FACE('',(#231),#4198,.T.);
#4381=ADVANCED_FACE('',(#232),#4199,.T.);
#4382=ADVANCED_FACE('',(#233),#4200,.T.);
#4383=ADVANCED_FACE('',(#234),#4201,.T.);
#4384=ADVANCED_FACE('',(#235),#4202,.T.);
#4385=ADVANCED_FACE('',(#236),#4203,.T.);
#4386=ADVANCED_FACE('',(#237),#4204,.T.);
#4387=ADVANCED_FACE('',(#238),#4205,.T.);
#4388=ADVANCED_FACE('',(#239),#4206,.T.);
#4389=ADVANCED_FACE('',(#240),#4207,.T.);
#4390=ADVANCED_FACE('',(#241,#74,#75,#76),#4208,.T.);
#4391=ADVANCED_FACE('',(#242),#4209,.T.);
#4392=ADVANCED_FACE('',(#243),#4210,.T.);
#4393=ADVANCED_FACE('',(#244,#77),#4211,.T.);
#4394=ADVANCED_FACE('',(#245,#78,#79,#80,#81),#4212,.T.);
#4395=ADVANCED_FACE('',(#246),#4213,.T.);
#4396=ADVANCED_FACE('',(#247),#4214,.T.);
#4397=ADVANCED_FACE('',(#248,#82),#4215,.T.);
#4398=ADVANCED_FACE('',(#249,#83,#84),#4216,.T.);
#4399=ADVANCED_FACE('',(#250),#4217,.T.);
#4400=ADVANCED_FACE('',(#251),#4218,.T.);
#4401=ADVANCED_FACE('',(#252,#85),#4219,.T.);
#4402=ADVANCED_FACE('',(#253,#86,#87,#88),#4220,.T.);
#4403=ADVANCED_FACE('',(#254),#4221,.T.);
#4404=ADVANCED_FACE('',(#255),#54,.F.);
#4405=ADVANCED_FACE('',(#256),#23,.F.);
#4406=ADVANCED_FACE('',(#257,#89),#4222,.T.);
#4407=ADVANCED_FACE('',(#258),#55,.F.);
#4408=ADVANCED_FACE('',(#259),#24,.F.);
#4409=ADVANCED_FACE('',(#260,#90),#4223,.T.);
#4410=ADVANCED_FACE('',(#261),#4224,.F.);
#4411=ADVANCED_FACE('',(#262),#4225,.F.);
#4412=ADVANCED_FACE('',(#263),#25,.F.);
#4413=ADVANCED_FACE('',(#264),#4226,.F.);
#4414=ADVANCED_FACE('',(#265),#26,.F.);
#4415=ADVANCED_FACE('',(#266),#4227,.F.);
#4416=ADVANCED_FACE('',(#267),#4228,.T.);
#4417=ADVANCED_FACE('',(#268),#4229,.T.);
#4418=ADVANCED_FACE('',(#269),#4230,.T.);
#4419=ADVANCED_FACE('',(#270),#4231,.T.);
#4420=ADVANCED_FACE('',(#271),#4232,.T.);
#4421=ADVANCED_FACE('',(#272),#4233,.T.);
#4422=ADVANCED_FACE('',(#273),#4234,.T.);
#4423=ADVANCED_FACE('',(#274),#4235,.T.);
#4424=ADVANCED_FACE('',(#275),#4236,.T.);
#4425=ADVANCED_FACE('',(#276),#4237,.T.);
#4426=ADVANCED_FACE('',(#277),#4238,.T.);
#4427=ADVANCED_FACE('',(#278),#4239,.T.);
#4428=ADVANCED_FACE('',(#279),#4240,.T.);
#4429=ADVANCED_FACE('',(#280),#4241,.T.);
#4430=ADVANCED_FACE('',(#281),#4242,.T.);
#4431=ADVANCED_FACE('',(#282),#4243,.T.);
#4432=ADVANCED_FACE('',(#283),#4244,.T.);
#4433=ADVANCED_FACE('',(#284),#4245,.T.);
#4434=ADVANCED_FACE('',(#285),#4246,.T.);
#4435=ADVANCED_FACE('',(#286),#4247,.T.);
#4436=ADVANCED_FACE('',(#287),#4248,.T.);
#4437=ADVANCED_FACE('',(#288),#4249,.T.);
#4438=ADVANCED_FACE('',(#289),#4250,.T.);
#4439=ADVANCED_FACE('',(#290),#4251,.T.);
#4440=ADVANCED_FACE('',(#291),#4252,.T.);
#4441=ADVANCED_FACE('',(#292),#4253,.T.);
#4442=ADVANCED_FACE('',(#293),#4254,.T.);
#4443=ADVANCED_FACE('',(#294),#4255,.T.);
#4444=ADVANCED_FACE('',(#295),#4256,.T.);
#4445=ADVANCED_FACE('',(#296),#4257,.T.);
#4446=ADVANCED_FACE('',(#297),#4258,.T.);
#4447=ADVANCED_FACE('',(#298),#4259,.T.);
#4448=ADVANCED_FACE('',(#299),#56,.F.);
#4449=ADVANCED_FACE('',(#300,#91,#92,#93,#94,#95,#96,#97,#98),#4260,.F.);
#4450=ADVANCED_FACE('',(#301),#27,.F.);
#4451=ADVANCED_FACE('',(#302),#57,.F.);
#4452=ADVANCED_FACE('',(#303),#28,.F.);
#4453=ADVANCED_FACE('',(#304),#58,.F.);
#4454=ADVANCED_FACE('',(#305),#29,.F.);
#4455=ADVANCED_FACE('',(#306),#59,.F.);
#4456=ADVANCED_FACE('',(#307),#30,.F.);
#4457=ADVANCED_FACE('',(#308),#60,.F.);
#4458=ADVANCED_FACE('',(#309),#31,.F.);
#4459=ADVANCED_FACE('',(#310),#61,.F.);
#4460=ADVANCED_FACE('',(#311),#32,.F.);
#4461=ADVANCED_FACE('',(#312),#62,.F.);
#4462=ADVANCED_FACE('',(#313,#99,#100),#4261,.F.);
#4463=ADVANCED_FACE('',(#314),#33,.F.);
#4464=ADVANCED_FACE('',(#315),#63,.F.);
#4465=ADVANCED_FACE('',(#316),#34,.F.);
#4466=ADVANCED_FACE('',(#317),#4262,.F.);
#4467=ADVANCED_FACE('',(#318),#4263,.F.);
#4468=ADVANCED_FACE('',(#319),#4264,.T.);
#4469=ADVANCED_FACE('',(#320),#4265,.T.);
#4470=ADVANCED_FACE('',(#321),#4266,.F.);
#4471=ADVANCED_FACE('',(#322),#4267,.F.);
#4472=ADVANCED_FACE('',(#323,#101,#102,#103,#104),#4268,.T.);
#4473=ADVANCED_FACE('',(#324),#4269,.T.);
#4474=ADVANCED_FACE('',(#325),#4270,.T.);
#4475=ADVANCED_FACE('',(#326,#105,#106,#107,#108,#109,#110,#111,#112),#4271,
 .T.);
#4476=ADVANCED_FACE('',(#327),#4272,.T.);
#4477=ADVANCED_FACE('',(#328,#113,#114,#115,#116,#117),#4273,.T.);
#4478=ADVANCED_FACE('',(#329),#4274,.T.);
#4479=ADVANCED_FACE('',(#330),#4275,.T.);
#4480=ADVANCED_FACE('',(#331,#118,#119,#120),#4276,.T.);
#4481=ADVANCED_FACE('',(#332),#64,.F.);
#4482=ADVANCED_FACE('',(#333,#121,#122),#4277,.T.);
#4483=ADVANCED_FACE('',(#334),#65,.F.);
#4484=ADVANCED_FACE('',(#335),#35,.F.);
#4485=ADVANCED_FACE('',(#336),#66,.F.);
#4486=ADVANCED_FACE('',(#337),#36,.F.);
#4487=ADVANCED_FACE('',(#338,#123),#4278,.T.);
#4488=ADVANCED_FACE('',(#339),#67,.F.);
#4489=ADVANCED_FACE('',(#340),#37,.F.);
#4490=ADVANCED_FACE('',(#341,#124),#4279,.T.);
#4491=ADVANCED_FACE('',(#342),#68,.F.);
#4492=ADVANCED_FACE('',(#343),#38,.F.);
#4493=ADVANCED_FACE('',(#344),#69,.F.);
#4494=ADVANCED_FACE('',(#345),#39,.F.);
#4495=ADVANCED_FACE('',(#346),#70,.F.);
#4496=ADVANCED_FACE('',(#347),#40,.F.);
#4497=ADVANCED_FACE('',(#348),#71,.F.);
#4498=ADVANCED_FACE('',(#349),#41,.F.);
#4499=ADVANCED_FACE('',(#350),#4280,.T.);
#4500=ADVANCED_FACE('',(#351),#4281,.F.);
#4501=ADVANCED_FACE('',(#352,#125),#4282,.T.);
#4502=ADVANCED_FACE('',(#353,#126),#4283,.T.);
#4503=ADVANCED_FACE('',(#354,#127),#4284,.T.);
#4504=ADVANCED_FACE('',(#355),#4285,.T.);
#4505=ADVANCED_FACE('',(#356),#4286,.T.);
#4506=ADVANCED_FACE('',(#357),#4287,.T.);
#4507=ADVANCED_FACE('',(#358,#128),#4288,.T.);
#4508=ADVANCED_FACE('',(#359),#4289,.T.);
#4509=ADVANCED_FACE('',(#360),#4290,.T.);
#4510=ADVANCED_FACE('',(#361),#4291,.T.);
#4511=ADVANCED_FACE('',(#362),#4292,.T.);
#4512=ADVANCED_FACE('',(#363),#4293,.T.);
#4513=ADVANCED_FACE('',(#364),#4294,.T.);
#4514=ADVANCED_FACE('',(#365),#4295,.T.);
#4515=ADVANCED_FACE('',(#366),#4296,.T.);
#4516=ADVANCED_FACE('',(#367),#4297,.T.);
#4517=ADVANCED_FACE('',(#368,#129,#130,#131,#132,#133,#134),#4298,.T.);
#4518=ADVANCED_FACE('',(#369),#4299,.F.);
#4519=ADVANCED_FACE('',(#370),#4300,.F.);
#4520=ADVANCED_FACE('',(#371),#4301,.T.);
#4521=ADVANCED_FACE('',(#372),#4302,.T.);
#4522=ADVANCED_FACE('',(#373,#135),#4303,.T.);
#4523=ADVANCED_FACE('',(#374,#136),#4304,.T.);
#4524=ADVANCED_FACE('',(#375,#137),#4305,.T.);
#4525=ADVANCED_FACE('',(#376,#138),#4306,.T.);
#4526=ADVANCED_FACE('',(#377),#4307,.T.);
#4527=ADVANCED_FACE('',(#378),#4308,.T.);
#4528=ADVANCED_FACE('',(#379,#139,#140,#141,#142),#4309,.T.);
#4529=ADVANCED_FACE('',(#380),#42,.F.);
#4530=ADVANCED_FACE('',(#381),#43,.F.);
#4531=ADVANCED_FACE('',(#382),#4310,.F.);
#4532=ADVANCED_FACE('',(#383),#4311,.F.);
#4533=ADVANCED_FACE('',(#384),#4312,.T.);
#4534=ADVANCED_FACE('',(#385),#4313,.T.);
#4535=ADVANCED_FACE('',(#386),#4314,.T.);
#4536=ADVANCED_FACE('',(#387),#4315,.T.);
#4537=ADVANCED_FACE('',(#388),#4316,.T.);
#4538=ADVANCED_FACE('',(#389),#4317,.T.);
#4539=ADVANCED_FACE('',(#390),#4318,.F.);
#4540=ADVANCED_FACE('',(#391),#4319,.T.);
#4541=ADVANCED_FACE('',(#392),#4320,.T.);
#4542=ADVANCED_FACE('',(#393),#4321,.T.);
#4543=ADVANCED_FACE('',(#394),#4322,.T.);
#4544=ADVANCED_FACE('',(#395),#4323,.T.);
#4545=ADVANCED_FACE('',(#396),#4324,.T.);
#4546=ADVANCED_FACE('',(#397),#4325,.T.);
#4547=ADVANCED_FACE('',(#398),#4326,.F.);
#4548=ADVANCED_FACE('',(#399),#4327,.F.);
#4549=ADVANCED_FACE('',(#400),#4328,.F.);
#4550=ADVANCED_FACE('',(#401),#4329,.F.);
#4551=ADVANCED_FACE('',(#402),#44,.F.);
#4552=ADVANCED_FACE('',(#403),#4330,.F.);
#4553=ADVANCED_FACE('',(#404),#4331,.F.);
#4554=ADVANCED_FACE('',(#405),#4332,.F.);
#4555=ADVANCED_FACE('',(#406),#4333,.F.);
#4556=ADVANCED_FACE('',(#407),#4334,.F.);
#4557=ADVANCED_FACE('',(#408),#4335,.F.);
#4558=ADVANCED_FACE('',(#409),#4336,.F.);
#4559=ADVANCED_FACE('',(#410),#4337,.F.);
#4560=ADVANCED_FACE('',(#411),#45,.F.);
#4561=ADVANCED_FACE('',(#412),#4338,.T.);
#4562=ADVANCED_FACE('',(#413),#4339,.F.);
#4563=ADVANCED_FACE('',(#414),#4340,.F.);
#4564=ADVANCED_FACE('',(#415),#4341,.F.);
#4565=ADVANCED_FACE('',(#416),#4342,.F.);
#4566=ADVANCED_FACE('',(#417),#46,.F.);
#4567=ADVANCED_FACE('',(#418),#4343,.F.);
#4568=ADVANCED_FACE('',(#419),#47,.F.);
#4569=ADVANCED_FACE('',(#420),#4344,.F.);
#4570=ADVANCED_FACE('',(#421),#48,.F.);
#4571=ADVANCED_FACE('',(#422),#4345,.F.);
#4572=ADVANCED_FACE('',(#423),#49,.F.);
#4573=ADVANCED_FACE('',(#424),#4346,.T.);
#4574=ADVANCED_FACE('',(#425),#4347,.T.);
#4575=ADVANCED_FACE('',(#426),#50,.F.);
#4576=ADVANCED_FACE('',(#427),#4348,.F.);
#4577=ADVANCED_FACE('',(#428),#4349,.F.);
#4578=ADVANCED_FACE('',(#429),#4350,.F.);
#4579=ADVANCED_FACE('',(#430),#4351,.F.);
#4580=ADVANCED_FACE('',(#431),#51,.F.);
#4581=ADVANCED_FACE('',(#432),#52,.F.);
#4582=ADVANCED_FACE('',(#433),#53,.F.);
#4583=ADVANCED_FACE('',(#434),#4352,.T.);
#4584=ADVANCED_FACE('',(#435),#4353,.F.);
#4585=ADVANCED_FACE('',(#436),#4354,.F.);
#4586=ADVANCED_FACE('',(#437),#4355,.F.);
#4587=ADVANCED_FACE('',(#438),#4356,.T.);
#4588=ADVANCED_FACE('',(#439),#4357,.T.);
#4589=ADVANCED_FACE('',(#440),#4358,.T.);
#4590=ADVANCED_FACE('',(#441),#4359,.T.);
#4591=ADVANCED_FACE('',(#442),#4360,.T.);
#4592=ADVANCED_FACE('',(#443),#4361,.T.);
#4593=ADVANCED_FACE('',(#444),#4362,.T.);
#4594=ADVANCED_FACE('',(#445),#4363,.T.);
#4595=CLOSED_SHELL('',(#4364,#4365,#4366,#4367,#4368,#4369,#4370,#4371,
#4372,#4373,#4374,#4375,#4376,#4377,#4378,#4379,#4380,#4381,#4382,#4383,
#4384,#4385,#4386,#4387,#4388,#4389,#4390,#4391,#4392,#4393,#4394,#4395,
#4396,#4397,#4398,#4399,#4400,#4401,#4402,#4403,#4404,#4405,#4406,#4407,
#4408,#4409,#4410,#4411,#4412,#4413,#4414,#4415,#4416,#4417,#4418,#4419,
#4420,#4421,#4422,#4423,#4424,#4425,#4426,#4427,#4428,#4429,#4430,#4431,
#4432,#4433,#4434,#4435,#4436,#4437,#4438,#4439,#4440,#4441,#4442,#4443,
#4444,#4445,#4446,#4447,#4448,#4449,#4450,#4451,#4452,#4453,#4454,#4455,
#4456,#4457,#4458,#4459,#4460,#4461,#4462,#4463,#4464,#4465,#4466,#4467,
#4468,#4469,#4470,#4471,#4472,#4473,#4474,#4475,#4476,#4477,#4478,#4479,
#4480,#4481,#4482,#4483,#4484,#4485,#4486,#4487,#4488,#4489,#4490,#4491,
#4492,#4493,#4494,#4495,#4496,#4497,#4498,#4499,#4500,#4501,#4502,#4503,
#4504,#4505,#4506,#4507,#4508,#4509,#4510,#4511,#4512,#4513,#4514,#4515,
#4516,#4517,#4518,#4519,#4520,#4521,#4522,#4523,#4524,#4525,#4526,#4527,
#4528,#4529,#4530,#4531,#4532,#4533,#4534,#4535,#4536,#4537,#4538,#4539,
#4540,#4541,#4542,#4543,#4544,#4545,#4546,#4547,#4548,#4549,#4550,#4551,
#4552,#4553,#4554,#4555,#4556,#4557,#4558,#4559,#4560,#4561,#4562,#4563,
#4564,#4565,#4566,#4567,#4568,#4569,#4570,#4571,#4572,#4573,#4574,#4575,
#4576,#4577,#4578,#4579,#4580,#4581,#4582,#4583,#4584,#4585,#4586,#4587,
#4588,#4589,#4590,#4591,#4592,#4593,#4594));
#4596=DERIVED_UNIT_ELEMENT(#4598,1.);
#4597=DERIVED_UNIT_ELEMENT(#7387,3.);
#4598=(
MASS_UNIT()
NAMED_UNIT(*)
SI_UNIT(.KILO.,.GRAM.)
);
#4599=DERIVED_UNIT((#4596,#4597));
#4600=MEASURE_REPRESENTATION_ITEM('density measure',
POSITIVE_RATIO_MEASURE(7850.),#4599);
#4601=PROPERTY_DEFINITION_REPRESENTATION(#4606,#4603);
#4602=PROPERTY_DEFINITION_REPRESENTATION(#4607,#4604);
#4603=REPRESENTATION('material name',(#4605),#7384);
#4604=REPRESENTATION('density',(#4600),#7384);
#4605=DESCRIPTIVE_REPRESENTATION_ITEM('Steel','Steel');
#4606=PROPERTY_DEFINITION('material property','material name',#7394);
#4607=PROPERTY_DEFINITION('material property','density of part',#7394);
#4608=AXIS2_PLACEMENT_3D('placement',#6100,#4920,#4921);
#4609=AXIS2_PLACEMENT_3D('',#6101,#4922,#4923);
#4610=AXIS2_PLACEMENT_3D('',#6110,#4928,#4929);
#4611=AXIS2_PLACEMENT_3D('',#6120,#4935,#4936);
#4612=AXIS2_PLACEMENT_3D('',#6124,#4939,#4940);
#4613=AXIS2_PLACEMENT_3D('',#6132,#4945,#4946);
#4614=AXIS2_PLACEMENT_3D('',#6153,#4957,#4958);
#4615=AXIS2_PLACEMENT_3D('',#6155,#4959,#4960);
#4616=AXIS2_PLACEMENT_3D('',#6156,#4961,#4962);
#4617=AXIS2_PLACEMENT_3D('',#6162,#4966,#4967);
#4618=AXIS2_PLACEMENT_3D('',#6171,#4972,#4973);
#4619=AXIS2_PLACEMENT_3D('',#6177,#4977,#4978);
#4620=AXIS2_PLACEMENT_3D('',#6183,#4982,#4983);
#4621=AXIS2_PLACEMENT_3D('',#6192,#4988,#4989);
#4622=AXIS2_PLACEMENT_3D('',#6201,#4994,#4995);
#4623=AXIS2_PLACEMENT_3D('',#6210,#5000,#5001);
#4624=AXIS2_PLACEMENT_3D('',#6213,#5004,#5005);
#4625=AXIS2_PLACEMENT_3D('',#6222,#5010,#5011);
#4626=AXIS2_PLACEMENT_3D('',#6228,#5015,#5016);
#4627=AXIS2_PLACEMENT_3D('',#6234,#5020,#5021);
#4628=AXIS2_PLACEMENT_3D('',#6237,#5024,#5025);
#4629=AXIS2_PLACEMENT_3D('',#6240,#5028,#5029);
#4630=AXIS2_PLACEMENT_3D('',#6243,#5032,#5033);
#4631=AXIS2_PLACEMENT_3D('',#6249,#5037,#5038);
#4632=AXIS2_PLACEMENT_3D('',#6255,#5042,#5043);
#4633=AXIS2_PLACEMENT_3D('',#6261,#5047,#5048);
#4634=AXIS2_PLACEMENT_3D('',#6267,#5052,#5053);
#4635=AXIS2_PLACEMENT_3D('',#6273,#5057,#5058);
#4636=AXIS2_PLACEMENT_3D('',#6279,#5062,#5063);
#4637=AXIS2_PLACEMENT_3D('',#6282,#5066,#5067);
#4638=AXIS2_PLACEMENT_3D('',#6284,#5068,#5069);
#4639=AXIS2_PLACEMENT_3D('',#6294,#5074,#5075);
#4640=AXIS2_PLACEMENT_3D('',#6295,#5076,#5077);
#4641=AXIS2_PLACEMENT_3D('',#6304,#5082,#5083);
#4642=AXIS2_PLACEMENT_3D('',#6310,#5087,#5088);
#4643=AXIS2_PLACEMENT_3D('',#6315,#5091,#5092);
#4644=AXIS2_PLACEMENT_3D('',#6316,#5093,#5094);
#4645=AXIS2_PLACEMENT_3D('',#6330,#5101,#5102);
#4646=AXIS2_PLACEMENT_3D('',#6334,#5104,#5105);
#4647=AXIS2_PLACEMENT_3D('',#6338,#5107,#5108);
#4648=AXIS2_PLACEMENT_3D('',#6342,#5110,#5111);
#4649=AXIS2_PLACEMENT_3D('',#6344,#5113,#5114);
#4650=AXIS2_PLACEMENT_3D('',#6353,#5119,#5120);
#4651=AXIS2_PLACEMENT_3D('',#6359,#5124,#5125);
#4652=AXIS2_PLACEMENT_3D('',#6364,#5128,#5129);
#4653=AXIS2_PLACEMENT_3D('',#6365,#5130,#5131);
#4654=AXIS2_PLACEMENT_3D('',#6381,#5140,#5141);
#4655=AXIS2_PLACEMENT_3D('',#6383,#5142,#5143);
#4656=AXIS2_PLACEMENT_3D('',#6384,#5144,#5145);
#4657=AXIS2_PLACEMENT_3D('',#6393,#5150,#5151);
#4658=AXIS2_PLACEMENT_3D('',#6399,#5155,#5156);
#4659=AXIS2_PLACEMENT_3D('',#6404,#5159,#5160);
#4660=AXIS2_PLACEMENT_3D('',#6405,#5161,#5162);
#4661=AXIS2_PLACEMENT_3D('',#6504,#5214,#5215);
#4662=AXIS2_PLACEMENT_3D('',#6514,#5221,#5222);
#4663=AXIS2_PLACEMENT_3D('',#6516,#5223,#5224);
#4664=AXIS2_PLACEMENT_3D('',#6519,#5226,#5227);
#4665=AXIS2_PLACEMENT_3D('',#6520,#5228,#5229);
#4666=AXIS2_PLACEMENT_3D('',#6523,#5231,#5232);
#4667=AXIS2_PLACEMENT_3D('',#6524,#5233,#5234);
#4668=AXIS2_PLACEMENT_3D('',#6541,#5243,#5244);
#4669=AXIS2_PLACEMENT_3D('',#6543,#5245,#5246);
#4670=AXIS2_PLACEMENT_3D('',#6546,#5248,#5249);
#4671=AXIS2_PLACEMENT_3D('',#6547,#5250,#5251);
#4672=AXIS2_PLACEMENT_3D('',#6550,#5253,#5254);
#4673=AXIS2_PLACEMENT_3D('',#6551,#5255,#5256);
#4674=AXIS2_PLACEMENT_3D('',#6568,#5265,#5266);
#4675=AXIS2_PLACEMENT_3D('',#6569,#5267,#5268);
#4676=AXIS2_PLACEMENT_3D('',#6570,#5269,#5270);
#4677=AXIS2_PLACEMENT_3D('',#6572,#5271,#5272);
#4678=AXIS2_PLACEMENT_3D('',#6575,#5274,#5275);
#4679=AXIS2_PLACEMENT_3D('',#6576,#5276,#5277);
#4680=AXIS2_PLACEMENT_3D('',#6577,#5278,#5279);
#4681=AXIS2_PLACEMENT_3D('',#6579,#5280,#5281);
#4682=AXIS2_PLACEMENT_3D('',#6582,#5283,#5284);
#4683=AXIS2_PLACEMENT_3D('',#6583,#5285,#5286);
#4684=AXIS2_PLACEMENT_3D('',#6584,#5287,#5288);
#4685=AXIS2_PLACEMENT_3D('',#6587,#5291,#5292);
#4686=AXIS2_PLACEMENT_3D('',#6590,#5295,#5296);
#4687=AXIS2_PLACEMENT_3D('',#6593,#5299,#5300);
#4688=AXIS2_PLACEMENT_3D('',#6596,#5303,#5304);
#4689=AXIS2_PLACEMENT_3D('',#6597,#5305,#5306);
#4690=AXIS2_PLACEMENT_3D('',#6598,#5307,#5308);
#4691=AXIS2_PLACEMENT_3D('',#6604,#5312,#5313);
#4692=AXIS2_PLACEMENT_3D('',#6607,#5316,#5317);
#4693=AXIS2_PLACEMENT_3D('',#6610,#5320,#5321);
#4694=AXIS2_PLACEMENT_3D('',#6613,#5324,#5325);
#4695=AXIS2_PLACEMENT_3D('',#6616,#5328,#5329);
#4696=AXIS2_PLACEMENT_3D('',#6617,#5330,#5331);
#4697=AXIS2_PLACEMENT_3D('',#6618,#5332,#5333);
#4698=AXIS2_PLACEMENT_3D('',#6624,#5337,#5338);
#4699=AXIS2_PLACEMENT_3D('',#6630,#5342,#5343);
#4700=AXIS2_PLACEMENT_3D('',#6634,#5346,#5347);
#4701=AXIS2_PLACEMENT_3D('',#6638,#5350,#5351);
#4702=AXIS2_PLACEMENT_3D('',#6640,#5353,#5354);
#4703=AXIS2_PLACEMENT_3D('',#6641,#5355,#5356);
#4704=AXIS2_PLACEMENT_3D('',#6647,#5360,#5361);
#4705=AXIS2_PLACEMENT_3D('',#6649,#5363,#5364);
#4706=AXIS2_PLACEMENT_3D('',#6651,#5366,#5367);
#4707=AXIS2_PLACEMENT_3D('',#6652,#5368,#5369);
#4708=AXIS2_PLACEMENT_3D('',#6658,#5373,#5374);
#4709=AXIS2_PLACEMENT_3D('',#6662,#5377,#5378);
#4710=AXIS2_PLACEMENT_3D('',#6666,#5381,#5382);
#4711=AXIS2_PLACEMENT_3D('',#6668,#5384,#5385);
#4712=AXIS2_PLACEMENT_3D('',#6669,#5386,#5387);
#4713=AXIS2_PLACEMENT_3D('',#6673,#5390,#5391);
#4714=AXIS2_PLACEMENT_3D('',#6677,#5394,#5395);
#4715=AXIS2_PLACEMENT_3D('',#6679,#5397,#5398);
#4716=AXIS2_PLACEMENT_3D('',#6680,#5399,#5400);
#4717=AXIS2_PLACEMENT_3D('',#6682,#5401,#5402);
#4718=AXIS2_PLACEMENT_3D('',#6685,#5404,#5405);
#4719=AXIS2_PLACEMENT_3D('',#6686,#5406,#5407);
#4720=AXIS2_PLACEMENT_3D('',#6696,#5412,#5413);
#4721=AXIS2_PLACEMENT_3D('',#6698,#5414,#5415);
#4722=AXIS2_PLACEMENT_3D('',#6700,#5416,#5417);
#4723=AXIS2_PLACEMENT_3D('',#6702,#5418,#5419);
#4724=AXIS2_PLACEMENT_3D('',#6704,#5420,#5421);
#4725=AXIS2_PLACEMENT_3D('',#6705,#5422,#5423);
#4726=AXIS2_PLACEMENT_3D('',#6707,#5425,#5426);
#4727=AXIS2_PLACEMENT_3D('',#6710,#5428,#5429);
#4728=AXIS2_PLACEMENT_3D('',#6711,#5430,#5431);
#4729=AXIS2_PLACEMENT_3D('',#6713,#5433,#5434);
#4730=AXIS2_PLACEMENT_3D('',#6716,#5436,#5437);
#4731=AXIS2_PLACEMENT_3D('',#6717,#5438,#5439);
#4732=AXIS2_PLACEMENT_3D('',#6719,#5441,#5442);
#4733=AXIS2_PLACEMENT_3D('',#6722,#5444,#5445);
#4734=AXIS2_PLACEMENT_3D('',#6723,#5446,#5447);
#4735=AXIS2_PLACEMENT_3D('',#6725,#5448,#5449);
#4736=AXIS2_PLACEMENT_3D('',#6727,#5451,#5452);
#4737=AXIS2_PLACEMENT_3D('',#6729,#5453,#5454);
#4738=AXIS2_PLACEMENT_3D('',#6731,#5456,#5457);
#4739=AXIS2_PLACEMENT_3D('',#6734,#5459,#5460);
#4740=AXIS2_PLACEMENT_3D('',#6735,#5461,#5462);
#4741=AXIS2_PLACEMENT_3D('',#6737,#5463,#5464);
#4742=AXIS2_PLACEMENT_3D('',#6739,#5466,#5467);
#4743=AXIS2_PLACEMENT_3D('',#6742,#5469,#5470);
#4744=AXIS2_PLACEMENT_3D('',#6743,#5471,#5472);
#4745=AXIS2_PLACEMENT_3D('',#6745,#5473,#5474);
#4746=AXIS2_PLACEMENT_3D('',#6748,#5476,#5477);
#4747=AXIS2_PLACEMENT_3D('',#6749,#5478,#5479);
#4748=AXIS2_PLACEMENT_3D('',#6770,#5490,#5491);
#4749=AXIS2_PLACEMENT_3D('',#6771,#5492,#5493);
#4750=AXIS2_PLACEMENT_3D('',#6774,#5495,#5496);
#4751=AXIS2_PLACEMENT_3D('',#6775,#5497,#5498);
#4752=AXIS2_PLACEMENT_3D('',#6777,#5499,#5500);
#4753=AXIS2_PLACEMENT_3D('',#6779,#5502,#5503);
#4754=AXIS2_PLACEMENT_3D('',#6782,#5505,#5506);
#4755=AXIS2_PLACEMENT_3D('',#6783,#5507,#5508);
#4756=AXIS2_PLACEMENT_3D('',#6793,#5514,#5515);
#4757=AXIS2_PLACEMENT_3D('',#6803,#5521,#5522);
#4758=AXIS2_PLACEMENT_3D('',#6824,#5534,#5535);
#4759=AXIS2_PLACEMENT_3D('',#6829,#5539,#5540);
#4760=AXIS2_PLACEMENT_3D('',#6833,#5543,#5544);
#4761=AXIS2_PLACEMENT_3D('',#6839,#5548,#5549);
#4762=AXIS2_PLACEMENT_3D('',#6847,#5554,#5555);
#4763=AXIS2_PLACEMENT_3D('',#6849,#5556,#5557);
#4764=AXIS2_PLACEMENT_3D('',#6851,#5558,#5559);
#4765=AXIS2_PLACEMENT_3D('',#6853,#5560,#5561);
#4766=AXIS2_PLACEMENT_3D('',#6854,#5562,#5563);
#4767=AXIS2_PLACEMENT_3D('',#6860,#5567,#5568);
#4768=AXIS2_PLACEMENT_3D('',#6864,#5571,#5572);
#4769=AXIS2_PLACEMENT_3D('',#6870,#5576,#5577);
#4770=AXIS2_PLACEMENT_3D('',#6872,#5578,#5579);
#4771=AXIS2_PLACEMENT_3D('',#6890,#5588,#5589);
#4772=AXIS2_PLACEMENT_3D('',#6892,#5590,#5591);
#4773=AXIS2_PLACEMENT_3D('',#6909,#5600,#5601);
#4774=AXIS2_PLACEMENT_3D('',#6913,#5604,#5605);
#4775=AXIS2_PLACEMENT_3D('',#6946,#5623,#5624);
#4776=AXIS2_PLACEMENT_3D('',#6956,#5629,#5630);
#4777=AXIS2_PLACEMENT_3D('',#6958,#5631,#5632);
#4778=AXIS2_PLACEMENT_3D('',#6960,#5633,#5634);
#4779=AXIS2_PLACEMENT_3D('',#6961,#5635,#5636);
#4780=AXIS2_PLACEMENT_3D('',#6965,#5639,#5640);
#4781=AXIS2_PLACEMENT_3D('',#6969,#5643,#5644);
#4782=AXIS2_PLACEMENT_3D('',#6998,#5660,#5661);
#4783=AXIS2_PLACEMENT_3D('',#7000,#5662,#5663);
#4784=AXIS2_PLACEMENT_3D('',#7002,#5665,#5666);
#4785=AXIS2_PLACEMENT_3D('',#7023,#5678,#5679);
#4786=AXIS2_PLACEMENT_3D('',#7024,#5680,#5681);
#4787=AXIS2_PLACEMENT_3D('',#7027,#5683,#5684);
#4788=AXIS2_PLACEMENT_3D('',#7028,#5685,#5686);
#4789=AXIS2_PLACEMENT_3D('',#7030,#5688,#5689);
#4790=AXIS2_PLACEMENT_3D('',#7032,#5690,#5691);
#4791=AXIS2_PLACEMENT_3D('',#7035,#5693,#5694);
#4792=AXIS2_PLACEMENT_3D('',#7036,#5695,#5696);
#4793=AXIS2_PLACEMENT_3D('',#7038,#5698,#5699);
#4794=AXIS2_PLACEMENT_3D('',#7047,#5704,#5705);
#4795=AXIS2_PLACEMENT_3D('',#7049,#5706,#5707);
#4796=AXIS2_PLACEMENT_3D('',#7052,#5709,#5710);
#4797=AXIS2_PLACEMENT_3D('',#7053,#5711,#5712);
#4798=AXIS2_PLACEMENT_3D('',#7056,#5714,#5715);
#4799=AXIS2_PLACEMENT_3D('',#7057,#5716,#5717);
#4800=AXIS2_PLACEMENT_3D('',#7067,#5723,#5724);
#4801=AXIS2_PLACEMENT_3D('',#7070,#5726,#5727);
#4802=AXIS2_PLACEMENT_3D('',#7071,#5728,#5729);
#4803=AXIS2_PLACEMENT_3D('',#7074,#5731,#5732);
#4804=AXIS2_PLACEMENT_3D('',#7075,#5733,#5734);
#4805=AXIS2_PLACEMENT_3D('',#7078,#5736,#5737);
#4806=AXIS2_PLACEMENT_3D('',#7079,#5738,#5739);
#4807=AXIS2_PLACEMENT_3D('',#7082,#5741,#5742);
#4808=AXIS2_PLACEMENT_3D('',#7083,#5743,#5744);
#4809=AXIS2_PLACEMENT_3D('',#7086,#5746,#5747);
#4810=AXIS2_PLACEMENT_3D('',#7087,#5748,#5749);
#4811=AXIS2_PLACEMENT_3D('',#7090,#5751,#5752);
#4812=AXIS2_PLACEMENT_3D('',#7091,#5753,#5754);
#4813=AXIS2_PLACEMENT_3D('',#7094,#5756,#5757);
#4814=AXIS2_PLACEMENT_3D('',#7095,#5758,#5759);
#4815=AXIS2_PLACEMENT_3D('',#7098,#5761,#5762);
#4816=AXIS2_PLACEMENT_3D('',#7099,#5763,#5764);
#4817=AXIS2_PLACEMENT_3D('',#7104,#5768,#5769);
#4818=AXIS2_PLACEMENT_3D('',#7108,#5772,#5773);
#4819=AXIS2_PLACEMENT_3D('',#7109,#5774,#5775);
#4820=AXIS2_PLACEMENT_3D('',#7110,#5776,#5777);
#4821=AXIS2_PLACEMENT_3D('',#7123,#5784,#5785);
#4822=AXIS2_PLACEMENT_3D('',#7126,#5788,#5789);
#4823=AXIS2_PLACEMENT_3D('',#7128,#5791,#5792);
#4824=AXIS2_PLACEMENT_3D('',#7143,#5801,#5802);
#4825=AXIS2_PLACEMENT_3D('',#7147,#5805,#5806);
#4826=AXIS2_PLACEMENT_3D('',#7155,#5811,#5812);
#4827=AXIS2_PLACEMENT_3D('',#7159,#5815,#5816);
#4828=AXIS2_PLACEMENT_3D('',#7163,#5819,#5820);
#4829=AXIS2_PLACEMENT_3D('',#7168,#5824,#5825);
#4830=AXIS2_PLACEMENT_3D('',#7172,#5828,#5829);
#4831=AXIS2_PLACEMENT_3D('',#7174,#5831,#5832);
#4832=AXIS2_PLACEMENT_3D('',#7176,#5834,#5835);
#4833=AXIS2_PLACEMENT_3D('',#7178,#5837,#5838);
#4834=AXIS2_PLACEMENT_3D('',#7179,#5839,#5840);
#4835=AXIS2_PLACEMENT_3D('',#7182,#5842,#5843);
#4836=AXIS2_PLACEMENT_3D('',#7192,#5848,#5849);
#4837=AXIS2_PLACEMENT_3D('',#7194,#5850,#5851);
#4838=AXIS2_PLACEMENT_3D('',#7204,#5856,#5857);
#4839=AXIS2_PLACEMENT_3D('',#7205,#5858,#5859);
#4840=AXIS2_PLACEMENT_3D('',#7209,#5862,#5863);
#4841=AXIS2_PLACEMENT_3D('',#7216,#5868,#5869);
#4842=AXIS2_PLACEMENT_3D('',#7220,#5872,#5873);
#4843=AXIS2_PLACEMENT_3D('',#7222,#5875,#5876);
#4844=AXIS2_PLACEMENT_3D('',#7225,#5879,#5880);
#4845=AXIS2_PLACEMENT_3D('',#7227,#5882,#5883);
#4846=AXIS2_PLACEMENT_3D('',#7231,#5886,#5887);
#4847=AXIS2_PLACEMENT_3D('',#7235,#5890,#5891);
#4848=AXIS2_PLACEMENT_3D('',#7237,#5893,#5894);
#4849=AXIS2_PLACEMENT_3D('',#7238,#5895,#5896);
#4850=AXIS2_PLACEMENT_3D('',#7241,#5897,#5898);
#4851=AXIS2_PLACEMENT_3D('',#7245,#5900,#5901);
#4852=AXIS2_PLACEMENT_3D('',#7249,#5903,#5904);
#4853=AXIS2_PLACEMENT_3D('',#7253,#5906,#5907);
#4854=AXIS2_PLACEMENT_3D('',#7255,#5909,#5910);
#4855=AXIS2_PLACEMENT_3D('',#7257,#5912,#5913);
#4856=AXIS2_PLACEMENT_3D('',#7259,#5915,#5916);
#4857=AXIS2_PLACEMENT_3D('',#7261,#5918,#5919);
#4858=AXIS2_PLACEMENT_3D('',#7262,#5920,#5921);
#4859=AXIS2_PLACEMENT_3D('',#7265,#5924,#5925);
#4860=AXIS2_PLACEMENT_3D('',#7267,#5927,#5928);
#4861=AXIS2_PLACEMENT_3D('',#7269,#5930,#5931);
#4862=AXIS2_PLACEMENT_3D('',#7270,#5932,#5933);
#4863=AXIS2_PLACEMENT_3D('',#7273,#5936,#5937);
#4864=AXIS2_PLACEMENT_3D('',#7275,#5939,#5940);
#4865=AXIS2_PLACEMENT_3D('',#7281,#5944,#5945);
#4866=AXIS2_PLACEMENT_3D('',#7285,#5949,#5950);
#4867=AXIS2_PLACEMENT_3D('',#7287,#5952,#5953);
#4868=AXIS2_PLACEMENT_3D('',#7289,#5955,#5956);
#4869=AXIS2_PLACEMENT_3D('',#7291,#5958,#5959);
#4870=AXIS2_PLACEMENT_3D('',#7293,#5961,#5962);
#4871=AXIS2_PLACEMENT_3D('',#7295,#5964,#5965);
#4872=AXIS2_PLACEMENT_3D('',#7297,#5967,#5968);
#4873=AXIS2_PLACEMENT_3D('',#7300,#5971,#5972);
#4874=AXIS2_PLACEMENT_3D('',#7302,#5974,#5975);
#4875=AXIS2_PLACEMENT_3D('',#7304,#5977,#5978);
#4876=AXIS2_PLACEMENT_3D('',#7305,#5979,#5980);
#4877=AXIS2_PLACEMENT_3D('',#7307,#5982,#5983);
#4878=AXIS2_PLACEMENT_3D('',#7310,#5986,#5987);
#4879=AXIS2_PLACEMENT_3D('',#7312,#5989,#5990);
#4880=AXIS2_PLACEMENT_3D('',#7314,#5992,#5993);
#4881=AXIS2_PLACEMENT_3D('',#7315,#5994,#5995);
#4882=AXIS2_PLACEMENT_3D('',#7318,#5998,#5999);
#4883=AXIS2_PLACEMENT_3D('',#7320,#6001,#6002);
#4884=AXIS2_PLACEMENT_3D('',#7322,#6004,#6005);
#4885=AXIS2_PLACEMENT_3D('',#7323,#6006,#6007);
#4886=AXIS2_PLACEMENT_3D('',#7325,#6009,#6010);
#4887=AXIS2_PLACEMENT_3D('',#7326,#6011,#6012);
#4888=AXIS2_PLACEMENT_3D('',#7328,#6014,#6015);
#4889=AXIS2_PLACEMENT_3D('',#7330,#6017,#6018);
#4890=AXIS2_PLACEMENT_3D('',#7331,#6019,#6020);
#4891=AXIS2_PLACEMENT_3D('',#7334,#6023,#6024);
#4892=AXIS2_PLACEMENT_3D('',#7335,#6025,#6026);
#4893=AXIS2_PLACEMENT_3D('',#7338,#6029,#6030);
#4894=AXIS2_PLACEMENT_3D('',#7339,#6031,#6032);
#4895=AXIS2_PLACEMENT_3D('',#7342,#6035,#6036);
#4896=AXIS2_PLACEMENT_3D('',#7343,#6037,#6038);
#4897=AXIS2_PLACEMENT_3D('',#7346,#6041,#6042);
#4898=AXIS2_PLACEMENT_3D('',#7347,#6043,#6044);
#4899=AXIS2_PLACEMENT_3D('',#7348,#6045,#6046);
#4900=AXIS2_PLACEMENT_3D('',#7349,#6047,#6048);
#4901=AXIS2_PLACEMENT_3D('',#7351,#6050,#6051);
#4902=AXIS2_PLACEMENT_3D('',#7354,#6054,#6055);
#4903=AXIS2_PLACEMENT_3D('',#7356,#6057,#6058);
#4904=AXIS2_PLACEMENT_3D('',#7358,#6060,#6061);
#4905=AXIS2_PLACEMENT_3D('',#7359,#6062,#6063);
#4906=AXIS2_PLACEMENT_3D('',#7361,#6065,#6066);
#4907=AXIS2_PLACEMENT_3D('',#7363,#6068,#6069);
#4908=AXIS2_PLACEMENT_3D('',#7365,#6071,#6072);
#4909=AXIS2_PLACEMENT_3D('',#7366,#6073,#6074);
#4910=AXIS2_PLACEMENT_3D('',#7368,#6076,#6077);
#4911=AXIS2_PLACEMENT_3D('',#7370,#6079,#6080);
#4912=AXIS2_PLACEMENT_3D('',#7371,#6081,#6082);
#4913=AXIS2_PLACEMENT_3D('',#7373,#6084,#6085);
#4914=AXIS2_PLACEMENT_3D('',#7375,#6087,#6088);
#4915=AXIS2_PLACEMENT_3D('',#7376,#6089,#6090);
#4916=AXIS2_PLACEMENT_3D('',#7378,#6092,#6093);
#4917=AXIS2_PLACEMENT_3D('',#7379,#6094,#6095);
#4918=AXIS2_PLACEMENT_3D('',#7380,#6096,#6097);
#4919=AXIS2_PLACEMENT_3D('',#7381,#6098,#6099);
#4920=DIRECTION('axis',(0.,0.,1.));
#4921=DIRECTION('refdir',(1.,0.,0.));
#4922=DIRECTION('center_axis',(0.,0.707106781186548,0.707106781186548));
#4923=DIRECTION('ref_axis',(1.,0.,0.));
#4924=DIRECTION('',(0.,-0.707106781186548,0.707106781186548));
#4925=DIRECTION('',(-1.,0.,0.));
#4926=DIRECTION('',(0.,0.707106781186548,-0.707106781186548));
#4927=DIRECTION('',(-1.,0.,0.));
#4928=DIRECTION('center_axis',(1.,0.,0.));
#4929=DIRECTION('ref_axis',(0.,1.,0.));
#4930=DIRECTION('',(0.,0.707106781186548,0.707106781186548));
#4931=DIRECTION('',(0.,0.,1.));
#4932=DIRECTION('',(0.,-1.,0.));
#4933=DIRECTION('',(0.,0.,1.));
#4934=DIRECTION('',(0.,-1.,2.16628882853689E-16));
#4935=DIRECTION('center_axis',(0.,-0.707106781186548,0.707106781186548));
#4936=DIRECTION('ref_axis',(1.,0.,0.));
#4937=DIRECTION('',(0.,-0.707106781186548,-0.707106781186548));
#4938=DIRECTION('',(1.,0.,0.));
#4939=DIRECTION('center_axis',(-1.,0.,0.));
#4940=DIRECTION('ref_axis',(0.,-1.,0.));
#4941=DIRECTION('',(0.,1.,-2.16628882853689E-16));
#4942=DIRECTION('',(0.,0.,1.));
#4943=DIRECTION('',(0.,1.,0.));
#4944=DIRECTION('',(0.,0.,1.));
#4945=DIRECTION('center_axis',(0.,-2.16628882853689E-16,-1.));
#4946=DIRECTION('ref_axis',(0.,1.,-2.16628882853689E-16));
#4947=DIRECTION('',(-1.,0.,0.));
#4948=DIRECTION('',(0.,1.,-2.16628882853689E-16));
#4949=DIRECTION('',(-1.,0.,0.));
#4950=DIRECTION('',(0.,1.,-2.16628882853689E-16));
#4951=DIRECTION('',(1.,0.,0.));
#4952=DIRECTION('',(0.,1.,-2.16628882853689E-16));
#4953=DIRECTION('',(-1.,0.,0.));
#4954=DIRECTION('',(-1.,0.,0.));
#4955=DIRECTION('',(0.,-1.,2.16628882853689E-16));
#4956=DIRECTION('',(1.,0.,0.));
#4957=DIRECTION('center_axis',(0.,2.16628882853689E-16,1.));
#4958=DIRECTION('ref_axis',(1.,0.,0.));
#4959=DIRECTION('center_axis',(0.,2.16628882853689E-16,1.));
#4960=DIRECTION('ref_axis',(1.,0.,0.));
#4961=DIRECTION('center_axis',(0.,-2.16628882853689E-16,-1.));
#4962=DIRECTION('ref_axis',(0.,1.,-2.16628882853689E-16));
#4963=DIRECTION('',(1.,0.,0.));
#4964=DIRECTION('',(0.,1.,-2.16628882853689E-16));
#4965=DIRECTION('',(-1.,0.,0.));
#4966=DIRECTION('center_axis',(0.,-0.707106781186549,-0.707106781186546));
#4967=DIRECTION('ref_axis',(-1.,0.,0.));
#4968=DIRECTION('',(0.,-0.707106781186546,0.707106781186549));
#4969=DIRECTION('',(1.,0.,0.));
#4970=DIRECTION('',(0.,-0.707106781186546,0.707106781186549));
#4971=DIRECTION('',(1.,0.,0.));
#4972=DIRECTION('center_axis',(1.,0.,0.));
#4973=DIRECTION('ref_axis',(0.,0.,1.));
#4974=DIRECTION('',(0.,0.,1.));
#4975=DIRECTION('',(0.,-0.707106781186546,0.707106781186549));
#4976=DIRECTION('',(0.,0.,-1.));
#4977=DIRECTION('center_axis',(0.,-0.707106781186549,-0.707106781186546));
#4978=DIRECTION('ref_axis',(-1.,0.,0.));
#4979=DIRECTION('',(1.,0.,0.));
#4980=DIRECTION('',(0.,0.707106781186546,-0.707106781186549));
#4981=DIRECTION('',(1.,0.,0.));
#4982=DIRECTION('center_axis',(0.,-0.707106781186549,-0.707106781186546));
#4983=DIRECTION('ref_axis',(-1.,0.,0.));
#4984=DIRECTION('',(0.,0.707106781186546,-0.707106781186549));
#4985=DIRECTION('',(1.,0.,0.));
#4986=DIRECTION('',(0.,0.707106781186546,-0.707106781186549));
#4987=DIRECTION('',(1.,0.,0.));
#4988=DIRECTION('center_axis',(0.,-0.707106781186549,-0.707106781186546));
#4989=DIRECTION('ref_axis',(-1.,0.,0.));
#4990=DIRECTION('',(0.,-0.707106781186546,0.707106781186549));
#4991=DIRECTION('',(1.,0.,0.));
#4992=DIRECTION('',(0.,0.707106781186546,-0.707106781186549));
#4993=DIRECTION('',(1.,0.,0.));
#4994=DIRECTION('center_axis',(0.,-0.707106781186549,-0.707106781186546));
#4995=DIRECTION('ref_axis',(-1.,0.,0.));
#4996=DIRECTION('',(0.,-0.707106781186546,0.707106781186549));
#4997=DIRECTION('',(1.,0.,0.));
#4998=DIRECTION('',(0.,0.707106781186546,-0.707106781186549));
#4999=DIRECTION('',(1.,0.,0.));
#5000=DIRECTION('center_axis',(1.,0.,0.));
#5001=DIRECTION('ref_axis',(0.,0.,1.));
#5002=DIRECTION('',(0.,0.,1.));
#5003=DIRECTION('',(0.,0.,-1.));
#5004=DIRECTION('center_axis',(0.,0.,1.));
#5005=DIRECTION('ref_axis',(-1.,0.,0.));
#5006=DIRECTION('',(1.,0.,0.));
#5007=DIRECTION('',(0.,-1.,0.));
#5008=DIRECTION('',(-1.,0.,0.));
#5009=DIRECTION('',(0.,-1.,0.));
#5010=DIRECTION('center_axis',(1.,0.,0.));
#5011=DIRECTION('ref_axis',(0.,0.,1.));
#5012=DIRECTION('',(0.,0.,-1.));
#5013=DIRECTION('',(0.,0.,1.));
#5014=DIRECTION('',(0.,-1.,0.));
#5015=DIRECTION('center_axis',(0.,0.,1.));
#5016=DIRECTION('ref_axis',(-1.,0.,0.));
#5017=DIRECTION('',(1.,0.,0.));
#5018=DIRECTION('',(-1.,0.,0.));
#5019=DIRECTION('',(0.,-1.,0.));
#5020=DIRECTION('center_axis',(1.,0.,0.));
#5021=DIRECTION('ref_axis',(0.,0.,1.));
#5022=DIRECTION('',(0.,0.,-1.));
#5023=DIRECTION('',(0.,0.,1.));
#5024=DIRECTION('center_axis',(-1.,0.,0.));
#5025=DIRECTION('ref_axis',(0.,0.,-1.));
#5026=DIRECTION('',(0.,0.,1.));
#5027=DIRECTION('',(0.,0.,-1.));
#5028=DIRECTION('center_axis',(-1.,0.,0.));
#5029=DIRECTION('ref_axis',(0.,0.,-1.));
#5030=DIRECTION('',(0.,0.,1.));
#5031=DIRECTION('',(0.,0.,-1.));
#5032=DIRECTION('center_axis',(-1.,0.,0.));
#5033=DIRECTION('ref_axis',(0.,0.,-1.));
#5034=DIRECTION('',(0.,0.,1.));
#5035=DIRECTION('',(0.,0.,-1.));
#5036=DIRECTION('',(0.,-1.,0.));
#5037=DIRECTION('center_axis',(0.,0.,1.));
#5038=DIRECTION('ref_axis',(-1.,0.,0.));
#5039=DIRECTION('',(1.,0.,0.));
#5040=DIRECTION('',(-1.,0.,0.));
#5041=DIRECTION('',(0.,-1.,0.));
#5042=DIRECTION('center_axis',(-1.,0.,0.));
#5043=DIRECTION('ref_axis',(0.,0.,-1.));
#5044=DIRECTION('',(0.,0.,1.));
#5045=DIRECTION('',(0.,0.,-1.));
#5046=DIRECTION('',(0.,-1.,0.));
#5047=DIRECTION('center_axis',(0.,0.,1.));
#5048=DIRECTION('ref_axis',(-1.,0.,0.));
#5049=DIRECTION('',(1.,0.,0.));
#5050=DIRECTION('',(-1.,0.,0.));
#5051=DIRECTION('',(0.,-1.,0.));
#5052=DIRECTION('center_axis',(1.,0.,0.));
#5053=DIRECTION('ref_axis',(0.,0.,1.));
#5054=DIRECTION('',(0.,0.,-1.));
#5055=DIRECTION('',(0.,0.,1.));
#5056=DIRECTION('',(0.,-1.,0.));
#5057=DIRECTION('center_axis',(0.,0.,1.));
#5058=DIRECTION('ref_axis',(-1.,0.,0.));
#5059=DIRECTION('',(1.,0.,0.));
#5060=DIRECTION('',(-1.,0.,0.));
#5061=DIRECTION('',(0.,-1.,0.));
#5062=DIRECTION('center_axis',(-1.,0.,0.));
#5063=DIRECTION('ref_axis',(0.,0.,-1.));
#5064=DIRECTION('',(0.,0.,1.));
#5065=DIRECTION('',(0.,0.,-1.));
#5066=DIRECTION('center_axis',(0.,-1.,0.));
#5067=DIRECTION('ref_axis',(0.,0.,-1.));
#5068=DIRECTION('center_axis',(0.,1.,0.));
#5069=DIRECTION('ref_axis',(-1.,0.,0.));
#5070=DIRECTION('',(0.,0.,1.));
#5071=DIRECTION('',(1.,0.,0.));
#5072=DIRECTION('',(0.,0.,-1.));
#5073=DIRECTION('',(-1.,0.,0.));
#5074=DIRECTION('center_axis',(0.,1.,0.));
#5075=DIRECTION('ref_axis',(-1.,0.,0.));
#5076=DIRECTION('center_axis',(-1.,0.,0.));
#5077=DIRECTION('ref_axis',(0.,-1.,0.));
#5078=DIRECTION('',(0.,1.,0.));
#5079=DIRECTION('',(0.,0.,-1.));
#5080=DIRECTION('',(0.,-1.,0.));
#5081=DIRECTION('',(0.,0.,1.));
#5082=DIRECTION('center_axis',(0.,1.,0.));
#5083=DIRECTION('ref_axis',(-1.,0.,0.));
#5084=DIRECTION('',(1.,0.,0.));
#5085=DIRECTION('',(-1.,0.,0.));
#5086=DIRECTION('',(0.,0.,1.));
#5087=DIRECTION('center_axis',(0.,0.,1.));
#5088=DIRECTION('ref_axis',(1.,0.,0.));
#5089=DIRECTION('',(0.,-1.,0.));
#5090=DIRECTION('',(-1.,-5.99268109882897E-17,0.));
#5091=DIRECTION('center_axis',(0.,0.,-1.));
#5092=DIRECTION('ref_axis',(1.,0.,0.));
#5093=DIRECTION('center_axis',(-5.99268109882897E-17,1.,0.));
#5094=DIRECTION('ref_axis',(-1.,-5.99268109882897E-17,0.));
#5095=DIRECTION('',(1.,5.99268109882897E-17,0.));
#5096=DIRECTION('',(0.,0.,1.));
#5097=DIRECTION('',(-1.,-5.99268109882897E-17,-5.02845649979044E-17));
#5098=DIRECTION('',(0.,5.55111512312578E-17,-1.));
#5099=DIRECTION('',(0.608120402411343,3.64427164134272E-17,-0.793844806099446));
#5100=DIRECTION('',(0.,0.,1.));
#5101=DIRECTION('center_axis',(5.99268109882897E-17,-1.,0.));
#5102=DIRECTION('ref_axis',(1.,0.,0.));
#5103=DIRECTION('',(0.,0.,-1.));
#5104=DIRECTION('center_axis',(5.99268109882897E-17,-1.,0.));
#5105=DIRECTION('ref_axis',(1.,0.,0.));
#5106=DIRECTION('',(0.,0.,-1.));
#5107=DIRECTION('center_axis',(5.99268109882897E-17,-1.,0.));
#5108=DIRECTION('ref_axis',(1.,0.,0.));
#5109=DIRECTION('',(0.,0.,-1.));
#5110=DIRECTION('center_axis',(5.99268109882897E-17,-1.,0.));
#5111=DIRECTION('ref_axis',(1.,0.,0.));
#5112=DIRECTION('',(0.,0.,-1.));
#5113=DIRECTION('center_axis',(1.,0.,0.));
#5114=DIRECTION('ref_axis',(0.,1.,0.));
#5115=DIRECTION('',(0.,-1.,0.));
#5116=DIRECTION('',(0.,0.,-1.));
#5117=DIRECTION('',(0.,1.,0.));
#5118=DIRECTION('',(0.,0.,1.));
#5119=DIRECTION('center_axis',(0.,-1.,0.));
#5120=DIRECTION('ref_axis',(1.,0.,0.));
#5121=DIRECTION('',(-1.,0.,0.));
#5122=DIRECTION('',(1.,0.,0.));
#5123=DIRECTION('',(0.,0.,1.));
#5124=DIRECTION('center_axis',(0.,0.,1.));
#5125=DIRECTION('ref_axis',(1.,0.,0.));
#5126=DIRECTION('',(7.27387498892344E-17,1.,0.));
#5127=DIRECTION('',(1.,0.,0.));
#5128=DIRECTION('center_axis',(0.,0.,-1.));
#5129=DIRECTION('ref_axis',(1.,0.,0.));
#5130=DIRECTION('center_axis',(0.,-1.,0.));
#5131=DIRECTION('ref_axis',(1.,0.,0.));
#5132=DIRECTION('',(-1.,0.,0.));
#5133=DIRECTION('',(0.,0.,-1.));
#5134=DIRECTION('',(-1.,0.,0.));
#5135=DIRECTION('',(0.,0.,1.));
#5136=DIRECTION('',(-1.,0.,0.));
#5137=DIRECTION('',(0.,0.,-1.));
#5138=DIRECTION('',(-0.707106781186548,0.,-0.707106781186548));
#5139=DIRECTION('',(0.,0.,1.));
#5140=DIRECTION('center_axis',(0.,1.,0.));
#5141=DIRECTION('ref_axis',(-1.,0.,0.));
#5142=DIRECTION('center_axis',(0.,1.,0.));
#5143=DIRECTION('ref_axis',(-1.,0.,0.));
#5144=DIRECTION('center_axis',(0.,1.,0.));
#5145=DIRECTION('ref_axis',(-1.,0.,0.));
#5146=DIRECTION('',(1.,0.,0.));
#5147=DIRECTION('',(0.,0.,-1.));
#5148=DIRECTION('',(-1.,0.,0.));
#5149=DIRECTION('',(0.,0.,1.));
#5150=DIRECTION('center_axis',(1.,0.,0.));
#5151=DIRECTION('ref_axis',(0.,1.,0.));
#5152=DIRECTION('',(0.,-1.,0.));
#5153=DIRECTION('',(0.,1.,0.));
#5154=DIRECTION('',(0.,0.,1.));
#5155=DIRECTION('center_axis',(0.,0.,1.));
#5156=DIRECTION('ref_axis',(1.,0.,0.));
#5157=DIRECTION('',(7.27387498892344E-17,1.,0.));
#5158=DIRECTION('',(-1.,-5.99268109882897E-17,0.));
#5159=DIRECTION('center_axis',(0.,0.,-1.));
#5160=DIRECTION('ref_axis',(1.,0.,0.));
#5161=DIRECTION('center_axis',(0.,0.,1.));
#5162=DIRECTION('ref_axis',(1.,0.,0.));
#5163=DIRECTION('',(0.,1.,0.));
#5164=DIRECTION('',(-1.,3.5527136788005E-16,0.));
#5165=DIRECTION('',(0.,1.,0.));
#5166=DIRECTION('',(1.,0.,0.));
#5167=DIRECTION('',(0.,1.,0.));
#5168=DIRECTION('',(-0.707106781186547,0.707106781186548,0.));
#5169=DIRECTION('',(-1.,0.,0.));
#5170=DIRECTION('',(0.,1.,0.));
#5171=DIRECTION('',(-1.,0.,0.));
#5172=DIRECTION('',(0.,-1.,0.));
#5173=DIRECTION('',(-1.,0.,0.));
#5174=DIRECTION('',(0.,1.,0.));
#5175=DIRECTION('',(-1.,0.,0.));
#5176=DIRECTION('',(-1.,0.,0.));
#5177=DIRECTION('',(-7.27387498892344E-17,-1.,0.));
#5178=DIRECTION('',(1.,0.,0.));
#5179=DIRECTION('',(0.,-1.,0.));
#5180=DIRECTION('',(-1.,0.,0.));
#5181=DIRECTION('',(-7.27387498892344E-17,-1.,0.));
#5182=DIRECTION('',(1.,5.99268109882897E-17,0.));
#5183=DIRECTION('',(0.,1.,0.));
#5184=DIRECTION('',(1.,0.,0.));
#5185=DIRECTION('',(-3.5527136788005E-15,-1.,0.));
#5186=DIRECTION('',(-1.,3.5527136788005E-16,0.));
#5187=DIRECTION('',(0.,1.,0.));
#5188=DIRECTION('',(1.,0.,0.));
#5189=DIRECTION('',(0.,-1.,0.));
#5190=DIRECTION('',(-3.70074341541719E-16,1.,0.));
#5191=DIRECTION('',(-1.,0.,0.));
#5192=DIRECTION('',(0.,1.,0.));
#5193=DIRECTION('',(1.,0.,0.));
#5194=DIRECTION('',(-3.70074341541719E-16,1.,0.));
#5195=DIRECTION('',(1.,0.,0.));
#5196=DIRECTION('',(0.,-1.,0.));
#5197=DIRECTION('',(1.,0.,0.));
#5198=DIRECTION('',(3.43589330638346E-16,-1.,0.));
#5199=DIRECTION('',(-1.,0.,0.));
#5200=DIRECTION('',(0.,-1.,0.));
#5201=DIRECTION('',(-1.,3.70074341541719E-16,0.));
#5202=DIRECTION('',(0.,1.,0.));
#5203=DIRECTION('',(-1.,0.,0.));
#5204=DIRECTION('',(0.,1.,0.));
#5205=DIRECTION('',(1.,0.,0.));
#5206=DIRECTION('',(0.,1.,0.));
#5207=DIRECTION('',(1.,0.,0.));
#5208=DIRECTION('',(0.,-1.,0.));
#5209=DIRECTION('',(1.,0.,0.));
#5210=DIRECTION('',(3.43589330638346E-16,-1.,0.));
#5211=DIRECTION('',(-1.,0.,0.));
#5212=DIRECTION('',(0.,-1.,0.));
#5213=DIRECTION('',(-1.,0.,0.));
#5214=DIRECTION('center_axis',(-5.99268109882897E-17,1.,0.));
#5215=DIRECTION('ref_axis',(-1.,-5.99268109882897E-17,0.));
#5216=DIRECTION('',(0.,0.,1.));
#5217=DIRECTION('',(0.608120402411343,3.64427164134272E-17,0.793844806099446));
#5218=DIRECTION('',(0.,-5.55111512312578E-17,1.));
#5219=DIRECTION('',(-1.,-5.99268109882897E-17,-5.02845649979044E-17));
#5220=DIRECTION('',(0.,0.,1.));
#5221=DIRECTION('center_axis',(0.,0.,1.));
#5222=DIRECTION('ref_axis',(1.,0.,0.));
#5223=DIRECTION('center_axis',(0.,0.,1.));
#5224=DIRECTION('ref_axis',(1.,0.,0.));
#5225=DIRECTION('',(0.707106781186547,8.65956056235493E-17,-0.707106781186547));
#5226=DIRECTION('center_axis',(0.,0.,-1.));
#5227=DIRECTION('ref_axis',(1.,0.,0.));
#5228=DIRECTION('center_axis',(0.,0.,1.));
#5229=DIRECTION('ref_axis',(1.,0.,0.));
#5230=DIRECTION('',(0.,0.,-1.));
#5231=DIRECTION('center_axis',(0.,0.,-1.));
#5232=DIRECTION('ref_axis',(1.,0.,0.));
#5233=DIRECTION('center_axis',(0.,0.,1.));
#5234=DIRECTION('ref_axis',(1.,0.,0.));
#5235=DIRECTION('',(0.,1.,0.));
#5236=DIRECTION('',(0.,-1.,0.));
#5237=DIRECTION('',(0.,1.,0.));
#5238=DIRECTION('',(-1.,0.,0.));
#5239=DIRECTION('',(3.70074341541719E-16,-1.,0.));
#5240=DIRECTION('',(-3.70074341541719E-16,1.,0.));
#5241=DIRECTION('',(3.70074341541719E-16,-1.,0.));
#5242=DIRECTION('',(1.,-3.70074341541719E-16,0.));
#5243=DIRECTION('center_axis',(0.,0.,1.));
#5244=DIRECTION('ref_axis',(1.,0.,0.));
#5245=DIRECTION('center_axis',(0.,0.,1.));
#5246=DIRECTION('ref_axis',(1.,0.,0.));
#5247=DIRECTION('',(0.707106781186547,8.65956056235493E-17,-0.707106781186547));
#5248=DIRECTION('center_axis',(0.,0.,-1.));
#5249=DIRECTION('ref_axis',(1.,0.,0.));
#5250=DIRECTION('center_axis',(0.,0.,1.));
#5251=DIRECTION('ref_axis',(1.,0.,0.));
#5252=DIRECTION('',(0.,0.,-1.));
#5253=DIRECTION('center_axis',(0.,0.,-1.));
#5254=DIRECTION('ref_axis',(1.,0.,0.));
#5255=DIRECTION('center_axis',(0.,0.,1.));
#5256=DIRECTION('ref_axis',(1.,0.,0.));
#5257=DIRECTION('',(0.,1.,0.));
#5258=DIRECTION('',(0.,-1.,0.));
#5259=DIRECTION('',(0.,1.,0.));
#5260=DIRECTION('',(-1.,0.,0.));
#5261=DIRECTION('',(0.,-1.,0.));
#5262=DIRECTION('',(0.,1.,0.));
#5263=DIRECTION('',(0.,-1.,0.));
#5264=DIRECTION('',(1.,0.,0.));
#5265=DIRECTION('center_axis',(0.,0.,-1.));
#5266=DIRECTION('ref_axis',(-1.,0.,0.));
#5267=DIRECTION('center_axis',(0.,0.,-1.));
#5268=DIRECTION('ref_axis',(-1.,0.,0.));
#5269=DIRECTION('center_axis',(0.,0.,1.));
#5270=DIRECTION('ref_axis',(1.,0.,0.));
#5271=DIRECTION('center_axis',(0.,0.,1.));
#5272=DIRECTION('ref_axis',(1.,0.,0.));
#5273=DIRECTION('',(0.,0.,1.));
#5274=DIRECTION('center_axis',(0.,0.,1.));
#5275=DIRECTION('ref_axis',(1.,0.,0.));
#5276=DIRECTION('center_axis',(0.,0.,1.));
#5277=DIRECTION('ref_axis',(1.,0.,0.));
#5278=DIRECTION('center_axis',(0.,0.,1.));
#5279=DIRECTION('ref_axis',(1.,0.,0.));
#5280=DIRECTION('center_axis',(0.,0.,1.));
#5281=DIRECTION('ref_axis',(1.,0.,0.));
#5282=DIRECTION('',(0.,0.,1.));
#5283=DIRECTION('center_axis',(0.,0.,1.));
#5284=DIRECTION('ref_axis',(1.,0.,0.));
#5285=DIRECTION('center_axis',(0.,0.,1.));
#5286=DIRECTION('ref_axis',(1.,0.,0.));
#5287=DIRECTION('center_axis',(-1.,0.,0.));
#5288=DIRECTION('ref_axis',(0.,-1.,0.));
#5289=DIRECTION('',(0.,0.,1.));
#5290=DIRECTION('',(0.,0.,1.));
#5291=DIRECTION('center_axis',(-1.,0.,0.));
#5292=DIRECTION('ref_axis',(0.,-1.,0.));
#5293=DIRECTION('',(0.,0.,1.));
#5294=DIRECTION('',(0.,0.,1.));
#5295=DIRECTION('center_axis',(1.,0.,0.));
#5296=DIRECTION('ref_axis',(0.,1.,0.));
#5297=DIRECTION('',(0.,0.,1.));
#5298=DIRECTION('',(0.,0.,1.));
#5299=DIRECTION('center_axis',(1.,0.,0.));
#5300=DIRECTION('ref_axis',(0.,1.,0.));
#5301=DIRECTION('',(0.,0.,1.));
#5302=DIRECTION('',(0.,0.,1.));
#5303=DIRECTION('center_axis',(0.,-1.,0.));
#5304=DIRECTION('ref_axis',(1.,0.,0.));
#5305=DIRECTION('center_axis',(0.,1.,0.));
#5306=DIRECTION('ref_axis',(-1.,0.,0.));
#5307=DIRECTION('center_axis',(1.,0.,0.));
#5308=DIRECTION('ref_axis',(0.,1.,0.));
#5309=DIRECTION('',(0.,0.,1.));
#5310=DIRECTION('',(0.,1.,0.));
#5311=DIRECTION('',(0.,0.,1.));
#5312=DIRECTION('center_axis',(-1.,-3.70074341541719E-16,0.));
#5313=DIRECTION('ref_axis',(3.70074341541719E-16,-1.,0.));
#5314=DIRECTION('',(0.,0.,1.));
#5315=DIRECTION('',(0.,0.,1.));
#5316=DIRECTION('center_axis',(-1.,-3.70074341541719E-16,0.));
#5317=DIRECTION('ref_axis',(3.70074341541719E-16,-1.,0.));
#5318=DIRECTION('',(0.,0.,1.));
#5319=DIRECTION('',(0.,0.,1.));
#5320=DIRECTION('center_axis',(1.,0.,0.));
#5321=DIRECTION('ref_axis',(0.,1.,0.));
#5322=DIRECTION('',(0.,0.,1.));
#5323=DIRECTION('',(0.,0.,1.));
#5324=DIRECTION('center_axis',(1.,0.,0.));
#5325=DIRECTION('ref_axis',(0.,1.,0.));
#5326=DIRECTION('',(0.,0.,1.));
#5327=DIRECTION('',(0.,0.,1.));
#5328=DIRECTION('center_axis',(-3.70074341541719E-16,-1.,0.));
#5329=DIRECTION('ref_axis',(1.,-3.70074341541719E-16,0.));
#5330=DIRECTION('center_axis',(0.,1.,0.));
#5331=DIRECTION('ref_axis',(-1.,0.,0.));
#5332=DIRECTION('center_axis',(1.,3.70074341541719E-16,0.));
#5333=DIRECTION('ref_axis',(-3.70074341541719E-16,1.,0.));
#5334=DIRECTION('',(0.,0.,1.));
#5335=DIRECTION('',(-3.70074341541719E-16,1.,0.));
#5336=DIRECTION('',(0.,0.,1.));
#5337=DIRECTION('center_axis',(0.,-1.,0.));
#5338=DIRECTION('ref_axis',(1.,0.,0.));
#5339=DIRECTION('',(0.,0.,1.));
#5340=DIRECTION('',(1.,0.,0.));
#5341=DIRECTION('',(0.,0.,1.));
#5342=DIRECTION('center_axis',(-1.,0.,0.));
#5343=DIRECTION('ref_axis',(0.,-1.,0.));
#5344=DIRECTION('',(0.,-1.,0.));
#5345=DIRECTION('',(0.,0.,1.));
#5346=DIRECTION('center_axis',(0.,1.,0.));
#5347=DIRECTION('ref_axis',(-1.,0.,0.));
#5348=DIRECTION('',(-1.,0.,0.));
#5349=DIRECTION('',(0.,0.,1.));
#5350=DIRECTION('center_axis',(1.,3.43589330638346E-16,0.));
#5351=DIRECTION('ref_axis',(-3.43589330638346E-16,1.,0.));
#5352=DIRECTION('',(-3.43589330638346E-16,1.,0.));
#5353=DIRECTION('center_axis',(0.,0.,1.));
#5354=DIRECTION('ref_axis',(1.,0.,0.));
#5355=DIRECTION('center_axis',(-1.,0.,0.));
#5356=DIRECTION('ref_axis',(0.,-1.,0.));
#5357=DIRECTION('',(0.,0.,1.));
#5358=DIRECTION('',(0.,-1.,0.));
#5359=DIRECTION('',(0.,0.,1.));
#5360=DIRECTION('center_axis',(0.,1.,0.));
#5361=DIRECTION('ref_axis',(-1.,0.,0.));
#5362=DIRECTION('',(-1.,0.,0.));
#5363=DIRECTION('center_axis',(0.,-1.,0.));
#5364=DIRECTION('ref_axis',(1.,0.,0.));
#5365=DIRECTION('',(1.,0.,0.));
#5366=DIRECTION('center_axis',(0.,0.,1.));
#5367=DIRECTION('ref_axis',(1.,0.,0.));
#5368=DIRECTION('center_axis',(1.,3.43589330638346E-16,0.));
#5369=DIRECTION('ref_axis',(-3.43589330638346E-16,1.,0.));
#5370=DIRECTION('',(0.,0.,1.));
#5371=DIRECTION('',(-3.43589330638346E-16,1.,0.));
#5372=DIRECTION('',(0.,0.,1.));
#5373=DIRECTION('center_axis',(0.,-1.,0.));
#5374=DIRECTION('ref_axis',(1.,0.,0.));
#5375=DIRECTION('',(1.,0.,0.));
#5376=DIRECTION('',(0.,0.,1.));
#5377=DIRECTION('center_axis',(-1.,0.,0.));
#5378=DIRECTION('ref_axis',(0.,-1.,0.));
#5379=DIRECTION('',(0.,-1.,0.));
#5380=DIRECTION('',(0.,0.,1.));
#5381=DIRECTION('center_axis',(0.,1.,0.));
#5382=DIRECTION('ref_axis',(-1.,0.,0.));
#5383=DIRECTION('',(-1.,0.,0.));
#5384=DIRECTION('center_axis',(0.,0.,1.));
#5385=DIRECTION('ref_axis',(1.,0.,0.));
#5386=DIRECTION('center_axis',(0.,-1.,0.));
#5387=DIRECTION('ref_axis',(1.,0.,0.));
#5388=DIRECTION('',(1.,0.,0.));
#5389=DIRECTION('',(0.,0.,1.));
#5390=DIRECTION('center_axis',(-1.,0.,0.));
#5391=DIRECTION('ref_axis',(0.,-1.,0.));
#5392=DIRECTION('',(0.,-1.,0.));
#5393=DIRECTION('',(0.,0.,1.));
#5394=DIRECTION('center_axis',(0.,1.,0.));
#5395=DIRECTION('ref_axis',(-1.,0.,0.));
#5396=DIRECTION('',(-1.,0.,0.));
#5397=DIRECTION('center_axis',(0.,0.,1.));
#5398=DIRECTION('ref_axis',(1.,0.,0.));
#5399=DIRECTION('center_axis',(0.,0.,-1.));
#5400=DIRECTION('ref_axis',(1.,0.,0.));
#5401=DIRECTION('center_axis',(0.,0.,-1.));
#5402=DIRECTION('ref_axis',(1.,0.,0.));
#5403=DIRECTION('',(0.707106781186547,-8.65956056235493E-17,0.707106781186548));
#5404=DIRECTION('center_axis',(0.,0.,1.));
#5405=DIRECTION('ref_axis',(1.,0.,0.));
#5406=DIRECTION('center_axis',(0.,0.,1.));
#5407=DIRECTION('ref_axis',(1.,0.,0.));
#5408=DIRECTION('',(0.,-1.,0.));
#5409=DIRECTION('',(-1.,0.,0.));
#5410=DIRECTION('',(0.,1.,0.));
#5411=DIRECTION('',(1.,0.,0.));
#5412=DIRECTION('center_axis',(0.,0.,1.));
#5413=DIRECTION('ref_axis',(1.,0.,0.));
#5414=DIRECTION('center_axis',(0.,0.,1.));
#5415=DIRECTION('ref_axis',(1.,0.,0.));
#5416=DIRECTION('center_axis',(0.,0.,-1.));
#5417=DIRECTION('ref_axis',(1.,0.,0.));
#5418=DIRECTION('center_axis',(0.,0.,-1.));
#5419=DIRECTION('ref_axis',(1.,0.,0.));
#5420=DIRECTION('center_axis',(0.,0.,-1.));
#5421=DIRECTION('ref_axis',(1.,0.,0.));
#5422=DIRECTION('center_axis',(0.,0.,1.));
#5423=DIRECTION('ref_axis',(1.,0.,0.));
#5424=DIRECTION('',(0.,0.,1.));
#5425=DIRECTION('center_axis',(0.,0.,-1.));
#5426=DIRECTION('ref_axis',(1.,0.,0.));
#5427=DIRECTION('',(0.707106781186547,-8.65956056235493E-17,0.707106781186548));
#5428=DIRECTION('center_axis',(0.,0.,1.));
#5429=DIRECTION('ref_axis',(1.,0.,0.));
#5430=DIRECTION('center_axis',(0.,0.,1.));
#5431=DIRECTION('ref_axis',(1.,0.,0.));
#5432=DIRECTION('',(0.,0.,1.));
#5433=DIRECTION('center_axis',(0.,0.,-1.));
#5434=DIRECTION('ref_axis',(1.,0.,0.));
#5435=DIRECTION('',(0.70710678118654,-8.65956056235484E-17,0.707106781186555));
#5436=DIRECTION('center_axis',(0.,0.,1.));
#5437=DIRECTION('ref_axis',(1.,0.,0.));
#5438=DIRECTION('center_axis',(0.,0.,1.));
#5439=DIRECTION('ref_axis',(1.,0.,0.));
#5440=DIRECTION('',(0.,0.,1.));
#5441=DIRECTION('center_axis',(0.,0.,-1.));
#5442=DIRECTION('ref_axis',(1.,0.,0.));
#5443=DIRECTION('',(0.70710678118654,-8.65956056235484E-17,0.707106781186555));
#5444=DIRECTION('center_axis',(0.,0.,1.));
#5445=DIRECTION('ref_axis',(1.,0.,0.));
#5446=DIRECTION('center_axis',(0.,0.,1.));
#5447=DIRECTION('ref_axis',(1.,0.,0.));
#5448=DIRECTION('center_axis',(0.,0.,-1.));
#5449=DIRECTION('ref_axis',(1.,0.,0.));
#5450=DIRECTION('',(0.,0.,-1.));
#5451=DIRECTION('center_axis',(0.,0.,1.));
#5452=DIRECTION('ref_axis',(1.,0.,0.));
#5453=DIRECTION('center_axis',(0.,-2.16628882853689E-16,-1.));
#5454=DIRECTION('ref_axis',(1.,0.,0.));
#5455=DIRECTION('',(-0.707106781186788,8.65956056235788E-17,0.707106781186307));
#5456=DIRECTION('center_axis',(0.,2.58379176640036E-15,-1.));
#5457=DIRECTION('ref_axis',(1.,0.,0.));
#5458=DIRECTION('',(0.,2.58379176640036E-15,-1.));
#5459=DIRECTION('center_axis',(0.707106781186549,-1.88411095042053E-15,
0.707106781186546));
#5460=DIRECTION('ref_axis',(0.707106781186546,1.82701667919567E-15,-0.707106781186549));
#5461=DIRECTION('center_axis',(0.,0.,1.));
#5462=DIRECTION('ref_axis',(1.,0.,0.));
#5463=DIRECTION('center_axis',(0.,-2.16628882853689E-16,-1.));
#5464=DIRECTION('ref_axis',(1.,0.,0.));
#5465=DIRECTION('',(-0.707106781186558,8.65956056235506E-17,0.707106781186537));
#5466=DIRECTION('center_axis',(0.,2.58379176640036E-15,-1.));
#5467=DIRECTION('ref_axis',(1.,0.,0.));
#5468=DIRECTION('',(0.,2.58379176640036E-15,-1.));
#5469=DIRECTION('center_axis',(0.707106781186549,-1.88411095042053E-15,
0.707106781186546));
#5470=DIRECTION('ref_axis',(0.707106781186546,1.82701667919567E-15,-0.707106781186549));
#5471=DIRECTION('center_axis',(0.,0.,1.));
#5472=DIRECTION('ref_axis',(1.,0.,0.));
#5473=DIRECTION('center_axis',(0.,-2.16628882853689E-16,-1.));
#5474=DIRECTION('ref_axis',(1.,0.,0.));
#5475=DIRECTION('',(-0.707106781186796,8.65956056235798E-17,0.707106781186299));
#5476=DIRECTION('center_axis',(0.,2.16628882853689E-16,1.));
#5477=DIRECTION('ref_axis',(1.,0.,0.));
#5478=DIRECTION('center_axis',(0.,-2.16628882853689E-16,-1.));
#5479=DIRECTION('ref_axis',(0.,1.,-2.16628882853689E-16));
#5480=DIRECTION('',(1.8503717077086E-16,-1.,2.16628882853689E-16));
#5481=DIRECTION('',(1.,0.,0.));
#5482=DIRECTION('',(-7.27387498892344E-17,-1.,2.16628882853689E-16));
#5483=DIRECTION('',(-1.,0.,0.));
#5484=DIRECTION('',(0.,-1.,2.16628882853689E-16));
#5485=DIRECTION('',(0.,-1.,2.16628882853689E-16));
#5486=DIRECTION('',(1.,0.,0.));
#5487=DIRECTION('',(0.,1.,-2.16628882853689E-16));
#5488=DIRECTION('',(-1.,0.,0.));
#5489=DIRECTION('',(-1.,0.,0.));
#5490=DIRECTION('center_axis',(0.,2.16628882853689E-16,1.));
#5491=DIRECTION('ref_axis',(1.,0.,0.));
#5492=DIRECTION('center_axis',(0.,2.58379176640036E-15,-1.));
#5493=DIRECTION('ref_axis',(1.,0.,0.));
#5494=DIRECTION('',(0.,2.58379176640036E-15,-1.));
#5495=DIRECTION('center_axis',(-0.707106781186548,-1.83267688711882E-15,
0.707106781186548));
#5496=DIRECTION('ref_axis',(0.707106781186547,-1.82701667919567E-15,0.707106781186548));
#5497=DIRECTION('center_axis',(0.,0.,1.));
#5498=DIRECTION('ref_axis',(1.,0.,0.));
#5499=DIRECTION('center_axis',(0.,-2.16628882853689E-16,-1.));
#5500=DIRECTION('ref_axis',(1.,0.,0.));
#5501=DIRECTION('',(-0.707106781186566,8.65956056235516E-17,0.707106781186529));
#5502=DIRECTION('center_axis',(0.,2.58379176640036E-15,-1.));
#5503=DIRECTION('ref_axis',(1.,0.,0.));
#5504=DIRECTION('',(0.,2.58379176640036E-15,-1.));
#5505=DIRECTION('center_axis',(-0.707106781186547,-1.83267688711882E-15,
0.707106781186548));
#5506=DIRECTION('ref_axis',(0.707106781186548,-1.82701667919566E-15,0.707106781186547));
#5507=DIRECTION('center_axis',(0.,-0.766044443118977,-0.64278760968654));
#5508=DIRECTION('ref_axis',(0.,0.64278760968654,-0.766044443118977));
#5509=DIRECTION('',(-4.67555671728881E-17,-0.64278760968654,0.766044443118977));
#5510=DIRECTION('',(0.,0.64278760968654,-0.766044443118977));
#5511=DIRECTION('',(-1.,0.,0.));
#5512=DIRECTION('',(-3.20474742746036E-31,-0.64278760968654,0.766044443118977));
#5513=DIRECTION('',(1.,0.,0.));
#5514=DIRECTION('center_axis',(0.,-0.766044443118977,-0.64278760968654));
#5515=DIRECTION('ref_axis',(0.,0.64278760968654,-0.766044443118977));
#5516=DIRECTION('',(0.,0.64278760968654,-0.766044443118977));
#5517=DIRECTION('',(1.,0.,0.));
#5518=DIRECTION('',(0.,0.64278760968654,-0.766044443118977));
#5519=DIRECTION('',(-1.,0.,0.));
#5520=DIRECTION('',(0.,-0.64278760968654,0.766044443118977));
#5521=DIRECTION('center_axis',(1.,-1.47909596284669E-16,-1.24110887690046E-16));
#5522=DIRECTION('ref_axis',(-1.93082265152201E-16,-0.766044443118978,-0.642787609686539));
#5523=DIRECTION('',(0.,0.766044443118978,0.642787609686539));
#5524=DIRECTION('',(0.,0.642787609686539,-0.766044443118978));
#5525=DIRECTION('',(0.,0.766044443118978,0.642787609686539));
#5526=DIRECTION('',(0.,-0.766044443118978,-0.642787609686539));
#5527=DIRECTION('',(0.,0.642787609686539,-0.766044443118978));
#5528=DIRECTION('',(0.,-0.766044443118978,-0.642787609686539));
#5529=DIRECTION('',(-1.3652977901598E-16,-0.996194698091746,0.0871557427476577));
#5530=DIRECTION('',(0.,0.642787609686539,-0.766044443118978));
#5531=DIRECTION('',(-1.93082265152201E-16,-0.766044443118978,-0.642787609686539));
#5532=DIRECTION('',(0.,0.642787609686539,-0.766044443118978));
#5533=DIRECTION('',(0.,-0.766044443118978,-0.642787609686539));
#5534=DIRECTION('center_axis',(-1.,0.,0.));
#5535=DIRECTION('ref_axis',(0.,-1.,0.));
#5536=DIRECTION('',(0.,0.,1.));
#5537=DIRECTION('',(0.,0.,1.));
#5538=DIRECTION('',(0.,-0.766044443118978,-0.642787609686539));
#5539=DIRECTION('center_axis',(-1.,0.,0.));
#5540=DIRECTION('ref_axis',(0.,0.,-1.));
#5541=DIRECTION('',(0.,-1.,0.));
#5542=DIRECTION('',(0.,0.,-1.));
#5543=DIRECTION('center_axis',(0.,-0.642787609686539,0.766044443118978));
#5544=DIRECTION('ref_axis',(1.,0.,0.));
#5545=DIRECTION('',(0.,-0.766044443118978,-0.642787609686539));
#5546=DIRECTION('',(-1.,0.,0.));
#5547=DIRECTION('',(0.,0.766044443118978,0.642787609686539));
#5548=DIRECTION('center_axis',(0.,-0.642787609686539,0.766044443118978));
#5549=DIRECTION('ref_axis',(1.,0.,0.));
#5550=DIRECTION('',(1.,0.,0.));
#5551=DIRECTION('',(0.,0.766044443118978,0.642787609686539));
#5552=DIRECTION('',(0.,-0.766044443118978,-0.642787609686539));
#5553=DIRECTION('',(-1.,-4.36143681352228E-17,-3.65968002162956E-17));
#5554=DIRECTION('center_axis',(0.,-0.642787609686539,0.766044443118978));
#5555=DIRECTION('ref_axis',(1.,0.,0.));
#5556=DIRECTION('center_axis',(0.,-0.642787609686539,0.766044443118978));
#5557=DIRECTION('ref_axis',(1.,0.,0.));
#5558=DIRECTION('center_axis',(0.,-0.642787609686539,0.766044443118978));
#5559=DIRECTION('ref_axis',(1.,0.,0.));
#5560=DIRECTION('center_axis',(0.,-0.642787609686539,0.766044443118978));
#5561=DIRECTION('ref_axis',(1.,0.,0.));
#5562=DIRECTION('center_axis',(0.,-1.,-2.66453525910038E-15));
#5563=DIRECTION('ref_axis',(-1.,0.,0.));
#5564=DIRECTION('',(0.,2.66453525910038E-15,-1.));
#5565=DIRECTION('',(-0.707106781186546,-1.88411095042053E-15,0.707106781186549));
#5566=DIRECTION('',(0.,2.66453525910038E-15,-1.));
#5567=DIRECTION('center_axis',(-1.,0.,0.));
#5568=DIRECTION('ref_axis',(0.,1.,2.59224411961736E-15));
#5569=DIRECTION('',(0.,2.66453525910038E-15,-1.));
#5570=DIRECTION('',(0.,1.,2.59224411961736E-15));
#5571=DIRECTION('center_axis',(0.,1.,0.));
#5572=DIRECTION('ref_axis',(-1.,0.,0.));
#5573=DIRECTION('',(0.,0.,1.));
#5574=DIRECTION('',(1.,0.,0.));
#5575=DIRECTION('',(0.,0.,1.));
#5576=DIRECTION('center_axis',(0.,-1.,0.));
#5577=DIRECTION('ref_axis',(-1.,0.,0.));
#5578=DIRECTION('center_axis',(0.,-1.,0.));
#5579=DIRECTION('ref_axis',(-1.,0.,0.));
#5580=DIRECTION('',(0.,0.,1.));
#5581=DIRECTION('',(-1.,0.,-6.83214169000096E-16));
#5582=DIRECTION('',(0.,0.,-1.));
#5583=DIRECTION('',(1.,0.,0.));
#5584=DIRECTION('',(0.,0.,1.));
#5585=DIRECTION('',(-1.,0.,0.));
#5586=DIRECTION('',(0.,0.,-1.));
#5587=DIRECTION('',(1.,0.,0.));
#5588=DIRECTION('center_axis',(0.,-1.,0.));
#5589=DIRECTION('ref_axis',(-1.,0.,0.));
#5590=DIRECTION('center_axis',(0.,-1.,0.));
#5591=DIRECTION('ref_axis',(-1.,0.,0.));
#5592=DIRECTION('',(0.,0.,1.));
#5593=DIRECTION('',(-1.,0.,0.));
#5594=DIRECTION('',(0.,0.,-1.));
#5595=DIRECTION('',(1.,0.,0.));
#5596=DIRECTION('',(0.,0.,1.));
#5597=DIRECTION('',(-1.,0.,0.));
#5598=DIRECTION('',(0.,0.,-1.));
#5599=DIRECTION('',(1.,0.,0.));
#5600=DIRECTION('center_axis',(0.,1.,2.66453525910038E-15));
#5601=DIRECTION('ref_axis',(1.,0.,0.));
#5602=DIRECTION('',(0.,-2.66453525910038E-15,1.));
#5603=DIRECTION('',(0.707106781186546,1.88411095042053E-15,-0.707106781186549));
#5604=DIRECTION('center_axis',(-1.,0.,0.));
#5605=DIRECTION('ref_axis',(0.,-1.,0.));
#5606=DIRECTION('',(0.,-0.766044443118978,-0.642787609686539));
#5607=DIRECTION('',(0.,-0.642787609686539,0.766044443118978));
#5608=DIRECTION('',(0.,-0.766044443118978,-0.642787609686539));
#5609=DIRECTION('',(0.,-0.996194698091746,0.0871557427476576));
#5610=DIRECTION('',(0.,0.642787609686539,-0.766044443118978));
#5611=DIRECTION('',(0.,-0.766044443118978,-0.642787609686539));
#5612=DIRECTION('',(0.,-0.642787609686539,0.766044443118978));
#5613=DIRECTION('',(0.,-1.,-2.66453525910038E-15));
#5614=DIRECTION('',(0.,2.66453525910038E-15,-1.));
#5615=DIRECTION('',(0.,-1.,-2.66453525910038E-15));
#5616=DIRECTION('',(0.,0.,1.));
#5617=DIRECTION('',(0.,-1.,0.));
#5618=DIRECTION('',(0.,0.,1.));
#5619=DIRECTION('',(0.,-1.,0.));
#5620=DIRECTION('',(0.,0.,-1.));
#5621=DIRECTION('',(0.,-1.,0.));
#5622=DIRECTION('',(0.,0.,-1.));
#5623=DIRECTION('center_axis',(1.,0.,0.));
#5624=DIRECTION('ref_axis',(0.,0.,-1.));
#5625=DIRECTION('',(0.,0.,-1.));
#5626=DIRECTION('',(0.,1.,0.));
#5627=DIRECTION('',(0.,0.,1.));
#5628=DIRECTION('',(0.,-1.,2.86509167645202E-16));
#5629=DIRECTION('center_axis',(1.,0.,0.));
#5630=DIRECTION('ref_axis',(0.,0.,-1.));
#5631=DIRECTION('center_axis',(1.,0.,0.));
#5632=DIRECTION('ref_axis',(0.,0.,-1.));
#5633=DIRECTION('center_axis',(1.,0.,0.));
#5634=DIRECTION('ref_axis',(0.,0.,-1.));
#5635=DIRECTION('center_axis',(0.,-1.,-2.66453525910038E-15));
#5636=DIRECTION('ref_axis',(-1.,0.,0.));
#5637=DIRECTION('',(0.,2.66453525910038E-15,-1.));
#5638=DIRECTION('',(-0.707106781186546,-1.88411095042053E-15,0.707106781186549));
#5639=DIRECTION('center_axis',(-1.,0.,0.));
#5640=DIRECTION('ref_axis',(0.,1.,2.59224411961736E-15));
#5641=DIRECTION('',(0.,0.,1.));
#5642=DIRECTION('',(0.,1.,2.59224411961736E-15));
#5643=DIRECTION('center_axis',(0.,-1.,0.));
#5644=DIRECTION('ref_axis',(1.,0.,0.));
#5645=DIRECTION('',(0.,0.,1.));
#5646=DIRECTION('',(1.,0.,0.));
#5647=DIRECTION('',(0.,0.,1.));
#5648=DIRECTION('',(1.,0.,0.));
#5649=DIRECTION('',(0.,0.,-1.));
#5650=DIRECTION('',(1.,0.,0.));
#5651=DIRECTION('',(-0.707106781186546,0.,0.707106781186549));
#5652=DIRECTION('',(0.,0.,-1.));
#5653=DIRECTION('',(-1.,0.,0.));
#5654=DIRECTION('',(0.,0.,1.));
#5655=DIRECTION('',(1.,0.,0.));
#5656=DIRECTION('',(0.,0.,-1.));
#5657=DIRECTION('',(-1.,0.,0.));
#5658=DIRECTION('',(0.,0.,1.));
#5659=DIRECTION('',(1.,0.,6.83214169000096E-16));
#5660=DIRECTION('center_axis',(0.,0.,1.));
#5661=DIRECTION('ref_axis',(1.,0.,0.));
#5662=DIRECTION('center_axis',(0.,0.,1.));
#5663=DIRECTION('ref_axis',(1.,0.,0.));
#5664=DIRECTION('',(0.70710678118654,8.65956056235484E-17,-0.707106781186555));
#5665=DIRECTION('center_axis',(0.,0.,1.));
#5666=DIRECTION('ref_axis',(1.,0.,0.));
#5667=DIRECTION('',(0.,-1.,0.));
#5668=DIRECTION('',(1.,0.,0.));
#5669=DIRECTION('',(0.,1.,0.));
#5670=DIRECTION('',(1.,0.,0.));
#5671=DIRECTION('',(0.,-1.,0.));
#5672=DIRECTION('',(1.,0.,0.));
#5673=DIRECTION('',(0.707106781186547,-0.707106781186548,0.));
#5674=DIRECTION('',(0.,-1.,0.));
#5675=DIRECTION('',(1.,0.,0.));
#5676=DIRECTION('',(0.,-1.,0.));
#5677=DIRECTION('',(0.,-1.,0.));
#5678=DIRECTION('center_axis',(0.,0.,1.));
#5679=DIRECTION('ref_axis',(1.,0.,0.));
#5680=DIRECTION('center_axis',(0.,0.,1.));
#5681=DIRECTION('ref_axis',(1.,0.,0.));
#5682=DIRECTION('',(0.70710678118655,8.65956056235496E-17,-0.707106781186545));
#5683=DIRECTION('center_axis',(0.,0.,-1.));
#5684=DIRECTION('ref_axis',(1.,0.,0.));
#5685=DIRECTION('center_axis',(0.,0.,1.));
#5686=DIRECTION('ref_axis',(1.,0.,0.));
#5687=DIRECTION('',(0.,0.,-1.));
#5688=DIRECTION('center_axis',(0.,0.,1.));
#5689=DIRECTION('ref_axis',(1.,0.,0.));
#5690=DIRECTION('center_axis',(0.,0.,1.));
#5691=DIRECTION('ref_axis',(1.,0.,0.));
#5692=DIRECTION('',(0.70710678118655,8.65956056235496E-17,-0.707106781186545));
#5693=DIRECTION('center_axis',(0.,0.,-1.));
#5694=DIRECTION('ref_axis',(1.,0.,0.));
#5695=DIRECTION('center_axis',(0.,0.,1.));
#5696=DIRECTION('ref_axis',(1.,0.,0.));
#5697=DIRECTION('',(0.,0.,-1.));
#5698=DIRECTION('center_axis',(0.,0.,1.));
#5699=DIRECTION('ref_axis',(1.,0.,0.));
#5700=DIRECTION('',(0.,1.,0.));
#5701=DIRECTION('',(-1.,0.,0.));
#5702=DIRECTION('',(0.,-1.,0.));
#5703=DIRECTION('',(1.,-3.5527136788005E-16,0.));
#5704=DIRECTION('center_axis',(0.,0.,1.));
#5705=DIRECTION('ref_axis',(1.,0.,0.));
#5706=DIRECTION('center_axis',(0.,0.,1.));
#5707=DIRECTION('ref_axis',(1.,0.,0.));
#5708=DIRECTION('',(0.70710678118654,8.65956056235484E-17,-0.707106781186555));
#5709=DIRECTION('center_axis',(0.,0.,-1.));
#5710=DIRECTION('ref_axis',(1.,0.,0.));
#5711=DIRECTION('center_axis',(0.,0.,1.));
#5712=DIRECTION('ref_axis',(1.,0.,0.));
#5713=DIRECTION('',(0.,0.,-1.));
#5714=DIRECTION('center_axis',(0.,0.,1.));
#5715=DIRECTION('ref_axis',(1.,0.,0.));
#5716=DIRECTION('center_axis',(0.,0.,1.));
#5717=DIRECTION('ref_axis',(1.,0.,0.));
#5718=DIRECTION('',(-1.,0.,0.));
#5719=DIRECTION('',(0.,-1.,0.));
#5720=DIRECTION('',(-1.,0.,0.));
#5721=DIRECTION('',(0.,-1.,0.));
#5722=DIRECTION('',(1.,-3.5527136788005E-16,0.));
#5723=DIRECTION('center_axis',(0.,-0.642787609686536,0.766044443118981));
#5724=DIRECTION('ref_axis',(1.,0.,0.));
#5725=DIRECTION('',(0.707106781186522,0.454519477672058,-0.541675220419723));
#5726=DIRECTION('center_axis',(0.,0.642787609686539,-0.766044443118978));
#5727=DIRECTION('ref_axis',(1.,0.,0.));
#5728=DIRECTION('center_axis',(0.,0.642787609686539,-0.766044443118978));
#5729=DIRECTION('ref_axis',(1.,0.,0.));
#5730=DIRECTION('',(0.,0.642787609686539,-0.766044443118978));
#5731=DIRECTION('center_axis',(-0.707106781186548,-0.454519477672044,0.541675220419702));
#5732=DIRECTION('ref_axis',(0.707106781186547,-0.454519477672044,0.541675220419702));
#5733=DIRECTION('center_axis',(0.,-0.642787609686533,0.766044443118983));
#5734=DIRECTION('ref_axis',(1.,0.,0.));
#5735=DIRECTION('',(0.707106781186537,0.454519477672046,-0.541675220419714));
#5736=DIRECTION('center_axis',(0.,0.642787609686539,-0.766044443118978));
#5737=DIRECTION('ref_axis',(1.,0.,0.));
#5738=DIRECTION('center_axis',(0.,0.64278760968654,-0.766044443118978));
#5739=DIRECTION('ref_axis',(1.,0.,0.));
#5740=DIRECTION('',(0.,0.64278760968654,-0.766044443118978));
#5741=DIRECTION('center_axis',(-0.707106781186548,-0.454519477672043,0.541675220419702));
#5742=DIRECTION('ref_axis',(0.707106781186547,-0.454519477672044,0.541675220419702));
#5743=DIRECTION('center_axis',(0.,-0.642787609686533,0.766044443118983));
#5744=DIRECTION('ref_axis',(1.,0.,0.));
#5745=DIRECTION('',(0.707106781186529,0.454519477672051,-0.54167522041972));
#5746=DIRECTION('center_axis',(0.,0.642787609686539,-0.766044443118978));
#5747=DIRECTION('ref_axis',(1.,0.,0.));
#5748=DIRECTION('center_axis',(0.,0.64278760968654,-0.766044443118978));
#5749=DIRECTION('ref_axis',(1.,0.,0.));
#5750=DIRECTION('',(0.,0.64278760968654,-0.766044443118978));
#5751=DIRECTION('center_axis',(0.707106781186547,-0.454519477672044,0.541675220419702));
#5752=DIRECTION('ref_axis',(0.707106781186548,0.454519477672043,-0.541675220419701));
#5753=DIRECTION('center_axis',(0.,-0.642787609686536,0.766044443118981));
#5754=DIRECTION('ref_axis',(1.,0.,0.));
#5755=DIRECTION('',(0.707106781186514,0.454519477672063,-0.541675220419729));
#5756=DIRECTION('center_axis',(0.,0.642787609686539,-0.766044443118978));
#5757=DIRECTION('ref_axis',(1.,0.,0.));
#5758=DIRECTION('center_axis',(0.,0.642787609686539,-0.766044443118978));
#5759=DIRECTION('ref_axis',(1.,0.,0.));
#5760=DIRECTION('',(0.,0.642787609686539,-0.766044443118978));
#5761=DIRECTION('center_axis',(0.707106781186547,-0.454519477672044,0.541675220419702));
#5762=DIRECTION('ref_axis',(0.707106781186548,0.454519477672044,-0.541675220419702));
#5763=DIRECTION('center_axis',(1.,-7.27387498892344E-17,0.));
#5764=DIRECTION('ref_axis',(7.27387498892344E-17,1.,0.));
#5765=DIRECTION('',(7.27387498892344E-17,1.,2.66453525910038E-15));
#5766=DIRECTION('',(-1.93814963782749E-31,-2.66453525910038E-15,1.));
#5767=DIRECTION('',(0.,0.,1.));
#5768=DIRECTION('center_axis',(0.,-0.642787609686539,0.766044443118978));
#5769=DIRECTION('ref_axis',(1.,0.,0.));
#5770=DIRECTION('',(-1.,0.,0.));
#5771=DIRECTION('',(5.57211151520692E-17,0.766044443118978,0.642787609686539));
#5772=DIRECTION('center_axis',(-0.707106781186549,1.88411095042053E-15,
-0.707106781186546));
#5773=DIRECTION('ref_axis',(-0.707106781186546,0.,0.707106781186549));
#5774=DIRECTION('center_axis',(-0.707106781186549,1.88411095042053E-15,
-0.707106781186546));
#5775=DIRECTION('ref_axis',(-0.707106781186546,0.,0.707106781186549));
#5776=DIRECTION('center_axis',(0.707106781186547,1.83267688711882E-15,-0.707106781186548));
#5777=DIRECTION('ref_axis',(-0.707106781186548,0.,-0.707106781186547));
#5778=DIRECTION('',(0.,-1.,-2.59179650921114E-15));
#5779=DIRECTION('',(0.707106781186548,0.,0.707106781186547));
#5780=DIRECTION('',(1.8503717077086E-16,-1.,-2.59224411961736E-15));
#5781=DIRECTION('',(-0.707106781186548,1.88411095042053E-15,-0.707106781186547));
#5782=DIRECTION('',(7.27387498892344E-17,1.,2.66453525910038E-15));
#5783=DIRECTION('',(-0.707106781186548,0.,-0.707106781186547));
#5784=DIRECTION('center_axis',(1.,0.,0.));
#5785=DIRECTION('ref_axis',(0.,1.,0.));
#5786=DIRECTION('',(0.,0.,1.));
#5787=DIRECTION('',(0.,0.,1.));
#5788=DIRECTION('center_axis',(0.,-1.,0.));
#5789=DIRECTION('ref_axis',(1.,0.,0.));
#5790=DIRECTION('',(0.,0.,1.));
#5791=DIRECTION('center_axis',(1.,-7.27387498892344E-17,0.));
#5792=DIRECTION('ref_axis',(7.27387498892344E-17,1.,0.));
#5793=DIRECTION('',(-1.93814963782749E-31,-2.66453525910038E-15,1.));
#5794=DIRECTION('',(4.6755567172888E-17,0.642787609686539,-0.766044443118978));
#5795=DIRECTION('',(5.57211151520692E-17,0.766044443118978,0.642787609686539));
#5796=DIRECTION('',(-4.6755567172888E-17,-0.642787609686539,0.766044443118978));
#5797=DIRECTION('',(7.24619569854768E-17,0.996194698091746,-0.0871557427476577));
#5798=DIRECTION('',(5.57211151520692E-17,0.766044443118978,0.642787609686539));
#5799=DIRECTION('',(4.6755567172888E-17,0.642787609686539,-0.766044443118978));
#5800=DIRECTION('',(5.57211151520692E-17,0.766044443118978,0.642787609686539));
#5801=DIRECTION('center_axis',(0.707106781186548,1.83267688711882E-15,-0.707106781186548));
#5802=DIRECTION('ref_axis',(-0.707106781186548,0.,-0.707106781186548));
#5803=DIRECTION('',(0.,-1.,-2.59224411961736E-15));
#5804=DIRECTION('',(-0.707106781186548,1.88411095042053E-15,-0.707106781186548));
#5805=DIRECTION('center_axis',(-0.707106781186547,0.454519477672044,-0.541675220419702));
#5806=DIRECTION('ref_axis',(-0.608120402411344,0.,0.793844806099445));
#5807=DIRECTION('',(0.707106781186548,0.454519477672043,-0.541675220419701));
#5808=DIRECTION('',(0.,0.766044443118978,0.642787609686539));
#5809=DIRECTION('',(-0.577350269189626,-0.813389564930238,0.0711623659616789));
#5810=DIRECTION('',(-0.707089952803728,-0.459793661559865,0.537227686771068));
#5811=DIRECTION('center_axis',(-0.573576436351044,-0.0713938048432693,-0.81603492345171));
#5812=DIRECTION('ref_axis',(-0.818122603401502,0.,0.575043829463067));
#5813=DIRECTION('',(0.,0.996194698091746,-0.0871557427476576));
#5814=DIRECTION('',(-0.710564775461632,-0.452285798208996,0.539013224894911));
#5815=DIRECTION('center_axis',(0.,-0.0871557427476576,-0.996194698091746));
#5816=DIRECTION('ref_axis',(-1.,0.,0.));
#5817=DIRECTION('',(0.,0.996194698091746,-0.0871557427476576));
#5818=DIRECTION('',(1.,0.,0.));
#5819=DIRECTION('center_axis',(0.707106781186547,0.454519477672044,-0.541675220419702));
#5820=DIRECTION('ref_axis',(-0.608120402411343,0.,-0.793844806099446));
#5821=DIRECTION('',(0.707106781186548,-0.454519477672043,0.541675220419702));
#5822=DIRECTION('',(-0.707089952803728,0.459793661559864,-0.53722768677107));
#5823=DIRECTION('',(-0.577350269189626,0.813389564930239,-0.071162365961679));
#5824=DIRECTION('center_axis',(0.,-0.0871557427476577,-0.996194698091746));
#5825=DIRECTION('ref_axis',(-1.,0.,0.));
#5826=DIRECTION('',(-7.24619569854768E-17,-0.996194698091746,0.0871557427476577));
#5827=DIRECTION('',(1.,0.,0.));
#5828=DIRECTION('center_axis',(0.,-1.,-2.66453525910038E-15));
#5829=DIRECTION('ref_axis',(-1.,0.,0.));
#5830=DIRECTION('',(0.,2.66453525910038E-15,-1.));
#5831=DIRECTION('center_axis',(1.,1.8503717077086E-16,4.93038065763133E-31));
#5832=DIRECTION('ref_axis',(1.8503717077086E-16,-1.,-2.59224411961736E-15));
#5833=DIRECTION('',(0.,2.66453525910038E-15,-1.));
#5834=DIRECTION('center_axis',(1.,0.,0.));
#5835=DIRECTION('ref_axis',(0.,-1.,-2.59224411961736E-15));
#5836=DIRECTION('',(0.,2.66453525910038E-15,-1.));
#5837=DIRECTION('center_axis',(0.,-1.,-2.66453525910038E-15));
#5838=DIRECTION('ref_axis',(-1.,0.,0.));
#5839=DIRECTION('center_axis',(1.,0.,0.));
#5840=DIRECTION('ref_axis',(0.,1.,0.));
#5841=DIRECTION('',(0.,0.,1.));
#5842=DIRECTION('center_axis',(-1.,0.,0.));
#5843=DIRECTION('ref_axis',(0.,0.,-1.));
#5844=DIRECTION('',(0.,0.,1.));
#5845=DIRECTION('',(0.,1.,0.));
#5846=DIRECTION('',(0.,0.,-1.));
#5847=DIRECTION('',(0.,-1.,-2.11471052309554E-16));
#5848=DIRECTION('center_axis',(-1.,0.,0.));
#5849=DIRECTION('ref_axis',(0.,0.,-1.));
#5850=DIRECTION('center_axis',(-1.,0.,0.));
#5851=DIRECTION('ref_axis',(0.,0.,-1.));
#5852=DIRECTION('',(0.,0.,1.));
#5853=DIRECTION('',(0.,1.,-2.86509167645202E-16));
#5854=DIRECTION('',(0.,0.,-1.));
#5855=DIRECTION('',(0.,-1.,0.));
#5856=DIRECTION('center_axis',(-1.,0.,0.));
#5857=DIRECTION('ref_axis',(0.,0.,-1.));
#5858=DIRECTION('center_axis',(5.69345140833414E-17,-0.766044443118978,
-0.642787609686539));
#5859=DIRECTION('ref_axis',(-1.,-4.36143681352228E-17,-3.65968002162956E-17));
#5860=DIRECTION('',(1.,4.36143681352228E-17,3.65968002162956E-17));
#5861=DIRECTION('',(0.,0.642787609686539,-0.766044443118978));
#5862=DIRECTION('center_axis',(0.,-0.642787609686539,0.766044443118978));
#5863=DIRECTION('ref_axis',(1.,0.,0.));
#5864=DIRECTION('',(0.,-0.766044443118978,-0.642787609686539));
#5865=DIRECTION('',(2.7215365716379E-15,0.766044443118978,0.642787609686539));
#5866=DIRECTION('',(-1.,0.,0.));
#5867=DIRECTION('',(0.,-0.766044443118978,-0.642787609686539));
#5868=DIRECTION('center_axis',(0.,-0.766044443118978,-0.642787609686539));
#5869=DIRECTION('ref_axis',(-1.,0.,0.));
#5870=DIRECTION('',(0.,0.642787609686539,-0.766044443118978));
#5871=DIRECTION('',(-0.707106781186548,-0.454519477672043,0.541675220419702));
#5872=DIRECTION('center_axis',(0.573576436351046,-0.0713938048432693,-0.816034923451709));
#5873=DIRECTION('ref_axis',(-0.818122603401501,0.,-0.575043829463069));
#5874=DIRECTION('',(-0.710564775461631,0.452285798208997,-0.539013224894912));
#5875=DIRECTION('center_axis',(0.707106781186548,0.454519477672043,-0.541675220419702));
#5876=DIRECTION('ref_axis',(-0.608120402411343,0.,-0.793844806099446));
#5877=DIRECTION('',(0.707106781186547,-0.454519477672044,0.541675220419702));
#5878=DIRECTION('',(-0.707106781186547,0.454519477672044,-0.541675220419702));
#5879=DIRECTION('center_axis',(0.707106781186548,0.454519477672044,-0.541675220419702));
#5880=DIRECTION('ref_axis',(-0.608120402411343,0.,-0.793844806099446));
#5881=DIRECTION('',(0.707106781186548,-0.454519477672044,0.541675220419702));
#5882=DIRECTION('center_axis',(-0.707106781186547,0.454519477672044,-0.541675220419702));
#5883=DIRECTION('ref_axis',(-0.608120402411344,0.,0.793844806099445));
#5884=DIRECTION('',(0.,0.766044443118978,0.642787609686539));
#5885=DIRECTION('',(0.707106781186548,0.454519477672043,-0.541675220419702));
#5886=DIRECTION('center_axis',(-0.707106781186547,0.454519477672044,-0.541675220419702));
#5887=DIRECTION('ref_axis',(-0.608120402411343,0.,0.793844806099446));
#5888=DIRECTION('',(0.,0.766044443118978,0.64278760968654));
#5889=DIRECTION('',(0.707106781186548,0.454519477672044,-0.541675220419702));
#5890=DIRECTION('center_axis',(0.,0.766044443118978,0.642787609686539));
#5891=DIRECTION('ref_axis',(1.,0.,0.));
#5892=DIRECTION('',(0.,0.642787609686539,-0.766044443118978));
#5893=DIRECTION('center_axis',(0.,0.,1.));
#5894=DIRECTION('ref_axis',(1.,0.,0.));
#5895=DIRECTION('center_axis',(0.,-1.,0.));
#5896=DIRECTION('ref_axis',(1.,0.,0.));
#5897=DIRECTION('center_axis',(0.,1.,0.));
#5898=DIRECTION('ref_axis',(1.,0.,0.));
#5899=DIRECTION('',(0.,0.,1.));
#5900=DIRECTION('center_axis',(0.,1.,0.));
#5901=DIRECTION('ref_axis',(1.,0.,0.));
#5902=DIRECTION('',(0.,0.,1.));
#5903=DIRECTION('center_axis',(0.,1.,0.));
#5904=DIRECTION('ref_axis',(1.,0.,0.));
#5905=DIRECTION('',(0.,0.,1.));
#5906=DIRECTION('center_axis',(0.,1.,0.));
#5907=DIRECTION('ref_axis',(1.,0.,0.));
#5908=DIRECTION('',(0.,0.,1.));
#5909=DIRECTION('center_axis',(0.,-1.,0.));
#5910=DIRECTION('ref_axis',(-1.,0.,0.));
#5911=DIRECTION('',(0.,-1.,0.));
#5912=DIRECTION('center_axis',(0.,-1.,0.));
#5913=DIRECTION('ref_axis',(-1.,0.,0.));
#5914=DIRECTION('',(0.,-1.,0.));
#5915=DIRECTION('center_axis',(0.,0.,-1.));
#5916=DIRECTION('ref_axis',(1.,0.,0.));
#5917=DIRECTION('',(0.,-1.,0.));
#5918=DIRECTION('center_axis',(1.,0.,0.));
#5919=DIRECTION('ref_axis',(0.,0.,1.));
#5920=DIRECTION('center_axis',(1.,0.,0.));
#5921=DIRECTION('ref_axis',(0.,1.,0.));
#5922=DIRECTION('',(0.,0.,1.));
#5923=DIRECTION('',(0.,0.,1.));
#5924=DIRECTION('center_axis',(0.,1.,0.));
#5925=DIRECTION('ref_axis',(-1.,0.,0.));
#5926=DIRECTION('',(0.,0.,1.));
#5927=DIRECTION('center_axis',(-1.,0.,0.));
#5928=DIRECTION('ref_axis',(0.,-1.,0.));
#5929=DIRECTION('',(0.,0.,1.));
#5930=DIRECTION('center_axis',(-3.5527136788005E-16,-1.,0.));
#5931=DIRECTION('ref_axis',(1.,-3.5527136788005E-16,0.));
#5932=DIRECTION('center_axis',(-1.,0.,0.));
#5933=DIRECTION('ref_axis',(0.,-1.,0.));
#5934=DIRECTION('',(0.,0.,1.));
#5935=DIRECTION('',(0.,0.,1.));
#5936=DIRECTION('center_axis',(0.,1.,0.));
#5937=DIRECTION('ref_axis',(-1.,0.,0.));
#5938=DIRECTION('',(0.,0.,1.));
#5939=DIRECTION('center_axis',(0.,2.11471052309554E-16,-1.));
#5940=DIRECTION('ref_axis',(0.,-1.,-2.11471052309554E-16));
#5941=DIRECTION('',(0.,1.,2.11471052309554E-16));
#5942=DIRECTION('',(-1.,0.,0.));
#5943=DIRECTION('',(-1.,0.,0.));
#5944=DIRECTION('center_axis',(-1.,0.,0.));
#5945=DIRECTION('ref_axis',(0.,-1.,0.));
#5946=DIRECTION('',(0.,0.,-1.));
#5947=DIRECTION('',(0.,0.,1.));
#5948=DIRECTION('',(0.,0.,1.));
#5949=DIRECTION('center_axis',(-0.707106781186548,-0.707106781186547,0.));
#5950=DIRECTION('ref_axis',(0.707106781186547,-0.707106781186548,0.));
#5951=DIRECTION('',(0.,0.,1.));
#5952=DIRECTION('center_axis',(0.,-1.,0.));
#5953=DIRECTION('ref_axis',(1.,0.,0.));
#5954=DIRECTION('',(0.,0.,1.));
#5955=DIRECTION('center_axis',(-1.,0.,0.));
#5956=DIRECTION('ref_axis',(0.,-1.,0.));
#5957=DIRECTION('',(0.,0.,1.));
#5958=DIRECTION('center_axis',(0.,-1.,0.));
#5959=DIRECTION('ref_axis',(1.,0.,0.));
#5960=DIRECTION('',(0.,0.,1.));
#5961=DIRECTION('center_axis',(1.,0.,0.));
#5962=DIRECTION('ref_axis',(0.,1.,0.));
#5963=DIRECTION('',(0.,0.,1.));
#5964=DIRECTION('center_axis',(0.,-1.,0.));
#5965=DIRECTION('ref_axis',(1.,0.,0.));
#5966=DIRECTION('',(0.,0.,1.));
#5967=DIRECTION('center_axis',(0.,0.,1.));
#5968=DIRECTION('ref_axis',(-1.,0.,0.));
#5969=DIRECTION('',(0.,-1.,0.));
#5970=DIRECTION('',(0.,-1.,0.));
#5971=DIRECTION('center_axis',(-1.,0.,0.));
#5972=DIRECTION('ref_axis',(0.,0.,-1.));
#5973=DIRECTION('',(0.,-1.,0.));
#5974=DIRECTION('center_axis',(0.,0.,-1.));
#5975=DIRECTION('ref_axis',(1.,0.,0.));
#5976=DIRECTION('',(0.,-1.,0.));
#5977=DIRECTION('center_axis',(1.,0.,0.));
#5978=DIRECTION('ref_axis',(0.,0.,1.));
#5979=DIRECTION('center_axis',(0.,-1.,0.));
#5980=DIRECTION('ref_axis',(-1.,0.,0.));
#5981=DIRECTION('',(0.,-1.,0.));
#5982=DIRECTION('center_axis',(0.,0.,1.));
#5983=DIRECTION('ref_axis',(-1.,0.,0.));
#5984=DIRECTION('',(0.,-1.,0.));
#5985=DIRECTION('',(0.,-1.,0.));
#5986=DIRECTION('center_axis',(-1.,0.,0.));
#5987=DIRECTION('ref_axis',(0.,0.,-1.));
#5988=DIRECTION('',(0.,-1.,0.));
#5989=DIRECTION('center_axis',(0.,0.,-1.));
#5990=DIRECTION('ref_axis',(1.,0.,0.));
#5991=DIRECTION('',(0.,-1.,0.));
#5992=DIRECTION('center_axis',(1.,0.,0.));
#5993=DIRECTION('ref_axis',(0.,0.,1.));
#5994=DIRECTION('center_axis',(-6.83214169000096E-16,0.,1.));
#5995=DIRECTION('ref_axis',(-1.,0.,-6.83214169000096E-16));
#5996=DIRECTION('',(0.,-1.,0.));
#5997=DIRECTION('',(0.,-1.,0.));
#5998=DIRECTION('center_axis',(-1.,0.,0.));
#5999=DIRECTION('ref_axis',(0.,0.,-1.));
#6000=DIRECTION('',(0.,-1.,0.));
#6001=DIRECTION('center_axis',(0.,0.,-1.));
#6002=DIRECTION('ref_axis',(1.,0.,0.));
#6003=DIRECTION('',(0.,-1.,0.));
#6004=DIRECTION('center_axis',(1.,0.,0.));
#6005=DIRECTION('ref_axis',(0.,0.,1.));
#6006=DIRECTION('center_axis',(0.,-1.,0.));
#6007=DIRECTION('ref_axis',(-1.,0.,0.));
#6008=DIRECTION('',(0.,-1.,0.));
#6009=DIRECTION('center_axis',(-1.,0.,0.));
#6010=DIRECTION('ref_axis',(0.,-1.,0.));
#6011=DIRECTION('center_axis',(1.,0.,0.));
#6012=DIRECTION('ref_axis',(0.,0.,1.));
#6013=DIRECTION('',(0.,-1.,0.));
#6014=DIRECTION('center_axis',(0.,0.,1.));
#6015=DIRECTION('ref_axis',(-1.,0.,0.));
#6016=DIRECTION('',(0.,-1.,0.));
#6017=DIRECTION('center_axis',(-1.,0.,0.));
#6018=DIRECTION('ref_axis',(0.,0.,-1.));
#6019=DIRECTION('center_axis',(-1.,0.,0.));
#6020=DIRECTION('ref_axis',(0.,0.,1.));
#6021=DIRECTION('',(0.,1.,0.));
#6022=DIRECTION('',(0.,1.,0.));
#6023=DIRECTION('center_axis',(0.,1.,0.));
#6024=DIRECTION('ref_axis',(1.,0.,0.));
#6025=DIRECTION('center_axis',(-1.,0.,0.));
#6026=DIRECTION('ref_axis',(0.,0.,1.));
#6027=DIRECTION('',(0.,1.,0.));
#6028=DIRECTION('',(0.,1.,0.));
#6029=DIRECTION('center_axis',(0.,1.,0.));
#6030=DIRECTION('ref_axis',(1.,0.,0.));
#6031=DIRECTION('center_axis',(-1.,0.,0.));
#6032=DIRECTION('ref_axis',(0.,0.,1.));
#6033=DIRECTION('',(0.,1.,0.));
#6034=DIRECTION('',(0.,1.,0.));
#6035=DIRECTION('center_axis',(0.,1.,0.));
#6036=DIRECTION('ref_axis',(1.,0.,0.));
#6037=DIRECTION('center_axis',(-1.,0.,0.));
#6038=DIRECTION('ref_axis',(0.,0.,1.));
#6039=DIRECTION('',(0.,1.,0.));
#6040=DIRECTION('',(0.,1.,0.));
#6041=DIRECTION('center_axis',(0.,1.,0.));
#6042=DIRECTION('ref_axis',(1.,0.,0.));
#6043=DIRECTION('center_axis',(0.,1.,0.));
#6044=DIRECTION('ref_axis',(-1.,0.,0.));
#6045=DIRECTION('center_axis',(0.,-1.,0.));
#6046=DIRECTION('ref_axis',(1.,0.,0.));
#6047=DIRECTION('center_axis',(-1.,0.,0.));
#6048=DIRECTION('ref_axis',(0.,0.,-1.));
#6049=DIRECTION('',(-1.,0.,0.));
#6050=DIRECTION('center_axis',(0.,2.86509167645202E-16,1.));
#6051=DIRECTION('ref_axis',(0.,1.,-2.86509167645202E-16));
#6052=DIRECTION('',(-1.,0.,0.));
#6053=DIRECTION('',(-1.,0.,0.));
#6054=DIRECTION('center_axis',(0.,1.,0.));
#6055=DIRECTION('ref_axis',(0.,0.,-1.));
#6056=DIRECTION('',(-1.,0.,0.));
#6057=DIRECTION('center_axis',(0.,0.,-1.));
#6058=DIRECTION('ref_axis',(0.,-1.,0.));
#6059=DIRECTION('',(-1.,0.,0.));
#6060=DIRECTION('center_axis',(0.,-1.,0.));
#6061=DIRECTION('ref_axis',(0.,0.,1.));
#6062=DIRECTION('center_axis',(-1.,0.,0.));
#6063=DIRECTION('ref_axis',(0.,0.,-1.));
#6064=DIRECTION('',(-1.,0.,0.));
#6065=DIRECTION('center_axis',(-1.,0.,0.));
#6066=DIRECTION('ref_axis',(0.,0.,-1.));
#6067=DIRECTION('',(-1.,0.,0.));
#6068=DIRECTION('center_axis',(-1.,0.,0.));
#6069=DIRECTION('ref_axis',(0.,0.,-1.));
#6070=DIRECTION('',(-1.,0.,0.));
#6071=DIRECTION('center_axis',(-3.5527136788005E-16,-1.,0.));
#6072=DIRECTION('ref_axis',(1.,-3.5527136788005E-16,0.));
#6073=DIRECTION('center_axis',(0.,-1.,0.));
#6074=DIRECTION('ref_axis',(0.,0.,1.));
#6075=DIRECTION('',(-1.,0.,0.));
#6076=DIRECTION('center_axis',(0.,0.,1.));
#6077=DIRECTION('ref_axis',(0.,1.,0.));
#6078=DIRECTION('',(-1.,0.,0.));
#6079=DIRECTION('center_axis',(0.,1.,0.));
#6080=DIRECTION('ref_axis',(0.,0.,-1.));
#6081=DIRECTION('center_axis',(-1.,0.,0.));
#6082=DIRECTION('ref_axis',(0.,-1.,0.));
#6083=DIRECTION('',(0.,0.,1.));
#6084=DIRECTION('center_axis',(0.,1.,0.));
#6085=DIRECTION('ref_axis',(-1.,0.,0.));
#6086=DIRECTION('',(0.,0.,1.));
#6087=DIRECTION('center_axis',(1.,-3.5527136788005E-15,0.));
#6088=DIRECTION('ref_axis',(3.5527136788005E-15,1.,0.));
#6089=DIRECTION('center_axis',(-1.,0.,0.));
#6090=DIRECTION('ref_axis',(0.,0.766044443118978,0.642787609686539));
#6091=DIRECTION('',(0.,0.642787609686539,-0.766044443118978));
#6092=DIRECTION('center_axis',(0.,0.766044443118978,0.642787609686539));
#6093=DIRECTION('ref_axis',(1.,0.,0.));
#6094=DIRECTION('center_axis',(0.,0.766044443118978,0.642787609686539));
#6095=DIRECTION('ref_axis',(1.,0.,0.));
#6096=DIRECTION('center_axis',(0.,-0.766044443118978,-0.642787609686539));
#6097=DIRECTION('ref_axis',(-1.,0.,0.));
#6098=DIRECTION('center_axis',(0.,0.766044443118978,0.642787609686539));
#6099=DIRECTION('ref_axis',(1.,0.,0.));
#6100=CARTESIAN_POINT('',(0.,0.,0.));
#6101=CARTESIAN_POINT('Origin',(125.75,148.25,99.7499999999999));
#6102=CARTESIAN_POINT('',(67.5,150.000002235174,97.9999999999999));
#6103=CARTESIAN_POINT('',(67.5,146.5,101.5));
#6104=CARTESIAN_POINT('',(67.5,172.75,75.25));
#6105=CARTESIAN_POINT('',(75.5,146.5,101.5));
#6106=CARTESIAN_POINT('',(69.5,146.5,101.5));
#6107=CARTESIAN_POINT('',(75.5,150.000002235174,97.9999999999999));
#6108=CARTESIAN_POINT('',(75.5,171.875,76.125));
#6109=CARTESIAN_POINT('',(125.75,150.,97.9999999999999));
#6110=CARTESIAN_POINT('Origin',(75.5,143.,0.));
#6111=CARTESIAN_POINT('',(75.5,143.,97.9999999999999));
#6112=CARTESIAN_POINT('',(75.5,119.375,74.375));
#6113=CARTESIAN_POINT('',(75.5,143.,3.));
#6114=CARTESIAN_POINT('',(75.5,143.,0.));
#6115=CARTESIAN_POINT('',(75.5,148.,3.));
#6116=CARTESIAN_POINT('',(75.5,109.,3.));
#6117=CARTESIAN_POINT('',(75.5,148.,97.9999999999999));
#6118=CARTESIAN_POINT('',(75.5,148.,0.));
#6119=CARTESIAN_POINT('',(75.5,105.5,98.));
#6120=CARTESIAN_POINT('Origin',(69.5,144.75,99.7499999999999));
#6121=CARTESIAN_POINT('',(67.5,143.,97.9999999999999));
#6122=CARTESIAN_POINT('',(67.5,120.25,75.25));
#6123=CARTESIAN_POINT('',(69.5,143.,97.9999999999999));
#6124=CARTESIAN_POINT('Origin',(67.5,146.5,0.));
#6125=CARTESIAN_POINT('',(67.5,146.5,97.9999999999999));
#6126=CARTESIAN_POINT('',(67.5,109.000001117587,97.9999999999999));
#6127=CARTESIAN_POINT('',(67.5,146.5,3.));
#6128=CARTESIAN_POINT('',(67.5,146.5,0.));
#6129=CARTESIAN_POINT('',(67.5,143.,3.));
#6130=CARTESIAN_POINT('',(67.5,110.75,3.));
#6131=CARTESIAN_POINT('',(67.5,143.,0.));
#6132=CARTESIAN_POINT('Origin',(180.,68.,98.));
#6133=CARTESIAN_POINT('',(168.000002682209,148.,97.9999999999999));
#6134=CARTESIAN_POINT('',(127.75,148.,97.9999999999999));
#6135=CARTESIAN_POINT('',(168.000002682209,138.,97.9999999999999));
#6136=CARTESIAN_POINT('',(168.000002682209,103.,98.));
#6137=CARTESIAN_POINT('',(178.,138.,97.9999999999999));
#6138=CARTESIAN_POINT('',(180.,138.,98.));
#6139=CARTESIAN_POINT('',(178.,79.9999999999997,98.));
#6140=CARTESIAN_POINT('',(178.,108.,97.9999999999999));
#6141=CARTESIAN_POINT('',(168.,79.9999999999997,98.));
#6142=CARTESIAN_POINT('',(174.,79.9999999999997,98.));
#6143=CARTESIAN_POINT('',(168.,68.0000010132787,97.9999987924214));
#6144=CARTESIAN_POINT('',(168.,68.0000005066393,98.));
#6145=CARTESIAN_POINT('',(178.,68.0000010132787,97.9999987924214));
#6146=CARTESIAN_POINT('',(180.,68.0000010132787,97.9999987924214));
#6147=CARTESIAN_POINT('',(180.,68.,98.));
#6148=CARTESIAN_POINT('',(180.,68.,98.));
#6149=CARTESIAN_POINT('',(180.,150.,97.9999999999999));
#6150=CARTESIAN_POINT('',(180.,34.,98.));
#6151=CARTESIAN_POINT('',(180.,150.,97.9999999999999));
#6152=CARTESIAN_POINT('',(171.55,73.9999999999998,98.));
#6153=CARTESIAN_POINT('Origin',(174.,73.9999999999998,98.));
#6154=CARTESIAN_POINT('',(171.55,144.,97.9999999999999));
#6155=CARTESIAN_POINT('Origin',(174.,144.,97.9999999999999));
#6156=CARTESIAN_POINT('Origin',(180.,68.,98.));
#6157=CARTESIAN_POINT('',(53.,150.,97.9999999999999));
#6158=CARTESIAN_POINT('',(180.,150.,97.9999999999999));
#6159=CARTESIAN_POINT('',(53.,146.5,97.9999999999999));
#6160=CARTESIAN_POINT('',(53.,109.,97.9999999999999));
#6161=CARTESIAN_POINT('',(91.,146.5,97.9999999999999));
#6162=CARTESIAN_POINT('Origin',(116.25,147.,49.));
#6163=CARTESIAN_POINT('',(157.,148.,48.));
#6164=CARTESIAN_POINT('',(157.,146.,50.));
#6165=CARTESIAN_POINT('',(157.,148.25,47.75));
#6166=CARTESIAN_POINT('',(160.,148.,48.));
#6167=CARTESIAN_POINT('',(116.25,148.,48.));
#6168=CARTESIAN_POINT('',(160.,146.,50.));
#6169=CARTESIAN_POINT('',(160.,147.,49.));
#6170=CARTESIAN_POINT('',(145.0125,146.,50.));
#6171=CARTESIAN_POINT('Origin',(157.,148.,45.));
#6172=CARTESIAN_POINT('',(157.,146.,45.));
#6173=CARTESIAN_POINT('',(157.,146.,57.975));
#6174=CARTESIAN_POINT('',(157.,148.,43.));
#6175=CARTESIAN_POINT('',(157.,147.,44.));
#6176=CARTESIAN_POINT('',(157.,148.,22.5));
#6177=CARTESIAN_POINT('Origin',(113.75,147.,44.));
#6178=CARTESIAN_POINT('',(152.,146.,45.));
#6179=CARTESIAN_POINT('',(142.5125,146.,45.));
#6180=CARTESIAN_POINT('',(152.,148.,43.));
#6181=CARTESIAN_POINT('',(152.,145.75,45.25));
#6182=CARTESIAN_POINT('',(113.75,148.,43.));
#6183=CARTESIAN_POINT('Origin',(90.775,147.,49.));
#6184=CARTESIAN_POINT('',(109.05,146.,50.));
#6185=CARTESIAN_POINT('',(109.05,148.,48.));
#6186=CARTESIAN_POINT('',(109.05,147.,49.));
#6187=CARTESIAN_POINT('',(106.05,146.,50.));
#6188=CARTESIAN_POINT('',(119.5375,146.,50.));
#6189=CARTESIAN_POINT('',(106.05,148.,48.));
#6190=CARTESIAN_POINT('',(106.05,139.1625,56.8375));
#6191=CARTESIAN_POINT('',(90.775,148.,48.));
#6192=CARTESIAN_POINT('Origin',(92.275,147.,44.));
#6193=CARTESIAN_POINT('',(114.05,148.,43.));
#6194=CARTESIAN_POINT('',(114.05,146.,45.));
#6195=CARTESIAN_POINT('',(114.05,147.,44.));
#6196=CARTESIAN_POINT('',(109.05,146.,45.));
#6197=CARTESIAN_POINT('',(121.0375,146.,45.));
#6198=CARTESIAN_POINT('',(109.05,148.,43.));
#6199=CARTESIAN_POINT('',(109.05,145.75,45.25));
#6200=CARTESIAN_POINT('',(92.275,148.,43.));
#6201=CARTESIAN_POINT('Origin',(94.775,147.,49.));
#6202=CARTESIAN_POINT('',(114.05,148.,48.));
#6203=CARTESIAN_POINT('',(114.05,146.,50.));
#6204=CARTESIAN_POINT('',(114.05,148.25,47.75));
#6205=CARTESIAN_POINT('',(152.,148.,48.));
#6206=CARTESIAN_POINT('',(94.775,148.,48.));
#6207=CARTESIAN_POINT('',(152.,146.,50.));
#6208=CARTESIAN_POINT('',(152.,147.,49.));
#6209=CARTESIAN_POINT('',(123.5375,146.,50.));
#6210=CARTESIAN_POINT('Origin',(114.05,148.,45.));
#6211=CARTESIAN_POINT('',(114.05,146.,57.975));
#6212=CARTESIAN_POINT('',(114.05,148.,22.5));
#6213=CARTESIAN_POINT('Origin',(157.,148.,96.9));
#6214=CARTESIAN_POINT('',(152.,148.,96.9));
#6215=CARTESIAN_POINT('',(157.,148.,96.9));
#6216=CARTESIAN_POINT('',(116.25,148.,96.9));
#6217=CARTESIAN_POINT('',(152.,146.,96.9));
#6218=CARTESIAN_POINT('',(152.,148.,96.9));
#6219=CARTESIAN_POINT('',(157.,146.,96.9));
#6220=CARTESIAN_POINT('',(145.0125,146.,96.9));
#6221=CARTESIAN_POINT('',(157.,148.,96.9));
#6222=CARTESIAN_POINT('Origin',(157.,148.,81.35));
#6223=CARTESIAN_POINT('',(157.,148.,81.35));
#6224=CARTESIAN_POINT('',(157.,148.,40.675));
#6225=CARTESIAN_POINT('',(157.,146.,81.35));
#6226=CARTESIAN_POINT('',(157.,146.,76.15));
#6227=CARTESIAN_POINT('',(157.,148.,81.35));
#6228=CARTESIAN_POINT('Origin',(160.,148.,81.35));
#6229=CARTESIAN_POINT('',(160.,148.,81.35));
#6230=CARTESIAN_POINT('',(117.75,148.,81.35));
#6231=CARTESIAN_POINT('',(160.,146.,81.35));
#6232=CARTESIAN_POINT('',(146.5125,146.,81.35));
#6233=CARTESIAN_POINT('',(160.,148.,81.35));
#6234=CARTESIAN_POINT('Origin',(160.,148.,50.));
#6235=CARTESIAN_POINT('',(160.,148.,25.));
#6236=CARTESIAN_POINT('',(160.,146.,60.475));
#6237=CARTESIAN_POINT('Origin',(152.,148.,50.));
#6238=CARTESIAN_POINT('',(152.,148.,25.));
#6239=CARTESIAN_POINT('',(152.,146.,60.475));
#6240=CARTESIAN_POINT('Origin',(109.05,148.,50.));
#6241=CARTESIAN_POINT('',(109.05,148.,25.));
#6242=CARTESIAN_POINT('',(109.05,146.,60.475));
#6243=CARTESIAN_POINT('Origin',(106.05,148.,81.35));
#6244=CARTESIAN_POINT('',(106.05,148.,81.35));
#6245=CARTESIAN_POINT('',(106.05,148.,40.675));
#6246=CARTESIAN_POINT('',(106.05,146.,81.35));
#6247=CARTESIAN_POINT('',(106.05,146.,76.15));
#6248=CARTESIAN_POINT('',(106.05,148.,81.35));
#6249=CARTESIAN_POINT('Origin',(109.05,148.,81.35));
#6250=CARTESIAN_POINT('',(109.05,148.,81.35));
#6251=CARTESIAN_POINT('',(92.275,148.,81.35));
#6252=CARTESIAN_POINT('',(109.05,146.,81.35));
#6253=CARTESIAN_POINT('',(121.0375,146.,81.35));
#6254=CARTESIAN_POINT('',(109.05,148.,81.35));
#6255=CARTESIAN_POINT('Origin',(109.05,148.,96.9));
#6256=CARTESIAN_POINT('',(109.05,148.,96.9));
#6257=CARTESIAN_POINT('',(109.05,148.,48.45));
#6258=CARTESIAN_POINT('',(109.05,146.,96.9));
#6259=CARTESIAN_POINT('',(109.05,146.,83.925));
#6260=CARTESIAN_POINT('',(109.05,148.,96.9));
#6261=CARTESIAN_POINT('Origin',(114.05,148.,96.9));
#6262=CARTESIAN_POINT('',(114.05,148.,96.9));
#6263=CARTESIAN_POINT('',(94.775,148.,96.9));
#6264=CARTESIAN_POINT('',(114.05,146.,96.9));
#6265=CARTESIAN_POINT('',(123.5375,146.,96.9));
#6266=CARTESIAN_POINT('',(114.05,148.,96.9));
#6267=CARTESIAN_POINT('Origin',(114.05,148.,81.35));
#6268=CARTESIAN_POINT('',(114.05,148.,81.35));
#6269=CARTESIAN_POINT('',(114.05,148.,40.675));
#6270=CARTESIAN_POINT('',(114.05,146.,81.35));
#6271=CARTESIAN_POINT('',(114.05,146.,76.15));
#6272=CARTESIAN_POINT('',(114.05,148.,81.35));
#6273=CARTESIAN_POINT('Origin',(152.,148.,81.35));
#6274=CARTESIAN_POINT('',(152.,148.,81.35));
#6275=CARTESIAN_POINT('',(113.75,148.,81.35));
#6276=CARTESIAN_POINT('',(152.,146.,81.35));
#6277=CARTESIAN_POINT('',(142.5125,146.,81.35));
#6278=CARTESIAN_POINT('',(152.,148.,81.35));
#6279=CARTESIAN_POINT('Origin',(152.,148.,96.9));
#6280=CARTESIAN_POINT('',(152.,148.,48.45));
#6281=CARTESIAN_POINT('',(152.,146.,83.925));
#6282=CARTESIAN_POINT('Origin',(133.025,146.,70.95));
#6283=CARTESIAN_POINT('',(119.85,146.,71.35));
#6284=CARTESIAN_POINT('Origin',(118.5,146.,71.35));
#6285=CARTESIAN_POINT('',(116.05,146.,60.));
#6286=CARTESIAN_POINT('',(116.05,146.,68.9));
#6287=CARTESIAN_POINT('',(116.05,146.,65.475));
#6288=CARTESIAN_POINT('',(150.,146.,68.9));
#6289=CARTESIAN_POINT('',(124.5375,146.,68.9));
#6290=CARTESIAN_POINT('',(150.,146.,60.));
#6291=CARTESIAN_POINT('',(150.,146.,69.925));
#6292=CARTESIAN_POINT('',(141.5125,146.,60.));
#6293=CARTESIAN_POINT('',(148.9,146.,71.35));
#6294=CARTESIAN_POINT('Origin',(147.55,146.,71.35));
#6295=CARTESIAN_POINT('Origin',(168.,11.,3.));
#6296=CARTESIAN_POINT('',(168.,3.,3.));
#6297=CARTESIAN_POINT('',(168.,11.,3.));
#6298=CARTESIAN_POINT('',(168.,43.,3.));
#6299=CARTESIAN_POINT('',(168.,3.,11.));
#6300=CARTESIAN_POINT('',(168.,3.,1.5));
#6301=CARTESIAN_POINT('',(168.,11.,11.));
#6302=CARTESIAN_POINT('',(168.,42.875,11.));
#6303=CARTESIAN_POINT('',(168.,11.,3.));
#6304=CARTESIAN_POINT('Origin',(178.,11.,3.));
#6305=CARTESIAN_POINT('',(178.,11.,3.));
#6306=CARTESIAN_POINT('',(134.,11.,3.));
#6307=CARTESIAN_POINT('',(178.,11.,11.));
#6308=CARTESIAN_POINT('',(134.,11.,11.));
#6309=CARTESIAN_POINT('',(178.,11.,1.5));
#6310=CARTESIAN_POINT('Origin',(90.,74.75,11.));
#6311=CARTESIAN_POINT('',(178.,3.,11.));
#6312=CARTESIAN_POINT('',(178.,111.375,11.));
#6313=CARTESIAN_POINT('',(134.,3.,11.));
#6314=CARTESIAN_POINT('',(170.65,6.99999999999999,11.));
#6315=CARTESIAN_POINT('Origin',(172.5,6.99999999999999,11.));
#6316=CARTESIAN_POINT('Origin',(178.,3.,0.));
#6317=CARTESIAN_POINT('',(82.,2.99999999999999,3.));
#6318=CARTESIAN_POINT('',(134.,2.99999999999999,3.));
#6319=CARTESIAN_POINT('',(82.,2.99999999999999,66.6523542169398));
#6320=CARTESIAN_POINT('',(82.,2.99999999999999,0.));
#6321=CARTESIAN_POINT('',(168.,3.00000000000001,66.6523542169398));
#6322=CARTESIAN_POINT('',(134.,3.,66.6523542169398));
#6323=CARTESIAN_POINT('',(168.,3.00000000000001,56.598281323617));
#6324=CARTESIAN_POINT('',(168.,3.00000000000001,70.8981053651583));
#6325=CARTESIAN_POINT('',(178.,3.,43.5442084302943));
#6326=CARTESIAN_POINT('',(178.256540444966,3.,43.2093186634269));
#6327=CARTESIAN_POINT('',(178.,3.,0.));
#6328=CARTESIAN_POINT('',(112.3,3.,48.4629573851061));
#6329=CARTESIAN_POINT('',(112.3,3.,51.5370426148939));
#6330=CARTESIAN_POINT('Origin',(116.9,3.,50.));
#6331=CARTESIAN_POINT('',(112.3,3.,24.231478692553));
#6332=CARTESIAN_POINT('',(93.25,3.,48.4629573851061));
#6333=CARTESIAN_POINT('',(93.25,3.,51.5370426148939));
#6334=CARTESIAN_POINT('Origin',(97.85,3.,50.));
#6335=CARTESIAN_POINT('',(93.25,3.,24.231478692553));
#6336=CARTESIAN_POINT('',(150.4,3.,48.4629573851061));
#6337=CARTESIAN_POINT('',(150.4,3.,51.5370426148939));
#6338=CARTESIAN_POINT('Origin',(155.,3.,50.));
#6339=CARTESIAN_POINT('',(150.4,3.,24.231478692553));
#6340=CARTESIAN_POINT('',(131.35,3.,48.4629573851061));
#6341=CARTESIAN_POINT('',(131.35,3.,51.5370426148939));
#6342=CARTESIAN_POINT('Origin',(135.95,3.,50.));
#6343=CARTESIAN_POINT('',(131.35,3.,24.231478692553));
#6344=CARTESIAN_POINT('Origin',(12.,138.5,3.));
#6345=CARTESIAN_POINT('',(12.,146.5,3.));
#6346=CARTESIAN_POINT('',(12.,138.5,3.));
#6347=CARTESIAN_POINT('',(12.,106.75,3.));
#6348=CARTESIAN_POINT('',(12.,146.5,11.));
#6349=CARTESIAN_POINT('',(12.,146.5,1.5));
#6350=CARTESIAN_POINT('',(12.,138.5,11.));
#6351=CARTESIAN_POINT('',(12.,106.625,11.));
#6352=CARTESIAN_POINT('',(12.,138.5,3.));
#6353=CARTESIAN_POINT('Origin',(2.00000000000001,138.5,3.));
#6354=CARTESIAN_POINT('',(2.00000000000001,138.5,3.));
#6355=CARTESIAN_POINT('',(46.,138.5,3.));
#6356=CARTESIAN_POINT('',(2.00000000000001,138.5,11.));
#6357=CARTESIAN_POINT('',(46.,138.5,11.));
#6358=CARTESIAN_POINT('',(2.00000000000001,138.5,1.5));
#6359=CARTESIAN_POINT('Origin',(90.,74.75,11.));
#6360=CARTESIAN_POINT('',(2.00000000000001,146.5,11.));
#6361=CARTESIAN_POINT('',(2.,77.375,11.));
#6362=CARTESIAN_POINT('',(46.,146.5,11.));
#6363=CARTESIAN_POINT('',(5.15,142.5,11.));
#6364=CARTESIAN_POINT('Origin',(7.,142.5,11.));
#6365=CARTESIAN_POINT('Origin',(2.00000000000001,146.5,0.));
#6366=CARTESIAN_POINT('',(46.,146.5,3.));
#6367=CARTESIAN_POINT('',(53.,146.5,43.));
#6368=CARTESIAN_POINT('',(53.,146.5,21.5));
#6369=CARTESIAN_POINT('',(25.5,146.5,43.));
#6370=CARTESIAN_POINT('',(13.75,146.5,43.));
#6371=CARTESIAN_POINT('',(25.5,146.5,97.9999999999999));
#6372=CARTESIAN_POINT('',(25.5,146.5,51.));
#6373=CARTESIAN_POINT('',(12.,146.5,97.9999999999999));
#6374=CARTESIAN_POINT('',(91.,146.5,97.9999999999999));
#6375=CARTESIAN_POINT('',(12.,146.5,80.0000000000001));
#6376=CARTESIAN_POINT('',(12.,146.5,60.0000000000001));
#6377=CARTESIAN_POINT('',(2.00000000000001,146.5,70.0000000000001));
#6378=CARTESIAN_POINT('',(-13.,146.5,55.0000000000001));
#6379=CARTESIAN_POINT('',(2.00000000000001,146.5,0.));
#6380=CARTESIAN_POINT('',(61.1,146.5,72.5));
#6381=CARTESIAN_POINT('Origin',(59.25,146.5,72.5));
#6382=CARTESIAN_POINT('',(21.1,146.5,72.5));
#6383=CARTESIAN_POINT('Origin',(19.25,146.5,72.5));
#6384=CARTESIAN_POINT('Origin',(12.,11.,3.));
#6385=CARTESIAN_POINT('',(2.,11.,3.));
#6386=CARTESIAN_POINT('',(12.,11.,3.));
#6387=CARTESIAN_POINT('',(51.,11.,3.));
#6388=CARTESIAN_POINT('',(2.,11.,11.));
#6389=CARTESIAN_POINT('',(2.,11.,1.5));
#6390=CARTESIAN_POINT('',(12.,11.,11.));
#6391=CARTESIAN_POINT('',(51.,11.,11.));
#6392=CARTESIAN_POINT('',(12.,11.,3.));
#6393=CARTESIAN_POINT('Origin',(12.,2.99999999999999,3.));
#6394=CARTESIAN_POINT('',(12.,2.99999999999999,3.));
#6395=CARTESIAN_POINT('',(12.,39.,3.));
#6396=CARTESIAN_POINT('',(12.,2.99999999999999,11.));
#6397=CARTESIAN_POINT('',(12.,38.875,11.));
#6398=CARTESIAN_POINT('',(12.,2.99999999999999,1.5));
#6399=CARTESIAN_POINT('Origin',(90.,74.75,11.));
#6400=CARTESIAN_POINT('',(2.,2.99999999999999,11.));
#6401=CARTESIAN_POINT('',(2.,38.875,11.));
#6402=CARTESIAN_POINT('',(81.,2.99999999999999,11.));
#6403=CARTESIAN_POINT('',(5.15,6.99999999999999,11.));
#6404=CARTESIAN_POINT('Origin',(7.,6.99999999999999,11.));
#6405=CARTESIAN_POINT('Origin',(90.,75.,3.));
#6406=CARTESIAN_POINT('',(178.,47.5,3.));
#6407=CARTESIAN_POINT('',(178.,111.5,3.));
#6408=CARTESIAN_POINT('',(167.5,47.5,3.));
#6409=CARTESIAN_POINT('',(128.75,47.5,3.));
#6410=CARTESIAN_POINT('',(167.5,57.5,3.));
#6411=CARTESIAN_POINT('',(167.5,66.25,3.));
#6412=CARTESIAN_POINT('',(177.5,57.5,3.));
#6413=CARTESIAN_POINT('',(133.75,57.5,3.));
#6414=CARTESIAN_POINT('',(177.5,133.5,3.));
#6415=CARTESIAN_POINT('',(177.5,104.25,3.));
#6416=CARTESIAN_POINT('',(173.5,137.5,3.));
#6417=CARTESIAN_POINT('',(168.25,142.75,3.));
#6418=CARTESIAN_POINT('',(167.5,137.5,3.));
#6419=CARTESIAN_POINT('',(128.75,137.5,3.));
#6420=CARTESIAN_POINT('',(167.5,147.5,3.));
#6421=CARTESIAN_POINT('',(167.5,111.25,3.));
#6422=CARTESIAN_POINT('',(87.5,147.5,3.));
#6423=CARTESIAN_POINT('',(88.75,147.5,3.));
#6424=CARTESIAN_POINT('',(87.5,137.5,3.));
#6425=CARTESIAN_POINT('',(87.5,106.25,3.));
#6426=CARTESIAN_POINT('',(77.5,137.5,3.));
#6427=CARTESIAN_POINT('',(83.75,137.5,3.));
#6428=CARTESIAN_POINT('',(77.5,148.,3.));
#6429=CARTESIAN_POINT('',(77.5,111.5,3.));
#6430=CARTESIAN_POINT('',(82.75,148.,3.));
#6431=CARTESIAN_POINT('',(78.75,143.,3.));
#6432=CARTESIAN_POINT('',(2.00000000000001,80.,3.));
#6433=CARTESIAN_POINT('',(2.00000000000001,77.5,3.));
#6434=CARTESIAN_POINT('',(5.,80.,3.));
#6435=CARTESIAN_POINT('',(47.5,80.,3.));
#6436=CARTESIAN_POINT('',(5.,76.,3.));
#6437=CARTESIAN_POINT('',(5.,75.5,3.));
#6438=CARTESIAN_POINT('',(2.00000000000001,76.,3.));
#6439=CARTESIAN_POINT('',(46.,76.,3.));
#6440=CARTESIAN_POINT('',(1.99999999999999,39.,3.));
#6441=CARTESIAN_POINT('',(72.,2.99999999999999,3.));
#6442=CARTESIAN_POINT('',(81.,3.,3.));
#6443=CARTESIAN_POINT('',(72.,8.,3.));
#6444=CARTESIAN_POINT('',(72.,41.5,3.));
#6445=CARTESIAN_POINT('',(82.,8.,3.));
#6446=CARTESIAN_POINT('',(86.,8.,3.));
#6447=CARTESIAN_POINT('',(82.0000000000001,39.,3.));
#6448=CARTESIAN_POINT('',(87.5,47.5,3.));
#6449=CARTESIAN_POINT('',(77.5,47.5,3.));
#6450=CARTESIAN_POINT('',(83.75,47.5,3.));
#6451=CARTESIAN_POINT('',(77.5,57.5,3.));
#6452=CARTESIAN_POINT('',(77.5,66.25,3.));
#6453=CARTESIAN_POINT('',(87.5,57.5,3.));
#6454=CARTESIAN_POINT('',(88.75,57.5,3.));
#6455=CARTESIAN_POINT('',(87.5,61.25,3.));
#6456=CARTESIAN_POINT('',(32.15,31.3,3.));
#6457=CARTESIAN_POINT('',(32.15,34.8,3.));
#6458=CARTESIAN_POINT('',(32.15,59.15,3.));
#6459=CARTESIAN_POINT('',(7.00000000000002,34.8,3.));
#6460=CARTESIAN_POINT('',(48.5,34.8,3.));
#6461=CARTESIAN_POINT('',(7.00000000000001,39.8,3.));
#6462=CARTESIAN_POINT('',(7.00000000000001,57.4,3.));
#6463=CARTESIAN_POINT('',(32.15,39.8,3.));
#6464=CARTESIAN_POINT('',(61.075,39.8,3.));
#6465=CARTESIAN_POINT('',(32.15,43.3,3.));
#6466=CARTESIAN_POINT('',(32.15,59.15,3.));
#6467=CARTESIAN_POINT('',(44.15,43.3,3.));
#6468=CARTESIAN_POINT('',(67.075,43.3,3.));
#6469=CARTESIAN_POINT('',(44.15,39.8,3.));
#6470=CARTESIAN_POINT('',(44.15,53.15,3.));
#6471=CARTESIAN_POINT('',(69.,39.8,3.));
#6472=CARTESIAN_POINT('',(79.5,39.8,3.));
#6473=CARTESIAN_POINT('',(69.,34.8,3.));
#6474=CARTESIAN_POINT('',(69.,54.9,3.));
#6475=CARTESIAN_POINT('',(44.15,34.8,3.));
#6476=CARTESIAN_POINT('',(67.075,34.8,3.));
#6477=CARTESIAN_POINT('',(44.15,31.3,3.));
#6478=CARTESIAN_POINT('',(44.15,53.15,3.));
#6479=CARTESIAN_POINT('',(61.075,31.3,3.));
#6480=CARTESIAN_POINT('',(32.15,86.3,3.));
#6481=CARTESIAN_POINT('',(32.15,89.8,3.));
#6482=CARTESIAN_POINT('',(32.15,86.65,3.));
#6483=CARTESIAN_POINT('',(7.00000000000002,89.8,3.));
#6484=CARTESIAN_POINT('',(48.5,89.8,3.));
#6485=CARTESIAN_POINT('',(7.00000000000002,94.8,3.));
#6486=CARTESIAN_POINT('',(7.00000000000001,84.9,3.));
#6487=CARTESIAN_POINT('',(32.15,94.8,3.));
#6488=CARTESIAN_POINT('',(61.075,94.8,3.));
#6489=CARTESIAN_POINT('',(32.15,98.3,3.));
#6490=CARTESIAN_POINT('',(32.15,86.65,3.));
#6491=CARTESIAN_POINT('',(44.15,98.3,3.));
#6492=CARTESIAN_POINT('',(67.075,98.3,3.));
#6493=CARTESIAN_POINT('',(44.15,94.8,3.));
#6494=CARTESIAN_POINT('',(44.15,80.65,3.));
#6495=CARTESIAN_POINT('',(69.,94.8,3.));
#6496=CARTESIAN_POINT('',(79.5,94.8,3.));
#6497=CARTESIAN_POINT('',(69.,89.8,3.));
#6498=CARTESIAN_POINT('',(69.,82.4,3.));
#6499=CARTESIAN_POINT('',(44.15,89.8,3.));
#6500=CARTESIAN_POINT('',(67.075,89.8,3.));
#6501=CARTESIAN_POINT('',(44.15,86.3,3.));
#6502=CARTESIAN_POINT('',(44.15,80.65,3.));
#6503=CARTESIAN_POINT('',(61.075,86.3,3.));
#6504=CARTESIAN_POINT('Origin',(72.,2.99999999999999,0.));
#6505=CARTESIAN_POINT('',(2.,2.99999999999999,43.5442084302943));
#6506=CARTESIAN_POINT('',(2.,2.99999999999999,0.));
#6507=CARTESIAN_POINT('',(12.,2.99999999999998,56.5982813236171));
#6508=CARTESIAN_POINT('',(6.06985289812795,2.99999999999999,48.8570240700206));
#6509=CARTESIAN_POINT('',(12.,2.99999999999998,66.6523542169398));
#6510=CARTESIAN_POINT('',(12.,2.99999999999998,74.7548310232775));
#6511=CARTESIAN_POINT('',(72.,2.99999999999999,66.6523542169398));
#6512=CARTESIAN_POINT('',(81.,2.99999999999999,66.6523542169398));
#6513=CARTESIAN_POINT('',(72.,2.99999999999999,0.));
#6514=CARTESIAN_POINT('Origin',(38.15,37.3,5.2));
#6515=CARTESIAN_POINT('',(35.9,37.3,5.4));
#6516=CARTESIAN_POINT('Origin',(38.15,37.3,5.4));
#6517=CARTESIAN_POINT('',(36.3,37.3,5.));
#6518=CARTESIAN_POINT('',(36.1,37.3,5.2));
#6519=CARTESIAN_POINT('Origin',(38.15,37.3,5.));
#6520=CARTESIAN_POINT('Origin',(38.15,37.3,3.));
#6521=CARTESIAN_POINT('',(36.3,37.3,3.7));
#6522=CARTESIAN_POINT('',(36.3,37.3,3.));
#6523=CARTESIAN_POINT('Origin',(38.15,37.3,3.7));
#6524=CARTESIAN_POINT('Origin',(38.15,64.8,5.4));
#6525=CARTESIAN_POINT('',(44.15,31.3,5.4));
#6526=CARTESIAN_POINT('',(44.15,34.8,5.4));
#6527=CARTESIAN_POINT('',(44.15,48.05,5.4));
#6528=CARTESIAN_POINT('',(44.15,39.8,5.4));
#6529=CARTESIAN_POINT('',(44.15,52.3,5.4));
#6530=CARTESIAN_POINT('',(44.15,43.3,5.4));
#6531=CARTESIAN_POINT('',(44.15,48.05,5.4));
#6532=CARTESIAN_POINT('',(32.15,43.3,5.4));
#6533=CARTESIAN_POINT('',(41.15,43.3,5.4));
#6534=CARTESIAN_POINT('',(32.15,39.8,5.4));
#6535=CARTESIAN_POINT('',(32.15,54.05,5.4));
#6536=CARTESIAN_POINT('',(32.15,34.8,5.4));
#6537=CARTESIAN_POINT('',(32.15,49.8,5.4));
#6538=CARTESIAN_POINT('',(32.15,31.3,5.4));
#6539=CARTESIAN_POINT('',(32.15,54.05,5.4));
#6540=CARTESIAN_POINT('',(35.15,31.3,5.4));
#6541=CARTESIAN_POINT('Origin',(38.15,92.3,5.2));
#6542=CARTESIAN_POINT('',(35.9,92.3,5.4));
#6543=CARTESIAN_POINT('Origin',(38.15,92.3,5.4));
#6544=CARTESIAN_POINT('',(36.3,92.3,5.));
#6545=CARTESIAN_POINT('',(36.1,92.3,5.2));
#6546=CARTESIAN_POINT('Origin',(38.15,92.3,5.));
#6547=CARTESIAN_POINT('Origin',(38.15,92.3,3.));
#6548=CARTESIAN_POINT('',(36.3,92.3,3.7));
#6549=CARTESIAN_POINT('',(36.3,92.3,3.));
#6550=CARTESIAN_POINT('Origin',(38.15,92.3,3.7));
#6551=CARTESIAN_POINT('Origin',(38.15,64.8,5.4));
#6552=CARTESIAN_POINT('',(44.15,86.3,5.4));
#6553=CARTESIAN_POINT('',(44.15,89.8,5.4));
#6554=CARTESIAN_POINT('',(44.15,75.55,5.4));
#6555=CARTESIAN_POINT('',(44.15,94.8,5.4));
#6556=CARTESIAN_POINT('',(44.15,79.8,5.4));
#6557=CARTESIAN_POINT('',(44.15,98.3,5.4));
#6558=CARTESIAN_POINT('',(44.15,75.55,5.4));
#6559=CARTESIAN_POINT('',(32.15,98.3,5.4));
#6560=CARTESIAN_POINT('',(41.15,98.3,5.4));
#6561=CARTESIAN_POINT('',(32.15,94.8,5.4));
#6562=CARTESIAN_POINT('',(32.15,81.55,5.4));
#6563=CARTESIAN_POINT('',(32.15,89.8,5.4));
#6564=CARTESIAN_POINT('',(32.15,77.3,5.4));
#6565=CARTESIAN_POINT('',(32.15,86.3,5.4));
#6566=CARTESIAN_POINT('',(32.15,81.55,5.4));
#6567=CARTESIAN_POINT('',(35.15,86.3,5.4));
#6568=CARTESIAN_POINT('Origin',(38.15,64.8,3.7));
#6569=CARTESIAN_POINT('Origin',(38.15,64.8,3.7));
#6570=CARTESIAN_POINT('Origin',(38.15,37.3,0.));
#6571=CARTESIAN_POINT('',(35.15,37.3,0.));
#6572=CARTESIAN_POINT('Origin',(38.15,37.3,0.));
#6573=CARTESIAN_POINT('',(35.15,37.3,3.5));
#6574=CARTESIAN_POINT('',(35.15,37.3,0.));
#6575=CARTESIAN_POINT('Origin',(38.15,37.3,3.5));
#6576=CARTESIAN_POINT('Origin',(38.15,37.3,3.5));
#6577=CARTESIAN_POINT('Origin',(38.15,92.3,0.));
#6578=CARTESIAN_POINT('',(35.15,92.3,0.));
#6579=CARTESIAN_POINT('Origin',(38.15,92.3,0.));
#6580=CARTESIAN_POINT('',(35.15,92.3,3.5));
#6581=CARTESIAN_POINT('',(35.15,92.3,0.));
#6582=CARTESIAN_POINT('Origin',(38.15,92.3,3.5));
#6583=CARTESIAN_POINT('Origin',(38.15,92.3,3.5));
#6584=CARTESIAN_POINT('Origin',(32.15,98.3,3.));
#6585=CARTESIAN_POINT('',(32.15,94.8,3.));
#6586=CARTESIAN_POINT('',(32.15,98.3,3.));
#6587=CARTESIAN_POINT('Origin',(32.15,98.3,3.));
#6588=CARTESIAN_POINT('',(32.15,89.8,3.));
#6589=CARTESIAN_POINT('',(32.15,86.3,3.));
#6590=CARTESIAN_POINT('Origin',(44.15,86.3,3.));
#6591=CARTESIAN_POINT('',(44.15,94.8,3.));
#6592=CARTESIAN_POINT('',(44.15,98.3,3.));
#6593=CARTESIAN_POINT('Origin',(44.15,86.3,3.));
#6594=CARTESIAN_POINT('',(44.15,89.8,3.));
#6595=CARTESIAN_POINT('',(44.15,86.3,3.));
#6596=CARTESIAN_POINT('Origin',(32.15,86.3,3.));
#6597=CARTESIAN_POINT('Origin',(44.15,98.3,3.));
#6598=CARTESIAN_POINT('Origin',(32.15,89.8,3.));
#6599=CARTESIAN_POINT('',(32.15,94.8,5.6));
#6600=CARTESIAN_POINT('',(32.15,94.8,3.));
#6601=CARTESIAN_POINT('',(32.15,89.8,5.6));
#6602=CARTESIAN_POINT('',(32.15,77.3,5.6));
#6603=CARTESIAN_POINT('',(32.15,89.8,3.));
#6604=CARTESIAN_POINT('Origin',(32.15,43.3,3.));
#6605=CARTESIAN_POINT('',(32.15,39.8,3.));
#6606=CARTESIAN_POINT('',(32.15,43.3,3.));
#6607=CARTESIAN_POINT('Origin',(32.15,43.3,3.));
#6608=CARTESIAN_POINT('',(32.15,34.8,3.));
#6609=CARTESIAN_POINT('',(32.15,31.3,3.));
#6610=CARTESIAN_POINT('Origin',(44.15,31.3,3.));
#6611=CARTESIAN_POINT('',(44.15,39.8,3.));
#6612=CARTESIAN_POINT('',(44.15,43.3,3.));
#6613=CARTESIAN_POINT('Origin',(44.15,31.3,3.));
#6614=CARTESIAN_POINT('',(44.15,34.8,3.));
#6615=CARTESIAN_POINT('',(44.15,31.3,3.));
#6616=CARTESIAN_POINT('Origin',(32.15,31.3,3.));
#6617=CARTESIAN_POINT('Origin',(44.15,43.3,3.));
#6618=CARTESIAN_POINT('Origin',(32.15,34.8,3.));
#6619=CARTESIAN_POINT('',(32.15,39.8,5.6));
#6620=CARTESIAN_POINT('',(32.15,39.8,3.));
#6621=CARTESIAN_POINT('',(32.15,34.8,5.6));
#6622=CARTESIAN_POINT('',(32.15,49.8,5.6));
#6623=CARTESIAN_POINT('',(32.15,34.8,3.));
#6624=CARTESIAN_POINT('Origin',(44.15,89.8,3.));
#6625=CARTESIAN_POINT('',(69.,89.8,5.6));
#6626=CARTESIAN_POINT('',(69.,89.8,3.));
#6627=CARTESIAN_POINT('',(44.15,89.8,5.6));
#6628=CARTESIAN_POINT('',(41.075,89.8,5.6));
#6629=CARTESIAN_POINT('',(44.15,89.8,3.));
#6630=CARTESIAN_POINT('Origin',(44.15,94.8,3.));
#6631=CARTESIAN_POINT('',(44.15,94.8,5.6));
#6632=CARTESIAN_POINT('',(44.15,79.8,5.6));
#6633=CARTESIAN_POINT('',(44.15,94.8,3.));
#6634=CARTESIAN_POINT('Origin',(69.,94.8,3.));
#6635=CARTESIAN_POINT('',(69.,94.8,5.6));
#6636=CARTESIAN_POINT('',(53.5,94.8,5.6));
#6637=CARTESIAN_POINT('',(69.,94.8,3.));
#6638=CARTESIAN_POINT('Origin',(69.,89.8,3.));
#6639=CARTESIAN_POINT('',(69.,77.3,5.6));
#6640=CARTESIAN_POINT('Origin',(38.,64.8,5.6));
#6641=CARTESIAN_POINT('Origin',(7.00000000000002,94.8,3.));
#6642=CARTESIAN_POINT('',(7.00000000000002,89.8,5.6));
#6643=CARTESIAN_POINT('',(7.00000000000002,89.8,3.));
#6644=CARTESIAN_POINT('',(7.00000000000002,94.8,5.6));
#6645=CARTESIAN_POINT('',(7.00000000000002,79.8,5.6));
#6646=CARTESIAN_POINT('',(7.00000000000002,94.8,3.));
#6647=CARTESIAN_POINT('Origin',(32.15,94.8,3.));
#6648=CARTESIAN_POINT('',(35.075,94.8,5.6));
#6649=CARTESIAN_POINT('Origin',(7.00000000000002,89.8,3.));
#6650=CARTESIAN_POINT('',(22.5,89.8,5.6));
#6651=CARTESIAN_POINT('Origin',(38.,64.8,5.6));
#6652=CARTESIAN_POINT('Origin',(69.,34.8,3.));
#6653=CARTESIAN_POINT('',(69.,39.8,5.6));
#6654=CARTESIAN_POINT('',(69.,39.8,3.));
#6655=CARTESIAN_POINT('',(69.,34.8,5.6));
#6656=CARTESIAN_POINT('',(69.,49.8,5.6));
#6657=CARTESIAN_POINT('',(69.,34.8,3.));
#6658=CARTESIAN_POINT('Origin',(44.15,34.8,3.));
#6659=CARTESIAN_POINT('',(44.15,34.8,5.6));
#6660=CARTESIAN_POINT('',(41.075,34.8,5.6));
#6661=CARTESIAN_POINT('',(44.15,34.8,3.));
#6662=CARTESIAN_POINT('Origin',(44.15,39.8,3.));
#6663=CARTESIAN_POINT('',(44.15,39.8,5.6));
#6664=CARTESIAN_POINT('',(44.15,52.3,5.6));
#6665=CARTESIAN_POINT('',(44.15,39.8,3.));
#6666=CARTESIAN_POINT('Origin',(69.,39.8,3.));
#6667=CARTESIAN_POINT('',(53.5,39.8,5.6));
#6668=CARTESIAN_POINT('Origin',(38.,64.8,5.6));
#6669=CARTESIAN_POINT('Origin',(7.00000000000002,34.8,3.));
#6670=CARTESIAN_POINT('',(7.00000000000002,34.8,5.6));
#6671=CARTESIAN_POINT('',(22.5,34.8,5.6));
#6672=CARTESIAN_POINT('',(7.00000000000002,34.8,3.));
#6673=CARTESIAN_POINT('Origin',(7.00000000000002,39.8,3.));
#6674=CARTESIAN_POINT('',(7.00000000000001,39.8,5.6));
#6675=CARTESIAN_POINT('',(7.00000000000002,52.3,5.6));
#6676=CARTESIAN_POINT('',(7.00000000000001,39.8,3.));
#6677=CARTESIAN_POINT('Origin',(32.15,39.8,3.));
#6678=CARTESIAN_POINT('',(35.075,39.8,5.6));
#6679=CARTESIAN_POINT('Origin',(38.,64.8,5.6));
#6680=CARTESIAN_POINT('Origin',(7.,142.5,0.3));
#6681=CARTESIAN_POINT('',(4.55,142.5,0.));
#6682=CARTESIAN_POINT('Origin',(7.,142.5,0.));
#6683=CARTESIAN_POINT('',(5.15,142.5,0.6));
#6684=CARTESIAN_POINT('',(4.85,142.5,0.3));
#6685=CARTESIAN_POINT('Origin',(7.,142.5,0.6));
#6686=CARTESIAN_POINT('Origin',(90.,75.,0.));
#6687=CARTESIAN_POINT('',(0.,150.,0.));
#6688=CARTESIAN_POINT('',(0.,0.,0.));
#6689=CARTESIAN_POINT('',(0.,150.,0.));
#6690=CARTESIAN_POINT('',(180.,150.,0.));
#6691=CARTESIAN_POINT('',(180.,150.,0.));
#6692=CARTESIAN_POINT('',(180.,0.,0.));
#6693=CARTESIAN_POINT('',(180.,0.,0.));
#6694=CARTESIAN_POINT('',(0.,0.,0.));
#6695=CARTESIAN_POINT('',(80.65,52.5,0.));
#6696=CARTESIAN_POINT('Origin',(82.5,52.5,0.));
#6697=CARTESIAN_POINT('',(80.65,142.5,0.));
#6698=CARTESIAN_POINT('Origin',(82.5,142.5,0.));
#6699=CARTESIAN_POINT('',(4.55,6.99999999999999,0.));
#6700=CARTESIAN_POINT('Origin',(7.,6.99999999999999,0.));
#6701=CARTESIAN_POINT('',(170.05,142.5,0.));
#6702=CARTESIAN_POINT('Origin',(172.5,142.5,0.));
#6703=CARTESIAN_POINT('',(170.05,6.99999999999999,0.));
#6704=CARTESIAN_POINT('Origin',(172.5,6.99999999999999,0.));
#6705=CARTESIAN_POINT('Origin',(7.,142.5,0.));
#6706=CARTESIAN_POINT('',(5.15,142.5,0.));
#6707=CARTESIAN_POINT('Origin',(7.,6.99999999999999,0.3));
#6708=CARTESIAN_POINT('',(5.15,6.99999999999999,0.6));
#6709=CARTESIAN_POINT('',(4.85,6.99999999999999,0.3));
#6710=CARTESIAN_POINT('Origin',(7.,6.99999999999999,0.6));
#6711=CARTESIAN_POINT('Origin',(7.,6.99999999999999,0.));
#6712=CARTESIAN_POINT('',(5.15,6.99999999999999,0.));
#6713=CARTESIAN_POINT('Origin',(172.5,6.99999999999999,0.3));
#6714=CARTESIAN_POINT('',(170.65,6.99999999999999,0.6));
#6715=CARTESIAN_POINT('',(170.35,6.99999999999999,0.3));
#6716=CARTESIAN_POINT('Origin',(172.5,6.99999999999999,0.6));
#6717=CARTESIAN_POINT('Origin',(172.5,6.99999999999999,0.));
#6718=CARTESIAN_POINT('',(170.65,6.99999999999999,0.));
#6719=CARTESIAN_POINT('Origin',(172.5,142.5,0.3));
#6720=CARTESIAN_POINT('',(170.65,142.5,0.6));
#6721=CARTESIAN_POINT('',(170.35,142.5,0.3));
#6722=CARTESIAN_POINT('Origin',(172.5,142.5,0.6));
#6723=CARTESIAN_POINT('Origin',(172.5,142.5,3.));
#6724=CARTESIAN_POINT('',(170.65,142.5,22.4));
#6725=CARTESIAN_POINT('Origin',(172.5,142.5,22.4));
#6726=CARTESIAN_POINT('',(170.65,142.5,3.));
#6727=CARTESIAN_POINT('Origin',(174.,144.,97.7000000000001));
#6728=CARTESIAN_POINT('',(172.15,144.,97.4000000000004));
#6729=CARTESIAN_POINT('Origin',(174.,144.,97.4000000000004));
#6730=CARTESIAN_POINT('',(171.85,144.,97.7000000000001));
#6731=CARTESIAN_POINT('Origin',(174.,144.,120.));
#6732=CARTESIAN_POINT('',(172.15,144.,75.8500000000002));
#6733=CARTESIAN_POINT('',(172.15,144.,120.));
#6734=CARTESIAN_POINT('Origin',(174.,144.,74.0000000000002));
#6735=CARTESIAN_POINT('Origin',(174.,73.9999999999998,97.7));
#6736=CARTESIAN_POINT('',(172.15,73.9999999999998,97.4));
#6737=CARTESIAN_POINT('Origin',(174.,73.9999999999998,97.4));
#6738=CARTESIAN_POINT('',(171.85,73.9999999999998,97.7));
#6739=CARTESIAN_POINT('Origin',(174.,73.9999999999997,120.));
#6740=CARTESIAN_POINT('',(172.15,73.9999999999998,75.85));
#6741=CARTESIAN_POINT('',(172.15,73.9999999999997,120.));
#6742=CARTESIAN_POINT('Origin',(174.,73.9999999999998,74.));
#6743=CARTESIAN_POINT('Origin',(6.,144.,97.7000000000001));
#6744=CARTESIAN_POINT('',(4.15,144.,97.4000000000004));
#6745=CARTESIAN_POINT('Origin',(6.,144.,97.4000000000004));
#6746=CARTESIAN_POINT('',(3.55,144.,97.9999999999999));
#6747=CARTESIAN_POINT('',(3.85,144.,97.7000000000001));
#6748=CARTESIAN_POINT('Origin',(6.,144.,97.9999999999999));
#6749=CARTESIAN_POINT('Origin',(180.,68.,98.));
#6750=CARTESIAN_POINT('',(12.,79.9999999999997,98.));
#6751=CARTESIAN_POINT('',(12.,67.9999999999998,98.0000000000002));
#6752=CARTESIAN_POINT('',(12.,73.9999999999998,98.));
#6753=CARTESIAN_POINT('',(2.00000000000001,80.,98.));
#6754=CARTESIAN_POINT('',(92.5,80.,98.));
#6755=CARTESIAN_POINT('',(2.00000000000001,138.,97.9999999999999));
#6756=CARTESIAN_POINT('',(2.00000000000001,74.,98.));
#6757=CARTESIAN_POINT('',(12.,138.,97.9999999999999));
#6758=CARTESIAN_POINT('',(96.,138.,98.));
#6759=CARTESIAN_POINT('',(12.,109.,97.9999999999999));
#6760=CARTESIAN_POINT('',(25.5,150.,97.9999999999999));
#6761=CARTESIAN_POINT('',(25.5,109.,97.9999999999999));
#6762=CARTESIAN_POINT('',(0.,150.,97.9999999999999));
#6763=CARTESIAN_POINT('',(180.,150.,97.9999999999999));
#6764=CARTESIAN_POINT('',(0.,68.,98.));
#6765=CARTESIAN_POINT('',(0.,109.,97.9999999999999));
#6766=CARTESIAN_POINT('',(1.99999999999999,68.,98.));
#6767=CARTESIAN_POINT('',(180.,68.,98.));
#6768=CARTESIAN_POINT('',(96.,67.9999999999997,98.0000000000002));
#6769=CARTESIAN_POINT('',(3.55,73.9999999999998,98.));
#6770=CARTESIAN_POINT('Origin',(6.,73.9999999999998,98.));
#6771=CARTESIAN_POINT('Origin',(6.,144.,120.));
#6772=CARTESIAN_POINT('',(4.15,144.,72.1500000000001));
#6773=CARTESIAN_POINT('',(4.15,144.,120.));
#6774=CARTESIAN_POINT('Origin',(6.,144.,74.0000000000001));
#6775=CARTESIAN_POINT('Origin',(6.,73.9999999999998,97.7));
#6776=CARTESIAN_POINT('',(4.15,73.9999999999998,97.4));
#6777=CARTESIAN_POINT('Origin',(6.,73.9999999999998,97.4));
#6778=CARTESIAN_POINT('',(3.85,73.9999999999998,97.7));
#6779=CARTESIAN_POINT('Origin',(6.,73.9999999999997,120.));
#6780=CARTESIAN_POINT('',(4.15,73.9999999999998,72.15));
#6781=CARTESIAN_POINT('',(4.15,73.9999999999997,120.));
#6782=CARTESIAN_POINT('Origin',(6.,73.9999999999998,74.));
#6783=CARTESIAN_POINT('Origin',(180.,55.1020564475759,113.371170565679));
#6784=CARTESIAN_POINT('',(2.,56.5792680770942,111.610698299178));
#6785=CARTESIAN_POINT('',(1.99999999999999,72.2506010596746,92.934330916448));
#6786=CARTESIAN_POINT('',(0.,55.1020564475759,113.371170565679));
#6787=CARTESIAN_POINT('',(0.,102.619030530415,56.7426459932493));
#6788=CARTESIAN_POINT('',(12.,55.1020564475759,113.371170565679));
#6789=CARTESIAN_POINT('',(135.,55.1020564475759,113.371170565679));
#6790=CARTESIAN_POINT('',(12.,56.5792680770943,111.610698299178));
#6791=CARTESIAN_POINT('',(12.,55.1020564475759,113.371170565679));
#6792=CARTESIAN_POINT('',(135.,56.5792680770943,111.610698299178));
#6793=CARTESIAN_POINT('Origin',(180.,55.1020564475759,113.371170565679));
#6794=CARTESIAN_POINT('',(178.,56.5792680770943,111.610698299178));
#6795=CARTESIAN_POINT('',(178.,102.205854619248,57.2350498697554));
#6796=CARTESIAN_POINT('',(168.,56.5792680770943,111.610698299178));
#6797=CARTESIAN_POINT('',(135.,56.5792680770943,111.610698299178));
#6798=CARTESIAN_POINT('',(168.,55.1020564475759,113.371170565679));
#6799=CARTESIAN_POINT('',(168.,55.1020564475759,113.371170565679));
#6800=CARTESIAN_POINT('',(180.,55.1020564475759,113.371170565679));
#6801=CARTESIAN_POINT('',(135.,55.1020564475759,113.371170565679));
#6802=CARTESIAN_POINT('',(180.,71.6308371929248,93.6729367312071));
#6803=CARTESIAN_POINT('Origin',(12.,55.0717010602665,113.345699371383));
#6804=CARTESIAN_POINT('',(12.,6.8943999880708,72.9201438105869));
#6805=CARTESIAN_POINT('',(12.,40.9471999940354,101.493835736145));
#6806=CARTESIAN_POINT('',(12.,8.37161161758914,71.1596715440864));
#6807=CARTESIAN_POINT('',(12.,6.8943999880708,72.9201438105869));
#6808=CARTESIAN_POINT('',(12.,45.2827674914597,102.131808824178));
#6809=CARTESIAN_POINT('',(12.,20.5161994502665,71.2961178219634));
#6810=CARTESIAN_POINT('',(12.,20.5161994502665,71.2961178219634));
#6811=CARTESIAN_POINT('',(12.,15.5655349829195,77.1960899866527));
#6812=CARTESIAN_POINT('',(12.,14.0883233534011,78.9565622531532));
#6813=CARTESIAN_POINT('',(12.,41.8408593819004,99.243704998901));
#6814=CARTESIAN_POINT('',(12.,41.6858058087946,99.1135996028952));
#6815=CARTESIAN_POINT('',(12.,52.6888661885029,98.2946273814713));
#6816=CARTESIAN_POINT('',(12.,50.5058339630128,98.4856179533134));
#6817=CARTESIAN_POINT('',(12.,52.6900660612636,98.293197428798));
#6818=CARTESIAN_POINT('',(12.,46.2621899643982,105.953641859988));
#6819=CARTESIAN_POINT('',(12.,61.4995771571319,105.685254940193));
#6820=CARTESIAN_POINT('',(12.,61.4995771571319,105.685254940193));
#6821=CARTESIAN_POINT('',(12.,56.5489126897848,111.585227104883));
#6822=CARTESIAN_POINT('',(12.,55.0717010602665,113.345699371383));
#6823=CARTESIAN_POINT('',(12.,41.6858058087946,99.1135996028952));
#6824=CARTESIAN_POINT('Origin',(0.,150.,0.));
#6825=CARTESIAN_POINT('',(0.,150.,0.));
#6826=CARTESIAN_POINT('',(0.,0.,67.135055323408));
#6827=CARTESIAN_POINT('',(0.,0.,0.));
#6828=CARTESIAN_POINT('',(0.,65.7216317319201,122.282052270031));
#6829=CARTESIAN_POINT('Origin',(25.5,150.,102.));
#6830=CARTESIAN_POINT('',(25.5,150.,43.));
#6831=CARTESIAN_POINT('',(25.5,150.,43.));
#6832=CARTESIAN_POINT('',(25.5,150.,51.));
#6833=CARTESIAN_POINT('Origin',(90.,75.,127.067527661704));
#6834=CARTESIAN_POINT('',(178.,56.5489126897848,111.585227104883));
#6835=CARTESIAN_POINT('',(178.,73.908141026125,126.151349199428));
#6836=CARTESIAN_POINT('',(168.,56.5489126897848,111.585227104883));
#6837=CARTESIAN_POINT('',(129.,56.5489126897848,111.585227104883));
#6838=CARTESIAN_POINT('',(168.,65.9093774694756,119.439589649169));
#6839=CARTESIAN_POINT('Origin',(90.,75.,130.067527661704));
#6840=CARTESIAN_POINT('',(180.,0.,67.135055323408));
#6841=CARTESIAN_POINT('',(45.,0.,67.135055323408));
#6842=CARTESIAN_POINT('',(180.,21.7098250694102,85.3517615320734));
#6843=CARTESIAN_POINT('',(168.,6.89439998807081,72.9201438105869));
#6844=CARTESIAN_POINT('',(168.,65.1707716547164,121.819825782419));
#6845=CARTESIAN_POINT('',(129.,6.89439998807081,72.9201438105868));
#6846=CARTESIAN_POINT('',(3.55,9.49205669468727,75.0998365950339));
#6847=CARTESIAN_POINT('Origin',(6.,9.49205669468727,75.0998365950339));
#6848=CARTESIAN_POINT('',(171.55,50.8584566231121,109.810367518107));
#6849=CARTESIAN_POINT('Origin',(174.,50.8584566231121,109.810367518107));
#6850=CARTESIAN_POINT('',(171.55,9.49205669468727,75.0998365950339));
#6851=CARTESIAN_POINT('Origin',(174.,9.49205669468727,75.0998365950339));
#6852=CARTESIAN_POINT('',(3.55,50.8584566231121,109.810367518107));
#6853=CARTESIAN_POINT('Origin',(6.,50.8584566231121,109.810367518107));
#6854=CARTESIAN_POINT('Origin',(180.,68.0000010132786,120.));
#6855=CARTESIAN_POINT('',(168.,68.0000010132788,79.9999999999999));
#6856=CARTESIAN_POINT('',(168.,68.0000010132786,120.));
#6857=CARTESIAN_POINT('',(178.,68.0000010132788,70.));
#6858=CARTESIAN_POINT('',(163.5,68.0000010132787,84.5));
#6859=CARTESIAN_POINT('',(178.,68.0000010132788,59.9999999999999));
#6860=CARTESIAN_POINT('Origin',(168.,68.0000010132786,120.));
#6861=CARTESIAN_POINT('',(168.,79.9999999999998,80.));
#6862=CARTESIAN_POINT('',(168.,79.9999999999997,120.));
#6863=CARTESIAN_POINT('',(168.,79.9999999999998,80.));
#6864=CARTESIAN_POINT('Origin',(180.,150.,0.));
#6865=CARTESIAN_POINT('',(180.,150.,0.));
#6866=CARTESIAN_POINT('',(53.,150.,43.));
#6867=CARTESIAN_POINT('',(102.75,150.,43.));
#6868=CARTESIAN_POINT('',(53.,150.,21.5));
#6869=CARTESIAN_POINT('',(21.1,150.,72.5));
#6870=CARTESIAN_POINT('Origin',(19.25,150.,72.5));
#6871=CARTESIAN_POINT('',(148.9,150.,71.35));
#6872=CARTESIAN_POINT('Origin',(147.55,150.,71.35));
#6873=CARTESIAN_POINT('',(164.,150.,24.25));
#6874=CARTESIAN_POINT('',(164.,150.,35.75));
#6875=CARTESIAN_POINT('',(164.,150.,12.125));
#6876=CARTESIAN_POINT('',(151.,150.,35.75));
#6877=CARTESIAN_POINT('',(172.,150.,35.75));
#6878=CARTESIAN_POINT('',(151.,150.,24.25));
#6879=CARTESIAN_POINT('',(151.,150.,17.875));
#6880=CARTESIAN_POINT('',(165.5,150.,24.25));
#6881=CARTESIAN_POINT('',(150.,150.,60.));
#6882=CARTESIAN_POINT('',(150.,150.,68.9));
#6883=CARTESIAN_POINT('',(150.,150.,30.));
#6884=CARTESIAN_POINT('',(116.05,150.,68.9));
#6885=CARTESIAN_POINT('',(165.,150.,68.9));
#6886=CARTESIAN_POINT('',(116.05,150.,60.));
#6887=CARTESIAN_POINT('',(116.05,150.,34.45));
#6888=CARTESIAN_POINT('',(148.025,150.,60.));
#6889=CARTESIAN_POINT('',(61.1,150.,72.5));
#6890=CARTESIAN_POINT('Origin',(59.25,150.,72.5));
#6891=CARTESIAN_POINT('',(119.85,150.,71.35));
#6892=CARTESIAN_POINT('Origin',(118.5,150.,71.35));
#6893=CARTESIAN_POINT('',(139.5,150.,24.75));
#6894=CARTESIAN_POINT('',(139.5,150.,39.25));
#6895=CARTESIAN_POINT('',(139.5,150.,12.375));
#6896=CARTESIAN_POINT('',(122.,150.,39.25));
#6897=CARTESIAN_POINT('',(159.75,150.,39.25));
#6898=CARTESIAN_POINT('',(122.,150.,24.75));
#6899=CARTESIAN_POINT('',(122.,150.,19.625));
#6900=CARTESIAN_POINT('',(151.,150.,24.75));
#6901=CARTESIAN_POINT('',(102.,150.,23.));
#6902=CARTESIAN_POINT('',(102.,150.,35.));
#6903=CARTESIAN_POINT('',(102.,150.,11.5));
#6904=CARTESIAN_POINT('',(92.5,150.,35.));
#6905=CARTESIAN_POINT('',(141.,150.,35.));
#6906=CARTESIAN_POINT('',(92.5,150.,23.));
#6907=CARTESIAN_POINT('',(92.5,150.,17.5));
#6908=CARTESIAN_POINT('',(136.25,150.,23.));
#6909=CARTESIAN_POINT('Origin',(168.,79.9999999999997,120.));
#6910=CARTESIAN_POINT('',(178.,79.9999999999998,70.));
#6911=CARTESIAN_POINT('',(178.,79.9999999999998,59.9999999999999));
#6912=CARTESIAN_POINT('',(160.5,79.9999999999998,87.5000000000001));
#6913=CARTESIAN_POINT('Origin',(178.,148.,0.));
#6914=CARTESIAN_POINT('',(178.,26.9440755471319,63.6356733907736));
#6915=CARTESIAN_POINT('',(178.,44.4979823694019,78.3651501310607));
#6916=CARTESIAN_POINT('',(178.,21.9934110797848,69.5356455554629));
#6917=CARTESIAN_POINT('',(178.,61.1921215250736,22.8204415572299));
#6918=CARTESIAN_POINT('',(178.,48.3457268240798,91.647863977168));
#6919=CARTESIAN_POINT('',(178.,71.562683739952,111.129203962335));
#6920=CARTESIAN_POINT('',(178.,59.0521388759115,90.7111742955955));
#6921=CARTESIAN_POINT('',(178.,100.92751435179,87.0475536605646));
#6922=CARTESIAN_POINT('',(178.,59.117942158129,90.6327529976083));
#6923=CARTESIAN_POINT('',(178.,93.3659881360707,49.8175211640645));
#6924=CARTESIAN_POINT('',(178.,67.9274532539972,98.0248105090035));
#6925=CARTESIAN_POINT('',(178.,65.0854267782245,95.6400671413864));
#6926=CARTESIAN_POINT('',(178.,102.175499231939,57.2095786754597));
#6927=CARTESIAN_POINT('',(178.,111.00000025332,70.0000000000001));
#6928=CARTESIAN_POINT('',(178.,138.,70.0000000000001));
#6929=CARTESIAN_POINT('',(178.,138.,60.0000000000001));
#6930=CARTESIAN_POINT('',(178.,148.,70.0000000000002));
#6931=CARTESIAN_POINT('',(178.,146.,70.0000000000001));
#6932=CARTESIAN_POINT('',(178.,148.,23.));
#6933=CARTESIAN_POINT('',(178.,148.,0.));
#6934=CARTESIAN_POINT('',(178.,130.5,23.));
#6935=CARTESIAN_POINT('',(178.,122.875,23.));
#6936=CARTESIAN_POINT('',(178.,130.5,23.5));
#6937=CARTESIAN_POINT('',(178.,130.5,11.75));
#6938=CARTESIAN_POINT('',(178.,99.,23.5));
#6939=CARTESIAN_POINT('',(178.,123.5,23.5));
#6940=CARTESIAN_POINT('',(178.,99.,23.));
#6941=CARTESIAN_POINT('',(178.,99.,9.75));
#6942=CARTESIAN_POINT('',(178.,47.5,23.));
#6943=CARTESIAN_POINT('',(178.,122.875,23.));
#6944=CARTESIAN_POINT('',(178.,47.5,1.5));
#6945=CARTESIAN_POINT('',(178.,98.85,26.));
#6946=CARTESIAN_POINT('Origin',(178.,98.85,25.25));
#6947=CARTESIAN_POINT('',(178.,74.25,32.75));
#6948=CARTESIAN_POINT('',(178.,74.25,24.75));
#6949=CARTESIAN_POINT('',(178.,74.25,12.375));
#6950=CARTESIAN_POINT('',(178.,89.75,24.75));
#6951=CARTESIAN_POINT('',(178.,118.875,24.75));
#6952=CARTESIAN_POINT('',(178.,89.75,32.75));
#6953=CARTESIAN_POINT('',(178.,89.75,16.375));
#6954=CARTESIAN_POINT('',(178.,111.125,32.75));
#6955=CARTESIAN_POINT('',(178.,134.,26.));
#6956=CARTESIAN_POINT('Origin',(178.,134.,25.25));
#6957=CARTESIAN_POINT('',(178.,95.35,26.));
#6958=CARTESIAN_POINT('Origin',(178.,95.35,25.25));
#6959=CARTESIAN_POINT('',(178.,129.,26.));
#6960=CARTESIAN_POINT('Origin',(178.,129.,25.25));
#6961=CARTESIAN_POINT('Origin',(180.,138.,120.));
#6962=CARTESIAN_POINT('',(168.000002682209,138.,80.0000000000001));
#6963=CARTESIAN_POINT('',(168.000002682209,138.,120.));
#6964=CARTESIAN_POINT('',(163.5,138.,84.5000000000002));
#6965=CARTESIAN_POINT('Origin',(168.000002682209,138.,120.));
#6966=CARTESIAN_POINT('',(168.000002682209,148.,80.0000000000002));
#6967=CARTESIAN_POINT('',(168.000002682209,148.,60.0000000000001));
#6968=CARTESIAN_POINT('',(168.000002682209,150.,80.0000000000002));
#6969=CARTESIAN_POINT('Origin',(75.5,148.,0.));
#6970=CARTESIAN_POINT('',(77.5,148.,23.));
#6971=CARTESIAN_POINT('',(77.5,148.,1.5));
#6972=CARTESIAN_POINT('',(92.5,148.,23.));
#6973=CARTESIAN_POINT('',(101.625,148.,23.));
#6974=CARTESIAN_POINT('',(92.5,148.,35.));
#6975=CARTESIAN_POINT('',(92.5,148.,17.5));
#6976=CARTESIAN_POINT('',(102.,148.,35.));
#6977=CARTESIAN_POINT('',(88.75,148.,35.));
#6978=CARTESIAN_POINT('',(102.,148.,23.));
#6979=CARTESIAN_POINT('',(102.,148.,11.5));
#6980=CARTESIAN_POINT('',(101.625,148.,23.));
#6981=CARTESIAN_POINT('',(167.375,148.,80.6250000000001));
#6982=CARTESIAN_POINT('',(139.5,148.,39.25));
#6983=CARTESIAN_POINT('',(139.5,148.,24.75));
#6984=CARTESIAN_POINT('',(139.5,148.,12.375));
#6985=CARTESIAN_POINT('',(122.,148.,24.75));
#6986=CARTESIAN_POINT('',(98.75,148.,24.75));
#6987=CARTESIAN_POINT('',(122.,148.,39.25));
#6988=CARTESIAN_POINT('',(122.,148.,19.625));
#6989=CARTESIAN_POINT('',(107.5,148.,39.25));
#6990=CARTESIAN_POINT('',(164.,148.,35.75));
#6991=CARTESIAN_POINT('',(164.,148.,24.25));
#6992=CARTESIAN_POINT('',(164.,148.,12.125));
#6993=CARTESIAN_POINT('',(151.,148.,24.25));
#6994=CARTESIAN_POINT('',(113.25,148.,24.25));
#6995=CARTESIAN_POINT('',(151.,148.,35.75));
#6996=CARTESIAN_POINT('',(151.,148.,17.875));
#6997=CARTESIAN_POINT('',(119.75,148.,35.75));
#6998=CARTESIAN_POINT('Origin',(172.5,142.5,22.7));
#6999=CARTESIAN_POINT('',(170.05,142.5,23.));
#7000=CARTESIAN_POINT('Origin',(172.5,142.5,23.));
#7001=CARTESIAN_POINT('',(170.35,142.5,22.7));
#7002=CARTESIAN_POINT('Origin',(127.75,97.75,23.));
#7003=CARTESIAN_POINT('',(77.5,137.5,23.));
#7004=CARTESIAN_POINT('',(77.5,122.875,23.));
#7005=CARTESIAN_POINT('',(87.5,137.5,23.));
#7006=CARTESIAN_POINT('',(102.625,137.5,23.));
#7007=CARTESIAN_POINT('',(87.5,147.5,23.));
#7008=CARTESIAN_POINT('',(87.5,117.625,23.));
#7009=CARTESIAN_POINT('',(167.5,147.5,23.));
#7010=CARTESIAN_POINT('',(107.625,147.5,23.));
#7011=CARTESIAN_POINT('',(167.5,137.5,23.));
#7012=CARTESIAN_POINT('',(167.5,122.625,23.));
#7013=CARTESIAN_POINT('',(173.5,137.5,23.));
#7014=CARTESIAN_POINT('',(147.625,137.5,23.));
#7015=CARTESIAN_POINT('',(177.5,133.5,23.));
#7016=CARTESIAN_POINT('',(172.,139.,23.));
#7017=CARTESIAN_POINT('',(177.5,130.5,23.));
#7018=CARTESIAN_POINT('',(177.5,115.625,23.));
#7019=CARTESIAN_POINT('',(153.875,130.5,23.));
#7020=CARTESIAN_POINT('',(102.,150.,23.));
#7021=CARTESIAN_POINT('',(92.5,150.,23.));
#7022=CARTESIAN_POINT('',(80.05,142.5,23.));
#7023=CARTESIAN_POINT('Origin',(82.5,142.5,23.));
#7024=CARTESIAN_POINT('Origin',(82.5,142.5,22.7));
#7025=CARTESIAN_POINT('',(80.65,142.5,22.4));
#7026=CARTESIAN_POINT('',(80.35,142.5,22.7));
#7027=CARTESIAN_POINT('Origin',(82.5,142.5,22.4));
#7028=CARTESIAN_POINT('Origin',(82.5,142.5,3.));
#7029=CARTESIAN_POINT('',(80.65,142.5,3.));
#7030=CARTESIAN_POINT('Origin',(82.5,52.5,22.7));
#7031=CARTESIAN_POINT('',(80.05,52.5,23.));
#7032=CARTESIAN_POINT('Origin',(82.5,52.5,23.));
#7033=CARTESIAN_POINT('',(80.65,52.5,22.4));
#7034=CARTESIAN_POINT('',(80.35,52.5,22.7));
#7035=CARTESIAN_POINT('Origin',(82.5,52.5,22.4));
#7036=CARTESIAN_POINT('Origin',(82.5,52.5,3.));
#7037=CARTESIAN_POINT('',(80.65,52.5,3.));
#7038=CARTESIAN_POINT('Origin',(127.75,97.75,23.));
#7039=CARTESIAN_POINT('',(87.5,47.5,23.));
#7040=CARTESIAN_POINT('',(87.5,57.5,23.));
#7041=CARTESIAN_POINT('',(87.5,72.625,23.));
#7042=CARTESIAN_POINT('',(77.5,57.5,23.));
#7043=CARTESIAN_POINT('',(107.625,57.5,23.));
#7044=CARTESIAN_POINT('',(77.5,47.5,23.));
#7045=CARTESIAN_POINT('',(77.5,77.625,23.));
#7046=CARTESIAN_POINT('',(102.625,47.5,23.));
#7047=CARTESIAN_POINT('Origin',(172.5,52.5,22.7));
#7048=CARTESIAN_POINT('',(170.05,52.5,23.));
#7049=CARTESIAN_POINT('Origin',(172.5,52.5,23.));
#7050=CARTESIAN_POINT('',(170.65,52.5,22.4));
#7051=CARTESIAN_POINT('',(170.35,52.5,22.7));
#7052=CARTESIAN_POINT('Origin',(172.5,52.5,22.4));
#7053=CARTESIAN_POINT('Origin',(172.5,52.5,3.));
#7054=CARTESIAN_POINT('',(170.65,52.5,3.));
#7055=CARTESIAN_POINT('',(170.65,52.5,3.));
#7056=CARTESIAN_POINT('Origin',(172.5,52.5,3.));
#7057=CARTESIAN_POINT('Origin',(127.75,97.75,23.));
#7058=CARTESIAN_POINT('',(177.5,99.,23.));
#7059=CARTESIAN_POINT('',(153.875,99.,23.));
#7060=CARTESIAN_POINT('',(177.5,57.5,23.));
#7061=CARTESIAN_POINT('',(177.5,115.625,23.));
#7062=CARTESIAN_POINT('',(167.5,57.5,23.));
#7063=CARTESIAN_POINT('',(152.625,57.5,23.));
#7064=CARTESIAN_POINT('',(167.5,47.5,23.));
#7065=CARTESIAN_POINT('',(167.5,77.625,23.));
#7066=CARTESIAN_POINT('',(147.625,47.5,23.));
#7067=CARTESIAN_POINT('Origin',(6.,9.68489297759325,74.8700232620982));
#7068=CARTESIAN_POINT('',(4.15,9.87772926049922,74.6402099291625));
#7069=CARTESIAN_POINT('',(3.85,9.68489297759325,74.8700232620982));
#7070=CARTESIAN_POINT('Origin',(6.,9.87772926049922,74.6402099291625));
#7071=CARTESIAN_POINT('Origin',(6.,9.49205669468726,75.0998365950339));
#7072=CARTESIAN_POINT('',(4.15,20.965815527592,61.4259432853602));
#7073=CARTESIAN_POINT('',(4.15,9.49205669468726,75.0998365950339));
#7074=CARTESIAN_POINT('Origin',(6.,19.7766584496719,62.8431255051303));
#7075=CARTESIAN_POINT('Origin',(6.,51.0512929060181,109.580554185171));
#7076=CARTESIAN_POINT('',(4.15,51.244129188924,109.350740852236));
#7077=CARTESIAN_POINT('',(3.85,51.0512929060181,109.580554185171));
#7078=CARTESIAN_POINT('Origin',(6.,51.244129188924,109.350740852236));
#7079=CARTESIAN_POINT('Origin',(6.,50.8584566231121,109.810367518107));
#7080=CARTESIAN_POINT('',(4.15,62.3322154560168,96.1364742084333));
#7081=CARTESIAN_POINT('',(4.15,50.8584566231121,109.810367518107));
#7082=CARTESIAN_POINT('Origin',(6.,61.1430583780967,97.5536564282034));
#7083=CARTESIAN_POINT('Origin',(174.,51.0512929060181,109.580554185171));
#7084=CARTESIAN_POINT('',(172.15,51.244129188924,109.350740852236));
#7085=CARTESIAN_POINT('',(171.85,51.0512929060181,109.580554185171));
#7086=CARTESIAN_POINT('Origin',(174.,51.244129188924,109.350740852236));
#7087=CARTESIAN_POINT('Origin',(174.,50.8584566231121,109.810367518107));
#7088=CARTESIAN_POINT('',(172.15,59.9539013001766,98.9708386479735));
#7089=CARTESIAN_POINT('',(172.15,50.8584566231121,109.810367518107));
#7090=CARTESIAN_POINT('Origin',(174.,61.1430583780967,97.5536564282034));
#7091=CARTESIAN_POINT('Origin',(174.,9.68489297759325,74.8700232620982));
#7092=CARTESIAN_POINT('',(172.15,9.87772926049922,74.6402099291625));
#7093=CARTESIAN_POINT('',(171.85,9.68489297759325,74.8700232620982));
#7094=CARTESIAN_POINT('Origin',(174.,9.87772926049922,74.6402099291625));
#7095=CARTESIAN_POINT('Origin',(174.,9.49205669468726,75.0998365950339));
#7096=CARTESIAN_POINT('',(172.15,18.5875013717518,64.2603077249004));
#7097=CARTESIAN_POINT('',(172.15,9.49205669468726,75.0998365950339));
#7098=CARTESIAN_POINT('Origin',(174.,19.7766584496719,62.8431255051303));
#7099=CARTESIAN_POINT('Origin',(2.00000000000001,80.,0.));
#7100=CARTESIAN_POINT('',(2.00000000000001,138.,70.0000000000001));
#7101=CARTESIAN_POINT('',(2.00000000000001,112.,70.0000000000001));
#7102=CARTESIAN_POINT('',(2.00000000000001,138.,60.0000000000001));
#7103=CARTESIAN_POINT('',(2.00000000000001,80.,0.));
#7104=CARTESIAN_POINT('Origin',(90.,75.,127.067527661704));
#7105=CARTESIAN_POINT('',(2.,56.5489126897848,111.585227104883));
#7106=CARTESIAN_POINT('',(45.,56.5489126897848,111.585227104883));
#7107=CARTESIAN_POINT('',(2.,31.3633945856988,90.4520681527353));
#7108=CARTESIAN_POINT('Origin',(173.,146.,75.0000000000001));
#7109=CARTESIAN_POINT('Origin',(173.,111.00000025332,75.0000000000001));
#7110=CARTESIAN_POINT('Origin',(7.,38.4999999999998,74.9999999999999));
#7111=CARTESIAN_POINT('',(5.,80.,73.));
#7112=CARTESIAN_POINT('',(5.,76.,73.));
#7113=CARTESIAN_POINT('',(5.,57.2499999999998,72.9999999999999));
#7114=CARTESIAN_POINT('',(12.,79.9999999999998,80.));
#7115=CARTESIAN_POINT('',(-12.25,80.,55.75));
#7116=CARTESIAN_POINT('',(12.,67.9999999999998,79.9999999999999));
#7117=CARTESIAN_POINT('',(12.,79.9999999999998,80.));
#7118=CARTESIAN_POINT('',(2.,67.9999999999998,70.));
#7119=CARTESIAN_POINT('',(19.5,67.9999999999998,87.4999999999999));
#7120=CARTESIAN_POINT('',(2.00000000000001,76.,70.));
#7121=CARTESIAN_POINT('',(2.,38.4999999999998,69.9999999999999));
#7122=CARTESIAN_POINT('',(-13.,76.,55.));
#7123=CARTESIAN_POINT('Origin',(5.,76.,0.));
#7124=CARTESIAN_POINT('',(5.,76.,0.));
#7125=CARTESIAN_POINT('',(5.,80.,0.));
#7126=CARTESIAN_POINT('Origin',(2.00000000000001,76.,0.));
#7127=CARTESIAN_POINT('',(2.00000000000001,76.,0.));
#7128=CARTESIAN_POINT('Origin',(2.,2.99999999999999,0.));
#7129=CARTESIAN_POINT('',(2.,67.9999999999999,60.0000000000001));
#7130=CARTESIAN_POINT('',(2.00000000000001,67.9274532539973,98.0248105090035));
#7131=CARTESIAN_POINT('',(2.,72.2202456723652,92.9088597221523));
#7132=CARTESIAN_POINT('',(2.,59.117942158129,90.6327529976082));
#7133=CARTESIAN_POINT('',(2.,22.5406803377982,59.9407860946939));
#7134=CARTESIAN_POINT('',(2.,59.0521388759115,90.7111742955954));
#7135=CARTESIAN_POINT('',(2.,63.4107345764969,85.5168022107571));
#7136=CARTESIAN_POINT('',(2.,48.3457268240797,91.647863977168));
#7137=CARTESIAN_POINT('',(2.,28.9782333050976,93.3423001009908));
#7138=CARTESIAN_POINT('',(2.,21.9934110797848,69.535645555463));
#7139=CARTESIAN_POINT('',(2.,29.0179372995258,75.4299229156427));
#7140=CARTESIAN_POINT('',(2.,26.9440755471319,63.6356733907736));
#7141=CARTESIAN_POINT('',(2.,31.2368679654998,58.5197226039224));
#7142=CARTESIAN_POINT('',(2.,1.95323592897566,42.6658690843682));
#7143=CARTESIAN_POINT('Origin',(7.00000000000001,112.,75.0000000000001));
#7144=CARTESIAN_POINT('',(12.,138.,80.0000000000001));
#7145=CARTESIAN_POINT('',(12.,138.,80.0000000000001));
#7146=CARTESIAN_POINT('',(19.5,138.,87.5000000000001));
#7147=CARTESIAN_POINT('Origin',(173.,68.3487456915194,114.95942617793));
#7148=CARTESIAN_POINT('',(168.,15.5655349829195,77.1960899866527));
#7149=CARTESIAN_POINT('',(169.925466667661,16.8032010997562,75.7210969454804));
#7150=CARTESIAN_POINT('',(168.,41.8408593819004,99.243704998901));
#7151=CARTESIAN_POINT('',(168.,65.9093774694756,119.439589649169));
#7152=CARTESIAN_POINT('',(168.002963952805,41.8450350936154,99.2433396714638));
#7153=CARTESIAN_POINT('',(170.518014976247,45.3883195898814,98.9333424463934));
#7154=CARTESIAN_POINT('',(183.133153346386,51.6836209111395,87.7478338788965));
#7155=CARTESIAN_POINT('Origin',(173.001481976403,101.232559451407,90.5342351038857));
#7156=CARTESIAN_POINT('',(168.002963952805,52.6888661885029,98.2946273814713));
#7157=CARTESIAN_POINT('',(168.002963952805,101.537604551024,94.0209165472068));
#7158=CARTESIAN_POINT('',(179.080674027086,59.7400051082709,89.8914072419569));
#7159=CARTESIAN_POINT('Origin',(135.,47.2648627852017,98.7691661901861));
#7160=CARTESIAN_POINT('',(168.,52.6888661885029,98.2946273814713));
#7161=CARTESIAN_POINT('',(168.,46.455441811197,98.8399813494317));
#7162=CARTESIAN_POINT('',(135.,52.6888661885029,98.2946273814713));
#7163=CARTESIAN_POINT('Origin',(7.,25.8039992510931,79.2601451312376));
#7164=CARTESIAN_POINT('',(7.07453333233925,18.7315639288158,73.4229636161235));
#7165=CARTESIAN_POINT('',(11.9970360471948,41.8450350936154,99.2433396714638));
#7166=CARTESIAN_POINT('',(9.89381163485141,43.2126818121113,97.6453670495599));
#7167=CARTESIAN_POINT('',(19.7383553781074,30.9388162892227,100.197510178781));
#7168=CARTESIAN_POINT('Origin',(51.,47.2648627852017,98.7691661901861));
#7169=CARTESIAN_POINT('',(11.9970360471948,52.6888661885029,98.2946273814713));
#7170=CARTESIAN_POINT('',(11.9970360471948,29.5883235043312,100.315662987633));
#7171=CARTESIAN_POINT('',(51.,52.6888661885029,98.2946273814713));
#7172=CARTESIAN_POINT('Origin',(12.,67.9999999999997,120.));
#7173=CARTESIAN_POINT('',(12.,67.9999999999997,120.));
#7174=CARTESIAN_POINT('Origin',(12.,79.9999999999997,120.));
#7175=CARTESIAN_POINT('',(12.,79.9999999999997,120.));
#7176=CARTESIAN_POINT('Origin',(12.,150.,120.));
#7177=CARTESIAN_POINT('',(12.,138.,120.));
#7178=CARTESIAN_POINT('Origin',(12.,138.,120.));
#7179=CARTESIAN_POINT('Origin',(180.,0.,0.));
#7180=CARTESIAN_POINT('',(180.,0.,0.));
#7181=CARTESIAN_POINT('',(180.,129.,26.));
#7182=CARTESIAN_POINT('Origin',(180.,129.,25.25));
#7183=CARTESIAN_POINT('',(180.,99.,19.5));
#7184=CARTESIAN_POINT('',(180.,99.,23.5));
#7185=CARTESIAN_POINT('',(180.,99.,9.75));
#7186=CARTESIAN_POINT('',(180.,130.5,23.5));
#7187=CARTESIAN_POINT('',(180.,49.5,23.5));
#7188=CARTESIAN_POINT('',(180.,130.5,19.5));
#7189=CARTESIAN_POINT('',(180.,130.5,11.75));
#7190=CARTESIAN_POINT('',(180.,65.25,19.5));
#7191=CARTESIAN_POINT('',(180.,95.35,26.));
#7192=CARTESIAN_POINT('Origin',(180.,95.35,25.25));
#7193=CARTESIAN_POINT('',(180.,134.,26.));
#7194=CARTESIAN_POINT('Origin',(180.,134.,25.25));
#7195=CARTESIAN_POINT('',(180.,74.25,24.75));
#7196=CARTESIAN_POINT('',(180.,74.25,32.75));
#7197=CARTESIAN_POINT('',(180.,74.25,12.375));
#7198=CARTESIAN_POINT('',(180.,89.75,32.75));
#7199=CARTESIAN_POINT('',(180.,37.125,32.75));
#7200=CARTESIAN_POINT('',(180.,89.75,24.75));
#7201=CARTESIAN_POINT('',(180.,89.75,16.375));
#7202=CARTESIAN_POINT('',(180.,44.875,24.75));
#7203=CARTESIAN_POINT('',(180.,98.85,26.));
#7204=CARTESIAN_POINT('Origin',(180.,98.85,25.25));
#7205=CARTESIAN_POINT('Origin',(168.,6.89439998807081,72.9201438105869));
#7206=CARTESIAN_POINT('',(168.,8.37161161758914,71.1596715440864));
#7207=CARTESIAN_POINT('',(129.,8.37161161758913,71.1596715440864));
#7208=CARTESIAN_POINT('',(168.,6.89439998807081,72.9201438105869));
#7209=CARTESIAN_POINT('Origin',(90.,75.,127.067527661704));
#7210=CARTESIAN_POINT('',(168.,40.6865008327459,98.2750831660591));
#7211=CARTESIAN_POINT('',(82.,8.,70.8478523728262));
#7212=CARTESIAN_POINT('',(82.0000000000001,31.3633945856988,90.4520681527353));
#7213=CARTESIAN_POINT('',(72.,8.,70.8478523728262));
#7214=CARTESIAN_POINT('',(86.,8.,70.8478523728262));
#7215=CARTESIAN_POINT('',(72.,32.8304548077824,91.6830778440006));
#7216=CARTESIAN_POINT('Origin',(180.,46.2621899643982,105.953641859988));
#7217=CARTESIAN_POINT('',(168.,52.6900660612636,98.293197428798));
#7218=CARTESIAN_POINT('',(168.,46.2621899643982,105.953641859988));
#7219=CARTESIAN_POINT('',(171.,54.6184288903233,95.9950640994411));
#7220=CARTESIAN_POINT('Origin',(6.99851802359741,29.2832784047144,96.8289815443119));
#7221=CARTESIAN_POINT('',(16.7156665644554,49.6853827009264,101.874039618088));
#7222=CARTESIAN_POINT('Origin',(7.,19.3267422893655,63.7710083102888));
#7223=CARTESIAN_POINT('',(9.00000000000001,63.4279399861915,103.387121610836));
#7224=CARTESIAN_POINT('',(12.,52.6900660612636,98.293197428798));
#7225=CARTESIAN_POINT('Origin',(7.,-1.26070211945703,46.4960912999631));
#7226=CARTESIAN_POINT('',(9.,22.4445622793261,68.9979844926064));
#7227=CARTESIAN_POINT('Origin',(173.,61.8714887297918,99.4702893569813));
#7228=CARTESIAN_POINT('',(168.,61.4995771571319,105.685254940193));
#7229=CARTESIAN_POINT('',(168.,61.4995771571319,105.685254940193));
#7230=CARTESIAN_POINT('',(168.,61.4995771571319,105.685254940193));
#7231=CARTESIAN_POINT('Origin',(173.,41.2840443209692,82.1953723466556));
#7232=CARTESIAN_POINT('',(168.,20.5161994502665,71.2961178219634));
#7233=CARTESIAN_POINT('',(168.,20.5161994502665,71.2961178219634));
#7234=CARTESIAN_POINT('',(168.,20.5161994502665,71.2961178219634));
#7235=CARTESIAN_POINT('Origin',(168.,14.0883233534011,78.9565622531532));
#7236=CARTESIAN_POINT('',(168.,14.0883233534011,78.9565622531532));
#7237=CARTESIAN_POINT('Origin',(90.,75.,3.));
#7238=CARTESIAN_POINT('Origin',(0.,0.,0.));
#7239=CARTESIAN_POINT('',(131.35,0.,51.5370426148939));
#7240=CARTESIAN_POINT('',(131.35,0.,48.4629573851061));
#7241=CARTESIAN_POINT('Origin',(135.95,0.,50.));
#7242=CARTESIAN_POINT('',(131.35,0.,24.231478692553));
#7243=CARTESIAN_POINT('',(150.4,0.,51.5370426148939));
#7244=CARTESIAN_POINT('',(150.4,0.,48.4629573851061));
#7245=CARTESIAN_POINT('Origin',(155.,0.,50.));
#7246=CARTESIAN_POINT('',(150.4,0.,24.231478692553));
#7247=CARTESIAN_POINT('',(93.25,0.,51.5370426148939));
#7248=CARTESIAN_POINT('',(93.25,0.,48.4629573851061));
#7249=CARTESIAN_POINT('Origin',(97.85,0.,50.));
#7250=CARTESIAN_POINT('',(93.25,0.,24.231478692553));
#7251=CARTESIAN_POINT('',(112.3,0.,51.5370426148939));
#7252=CARTESIAN_POINT('',(112.3,0.,48.4629573851061));
#7253=CARTESIAN_POINT('Origin',(116.9,0.,50.));
#7254=CARTESIAN_POINT('',(112.3,0.,24.231478692553));
#7255=CARTESIAN_POINT('Origin',(19.25,150.,72.5));
#7256=CARTESIAN_POINT('',(21.1,150.,72.5));
#7257=CARTESIAN_POINT('Origin',(59.25,150.,72.5));
#7258=CARTESIAN_POINT('',(61.1,150.,72.5));
#7259=CARTESIAN_POINT('Origin',(25.5,150.,43.));
#7260=CARTESIAN_POINT('',(53.,150.,43.));
#7261=CARTESIAN_POINT('Origin',(53.,150.,43.));
#7262=CARTESIAN_POINT('Origin',(87.5,47.5,3.));
#7263=CARTESIAN_POINT('',(87.5,57.5,3.));
#7264=CARTESIAN_POINT('',(87.5,47.5,3.));
#7265=CARTESIAN_POINT('Origin',(87.5,57.5,3.));
#7266=CARTESIAN_POINT('',(77.5,57.5,3.));
#7267=CARTESIAN_POINT('Origin',(77.5,57.5,3.));
#7268=CARTESIAN_POINT('',(77.5,47.5,3.));
#7269=CARTESIAN_POINT('Origin',(77.5,47.5,3.));
#7270=CARTESIAN_POINT('Origin',(167.5,57.5,3.));
#7271=CARTESIAN_POINT('',(167.5,47.5,3.));
#7272=CARTESIAN_POINT('',(167.5,57.5,3.));
#7273=CARTESIAN_POINT('Origin',(177.5,57.5,3.));
#7274=CARTESIAN_POINT('',(177.5,57.5,3.));
#7275=CARTESIAN_POINT('Origin',(180.,130.5,19.5));
#7276=CARTESIAN_POINT('',(177.5,99.,19.5));
#7277=CARTESIAN_POINT('',(177.5,130.5,19.5));
#7278=CARTESIAN_POINT('',(177.5,132.,19.5));
#7279=CARTESIAN_POINT('',(180.,99.,19.5));
#7280=CARTESIAN_POINT('',(180.,130.5,19.5));
#7281=CARTESIAN_POINT('Origin',(177.5,133.5,3.));
#7282=CARTESIAN_POINT('',(177.5,99.,11.25));
#7283=CARTESIAN_POINT('',(177.5,130.5,13.25));
#7284=CARTESIAN_POINT('',(177.5,133.5,3.));
#7285=CARTESIAN_POINT('Origin',(173.5,137.5,3.));
#7286=CARTESIAN_POINT('',(173.5,137.5,3.));
#7287=CARTESIAN_POINT('Origin',(167.5,137.5,3.));
#7288=CARTESIAN_POINT('',(167.5,137.5,3.));
#7289=CARTESIAN_POINT('Origin',(167.5,147.5,3.));
#7290=CARTESIAN_POINT('',(167.5,147.5,3.));
#7291=CARTESIAN_POINT('Origin',(87.5,147.5,3.));
#7292=CARTESIAN_POINT('',(87.5,147.5,3.));
#7293=CARTESIAN_POINT('Origin',(87.5,137.5,3.));
#7294=CARTESIAN_POINT('',(87.5,137.5,3.));
#7295=CARTESIAN_POINT('Origin',(77.5,137.5,3.));
#7296=CARTESIAN_POINT('',(77.5,137.5,3.));
#7297=CARTESIAN_POINT('Origin',(139.5,150.,39.25));
#7298=CARTESIAN_POINT('',(122.,150.,39.25));
#7299=CARTESIAN_POINT('',(139.5,150.,39.25));
#7300=CARTESIAN_POINT('Origin',(122.,150.,39.25));
#7301=CARTESIAN_POINT('',(122.,150.,24.75));
#7302=CARTESIAN_POINT('Origin',(122.,150.,24.75));
#7303=CARTESIAN_POINT('',(139.5,150.,24.75));
#7304=CARTESIAN_POINT('Origin',(139.5,150.,24.75));
#7305=CARTESIAN_POINT('Origin',(118.5,150.,71.35));
#7306=CARTESIAN_POINT('',(119.85,150.,71.35));
#7307=CARTESIAN_POINT('Origin',(150.,150.,68.9));
#7308=CARTESIAN_POINT('',(116.05,148.,68.9));
#7309=CARTESIAN_POINT('',(150.,150.,68.9));
#7310=CARTESIAN_POINT('Origin',(116.05,150.,68.9));
#7311=CARTESIAN_POINT('',(116.05,148.,60.));
#7312=CARTESIAN_POINT('Origin',(116.05,150.,60.));
#7313=CARTESIAN_POINT('',(150.,148.,60.));
#7314=CARTESIAN_POINT('Origin',(150.,150.,60.));
#7315=CARTESIAN_POINT('Origin',(164.,150.,35.75));
#7316=CARTESIAN_POINT('',(151.,150.,35.75));
#7317=CARTESIAN_POINT('',(164.,150.,35.75));
#7318=CARTESIAN_POINT('Origin',(151.,150.,35.75));
#7319=CARTESIAN_POINT('',(151.,150.,24.25));
#7320=CARTESIAN_POINT('Origin',(151.,150.,24.25));
#7321=CARTESIAN_POINT('',(164.,150.,24.25));
#7322=CARTESIAN_POINT('Origin',(164.,150.,24.25));
#7323=CARTESIAN_POINT('Origin',(147.55,150.,71.35));
#7324=CARTESIAN_POINT('',(148.9,150.,71.35));
#7325=CARTESIAN_POINT('Origin',(77.5,148.,3.));
#7326=CARTESIAN_POINT('Origin',(102.,150.,23.));
#7327=CARTESIAN_POINT('',(102.,150.,35.));
#7328=CARTESIAN_POINT('Origin',(102.,150.,35.));
#7329=CARTESIAN_POINT('',(92.5,150.,35.));
#7330=CARTESIAN_POINT('Origin',(92.5,150.,35.));
#7331=CARTESIAN_POINT('Origin',(112.3,0.,48.4629573851061));
#7332=CARTESIAN_POINT('',(112.3,0.,51.5370426148939));
#7333=CARTESIAN_POINT('',(112.3,0.,48.4629573851061));
#7334=CARTESIAN_POINT('Origin',(116.9,0.,50.));
#7335=CARTESIAN_POINT('Origin',(93.25,0.,48.4629573851061));
#7336=CARTESIAN_POINT('',(93.25,0.,51.5370426148939));
#7337=CARTESIAN_POINT('',(93.25,0.,48.4629573851061));
#7338=CARTESIAN_POINT('Origin',(97.85,0.,50.));
#7339=CARTESIAN_POINT('Origin',(150.4,0.,48.4629573851061));
#7340=CARTESIAN_POINT('',(150.4,0.,51.5370426148939));
#7341=CARTESIAN_POINT('',(150.4,0.,48.4629573851061));
#7342=CARTESIAN_POINT('Origin',(155.,0.,50.));
#7343=CARTESIAN_POINT('Origin',(131.35,0.,48.4629573851061));
#7344=CARTESIAN_POINT('',(131.35,0.,51.5370426148939));
#7345=CARTESIAN_POINT('',(131.35,0.,48.4629573851061));
#7346=CARTESIAN_POINT('Origin',(135.95,0.,50.));
#7347=CARTESIAN_POINT('Origin',(5.,80.,0.));
#7348=CARTESIAN_POINT('Origin',(67.5,143.,0.));
#7349=CARTESIAN_POINT('Origin',(180.,98.85,25.25));
#7350=CARTESIAN_POINT('',(180.,98.85,26.));
#7351=CARTESIAN_POINT('Origin',(180.,74.25,32.75));
#7352=CARTESIAN_POINT('',(180.,89.75,32.75));
#7353=CARTESIAN_POINT('',(180.,74.25,32.75));
#7354=CARTESIAN_POINT('Origin',(180.,89.75,32.75));
#7355=CARTESIAN_POINT('',(180.,89.75,24.75));
#7356=CARTESIAN_POINT('Origin',(180.,89.75,24.75));
#7357=CARTESIAN_POINT('',(180.,74.25,24.75));
#7358=CARTESIAN_POINT('Origin',(180.,74.25,24.75));
#7359=CARTESIAN_POINT('Origin',(180.,134.,25.25));
#7360=CARTESIAN_POINT('',(180.,134.,26.));
#7361=CARTESIAN_POINT('Origin',(180.,95.35,25.25));
#7362=CARTESIAN_POINT('',(180.,95.35,26.));
#7363=CARTESIAN_POINT('Origin',(180.,129.,25.25));
#7364=CARTESIAN_POINT('',(180.,129.,26.));
#7365=CARTESIAN_POINT('Origin',(167.5,47.5,3.));
#7366=CARTESIAN_POINT('Origin',(180.,99.,19.5));
#7367=CARTESIAN_POINT('',(180.,99.,23.5));
#7368=CARTESIAN_POINT('Origin',(180.,99.,23.5));
#7369=CARTESIAN_POINT('',(180.,130.5,23.5));
#7370=CARTESIAN_POINT('Origin',(180.,130.5,23.5));
#7371=CARTESIAN_POINT('Origin',(72.,8.,0.));
#7372=CARTESIAN_POINT('',(72.,8.,0.));
#7373=CARTESIAN_POINT('Origin',(82.,8.,0.));
#7374=CARTESIAN_POINT('',(82.,8.,0.));
#7375=CARTESIAN_POINT('Origin',(82.,2.99999999999999,0.));
#7376=CARTESIAN_POINT('Origin',(168.,46.2621899643982,105.953641859988));
#7377=CARTESIAN_POINT('',(168.,55.0717010602665,113.345699371383));
#7378=CARTESIAN_POINT('Origin',(168.,55.0717010602665,113.345699371383));
#7379=CARTESIAN_POINT('Origin',(0.,55.0717010602665,113.345699371383));
#7380=CARTESIAN_POINT('Origin',(12.,46.2621899643982,105.953641859988));
#7381=CARTESIAN_POINT('Origin',(0.,14.0883233534011,78.9565622531532));
#7382=UNCERTAINTY_MEASURE_WITH_UNIT(LENGTH_MEASURE(0.01),#7386,
'DISTANCE_ACCURACY_VALUE',
'Maximum model space distance between geometric entities at asserted c
onnectivities');
#7383=UNCERTAINTY_MEASURE_WITH_UNIT(LENGTH_MEASURE(0.01),#7386,
'DISTANCE_ACCURACY_VALUE',
'Maximum model space distance between geometric entities at asserted c
onnectivities');
#7384=(
GEOMETRIC_REPRESENTATION_CONTEXT(3)
GLOBAL_UNCERTAINTY_ASSIGNED_CONTEXT((#7382))
GLOBAL_UNIT_ASSIGNED_CONTEXT((#7386,#7388,#7389))
REPRESENTATION_CONTEXT('','3D')
);
#7385=(
GEOMETRIC_REPRESENTATION_CONTEXT(3)
GLOBAL_UNCERTAINTY_ASSIGNED_CONTEXT((#7383))
GLOBAL_UNIT_ASSIGNED_CONTEXT((#7386,#7388,#7389))
REPRESENTATION_CONTEXT('','3D')
);
#7386=(
LENGTH_UNIT()
NAMED_UNIT(*)
SI_UNIT(.MILLI.,.METRE.)
);
#7387=(
LENGTH_UNIT()
NAMED_UNIT(*)
SI_UNIT($,.METRE.)
);
#7388=(
NAMED_UNIT(*)
PLANE_ANGLE_UNIT()
SI_UNIT($,.RADIAN.)
);
#7389=(
NAMED_UNIT(*)
SI_UNIT($,.STERADIAN.)
SOLID_ANGLE_UNIT()
);
#7390=SHAPE_DEFINITION_REPRESENTATION(#7391,#7392);
#7391=PRODUCT_DEFINITION_SHAPE('',$,#7394);
#7392=SHAPE_REPRESENTATION('',(#4608),#7384);
#7393=PRODUCT_DEFINITION_CONTEXT('part definition',#7398,'design');
#7394=PRODUCT_DEFINITION('DP_control_box_V1','DP_control_box_V1 v74',#7395,
#7393);
#7395=PRODUCT_DEFINITION_FORMATION('',$,#7400);
#7396=PRODUCT_RELATED_PRODUCT_CATEGORY('DP_control_box_V1 v74',
'DP_control_box_V1 v74',(#7400));
#7397=APPLICATION_PROTOCOL_DEFINITION('international standard',
'automotive_design',2009,#7398);
#7398=APPLICATION_CONTEXT(
'Core Data for Automotive Mechanical Design Process');
#7399=PRODUCT_CONTEXT('part definition',#7398,'mechanical');
#7400=PRODUCT('DP_control_box_V1','DP_control_box_V1 v74',$,(#7399));
#7401=PRESENTATION_STYLE_ASSIGNMENT((#7402));
#7402=SURFACE_STYLE_USAGE(.BOTH.,#7403);
#7403=SURFACE_SIDE_STYLE('',(#7404));
#7404=SURFACE_STYLE_FILL_AREA(#7405);
#7405=FILL_AREA_STYLE('Steel - Satin',(#7406));
#7406=FILL_AREA_STYLE_COLOUR('Steel - Satin',#7407);
#7407=COLOUR_RGB('Steel - Satin',0.627450980392157,0.627450980392157,0.627450980392157);
ENDSEC;
END-ISO-10303-21;
