ISO-10303-21;
HEADER;
/* Generated by software containing ST-Developer
 * from STEP Tools, Inc. (www.steptools.com) 
 */

FILE_DESCRIPTION(
/* description */ (''),
/* implementation_level */ '2;1');

FILE_NAME(
/* name */ 
'C:/Users/Michal-Dell/Downloads/DP_control_box_V1_v74_Top_Cover.step',
/* time_stamp */ '2020-05-03T15:52:24+02:00',
/* author */ (''),
/* organization */ (''),
/* preprocessor_version */ 'ST-DEVELOPER v18.1',
/* originating_system */ 'Autodesk Translation Framework v9.2.0.1227',
/* authorisation */ '');

FILE_SCHEMA (('AUTOMOTIVE_DESIGN { 1 0 10303 214 3 1 1 }'));
ENDSEC;

DATA;
#10=MECHANICAL_DESIGN_GEOMETRIC_PRESENTATION_REPRESENTATION('',(#13),#2464);
#11=SHAPE_REPRESENTATION_RELATIONSHIP('SRR','None',#2471,#12);
#12=ADVANCED_BREP_SHAPE_REPRESENTATION('',(#14),#2463);
#13=STYLED_ITEM('',(#2480),#14);
#14=MANIFOLD_SOLID_BREP('Body1',#1521);
#15=CYLINDRICAL_SURFACE('',#1546,1.84999999999999);
#16=CYLINDRICAL_SURFACE('',#1550,1.84999999999999);
#17=CYLINDRICAL_SURFACE('',#1557,1.85);
#18=CYLINDRICAL_SURFACE('',#1561,1.85);
#19=CYLINDRICAL_SURFACE('',#1605,3.00000000000001);
#20=CYLINDRICAL_SURFACE('',#1608,3.);
#21=CYLINDRICAL_SURFACE('',#1611,3.00000000000001);
#22=CYLINDRICAL_SURFACE('',#1614,3.);
#23=CONICAL_SURFACE('',#1544,2.14999999999998,0.785398163397078);
#24=CONICAL_SURFACE('',#1548,2.14999999999998,0.785398163397404);
#25=CONICAL_SURFACE('',#1552,2.15,0.785398163397415);
#26=CONICAL_SURFACE('',#1559,2.15,0.785398163397089);
#27=FACE_BOUND('',#143,.T.);
#28=FACE_BOUND('',#144,.T.);
#29=FACE_BOUND('',#152,.T.);
#30=FACE_BOUND('',#153,.T.);
#31=FACE_BOUND('',#170,.T.);
#32=FACE_BOUND('',#171,.T.);
#33=FACE_BOUND('',#172,.T.);
#34=FACE_BOUND('',#173,.T.);
#35=CIRCLE('',#1541,2.44999999999997);
#36=CIRCLE('',#1542,2.44999999999997);
#37=CIRCLE('',#1545,1.84999999999999);
#38=CIRCLE('',#1547,1.84999999999999);
#39=CIRCLE('',#1549,1.84999999999999);
#40=CIRCLE('',#1551,1.84999999999999);
#41=CIRCLE('',#1553,2.45);
#42=CIRCLE('',#1554,1.85);
#43=CIRCLE('',#1556,2.45);
#44=CIRCLE('',#1558,1.85);
#45=CIRCLE('',#1560,1.85);
#46=CIRCLE('',#1562,1.85);
#47=CIRCLE('',#1576,3.);
#48=CIRCLE('',#1577,3.00000000000001);
#49=CIRCLE('',#1578,3.);
#50=CIRCLE('',#1579,3.00000000000001);
#51=CIRCLE('',#1604,3.00000000000001);
#52=CIRCLE('',#1607,3.);
#53=CIRCLE('',#1610,3.00000000000001);
#54=CIRCLE('',#1613,3.);
#55=FACE_OUTER_BOUND('',#137,.T.);
#56=FACE_OUTER_BOUND('',#138,.T.);
#57=FACE_OUTER_BOUND('',#139,.T.);
#58=FACE_OUTER_BOUND('',#140,.T.);
#59=FACE_OUTER_BOUND('',#141,.T.);
#60=FACE_OUTER_BOUND('',#142,.T.);
#61=FACE_OUTER_BOUND('',#145,.T.);
#62=FACE_OUTER_BOUND('',#146,.T.);
#63=FACE_OUTER_BOUND('',#147,.T.);
#64=FACE_OUTER_BOUND('',#148,.T.);
#65=FACE_OUTER_BOUND('',#149,.T.);
#66=FACE_OUTER_BOUND('',#150,.T.);
#67=FACE_OUTER_BOUND('',#151,.T.);
#68=FACE_OUTER_BOUND('',#154,.T.);
#69=FACE_OUTER_BOUND('',#155,.T.);
#70=FACE_OUTER_BOUND('',#156,.T.);
#71=FACE_OUTER_BOUND('',#157,.T.);
#72=FACE_OUTER_BOUND('',#158,.T.);
#73=FACE_OUTER_BOUND('',#159,.T.);
#74=FACE_OUTER_BOUND('',#160,.T.);
#75=FACE_OUTER_BOUND('',#161,.T.);
#76=FACE_OUTER_BOUND('',#162,.T.);
#77=FACE_OUTER_BOUND('',#163,.T.);
#78=FACE_OUTER_BOUND('',#164,.T.);
#79=FACE_OUTER_BOUND('',#165,.T.);
#80=FACE_OUTER_BOUND('',#166,.T.);
#81=FACE_OUTER_BOUND('',#167,.T.);
#82=FACE_OUTER_BOUND('',#168,.T.);
#83=FACE_OUTER_BOUND('',#169,.T.);
#84=FACE_OUTER_BOUND('',#174,.T.);
#85=FACE_OUTER_BOUND('',#175,.T.);
#86=FACE_OUTER_BOUND('',#176,.T.);
#87=FACE_OUTER_BOUND('',#177,.T.);
#88=FACE_OUTER_BOUND('',#178,.T.);
#89=FACE_OUTER_BOUND('',#179,.T.);
#90=FACE_OUTER_BOUND('',#180,.T.);
#91=FACE_OUTER_BOUND('',#181,.T.);
#92=FACE_OUTER_BOUND('',#182,.T.);
#93=FACE_OUTER_BOUND('',#183,.T.);
#94=FACE_OUTER_BOUND('',#184,.T.);
#95=FACE_OUTER_BOUND('',#185,.T.);
#96=FACE_OUTER_BOUND('',#186,.T.);
#97=FACE_OUTER_BOUND('',#187,.T.);
#98=FACE_OUTER_BOUND('',#188,.T.);
#99=FACE_OUTER_BOUND('',#189,.T.);
#100=FACE_OUTER_BOUND('',#190,.T.);
#101=FACE_OUTER_BOUND('',#191,.T.);
#102=FACE_OUTER_BOUND('',#192,.T.);
#103=FACE_OUTER_BOUND('',#193,.T.);
#104=FACE_OUTER_BOUND('',#194,.T.);
#105=FACE_OUTER_BOUND('',#195,.T.);
#106=FACE_OUTER_BOUND('',#196,.T.);
#107=FACE_OUTER_BOUND('',#197,.T.);
#108=FACE_OUTER_BOUND('',#198,.T.);
#109=FACE_OUTER_BOUND('',#199,.T.);
#110=FACE_OUTER_BOUND('',#200,.T.);
#111=FACE_OUTER_BOUND('',#201,.T.);
#112=FACE_OUTER_BOUND('',#202,.T.);
#113=FACE_OUTER_BOUND('',#203,.T.);
#114=FACE_OUTER_BOUND('',#204,.T.);
#115=FACE_OUTER_BOUND('',#205,.T.);
#116=FACE_OUTER_BOUND('',#206,.T.);
#117=FACE_OUTER_BOUND('',#207,.T.);
#118=FACE_OUTER_BOUND('',#208,.T.);
#119=FACE_OUTER_BOUND('',#209,.T.);
#120=FACE_OUTER_BOUND('',#210,.T.);
#121=FACE_OUTER_BOUND('',#211,.T.);
#122=FACE_OUTER_BOUND('',#212,.T.);
#123=FACE_OUTER_BOUND('',#213,.T.);
#124=FACE_OUTER_BOUND('',#214,.T.);
#125=FACE_OUTER_BOUND('',#215,.T.);
#126=FACE_OUTER_BOUND('',#216,.T.);
#127=FACE_OUTER_BOUND('',#217,.T.);
#128=FACE_OUTER_BOUND('',#218,.T.);
#129=FACE_OUTER_BOUND('',#219,.T.);
#130=FACE_OUTER_BOUND('',#220,.T.);
#131=FACE_OUTER_BOUND('',#221,.T.);
#132=FACE_OUTER_BOUND('',#222,.T.);
#133=FACE_OUTER_BOUND('',#223,.T.);
#134=FACE_OUTER_BOUND('',#224,.T.);
#135=FACE_OUTER_BOUND('',#225,.T.);
#136=FACE_OUTER_BOUND('',#226,.T.);
#137=EDGE_LOOP('',(#951,#952,#953));
#138=EDGE_LOOP('',(#954,#955,#956));
#139=EDGE_LOOP('',(#957,#958,#959,#960,#961,#962,#963));
#140=EDGE_LOOP('',(#964,#965,#966,#967));
#141=EDGE_LOOP('',(#968,#969,#970,#971,#972,#973,#974,#975,#976,#977));
#142=EDGE_LOOP('',(#978,#979,#980,#981,#982,#983,#984,#985,#986,#987,#988,
#989,#990,#991,#992));
#143=EDGE_LOOP('',(#993));
#144=EDGE_LOOP('',(#994));
#145=EDGE_LOOP('',(#995,#996,#997,#998,#999,#1000,#1001,#1002,#1003,#1004,
#1005,#1006,#1007,#1008));
#146=EDGE_LOOP('',(#1009,#1010,#1011,#1012));
#147=EDGE_LOOP('',(#1013,#1014,#1015,#1016));
#148=EDGE_LOOP('',(#1017,#1018,#1019,#1020));
#149=EDGE_LOOP('',(#1021,#1022,#1023,#1024));
#150=EDGE_LOOP('',(#1025,#1026,#1027,#1028));
#151=EDGE_LOOP('',(#1029,#1030,#1031,#1032,#1033,#1034,#1035,#1036,#1037,
#1038,#1039));
#152=EDGE_LOOP('',(#1040));
#153=EDGE_LOOP('',(#1041));
#154=EDGE_LOOP('',(#1042,#1043,#1044,#1045));
#155=EDGE_LOOP('',(#1046,#1047,#1048,#1049));
#156=EDGE_LOOP('',(#1050,#1051,#1052,#1053));
#157=EDGE_LOOP('',(#1054,#1055,#1056,#1057));
#158=EDGE_LOOP('',(#1058,#1059,#1060,#1061));
#159=EDGE_LOOP('',(#1062,#1063,#1064,#1065));
#160=EDGE_LOOP('',(#1066,#1067,#1068,#1069));
#161=EDGE_LOOP('',(#1070,#1071,#1072,#1073));
#162=EDGE_LOOP('',(#1074,#1075,#1076,#1077));
#163=EDGE_LOOP('',(#1078,#1079,#1080,#1081,#1082,#1083,#1084,#1085));
#164=EDGE_LOOP('',(#1086,#1087,#1088,#1089,#1090));
#165=EDGE_LOOP('',(#1091,#1092,#1093,#1094));
#166=EDGE_LOOP('',(#1095,#1096,#1097,#1098));
#167=EDGE_LOOP('',(#1099,#1100,#1101,#1102));
#168=EDGE_LOOP('',(#1103,#1104,#1105,#1106));
#169=EDGE_LOOP('',(#1107,#1108,#1109,#1110));
#170=EDGE_LOOP('',(#1111));
#171=EDGE_LOOP('',(#1112));
#172=EDGE_LOOP('',(#1113));
#173=EDGE_LOOP('',(#1114));
#174=EDGE_LOOP('',(#1115,#1116,#1117,#1118,#1119,#1120));
#175=EDGE_LOOP('',(#1121,#1122,#1123,#1124,#1125,#1126,#1127,#1128));
#176=EDGE_LOOP('',(#1129,#1130,#1131,#1132,#1133,#1134));
#177=EDGE_LOOP('',(#1135,#1136,#1137,#1138,#1139,#1140,#1141,#1142));
#178=EDGE_LOOP('',(#1143,#1144,#1145,#1146));
#179=EDGE_LOOP('',(#1147,#1148,#1149,#1150,#1151,#1152,#1153,#1154));
#180=EDGE_LOOP('',(#1155,#1156,#1157,#1158));
#181=EDGE_LOOP('',(#1159,#1160,#1161,#1162,#1163));
#182=EDGE_LOOP('',(#1164,#1165,#1166,#1167));
#183=EDGE_LOOP('',(#1168,#1169,#1170,#1171));
#184=EDGE_LOOP('',(#1172,#1173,#1174,#1175,#1176));
#185=EDGE_LOOP('',(#1177,#1178,#1179,#1180));
#186=EDGE_LOOP('',(#1181,#1182,#1183,#1184));
#187=EDGE_LOOP('',(#1185,#1186,#1187,#1188));
#188=EDGE_LOOP('',(#1189,#1190,#1191,#1192));
#189=EDGE_LOOP('',(#1193,#1194,#1195,#1196));
#190=EDGE_LOOP('',(#1197,#1198,#1199,#1200,#1201));
#191=EDGE_LOOP('',(#1202,#1203,#1204,#1205));
#192=EDGE_LOOP('',(#1206,#1207,#1208,#1209,#1210,#1211,#1212,#1213,#1214,
#1215,#1216,#1217,#1218,#1219,#1220,#1221,#1222,#1223,#1224,#1225));
#193=EDGE_LOOP('',(#1226,#1227,#1228,#1229));
#194=EDGE_LOOP('',(#1230,#1231,#1232,#1233,#1234));
#195=EDGE_LOOP('',(#1235,#1236,#1237,#1238));
#196=EDGE_LOOP('',(#1239,#1240,#1241,#1242));
#197=EDGE_LOOP('',(#1243));
#198=EDGE_LOOP('',(#1244,#1245,#1246,#1247));
#199=EDGE_LOOP('',(#1248));
#200=EDGE_LOOP('',(#1249,#1250,#1251,#1252));
#201=EDGE_LOOP('',(#1253));
#202=EDGE_LOOP('',(#1254,#1255,#1256,#1257));
#203=EDGE_LOOP('',(#1258));
#204=EDGE_LOOP('',(#1259,#1260,#1261,#1262));
#205=EDGE_LOOP('',(#1263));
#206=EDGE_LOOP('',(#1264));
#207=EDGE_LOOP('',(#1265));
#208=EDGE_LOOP('',(#1266));
#209=EDGE_LOOP('',(#1267,#1268,#1269,#1270,#1271,#1272,#1273,#1274));
#210=EDGE_LOOP('',(#1275,#1276,#1277,#1278,#1279));
#211=EDGE_LOOP('',(#1280,#1281,#1282,#1283));
#212=EDGE_LOOP('',(#1284,#1285,#1286,#1287));
#213=EDGE_LOOP('',(#1288,#1289,#1290,#1291,#1292,#1293,#1294,#1295));
#214=EDGE_LOOP('',(#1296,#1297,#1298,#1299));
#215=EDGE_LOOP('',(#1300,#1301,#1302,#1303,#1304));
#216=EDGE_LOOP('',(#1305,#1306,#1307,#1308,#1309,#1310,#1311,#1312,#1313,
#1314,#1315,#1316,#1317,#1318,#1319,#1320));
#217=EDGE_LOOP('',(#1321,#1322,#1323,#1324));
#218=EDGE_LOOP('',(#1325,#1326,#1327,#1328));
#219=EDGE_LOOP('',(#1329,#1330,#1331,#1332));
#220=EDGE_LOOP('',(#1333,#1334,#1335,#1336,#1337,#1338,#1339,#1340));
#221=EDGE_LOOP('',(#1341,#1342,#1343,#1344));
#222=EDGE_LOOP('',(#1345,#1346,#1347,#1348));
#223=EDGE_LOOP('',(#1349,#1350,#1351,#1352));
#224=EDGE_LOOP('',(#1353,#1354,#1355,#1356));
#225=EDGE_LOOP('',(#1357,#1358,#1359,#1360,#1361,#1362));
#226=EDGE_LOOP('',(#1363,#1364,#1365,#1366,#1367,#1368));
#227=LINE('',#2036,#416);
#228=LINE('',#2038,#417);
#229=LINE('',#2039,#418);
#230=LINE('',#2043,#419);
#231=LINE('',#2045,#420);
#232=LINE('',#2046,#421);
#233=LINE('',#2049,#422);
#234=LINE('',#2051,#423);
#235=LINE('',#2053,#424);
#236=LINE('',#2054,#425);
#237=LINE('',#2055,#426);
#238=LINE('',#2058,#427);
#239=LINE('',#2060,#428);
#240=LINE('',#2061,#429);
#241=LINE('',#2064,#430);
#242=LINE('',#2066,#431);
#243=LINE('',#2068,#432);
#244=LINE('',#2070,#433);
#245=LINE('',#2072,#434);
#246=LINE('',#2074,#435);
#247=LINE('',#2076,#436);
#248=LINE('',#2077,#437);
#249=LINE('',#2080,#438);
#250=LINE('',#2082,#439);
#251=LINE('',#2084,#440);
#252=LINE('',#2086,#441);
#253=LINE('',#2088,#442);
#254=LINE('',#2090,#443);
#255=LINE('',#2092,#444);
#256=LINE('',#2094,#445);
#257=LINE('',#2096,#446);
#258=LINE('',#2098,#447);
#259=LINE('',#2099,#448);
#260=LINE('',#2106,#449);
#261=LINE('',#2108,#450);
#262=LINE('',#2110,#451);
#263=LINE('',#2112,#452);
#264=LINE('',#2114,#453);
#265=LINE('',#2116,#454);
#266=LINE('',#2118,#455);
#267=LINE('',#2120,#456);
#268=LINE('',#2122,#457);
#269=LINE('',#2124,#458);
#270=LINE('',#2125,#459);
#271=LINE('',#2128,#460);
#272=LINE('',#2133,#461);
#273=LINE('',#2136,#462);
#274=LINE('',#2141,#463);
#275=LINE('',#2146,#464);
#276=LINE('',#2151,#465);
#277=LINE('',#2153,#466);
#278=LINE('',#2155,#467);
#279=LINE('',#2157,#468);
#280=LINE('',#2159,#469);
#281=LINE('',#2160,#470);
#282=LINE('',#2162,#471);
#283=LINE('',#2164,#472);
#284=LINE('',#2166,#473);
#285=LINE('',#2167,#474);
#286=LINE('',#2173,#475);
#287=LINE('',#2176,#476);
#288=LINE('',#2181,#477);
#289=LINE('',#2184,#478);
#290=LINE('',#2185,#479);
#291=LINE('',#2188,#480);
#292=LINE('',#2189,#481);
#293=LINE('',#2193,#482);
#294=LINE('',#2195,#483);
#295=LINE('',#2197,#484);
#296=LINE('',#2198,#485);
#297=LINE('',#2201,#486);
#298=LINE('',#2203,#487);
#299=LINE('',#2204,#488);
#300=LINE('',#2207,#489);
#301=LINE('',#2209,#490);
#302=LINE('',#2210,#491);
#303=LINE('',#2212,#492);
#304=LINE('',#2215,#493);
#305=LINE('',#2217,#494);
#306=LINE('',#2218,#495);
#307=LINE('',#2219,#496);
#308=LINE('',#2222,#497);
#309=LINE('',#2224,#498);
#310=LINE('',#2225,#499);
#311=LINE('',#2228,#500);
#312=LINE('',#2230,#501);
#313=LINE('',#2232,#502);
#314=LINE('',#2233,#503);
#315=LINE('',#2236,#504);
#316=LINE('',#2238,#505);
#317=LINE('',#2239,#506);
#318=LINE('',#2242,#507);
#319=LINE('',#2243,#508);
#320=LINE('',#2245,#509);
#321=LINE('',#2248,#510);
#322=LINE('',#2249,#511);
#323=LINE('',#2260,#512);
#324=LINE('',#2262,#513);
#325=LINE('',#2264,#514);
#326=LINE('',#2266,#515);
#327=LINE('',#2267,#516);
#328=LINE('',#2270,#517);
#329=LINE('',#2272,#518);
#330=LINE('',#2274,#519);
#331=LINE('',#2275,#520);
#332=LINE('',#2277,#521);
#333=LINE('',#2278,#522);
#334=LINE('',#2281,#523);
#335=LINE('',#2283,#524);
#336=LINE('',#2284,#525);
#337=LINE('',#2288,#526);
#338=LINE('',#2289,#527);
#339=LINE('',#2291,#528);
#340=LINE('',#2292,#529);
#341=LINE('',#2296,#530);
#342=LINE('',#2298,#531);
#343=LINE('',#2300,#532);
#344=LINE('',#2301,#533);
#345=LINE('',#2305,#534);
#346=LINE('',#2307,#535);
#347=LINE('',#2309,#536);
#348=LINE('',#2311,#537);
#349=LINE('',#2313,#538);
#350=LINE('',#2315,#539);
#351=LINE('',#2317,#540);
#352=LINE('',#2318,#541);
#353=LINE('',#2321,#542);
#354=LINE('',#2323,#543);
#355=LINE('',#2324,#544);
#356=LINE('',#2327,#545);
#357=LINE('',#2329,#546);
#358=LINE('',#2331,#547);
#359=LINE('',#2332,#548);
#360=LINE('',#2335,#549);
#361=LINE('',#2337,#550);
#362=LINE('',#2338,#551);
#363=LINE('',#2341,#552);
#364=LINE('',#2343,#553);
#365=LINE('',#2344,#554);
#366=LINE('',#2347,#555);
#367=LINE('',#2349,#556);
#368=LINE('',#2350,#557);
#369=LINE('',#2353,#558);
#370=LINE('',#2355,#559);
#371=LINE('',#2356,#560);
#372=LINE('',#2359,#561);
#373=LINE('',#2361,#562);
#374=LINE('',#2362,#563);
#375=LINE('',#2365,#564);
#376=LINE('',#2366,#565);
#377=LINE('',#2369,#566);
#378=LINE('',#2371,#567);
#379=LINE('',#2372,#568);
#380=LINE('',#2374,#569);
#381=LINE('',#2376,#570);
#382=LINE('',#2377,#571);
#383=LINE('',#2380,#572);
#384=LINE('',#2381,#573);
#385=LINE('',#2383,#574);
#386=LINE('',#2384,#575);
#387=LINE('',#2385,#576);
#388=LINE('',#2386,#577);
#389=LINE('',#2388,#578);
#390=LINE('',#2389,#579);
#391=LINE('',#2392,#580);
#392=LINE('',#2395,#581);
#393=LINE('',#2400,#582);
#394=LINE('',#2405,#583);
#395=LINE('',#2410,#584);
#396=LINE('',#2415,#585);
#397=LINE('',#2421,#586);
#398=LINE('',#2423,#587);
#399=LINE('',#2425,#588);
#400=LINE('',#2426,#589);
#401=LINE('',#2428,#590);
#402=LINE('',#2430,#591);
#403=LINE('',#2435,#592);
#404=LINE('',#2438,#593);
#405=LINE('',#2439,#594);
#406=LINE('',#2441,#595);
#407=LINE('',#2442,#596);
#408=LINE('',#2444,#597);
#409=LINE('',#2446,#598);
#410=LINE('',#2448,#599);
#411=LINE('',#2450,#600);
#412=LINE('',#2452,#601);
#413=LINE('',#2454,#602);
#414=LINE('',#2456,#603);
#415=LINE('',#2458,#604);
#416=VECTOR('',#1641,10.);
#417=VECTOR('',#1642,10.);
#418=VECTOR('',#1643,10.);
#419=VECTOR('',#1646,10.);
#420=VECTOR('',#1647,10.);
#421=VECTOR('',#1648,10.);
#422=VECTOR('',#1651,10.);
#423=VECTOR('',#1652,10.);
#424=VECTOR('',#1653,10.);
#425=VECTOR('',#1654,10.);
#426=VECTOR('',#1655,10.);
#427=VECTOR('',#1658,10.);
#428=VECTOR('',#1659,10.);
#429=VECTOR('',#1660,10.);
#430=VECTOR('',#1663,10.);
#431=VECTOR('',#1664,10.);
#432=VECTOR('',#1665,10.);
#433=VECTOR('',#1666,10.);
#434=VECTOR('',#1667,10.);
#435=VECTOR('',#1668,10.);
#436=VECTOR('',#1669,10.);
#437=VECTOR('',#1670,10.);
#438=VECTOR('',#1673,10.);
#439=VECTOR('',#1674,10.);
#440=VECTOR('',#1675,10.);
#441=VECTOR('',#1676,10.);
#442=VECTOR('',#1677,10.);
#443=VECTOR('',#1678,10.);
#444=VECTOR('',#1679,10.);
#445=VECTOR('',#1680,10.);
#446=VECTOR('',#1681,10.);
#447=VECTOR('',#1682,10.);
#448=VECTOR('',#1683,10.);
#449=VECTOR('',#1690,10.);
#450=VECTOR('',#1691,10.);
#451=VECTOR('',#1692,10.);
#452=VECTOR('',#1693,10.);
#453=VECTOR('',#1694,10.);
#454=VECTOR('',#1695,10.);
#455=VECTOR('',#1696,10.);
#456=VECTOR('',#1697,10.);
#457=VECTOR('',#1698,10.);
#458=VECTOR('',#1699,10.);
#459=VECTOR('',#1700,10.);
#460=VECTOR('',#1703,2.14999999999998);
#461=VECTOR('',#1710,1.84999999999999);
#462=VECTOR('',#1713,2.14999999999998);
#463=VECTOR('',#1720,1.84999999999999);
#464=VECTOR('',#1725,2.15);
#465=VECTOR('',#1730,10.);
#466=VECTOR('',#1731,10.);
#467=VECTOR('',#1732,10.);
#468=VECTOR('',#1733,10.);
#469=VECTOR('',#1734,10.);
#470=VECTOR('',#1735,10.);
#471=VECTOR('',#1736,10.);
#472=VECTOR('',#1737,10.);
#473=VECTOR('',#1738,10.);
#474=VECTOR('',#1739,10.);
#475=VECTOR('',#1746,1.85);
#476=VECTOR('',#1749,2.15);
#477=VECTOR('',#1756,1.85);
#478=VECTOR('',#1759,10.);
#479=VECTOR('',#1760,10.);
#480=VECTOR('',#1763,10.);
#481=VECTOR('',#1764,10.);
#482=VECTOR('',#1767,10.);
#483=VECTOR('',#1768,10.);
#484=VECTOR('',#1769,10.);
#485=VECTOR('',#1770,10.);
#486=VECTOR('',#1773,10.);
#487=VECTOR('',#1774,10.);
#488=VECTOR('',#1775,10.);
#489=VECTOR('',#1778,10.);
#490=VECTOR('',#1779,10.);
#491=VECTOR('',#1780,10.);
#492=VECTOR('',#1783,10.);
#493=VECTOR('',#1786,10.);
#494=VECTOR('',#1787,10.);
#495=VECTOR('',#1788,10.);
#496=VECTOR('',#1789,10.);
#497=VECTOR('',#1792,10.);
#498=VECTOR('',#1793,10.);
#499=VECTOR('',#1794,10.);
#500=VECTOR('',#1797,10.);
#501=VECTOR('',#1798,10.);
#502=VECTOR('',#1799,10.);
#503=VECTOR('',#1800,10.);
#504=VECTOR('',#1803,10.);
#505=VECTOR('',#1804,10.);
#506=VECTOR('',#1805,10.);
#507=VECTOR('',#1808,10.);
#508=VECTOR('',#1809,10.);
#509=VECTOR('',#1812,10.);
#510=VECTOR('',#1815,10.);
#511=VECTOR('',#1816,10.);
#512=VECTOR('',#1827,10.);
#513=VECTOR('',#1828,10.);
#514=VECTOR('',#1829,10.);
#515=VECTOR('',#1830,10.);
#516=VECTOR('',#1831,10.);
#517=VECTOR('',#1834,10.);
#518=VECTOR('',#1835,10.);
#519=VECTOR('',#1836,10.);
#520=VECTOR('',#1837,10.);
#521=VECTOR('',#1838,10.);
#522=VECTOR('',#1839,10.);
#523=VECTOR('',#1842,10.);
#524=VECTOR('',#1843,10.);
#525=VECTOR('',#1844,10.);
#526=VECTOR('',#1847,10.);
#527=VECTOR('',#1848,10.);
#528=VECTOR('',#1849,10.);
#529=VECTOR('',#1850,10.);
#530=VECTOR('',#1853,10.);
#531=VECTOR('',#1854,10.);
#532=VECTOR('',#1855,10.);
#533=VECTOR('',#1856,10.);
#534=VECTOR('',#1859,10.);
#535=VECTOR('',#1860,10.);
#536=VECTOR('',#1861,10.);
#537=VECTOR('',#1862,10.);
#538=VECTOR('',#1863,10.);
#539=VECTOR('',#1864,10.);
#540=VECTOR('',#1865,10.);
#541=VECTOR('',#1866,10.);
#542=VECTOR('',#1869,10.);
#543=VECTOR('',#1870,10.);
#544=VECTOR('',#1871,10.);
#545=VECTOR('',#1874,10.);
#546=VECTOR('',#1875,10.);
#547=VECTOR('',#1876,10.);
#548=VECTOR('',#1877,10.);
#549=VECTOR('',#1880,10.);
#550=VECTOR('',#1881,10.);
#551=VECTOR('',#1882,10.);
#552=VECTOR('',#1885,10.);
#553=VECTOR('',#1886,10.);
#554=VECTOR('',#1887,10.);
#555=VECTOR('',#1890,10.);
#556=VECTOR('',#1891,10.);
#557=VECTOR('',#1892,10.);
#558=VECTOR('',#1895,10.);
#559=VECTOR('',#1896,10.);
#560=VECTOR('',#1897,10.);
#561=VECTOR('',#1900,10.);
#562=VECTOR('',#1901,10.);
#563=VECTOR('',#1902,10.);
#564=VECTOR('',#1905,10.);
#565=VECTOR('',#1906,10.);
#566=VECTOR('',#1909,10.);
#567=VECTOR('',#1910,10.);
#568=VECTOR('',#1911,10.);
#569=VECTOR('',#1914,10.);
#570=VECTOR('',#1917,10.);
#571=VECTOR('',#1918,10.);
#572=VECTOR('',#1921,10.);
#573=VECTOR('',#1922,10.);
#574=VECTOR('',#1925,10.);
#575=VECTOR('',#1926,10.);
#576=VECTOR('',#1927,10.);
#577=VECTOR('',#1928,10.);
#578=VECTOR('',#1929,10.);
#579=VECTOR('',#1930,10.);
#580=VECTOR('',#1935,10.);
#581=VECTOR('',#1940,10.);
#582=VECTOR('',#1947,3.00000000000001);
#583=VECTOR('',#1954,3.);
#584=VECTOR('',#1961,3.00000000000001);
#585=VECTOR('',#1968,3.);
#586=VECTOR('',#1979,10.);
#587=VECTOR('',#1980,10.);
#588=VECTOR('',#1981,10.);
#589=VECTOR('',#1982,10.);
#590=VECTOR('',#1985,10.);
#591=VECTOR('',#1988,10.);
#592=VECTOR('',#1997,10.);
#593=VECTOR('',#2000,10.);
#594=VECTOR('',#2001,10.);
#595=VECTOR('',#2002,10.);
#596=VECTOR('',#2003,10.);
#597=VECTOR('',#2006,10.);
#598=VECTOR('',#2009,10.);
#599=VECTOR('',#2012,10.);
#600=VECTOR('',#2015,10.);
#601=VECTOR('',#2018,10.);
#602=VECTOR('',#2021,10.);
#603=VECTOR('',#2024,10.);
#604=VECTOR('',#2027,10.);
#605=VERTEX_POINT('',#2034);
#606=VERTEX_POINT('',#2035);
#607=VERTEX_POINT('',#2037);
#608=VERTEX_POINT('',#2041);
#609=VERTEX_POINT('',#2042);
#610=VERTEX_POINT('',#2044);
#611=VERTEX_POINT('',#2048);
#612=VERTEX_POINT('',#2050);
#613=VERTEX_POINT('',#2052);
#614=VERTEX_POINT('',#2057);
#615=VERTEX_POINT('',#2059);
#616=VERTEX_POINT('',#2063);
#617=VERTEX_POINT('',#2065);
#618=VERTEX_POINT('',#2067);
#619=VERTEX_POINT('',#2069);
#620=VERTEX_POINT('',#2071);
#621=VERTEX_POINT('',#2073);
#622=VERTEX_POINT('',#2075);
#623=VERTEX_POINT('',#2079);
#624=VERTEX_POINT('',#2081);
#625=VERTEX_POINT('',#2083);
#626=VERTEX_POINT('',#2085);
#627=VERTEX_POINT('',#2087);
#628=VERTEX_POINT('',#2089);
#629=VERTEX_POINT('',#2091);
#630=VERTEX_POINT('',#2093);
#631=VERTEX_POINT('',#2095);
#632=VERTEX_POINT('',#2097);
#633=VERTEX_POINT('',#2100);
#634=VERTEX_POINT('',#2102);
#635=VERTEX_POINT('',#2105);
#636=VERTEX_POINT('',#2107);
#637=VERTEX_POINT('',#2109);
#638=VERTEX_POINT('',#2111);
#639=VERTEX_POINT('',#2113);
#640=VERTEX_POINT('',#2115);
#641=VERTEX_POINT('',#2117);
#642=VERTEX_POINT('',#2119);
#643=VERTEX_POINT('',#2121);
#644=VERTEX_POINT('',#2123);
#645=VERTEX_POINT('',#2127);
#646=VERTEX_POINT('',#2131);
#647=VERTEX_POINT('',#2135);
#648=VERTEX_POINT('',#2139);
#649=VERTEX_POINT('',#2143);
#650=VERTEX_POINT('',#2145);
#651=VERTEX_POINT('',#2149);
#652=VERTEX_POINT('',#2150);
#653=VERTEX_POINT('',#2152);
#654=VERTEX_POINT('',#2154);
#655=VERTEX_POINT('',#2156);
#656=VERTEX_POINT('',#2158);
#657=VERTEX_POINT('',#2161);
#658=VERTEX_POINT('',#2163);
#659=VERTEX_POINT('',#2165);
#660=VERTEX_POINT('',#2168);
#661=VERTEX_POINT('',#2171);
#662=VERTEX_POINT('',#2175);
#663=VERTEX_POINT('',#2179);
#664=VERTEX_POINT('',#2183);
#665=VERTEX_POINT('',#2187);
#666=VERTEX_POINT('',#2191);
#667=VERTEX_POINT('',#2192);
#668=VERTEX_POINT('',#2194);
#669=VERTEX_POINT('',#2196);
#670=VERTEX_POINT('',#2200);
#671=VERTEX_POINT('',#2202);
#672=VERTEX_POINT('',#2206);
#673=VERTEX_POINT('',#2208);
#674=VERTEX_POINT('',#2214);
#675=VERTEX_POINT('',#2216);
#676=VERTEX_POINT('',#2221);
#677=VERTEX_POINT('',#2223);
#678=VERTEX_POINT('',#2227);
#679=VERTEX_POINT('',#2229);
#680=VERTEX_POINT('',#2231);
#681=VERTEX_POINT('',#2235);
#682=VERTEX_POINT('',#2237);
#683=VERTEX_POINT('',#2241);
#684=VERTEX_POINT('',#2247);
#685=VERTEX_POINT('',#2250);
#686=VERTEX_POINT('',#2252);
#687=VERTEX_POINT('',#2254);
#688=VERTEX_POINT('',#2256);
#689=VERTEX_POINT('',#2259);
#690=VERTEX_POINT('',#2261);
#691=VERTEX_POINT('',#2263);
#692=VERTEX_POINT('',#2265);
#693=VERTEX_POINT('',#2269);
#694=VERTEX_POINT('',#2271);
#695=VERTEX_POINT('',#2273);
#696=VERTEX_POINT('',#2276);
#697=VERTEX_POINT('',#2280);
#698=VERTEX_POINT('',#2282);
#699=VERTEX_POINT('',#2286);
#700=VERTEX_POINT('',#2287);
#701=VERTEX_POINT('',#2290);
#702=VERTEX_POINT('',#2294);
#703=VERTEX_POINT('',#2295);
#704=VERTEX_POINT('',#2297);
#705=VERTEX_POINT('',#2299);
#706=VERTEX_POINT('',#2303);
#707=VERTEX_POINT('',#2304);
#708=VERTEX_POINT('',#2306);
#709=VERTEX_POINT('',#2308);
#710=VERTEX_POINT('',#2310);
#711=VERTEX_POINT('',#2312);
#712=VERTEX_POINT('',#2314);
#713=VERTEX_POINT('',#2316);
#714=VERTEX_POINT('',#2320);
#715=VERTEX_POINT('',#2322);
#716=VERTEX_POINT('',#2326);
#717=VERTEX_POINT('',#2328);
#718=VERTEX_POINT('',#2330);
#719=VERTEX_POINT('',#2334);
#720=VERTEX_POINT('',#2336);
#721=VERTEX_POINT('',#2340);
#722=VERTEX_POINT('',#2342);
#723=VERTEX_POINT('',#2346);
#724=VERTEX_POINT('',#2348);
#725=VERTEX_POINT('',#2352);
#726=VERTEX_POINT('',#2354);
#727=VERTEX_POINT('',#2358);
#728=VERTEX_POINT('',#2360);
#729=VERTEX_POINT('',#2364);
#730=VERTEX_POINT('',#2368);
#731=VERTEX_POINT('',#2370);
#732=VERTEX_POINT('',#2379);
#733=VERTEX_POINT('',#2387);
#734=VERTEX_POINT('',#2397);
#735=VERTEX_POINT('',#2402);
#736=VERTEX_POINT('',#2407);
#737=VERTEX_POINT('',#2412);
#738=VERTEX_POINT('',#2422);
#739=VERTEX_POINT('',#2424);
#740=VERTEX_POINT('',#2437);
#741=VERTEX_POINT('',#2440);
#742=EDGE_CURVE('',#605,#606,#227,.T.);
#743=EDGE_CURVE('',#607,#605,#228,.T.);
#744=EDGE_CURVE('',#606,#607,#229,.T.);
#745=EDGE_CURVE('',#608,#609,#230,.T.);
#746=EDGE_CURVE('',#610,#608,#231,.T.);
#747=EDGE_CURVE('',#609,#610,#232,.T.);
#748=EDGE_CURVE('',#611,#605,#233,.T.);
#749=EDGE_CURVE('',#612,#611,#234,.T.);
#750=EDGE_CURVE('',#612,#613,#235,.T.);
#751=EDGE_CURVE('',#609,#613,#236,.T.);
#752=EDGE_CURVE('',#607,#610,#237,.T.);
#753=EDGE_CURVE('',#614,#612,#238,.T.);
#754=EDGE_CURVE('',#614,#615,#239,.T.);
#755=EDGE_CURVE('',#613,#615,#240,.T.);
#756=EDGE_CURVE('',#616,#606,#241,.T.);
#757=EDGE_CURVE('',#616,#617,#242,.T.);
#758=EDGE_CURVE('',#617,#618,#243,.T.);
#759=EDGE_CURVE('',#618,#619,#244,.T.);
#760=EDGE_CURVE('',#619,#620,#245,.T.);
#761=EDGE_CURVE('',#620,#621,#246,.T.);
#762=EDGE_CURVE('',#621,#622,#247,.T.);
#763=EDGE_CURVE('',#611,#622,#248,.T.);
#764=EDGE_CURVE('',#608,#623,#249,.T.);
#765=EDGE_CURVE('',#623,#624,#250,.T.);
#766=EDGE_CURVE('',#624,#625,#251,.T.);
#767=EDGE_CURVE('',#625,#626,#252,.T.);
#768=EDGE_CURVE('',#626,#627,#253,.T.);
#769=EDGE_CURVE('',#627,#628,#254,.T.);
#770=EDGE_CURVE('',#628,#629,#255,.T.);
#771=EDGE_CURVE('',#629,#630,#256,.T.);
#772=EDGE_CURVE('',#630,#631,#257,.T.);
#773=EDGE_CURVE('',#631,#632,#258,.T.);
#774=EDGE_CURVE('',#632,#616,#259,.T.);
#775=EDGE_CURVE('',#633,#633,#35,.T.);
#776=EDGE_CURVE('',#634,#634,#36,.T.);
#777=EDGE_CURVE('',#613,#635,#260,.T.);
#778=EDGE_CURVE('',#635,#636,#261,.T.);
#779=EDGE_CURVE('',#636,#637,#262,.T.);
#780=EDGE_CURVE('',#637,#638,#263,.T.);
#781=EDGE_CURVE('',#638,#639,#264,.T.);
#782=EDGE_CURVE('',#639,#640,#265,.T.);
#783=EDGE_CURVE('',#640,#641,#266,.T.);
#784=EDGE_CURVE('',#642,#641,#267,.T.);
#785=EDGE_CURVE('',#642,#643,#268,.T.);
#786=EDGE_CURVE('',#643,#644,#269,.T.);
#787=EDGE_CURVE('',#644,#623,#270,.T.);
#788=EDGE_CURVE('',#633,#645,#271,.T.);
#789=EDGE_CURVE('',#645,#645,#37,.T.);
#790=EDGE_CURVE('',#646,#646,#38,.T.);
#791=EDGE_CURVE('',#646,#645,#272,.T.);
#792=EDGE_CURVE('',#634,#647,#273,.T.);
#793=EDGE_CURVE('',#647,#647,#39,.T.);
#794=EDGE_CURVE('',#648,#648,#40,.T.);
#795=EDGE_CURVE('',#648,#647,#274,.T.);
#796=EDGE_CURVE('',#649,#649,#41,.T.);
#797=EDGE_CURVE('',#649,#650,#275,.T.);
#798=EDGE_CURVE('',#650,#650,#42,.T.);
#799=EDGE_CURVE('',#651,#652,#276,.T.);
#800=EDGE_CURVE('',#652,#653,#277,.T.);
#801=EDGE_CURVE('',#653,#654,#278,.T.);
#802=EDGE_CURVE('',#654,#655,#279,.T.);
#803=EDGE_CURVE('',#655,#656,#280,.T.);
#804=EDGE_CURVE('',#656,#642,#281,.T.);
#805=EDGE_CURVE('',#641,#657,#282,.T.);
#806=EDGE_CURVE('',#657,#658,#283,.T.);
#807=EDGE_CURVE('',#658,#659,#284,.T.);
#808=EDGE_CURVE('',#659,#651,#285,.T.);
#809=EDGE_CURVE('',#660,#660,#43,.T.);
#810=EDGE_CURVE('',#661,#661,#44,.T.);
#811=EDGE_CURVE('',#661,#650,#286,.T.);
#812=EDGE_CURVE('',#660,#662,#287,.T.);
#813=EDGE_CURVE('',#662,#662,#45,.T.);
#814=EDGE_CURVE('',#663,#663,#46,.T.);
#815=EDGE_CURVE('',#663,#662,#288,.T.);
#816=EDGE_CURVE('',#664,#656,#289,.T.);
#817=EDGE_CURVE('',#664,#643,#290,.T.);
#818=EDGE_CURVE('',#665,#664,#291,.T.);
#819=EDGE_CURVE('',#665,#644,#292,.T.);
#820=EDGE_CURVE('',#666,#667,#293,.T.);
#821=EDGE_CURVE('',#668,#666,#294,.T.);
#822=EDGE_CURVE('',#669,#668,#295,.T.);
#823=EDGE_CURVE('',#667,#669,#296,.T.);
#824=EDGE_CURVE('',#670,#668,#297,.T.);
#825=EDGE_CURVE('',#671,#670,#298,.T.);
#826=EDGE_CURVE('',#669,#671,#299,.T.);
#827=EDGE_CURVE('',#672,#631,#300,.T.);
#828=EDGE_CURVE('',#673,#672,#301,.T.);
#829=EDGE_CURVE('',#673,#632,#302,.T.);
#830=EDGE_CURVE('',#617,#673,#303,.T.);
#831=EDGE_CURVE('',#655,#674,#304,.T.);
#832=EDGE_CURVE('',#674,#675,#305,.T.);
#833=EDGE_CURVE('',#625,#675,#306,.T.);
#834=EDGE_CURVE('',#624,#665,#307,.T.);
#835=EDGE_CURVE('',#676,#654,#308,.T.);
#836=EDGE_CURVE('',#677,#676,#309,.T.);
#837=EDGE_CURVE('',#677,#674,#310,.T.);
#838=EDGE_CURVE('',#678,#627,#311,.T.);
#839=EDGE_CURVE('',#679,#678,#312,.T.);
#840=EDGE_CURVE('',#679,#680,#313,.T.);
#841=EDGE_CURVE('',#680,#627,#314,.T.);
#842=EDGE_CURVE('',#681,#629,#315,.T.);
#843=EDGE_CURVE('',#682,#681,#316,.T.);
#844=EDGE_CURVE('',#630,#682,#317,.T.);
#845=EDGE_CURVE('',#683,#628,#318,.T.);
#846=EDGE_CURVE('',#681,#683,#319,.T.);
#847=EDGE_CURVE('',#683,#680,#320,.T.);
#848=EDGE_CURVE('',#684,#677,#321,.T.);
#849=EDGE_CURVE('',#675,#684,#322,.T.);
#850=EDGE_CURVE('',#685,#685,#47,.T.);
#851=EDGE_CURVE('',#686,#686,#48,.T.);
#852=EDGE_CURVE('',#687,#687,#49,.T.);
#853=EDGE_CURVE('',#688,#688,#50,.T.);
#854=EDGE_CURVE('',#639,#689,#323,.T.);
#855=EDGE_CURVE('',#689,#690,#324,.T.);
#856=EDGE_CURVE('',#691,#690,#325,.T.);
#857=EDGE_CURVE('',#691,#692,#326,.T.);
#858=EDGE_CURVE('',#692,#640,#327,.T.);
#859=EDGE_CURVE('',#693,#636,#328,.T.);
#860=EDGE_CURVE('',#694,#635,#329,.T.);
#861=EDGE_CURVE('',#695,#694,#330,.T.);
#862=EDGE_CURVE('',#622,#695,#331,.T.);
#863=EDGE_CURVE('',#621,#696,#332,.T.);
#864=EDGE_CURVE('',#696,#693,#333,.T.);
#865=EDGE_CURVE('',#697,#618,#334,.T.);
#866=EDGE_CURVE('',#698,#672,#335,.T.);
#867=EDGE_CURVE('',#698,#697,#336,.T.);
#868=EDGE_CURVE('',#699,#700,#337,.T.);
#869=EDGE_CURVE('',#682,#700,#338,.T.);
#870=EDGE_CURVE('',#701,#679,#339,.T.);
#871=EDGE_CURVE('',#701,#699,#340,.T.);
#872=EDGE_CURVE('',#702,#703,#341,.T.);
#873=EDGE_CURVE('',#703,#704,#342,.T.);
#874=EDGE_CURVE('',#704,#705,#343,.T.);
#875=EDGE_CURVE('',#702,#705,#344,.T.);
#876=EDGE_CURVE('',#706,#707,#345,.T.);
#877=EDGE_CURVE('',#707,#708,#346,.T.);
#878=EDGE_CURVE('',#709,#708,#347,.T.);
#879=EDGE_CURVE('',#710,#709,#348,.T.);
#880=EDGE_CURVE('',#710,#711,#349,.T.);
#881=EDGE_CURVE('',#711,#712,#350,.T.);
#882=EDGE_CURVE('',#713,#712,#351,.T.);
#883=EDGE_CURVE('',#706,#713,#352,.T.);
#884=EDGE_CURVE('',#714,#698,#353,.T.);
#885=EDGE_CURVE('',#715,#714,#354,.T.);
#886=EDGE_CURVE('',#697,#715,#355,.T.);
#887=EDGE_CURVE('',#716,#701,#356,.T.);
#888=EDGE_CURVE('',#716,#717,#357,.T.);
#889=EDGE_CURVE('',#718,#717,#358,.T.);
#890=EDGE_CURVE('',#699,#718,#359,.T.);
#891=EDGE_CURVE('',#719,#716,#360,.T.);
#892=EDGE_CURVE('',#719,#720,#361,.T.);
#893=EDGE_CURVE('',#717,#720,#362,.T.);
#894=EDGE_CURVE('',#703,#721,#363,.T.);
#895=EDGE_CURVE('',#722,#721,#364,.T.);
#896=EDGE_CURVE('',#704,#722,#365,.T.);
#897=EDGE_CURVE('',#723,#702,#366,.T.);
#898=EDGE_CURVE('',#723,#724,#367,.T.);
#899=EDGE_CURVE('',#721,#724,#368,.T.);
#900=EDGE_CURVE('',#725,#723,#369,.T.);
#901=EDGE_CURVE('',#725,#726,#370,.T.);
#902=EDGE_CURVE('',#724,#726,#371,.T.);
#903=EDGE_CURVE('',#727,#706,#372,.T.);
#904=EDGE_CURVE('',#728,#727,#373,.T.);
#905=EDGE_CURVE('',#707,#728,#374,.T.);
#906=EDGE_CURVE('',#729,#638,#375,.T.);
#907=EDGE_CURVE('',#689,#729,#376,.T.);
#908=EDGE_CURVE('',#696,#730,#377,.T.);
#909=EDGE_CURVE('',#731,#730,#378,.T.);
#910=EDGE_CURVE('',#693,#731,#379,.T.);
#911=EDGE_CURVE('',#730,#620,#380,.T.);
#912=EDGE_CURVE('',#705,#719,#381,.T.);
#913=EDGE_CURVE('',#720,#722,#382,.T.);
#914=EDGE_CURVE('',#700,#732,#383,.T.);
#915=EDGE_CURVE('',#732,#718,#384,.T.);
#916=EDGE_CURVE('',#637,#731,#385,.T.);
#917=EDGE_CURVE('',#619,#715,#386,.T.);
#918=EDGE_CURVE('',#732,#714,#387,.T.);
#919=EDGE_CURVE('',#726,#728,#388,.T.);
#920=EDGE_CURVE('',#733,#727,#389,.T.);
#921=EDGE_CURVE('',#733,#729,#390,.T.);
#922=EDGE_CURVE('',#708,#725,#391,.T.);
#923=EDGE_CURVE('',#690,#733,#392,.T.);
#924=EDGE_CURVE('',#734,#734,#51,.T.);
#925=EDGE_CURVE('',#688,#734,#393,.T.);
#926=EDGE_CURVE('',#735,#735,#52,.T.);
#927=EDGE_CURVE('',#687,#735,#394,.T.);
#928=EDGE_CURVE('',#736,#736,#53,.T.);
#929=EDGE_CURVE('',#686,#736,#395,.T.);
#930=EDGE_CURVE('',#737,#737,#54,.T.);
#931=EDGE_CURVE('',#685,#737,#396,.T.);
#932=EDGE_CURVE('',#667,#676,#397,.T.);
#933=EDGE_CURVE('',#671,#738,#398,.T.);
#934=EDGE_CURVE('',#739,#738,#399,.T.);
#935=EDGE_CURVE('',#739,#684,#400,.T.);
#936=EDGE_CURVE('',#614,#695,#401,.T.);
#937=EDGE_CURVE('',#615,#694,#402,.T.);
#938=EDGE_CURVE('',#626,#739,#403,.T.);
#939=EDGE_CURVE('',#740,#666,#404,.T.);
#940=EDGE_CURVE('',#740,#709,#405,.T.);
#941=EDGE_CURVE('',#741,#678,#406,.T.);
#942=EDGE_CURVE('',#741,#670,#407,.T.);
#943=EDGE_CURVE('',#738,#741,#408,.T.);
#944=EDGE_CURVE('',#692,#657,#409,.T.);
#945=EDGE_CURVE('',#658,#691,#410,.T.);
#946=EDGE_CURVE('',#659,#713,#411,.T.);
#947=EDGE_CURVE('',#712,#651,#412,.T.);
#948=EDGE_CURVE('',#711,#652,#413,.T.);
#949=EDGE_CURVE('',#653,#710,#414,.T.);
#950=EDGE_CURVE('',#653,#740,#415,.T.);
#951=ORIENTED_EDGE('',*,*,#742,.F.);
#952=ORIENTED_EDGE('',*,*,#743,.F.);
#953=ORIENTED_EDGE('',*,*,#744,.F.);
#954=ORIENTED_EDGE('',*,*,#745,.F.);
#955=ORIENTED_EDGE('',*,*,#746,.F.);
#956=ORIENTED_EDGE('',*,*,#747,.F.);
#957=ORIENTED_EDGE('',*,*,#748,.F.);
#958=ORIENTED_EDGE('',*,*,#749,.F.);
#959=ORIENTED_EDGE('',*,*,#750,.T.);
#960=ORIENTED_EDGE('',*,*,#751,.F.);
#961=ORIENTED_EDGE('',*,*,#747,.T.);
#962=ORIENTED_EDGE('',*,*,#752,.F.);
#963=ORIENTED_EDGE('',*,*,#743,.T.);
#964=ORIENTED_EDGE('',*,*,#753,.F.);
#965=ORIENTED_EDGE('',*,*,#754,.T.);
#966=ORIENTED_EDGE('',*,*,#755,.F.);
#967=ORIENTED_EDGE('',*,*,#750,.F.);
#968=ORIENTED_EDGE('',*,*,#748,.T.);
#969=ORIENTED_EDGE('',*,*,#742,.T.);
#970=ORIENTED_EDGE('',*,*,#756,.F.);
#971=ORIENTED_EDGE('',*,*,#757,.T.);
#972=ORIENTED_EDGE('',*,*,#758,.T.);
#973=ORIENTED_EDGE('',*,*,#759,.T.);
#974=ORIENTED_EDGE('',*,*,#760,.T.);
#975=ORIENTED_EDGE('',*,*,#761,.T.);
#976=ORIENTED_EDGE('',*,*,#762,.T.);
#977=ORIENTED_EDGE('',*,*,#763,.F.);
#978=ORIENTED_EDGE('',*,*,#744,.T.);
#979=ORIENTED_EDGE('',*,*,#752,.T.);
#980=ORIENTED_EDGE('',*,*,#746,.T.);
#981=ORIENTED_EDGE('',*,*,#764,.T.);
#982=ORIENTED_EDGE('',*,*,#765,.T.);
#983=ORIENTED_EDGE('',*,*,#766,.T.);
#984=ORIENTED_EDGE('',*,*,#767,.T.);
#985=ORIENTED_EDGE('',*,*,#768,.T.);
#986=ORIENTED_EDGE('',*,*,#769,.T.);
#987=ORIENTED_EDGE('',*,*,#770,.T.);
#988=ORIENTED_EDGE('',*,*,#771,.T.);
#989=ORIENTED_EDGE('',*,*,#772,.T.);
#990=ORIENTED_EDGE('',*,*,#773,.T.);
#991=ORIENTED_EDGE('',*,*,#774,.T.);
#992=ORIENTED_EDGE('',*,*,#756,.T.);
#993=ORIENTED_EDGE('',*,*,#775,.F.);
#994=ORIENTED_EDGE('',*,*,#776,.F.);
#995=ORIENTED_EDGE('',*,*,#745,.T.);
#996=ORIENTED_EDGE('',*,*,#751,.T.);
#997=ORIENTED_EDGE('',*,*,#777,.T.);
#998=ORIENTED_EDGE('',*,*,#778,.T.);
#999=ORIENTED_EDGE('',*,*,#779,.T.);
#1000=ORIENTED_EDGE('',*,*,#780,.T.);
#1001=ORIENTED_EDGE('',*,*,#781,.T.);
#1002=ORIENTED_EDGE('',*,*,#782,.T.);
#1003=ORIENTED_EDGE('',*,*,#783,.T.);
#1004=ORIENTED_EDGE('',*,*,#784,.F.);
#1005=ORIENTED_EDGE('',*,*,#785,.T.);
#1006=ORIENTED_EDGE('',*,*,#786,.T.);
#1007=ORIENTED_EDGE('',*,*,#787,.T.);
#1008=ORIENTED_EDGE('',*,*,#764,.F.);
#1009=ORIENTED_EDGE('',*,*,#775,.T.);
#1010=ORIENTED_EDGE('',*,*,#788,.T.);
#1011=ORIENTED_EDGE('',*,*,#789,.T.);
#1012=ORIENTED_EDGE('',*,*,#788,.F.);
#1013=ORIENTED_EDGE('',*,*,#790,.T.);
#1014=ORIENTED_EDGE('',*,*,#791,.T.);
#1015=ORIENTED_EDGE('',*,*,#789,.F.);
#1016=ORIENTED_EDGE('',*,*,#791,.F.);
#1017=ORIENTED_EDGE('',*,*,#776,.T.);
#1018=ORIENTED_EDGE('',*,*,#792,.T.);
#1019=ORIENTED_EDGE('',*,*,#793,.T.);
#1020=ORIENTED_EDGE('',*,*,#792,.F.);
#1021=ORIENTED_EDGE('',*,*,#794,.T.);
#1022=ORIENTED_EDGE('',*,*,#795,.T.);
#1023=ORIENTED_EDGE('',*,*,#793,.F.);
#1024=ORIENTED_EDGE('',*,*,#795,.F.);
#1025=ORIENTED_EDGE('',*,*,#796,.T.);
#1026=ORIENTED_EDGE('',*,*,#797,.T.);
#1027=ORIENTED_EDGE('',*,*,#798,.T.);
#1028=ORIENTED_EDGE('',*,*,#797,.F.);
#1029=ORIENTED_EDGE('',*,*,#799,.T.);
#1030=ORIENTED_EDGE('',*,*,#800,.T.);
#1031=ORIENTED_EDGE('',*,*,#801,.T.);
#1032=ORIENTED_EDGE('',*,*,#802,.T.);
#1033=ORIENTED_EDGE('',*,*,#803,.T.);
#1034=ORIENTED_EDGE('',*,*,#804,.T.);
#1035=ORIENTED_EDGE('',*,*,#784,.T.);
#1036=ORIENTED_EDGE('',*,*,#805,.T.);
#1037=ORIENTED_EDGE('',*,*,#806,.T.);
#1038=ORIENTED_EDGE('',*,*,#807,.T.);
#1039=ORIENTED_EDGE('',*,*,#808,.T.);
#1040=ORIENTED_EDGE('',*,*,#809,.F.);
#1041=ORIENTED_EDGE('',*,*,#796,.F.);
#1042=ORIENTED_EDGE('',*,*,#810,.T.);
#1043=ORIENTED_EDGE('',*,*,#811,.T.);
#1044=ORIENTED_EDGE('',*,*,#798,.F.);
#1045=ORIENTED_EDGE('',*,*,#811,.F.);
#1046=ORIENTED_EDGE('',*,*,#809,.T.);
#1047=ORIENTED_EDGE('',*,*,#812,.T.);
#1048=ORIENTED_EDGE('',*,*,#813,.T.);
#1049=ORIENTED_EDGE('',*,*,#812,.F.);
#1050=ORIENTED_EDGE('',*,*,#814,.T.);
#1051=ORIENTED_EDGE('',*,*,#815,.T.);
#1052=ORIENTED_EDGE('',*,*,#813,.F.);
#1053=ORIENTED_EDGE('',*,*,#815,.F.);
#1054=ORIENTED_EDGE('',*,*,#804,.F.);
#1055=ORIENTED_EDGE('',*,*,#816,.F.);
#1056=ORIENTED_EDGE('',*,*,#817,.T.);
#1057=ORIENTED_EDGE('',*,*,#785,.F.);
#1058=ORIENTED_EDGE('',*,*,#786,.F.);
#1059=ORIENTED_EDGE('',*,*,#817,.F.);
#1060=ORIENTED_EDGE('',*,*,#818,.F.);
#1061=ORIENTED_EDGE('',*,*,#819,.T.);
#1062=ORIENTED_EDGE('',*,*,#820,.F.);
#1063=ORIENTED_EDGE('',*,*,#821,.F.);
#1064=ORIENTED_EDGE('',*,*,#822,.F.);
#1065=ORIENTED_EDGE('',*,*,#823,.F.);
#1066=ORIENTED_EDGE('',*,*,#824,.F.);
#1067=ORIENTED_EDGE('',*,*,#825,.F.);
#1068=ORIENTED_EDGE('',*,*,#826,.F.);
#1069=ORIENTED_EDGE('',*,*,#822,.T.);
#1070=ORIENTED_EDGE('',*,*,#773,.F.);
#1071=ORIENTED_EDGE('',*,*,#827,.F.);
#1072=ORIENTED_EDGE('',*,*,#828,.F.);
#1073=ORIENTED_EDGE('',*,*,#829,.T.);
#1074=ORIENTED_EDGE('',*,*,#774,.F.);
#1075=ORIENTED_EDGE('',*,*,#829,.F.);
#1076=ORIENTED_EDGE('',*,*,#830,.F.);
#1077=ORIENTED_EDGE('',*,*,#757,.F.);
#1078=ORIENTED_EDGE('',*,*,#803,.F.);
#1079=ORIENTED_EDGE('',*,*,#831,.T.);
#1080=ORIENTED_EDGE('',*,*,#832,.T.);
#1081=ORIENTED_EDGE('',*,*,#833,.F.);
#1082=ORIENTED_EDGE('',*,*,#766,.F.);
#1083=ORIENTED_EDGE('',*,*,#834,.T.);
#1084=ORIENTED_EDGE('',*,*,#818,.T.);
#1085=ORIENTED_EDGE('',*,*,#816,.T.);
#1086=ORIENTED_EDGE('',*,*,#835,.F.);
#1087=ORIENTED_EDGE('',*,*,#836,.F.);
#1088=ORIENTED_EDGE('',*,*,#837,.T.);
#1089=ORIENTED_EDGE('',*,*,#831,.F.);
#1090=ORIENTED_EDGE('',*,*,#802,.F.);
#1091=ORIENTED_EDGE('',*,*,#838,.F.);
#1092=ORIENTED_EDGE('',*,*,#839,.F.);
#1093=ORIENTED_EDGE('',*,*,#840,.T.);
#1094=ORIENTED_EDGE('',*,*,#841,.T.);
#1095=ORIENTED_EDGE('',*,*,#771,.F.);
#1096=ORIENTED_EDGE('',*,*,#842,.F.);
#1097=ORIENTED_EDGE('',*,*,#843,.F.);
#1098=ORIENTED_EDGE('',*,*,#844,.F.);
#1099=ORIENTED_EDGE('',*,*,#770,.F.);
#1100=ORIENTED_EDGE('',*,*,#845,.F.);
#1101=ORIENTED_EDGE('',*,*,#846,.F.);
#1102=ORIENTED_EDGE('',*,*,#842,.T.);
#1103=ORIENTED_EDGE('',*,*,#769,.F.);
#1104=ORIENTED_EDGE('',*,*,#841,.F.);
#1105=ORIENTED_EDGE('',*,*,#847,.F.);
#1106=ORIENTED_EDGE('',*,*,#845,.T.);
#1107=ORIENTED_EDGE('',*,*,#837,.F.);
#1108=ORIENTED_EDGE('',*,*,#848,.F.);
#1109=ORIENTED_EDGE('',*,*,#849,.F.);
#1110=ORIENTED_EDGE('',*,*,#832,.F.);
#1111=ORIENTED_EDGE('',*,*,#850,.T.);
#1112=ORIENTED_EDGE('',*,*,#851,.T.);
#1113=ORIENTED_EDGE('',*,*,#852,.T.);
#1114=ORIENTED_EDGE('',*,*,#853,.T.);
#1115=ORIENTED_EDGE('',*,*,#854,.T.);
#1116=ORIENTED_EDGE('',*,*,#855,.T.);
#1117=ORIENTED_EDGE('',*,*,#856,.F.);
#1118=ORIENTED_EDGE('',*,*,#857,.T.);
#1119=ORIENTED_EDGE('',*,*,#858,.T.);
#1120=ORIENTED_EDGE('',*,*,#782,.F.);
#1121=ORIENTED_EDGE('',*,*,#859,.T.);
#1122=ORIENTED_EDGE('',*,*,#778,.F.);
#1123=ORIENTED_EDGE('',*,*,#860,.F.);
#1124=ORIENTED_EDGE('',*,*,#861,.F.);
#1125=ORIENTED_EDGE('',*,*,#862,.F.);
#1126=ORIENTED_EDGE('',*,*,#762,.F.);
#1127=ORIENTED_EDGE('',*,*,#863,.T.);
#1128=ORIENTED_EDGE('',*,*,#864,.T.);
#1129=ORIENTED_EDGE('',*,*,#865,.T.);
#1130=ORIENTED_EDGE('',*,*,#758,.F.);
#1131=ORIENTED_EDGE('',*,*,#830,.T.);
#1132=ORIENTED_EDGE('',*,*,#828,.T.);
#1133=ORIENTED_EDGE('',*,*,#866,.F.);
#1134=ORIENTED_EDGE('',*,*,#867,.T.);
#1135=ORIENTED_EDGE('',*,*,#868,.T.);
#1136=ORIENTED_EDGE('',*,*,#869,.F.);
#1137=ORIENTED_EDGE('',*,*,#843,.T.);
#1138=ORIENTED_EDGE('',*,*,#846,.T.);
#1139=ORIENTED_EDGE('',*,*,#847,.T.);
#1140=ORIENTED_EDGE('',*,*,#840,.F.);
#1141=ORIENTED_EDGE('',*,*,#870,.F.);
#1142=ORIENTED_EDGE('',*,*,#871,.T.);
#1143=ORIENTED_EDGE('',*,*,#872,.T.);
#1144=ORIENTED_EDGE('',*,*,#873,.T.);
#1145=ORIENTED_EDGE('',*,*,#874,.T.);
#1146=ORIENTED_EDGE('',*,*,#875,.F.);
#1147=ORIENTED_EDGE('',*,*,#876,.T.);
#1148=ORIENTED_EDGE('',*,*,#877,.T.);
#1149=ORIENTED_EDGE('',*,*,#878,.F.);
#1150=ORIENTED_EDGE('',*,*,#879,.F.);
#1151=ORIENTED_EDGE('',*,*,#880,.T.);
#1152=ORIENTED_EDGE('',*,*,#881,.T.);
#1153=ORIENTED_EDGE('',*,*,#882,.F.);
#1154=ORIENTED_EDGE('',*,*,#883,.F.);
#1155=ORIENTED_EDGE('',*,*,#884,.F.);
#1156=ORIENTED_EDGE('',*,*,#885,.F.);
#1157=ORIENTED_EDGE('',*,*,#886,.F.);
#1158=ORIENTED_EDGE('',*,*,#867,.F.);
#1159=ORIENTED_EDGE('',*,*,#887,.F.);
#1160=ORIENTED_EDGE('',*,*,#888,.T.);
#1161=ORIENTED_EDGE('',*,*,#889,.F.);
#1162=ORIENTED_EDGE('',*,*,#890,.F.);
#1163=ORIENTED_EDGE('',*,*,#871,.F.);
#1164=ORIENTED_EDGE('',*,*,#891,.F.);
#1165=ORIENTED_EDGE('',*,*,#892,.T.);
#1166=ORIENTED_EDGE('',*,*,#893,.F.);
#1167=ORIENTED_EDGE('',*,*,#888,.F.);
#1168=ORIENTED_EDGE('',*,*,#873,.F.);
#1169=ORIENTED_EDGE('',*,*,#894,.T.);
#1170=ORIENTED_EDGE('',*,*,#895,.F.);
#1171=ORIENTED_EDGE('',*,*,#896,.F.);
#1172=ORIENTED_EDGE('',*,*,#897,.F.);
#1173=ORIENTED_EDGE('',*,*,#898,.T.);
#1174=ORIENTED_EDGE('',*,*,#899,.F.);
#1175=ORIENTED_EDGE('',*,*,#894,.F.);
#1176=ORIENTED_EDGE('',*,*,#872,.F.);
#1177=ORIENTED_EDGE('',*,*,#900,.F.);
#1178=ORIENTED_EDGE('',*,*,#901,.T.);
#1179=ORIENTED_EDGE('',*,*,#902,.F.);
#1180=ORIENTED_EDGE('',*,*,#898,.F.);
#1181=ORIENTED_EDGE('',*,*,#903,.F.);
#1182=ORIENTED_EDGE('',*,*,#904,.F.);
#1183=ORIENTED_EDGE('',*,*,#905,.F.);
#1184=ORIENTED_EDGE('',*,*,#876,.F.);
#1185=ORIENTED_EDGE('',*,*,#781,.F.);
#1186=ORIENTED_EDGE('',*,*,#906,.F.);
#1187=ORIENTED_EDGE('',*,*,#907,.F.);
#1188=ORIENTED_EDGE('',*,*,#854,.F.);
#1189=ORIENTED_EDGE('',*,*,#864,.F.);
#1190=ORIENTED_EDGE('',*,*,#908,.T.);
#1191=ORIENTED_EDGE('',*,*,#909,.F.);
#1192=ORIENTED_EDGE('',*,*,#910,.F.);
#1193=ORIENTED_EDGE('',*,*,#761,.F.);
#1194=ORIENTED_EDGE('',*,*,#911,.F.);
#1195=ORIENTED_EDGE('',*,*,#908,.F.);
#1196=ORIENTED_EDGE('',*,*,#863,.F.);
#1197=ORIENTED_EDGE('',*,*,#912,.F.);
#1198=ORIENTED_EDGE('',*,*,#874,.F.);
#1199=ORIENTED_EDGE('',*,*,#896,.T.);
#1200=ORIENTED_EDGE('',*,*,#913,.F.);
#1201=ORIENTED_EDGE('',*,*,#892,.F.);
#1202=ORIENTED_EDGE('',*,*,#914,.F.);
#1203=ORIENTED_EDGE('',*,*,#868,.F.);
#1204=ORIENTED_EDGE('',*,*,#890,.T.);
#1205=ORIENTED_EDGE('',*,*,#915,.F.);
#1206=ORIENTED_EDGE('',*,*,#780,.F.);
#1207=ORIENTED_EDGE('',*,*,#916,.T.);
#1208=ORIENTED_EDGE('',*,*,#909,.T.);
#1209=ORIENTED_EDGE('',*,*,#911,.T.);
#1210=ORIENTED_EDGE('',*,*,#760,.F.);
#1211=ORIENTED_EDGE('',*,*,#917,.T.);
#1212=ORIENTED_EDGE('',*,*,#885,.T.);
#1213=ORIENTED_EDGE('',*,*,#918,.F.);
#1214=ORIENTED_EDGE('',*,*,#915,.T.);
#1215=ORIENTED_EDGE('',*,*,#889,.T.);
#1216=ORIENTED_EDGE('',*,*,#893,.T.);
#1217=ORIENTED_EDGE('',*,*,#913,.T.);
#1218=ORIENTED_EDGE('',*,*,#895,.T.);
#1219=ORIENTED_EDGE('',*,*,#899,.T.);
#1220=ORIENTED_EDGE('',*,*,#902,.T.);
#1221=ORIENTED_EDGE('',*,*,#919,.T.);
#1222=ORIENTED_EDGE('',*,*,#904,.T.);
#1223=ORIENTED_EDGE('',*,*,#920,.F.);
#1224=ORIENTED_EDGE('',*,*,#921,.T.);
#1225=ORIENTED_EDGE('',*,*,#906,.T.);
#1226=ORIENTED_EDGE('',*,*,#759,.F.);
#1227=ORIENTED_EDGE('',*,*,#865,.F.);
#1228=ORIENTED_EDGE('',*,*,#886,.T.);
#1229=ORIENTED_EDGE('',*,*,#917,.F.);
#1230=ORIENTED_EDGE('',*,*,#922,.F.);
#1231=ORIENTED_EDGE('',*,*,#877,.F.);
#1232=ORIENTED_EDGE('',*,*,#905,.T.);
#1233=ORIENTED_EDGE('',*,*,#919,.F.);
#1234=ORIENTED_EDGE('',*,*,#901,.F.);
#1235=ORIENTED_EDGE('',*,*,#779,.F.);
#1236=ORIENTED_EDGE('',*,*,#859,.F.);
#1237=ORIENTED_EDGE('',*,*,#910,.T.);
#1238=ORIENTED_EDGE('',*,*,#916,.F.);
#1239=ORIENTED_EDGE('',*,*,#923,.F.);
#1240=ORIENTED_EDGE('',*,*,#855,.F.);
#1241=ORIENTED_EDGE('',*,*,#907,.T.);
#1242=ORIENTED_EDGE('',*,*,#921,.F.);
#1243=ORIENTED_EDGE('',*,*,#924,.F.);
#1244=ORIENTED_EDGE('',*,*,#853,.F.);
#1245=ORIENTED_EDGE('',*,*,#925,.T.);
#1246=ORIENTED_EDGE('',*,*,#924,.T.);
#1247=ORIENTED_EDGE('',*,*,#925,.F.);
#1248=ORIENTED_EDGE('',*,*,#926,.F.);
#1249=ORIENTED_EDGE('',*,*,#852,.F.);
#1250=ORIENTED_EDGE('',*,*,#927,.T.);
#1251=ORIENTED_EDGE('',*,*,#926,.T.);
#1252=ORIENTED_EDGE('',*,*,#927,.F.);
#1253=ORIENTED_EDGE('',*,*,#928,.F.);
#1254=ORIENTED_EDGE('',*,*,#851,.F.);
#1255=ORIENTED_EDGE('',*,*,#929,.T.);
#1256=ORIENTED_EDGE('',*,*,#928,.T.);
#1257=ORIENTED_EDGE('',*,*,#929,.F.);
#1258=ORIENTED_EDGE('',*,*,#930,.F.);
#1259=ORIENTED_EDGE('',*,*,#850,.F.);
#1260=ORIENTED_EDGE('',*,*,#931,.T.);
#1261=ORIENTED_EDGE('',*,*,#930,.T.);
#1262=ORIENTED_EDGE('',*,*,#931,.F.);
#1263=ORIENTED_EDGE('',*,*,#810,.F.);
#1264=ORIENTED_EDGE('',*,*,#794,.F.);
#1265=ORIENTED_EDGE('',*,*,#814,.F.);
#1266=ORIENTED_EDGE('',*,*,#790,.F.);
#1267=ORIENTED_EDGE('',*,*,#932,.F.);
#1268=ORIENTED_EDGE('',*,*,#823,.T.);
#1269=ORIENTED_EDGE('',*,*,#826,.T.);
#1270=ORIENTED_EDGE('',*,*,#933,.T.);
#1271=ORIENTED_EDGE('',*,*,#934,.F.);
#1272=ORIENTED_EDGE('',*,*,#935,.T.);
#1273=ORIENTED_EDGE('',*,*,#848,.T.);
#1274=ORIENTED_EDGE('',*,*,#836,.T.);
#1275=ORIENTED_EDGE('',*,*,#749,.T.);
#1276=ORIENTED_EDGE('',*,*,#763,.T.);
#1277=ORIENTED_EDGE('',*,*,#862,.T.);
#1278=ORIENTED_EDGE('',*,*,#936,.F.);
#1279=ORIENTED_EDGE('',*,*,#753,.T.);
#1280=ORIENTED_EDGE('',*,*,#754,.F.);
#1281=ORIENTED_EDGE('',*,*,#936,.T.);
#1282=ORIENTED_EDGE('',*,*,#861,.T.);
#1283=ORIENTED_EDGE('',*,*,#937,.F.);
#1284=ORIENTED_EDGE('',*,*,#755,.T.);
#1285=ORIENTED_EDGE('',*,*,#937,.T.);
#1286=ORIENTED_EDGE('',*,*,#860,.T.);
#1287=ORIENTED_EDGE('',*,*,#777,.F.);
#1288=ORIENTED_EDGE('',*,*,#772,.F.);
#1289=ORIENTED_EDGE('',*,*,#844,.T.);
#1290=ORIENTED_EDGE('',*,*,#869,.T.);
#1291=ORIENTED_EDGE('',*,*,#914,.T.);
#1292=ORIENTED_EDGE('',*,*,#918,.T.);
#1293=ORIENTED_EDGE('',*,*,#884,.T.);
#1294=ORIENTED_EDGE('',*,*,#866,.T.);
#1295=ORIENTED_EDGE('',*,*,#827,.T.);
#1296=ORIENTED_EDGE('',*,*,#765,.F.);
#1297=ORIENTED_EDGE('',*,*,#787,.F.);
#1298=ORIENTED_EDGE('',*,*,#819,.F.);
#1299=ORIENTED_EDGE('',*,*,#834,.F.);
#1300=ORIENTED_EDGE('',*,*,#938,.F.);
#1301=ORIENTED_EDGE('',*,*,#767,.F.);
#1302=ORIENTED_EDGE('',*,*,#833,.T.);
#1303=ORIENTED_EDGE('',*,*,#849,.T.);
#1304=ORIENTED_EDGE('',*,*,#935,.F.);
#1305=ORIENTED_EDGE('',*,*,#939,.F.);
#1306=ORIENTED_EDGE('',*,*,#940,.T.);
#1307=ORIENTED_EDGE('',*,*,#878,.T.);
#1308=ORIENTED_EDGE('',*,*,#922,.T.);
#1309=ORIENTED_EDGE('',*,*,#900,.T.);
#1310=ORIENTED_EDGE('',*,*,#897,.T.);
#1311=ORIENTED_EDGE('',*,*,#875,.T.);
#1312=ORIENTED_EDGE('',*,*,#912,.T.);
#1313=ORIENTED_EDGE('',*,*,#891,.T.);
#1314=ORIENTED_EDGE('',*,*,#887,.T.);
#1315=ORIENTED_EDGE('',*,*,#870,.T.);
#1316=ORIENTED_EDGE('',*,*,#839,.T.);
#1317=ORIENTED_EDGE('',*,*,#941,.F.);
#1318=ORIENTED_EDGE('',*,*,#942,.T.);
#1319=ORIENTED_EDGE('',*,*,#824,.T.);
#1320=ORIENTED_EDGE('',*,*,#821,.T.);
#1321=ORIENTED_EDGE('',*,*,#943,.F.);
#1322=ORIENTED_EDGE('',*,*,#933,.F.);
#1323=ORIENTED_EDGE('',*,*,#825,.T.);
#1324=ORIENTED_EDGE('',*,*,#942,.F.);
#1325=ORIENTED_EDGE('',*,*,#805,.F.);
#1326=ORIENTED_EDGE('',*,*,#783,.F.);
#1327=ORIENTED_EDGE('',*,*,#858,.F.);
#1328=ORIENTED_EDGE('',*,*,#944,.T.);
#1329=ORIENTED_EDGE('',*,*,#806,.F.);
#1330=ORIENTED_EDGE('',*,*,#944,.F.);
#1331=ORIENTED_EDGE('',*,*,#857,.F.);
#1332=ORIENTED_EDGE('',*,*,#945,.F.);
#1333=ORIENTED_EDGE('',*,*,#807,.F.);
#1334=ORIENTED_EDGE('',*,*,#945,.T.);
#1335=ORIENTED_EDGE('',*,*,#856,.T.);
#1336=ORIENTED_EDGE('',*,*,#923,.T.);
#1337=ORIENTED_EDGE('',*,*,#920,.T.);
#1338=ORIENTED_EDGE('',*,*,#903,.T.);
#1339=ORIENTED_EDGE('',*,*,#883,.T.);
#1340=ORIENTED_EDGE('',*,*,#946,.F.);
#1341=ORIENTED_EDGE('',*,*,#808,.F.);
#1342=ORIENTED_EDGE('',*,*,#946,.T.);
#1343=ORIENTED_EDGE('',*,*,#882,.T.);
#1344=ORIENTED_EDGE('',*,*,#947,.T.);
#1345=ORIENTED_EDGE('',*,*,#799,.F.);
#1346=ORIENTED_EDGE('',*,*,#947,.F.);
#1347=ORIENTED_EDGE('',*,*,#881,.F.);
#1348=ORIENTED_EDGE('',*,*,#948,.T.);
#1349=ORIENTED_EDGE('',*,*,#800,.F.);
#1350=ORIENTED_EDGE('',*,*,#948,.F.);
#1351=ORIENTED_EDGE('',*,*,#880,.F.);
#1352=ORIENTED_EDGE('',*,*,#949,.F.);
#1353=ORIENTED_EDGE('',*,*,#950,.F.);
#1354=ORIENTED_EDGE('',*,*,#949,.T.);
#1355=ORIENTED_EDGE('',*,*,#879,.T.);
#1356=ORIENTED_EDGE('',*,*,#940,.F.);
#1357=ORIENTED_EDGE('',*,*,#950,.T.);
#1358=ORIENTED_EDGE('',*,*,#939,.T.);
#1359=ORIENTED_EDGE('',*,*,#820,.T.);
#1360=ORIENTED_EDGE('',*,*,#932,.T.);
#1361=ORIENTED_EDGE('',*,*,#835,.T.);
#1362=ORIENTED_EDGE('',*,*,#801,.F.);
#1363=ORIENTED_EDGE('',*,*,#838,.T.);
#1364=ORIENTED_EDGE('',*,*,#768,.F.);
#1365=ORIENTED_EDGE('',*,*,#938,.T.);
#1366=ORIENTED_EDGE('',*,*,#934,.T.);
#1367=ORIENTED_EDGE('',*,*,#943,.T.);
#1368=ORIENTED_EDGE('',*,*,#941,.T.);
#1369=PLANE('',#1535);
#1370=PLANE('',#1536);
#1371=PLANE('',#1537);
#1372=PLANE('',#1538);
#1373=PLANE('',#1539);
#1374=PLANE('',#1540);
#1375=PLANE('',#1543);
#1376=PLANE('',#1555);
#1377=PLANE('',#1563);
#1378=PLANE('',#1564);
#1379=PLANE('',#1565);
#1380=PLANE('',#1566);
#1381=PLANE('',#1567);
#1382=PLANE('',#1568);
#1383=PLANE('',#1569);
#1384=PLANE('',#1570);
#1385=PLANE('',#1571);
#1386=PLANE('',#1572);
#1387=PLANE('',#1573);
#1388=PLANE('',#1574);
#1389=PLANE('',#1575);
#1390=PLANE('',#1580);
#1391=PLANE('',#1581);
#1392=PLANE('',#1582);
#1393=PLANE('',#1583);
#1394=PLANE('',#1584);
#1395=PLANE('',#1585);
#1396=PLANE('',#1586);
#1397=PLANE('',#1587);
#1398=PLANE('',#1588);
#1399=PLANE('',#1589);
#1400=PLANE('',#1590);
#1401=PLANE('',#1591);
#1402=PLANE('',#1592);
#1403=PLANE('',#1593);
#1404=PLANE('',#1594);
#1405=PLANE('',#1595);
#1406=PLANE('',#1596);
#1407=PLANE('',#1597);
#1408=PLANE('',#1598);
#1409=PLANE('',#1599);
#1410=PLANE('',#1600);
#1411=PLANE('',#1601);
#1412=PLANE('',#1602);
#1413=PLANE('',#1603);
#1414=PLANE('',#1606);
#1415=PLANE('',#1609);
#1416=PLANE('',#1612);
#1417=PLANE('',#1615);
#1418=PLANE('',#1616);
#1419=PLANE('',#1617);
#1420=PLANE('',#1618);
#1421=PLANE('',#1619);
#1422=PLANE('',#1620);
#1423=PLANE('',#1621);
#1424=PLANE('',#1622);
#1425=PLANE('',#1623);
#1426=PLANE('',#1624);
#1427=PLANE('',#1625);
#1428=PLANE('',#1626);
#1429=PLANE('',#1627);
#1430=PLANE('',#1628);
#1431=PLANE('',#1629);
#1432=PLANE('',#1630);
#1433=PLANE('',#1631);
#1434=PLANE('',#1632);
#1435=PLANE('',#1633);
#1436=PLANE('',#1634);
#1437=PLANE('',#1635);
#1438=PLANE('',#1636);
#1439=ADVANCED_FACE('',(#55),#1369,.F.);
#1440=ADVANCED_FACE('',(#56),#1370,.F.);
#1441=ADVANCED_FACE('',(#57),#1371,.F.);
#1442=ADVANCED_FACE('',(#58),#1372,.F.);
#1443=ADVANCED_FACE('',(#59),#1373,.T.);
#1444=ADVANCED_FACE('',(#60,#27,#28),#1374,.T.);
#1445=ADVANCED_FACE('',(#61),#1375,.T.);
#1446=ADVANCED_FACE('',(#62),#23,.F.);
#1447=ADVANCED_FACE('',(#63),#15,.F.);
#1448=ADVANCED_FACE('',(#64),#24,.F.);
#1449=ADVANCED_FACE('',(#65),#16,.F.);
#1450=ADVANCED_FACE('',(#66),#25,.F.);
#1451=ADVANCED_FACE('',(#67,#29,#30),#1376,.T.);
#1452=ADVANCED_FACE('',(#68),#17,.F.);
#1453=ADVANCED_FACE('',(#69),#26,.F.);
#1454=ADVANCED_FACE('',(#70),#18,.F.);
#1455=ADVANCED_FACE('',(#71),#1377,.F.);
#1456=ADVANCED_FACE('',(#72),#1378,.F.);
#1457=ADVANCED_FACE('',(#73),#1379,.T.);
#1458=ADVANCED_FACE('',(#74),#1380,.F.);
#1459=ADVANCED_FACE('',(#75),#1381,.T.);
#1460=ADVANCED_FACE('',(#76),#1382,.T.);
#1461=ADVANCED_FACE('',(#77),#1383,.T.);
#1462=ADVANCED_FACE('',(#78),#1384,.T.);
#1463=ADVANCED_FACE('',(#79),#1385,.T.);
#1464=ADVANCED_FACE('',(#80),#1386,.T.);
#1465=ADVANCED_FACE('',(#81),#1387,.T.);
#1466=ADVANCED_FACE('',(#82),#1388,.T.);
#1467=ADVANCED_FACE('',(#83,#31,#32,#33,#34),#1389,.F.);
#1468=ADVANCED_FACE('',(#84),#1390,.T.);
#1469=ADVANCED_FACE('',(#85),#1391,.T.);
#1470=ADVANCED_FACE('',(#86),#1392,.T.);
#1471=ADVANCED_FACE('',(#87),#1393,.T.);
#1472=ADVANCED_FACE('',(#88),#1394,.T.);
#1473=ADVANCED_FACE('',(#89),#1395,.T.);
#1474=ADVANCED_FACE('',(#90),#1396,.T.);
#1475=ADVANCED_FACE('',(#91),#1397,.T.);
#1476=ADVANCED_FACE('',(#92),#1398,.T.);
#1477=ADVANCED_FACE('',(#93),#1399,.T.);
#1478=ADVANCED_FACE('',(#94),#1400,.T.);
#1479=ADVANCED_FACE('',(#95),#1401,.T.);
#1480=ADVANCED_FACE('',(#96),#1402,.T.);
#1481=ADVANCED_FACE('',(#97),#1403,.T.);
#1482=ADVANCED_FACE('',(#98),#1404,.T.);
#1483=ADVANCED_FACE('',(#99),#1405,.T.);
#1484=ADVANCED_FACE('',(#100),#1406,.T.);
#1485=ADVANCED_FACE('',(#101),#1407,.T.);
#1486=ADVANCED_FACE('',(#102),#1408,.T.);
#1487=ADVANCED_FACE('',(#103),#1409,.T.);
#1488=ADVANCED_FACE('',(#104),#1410,.T.);
#1489=ADVANCED_FACE('',(#105),#1411,.T.);
#1490=ADVANCED_FACE('',(#106),#1412,.T.);
#1491=ADVANCED_FACE('',(#107),#1413,.T.);
#1492=ADVANCED_FACE('',(#108),#19,.F.);
#1493=ADVANCED_FACE('',(#109),#1414,.T.);
#1494=ADVANCED_FACE('',(#110),#20,.F.);
#1495=ADVANCED_FACE('',(#111),#1415,.T.);
#1496=ADVANCED_FACE('',(#112),#21,.F.);
#1497=ADVANCED_FACE('',(#113),#1416,.T.);
#1498=ADVANCED_FACE('',(#114),#22,.F.);
#1499=ADVANCED_FACE('',(#115),#1417,.F.);
#1500=ADVANCED_FACE('',(#116),#1418,.F.);
#1501=ADVANCED_FACE('',(#117),#1419,.F.);
#1502=ADVANCED_FACE('',(#118),#1420,.F.);
#1503=ADVANCED_FACE('',(#119),#1421,.T.);
#1504=ADVANCED_FACE('',(#120),#1422,.T.);
#1505=ADVANCED_FACE('',(#121),#1423,.T.);
#1506=ADVANCED_FACE('',(#122),#1424,.T.);
#1507=ADVANCED_FACE('',(#123),#1425,.T.);
#1508=ADVANCED_FACE('',(#124),#1426,.F.);
#1509=ADVANCED_FACE('',(#125),#1427,.T.);
#1510=ADVANCED_FACE('',(#126),#1428,.F.);
#1511=ADVANCED_FACE('',(#127),#1429,.T.);
#1512=ADVANCED_FACE('',(#128),#1430,.T.);
#1513=ADVANCED_FACE('',(#129),#1431,.T.);
#1514=ADVANCED_FACE('',(#130),#1432,.T.);
#1515=ADVANCED_FACE('',(#131),#1433,.T.);
#1516=ADVANCED_FACE('',(#132),#1434,.T.);
#1517=ADVANCED_FACE('',(#133),#1435,.T.);
#1518=ADVANCED_FACE('',(#134),#1436,.T.);
#1519=ADVANCED_FACE('',(#135),#1437,.T.);
#1520=ADVANCED_FACE('',(#136),#1438,.T.);
#1521=CLOSED_SHELL('',(#1439,#1440,#1441,#1442,#1443,#1444,#1445,#1446,
#1447,#1448,#1449,#1450,#1451,#1452,#1453,#1454,#1455,#1456,#1457,#1458,
#1459,#1460,#1461,#1462,#1463,#1464,#1465,#1466,#1467,#1468,#1469,#1470,
#1471,#1472,#1473,#1474,#1475,#1476,#1477,#1478,#1479,#1480,#1481,#1482,
#1483,#1484,#1485,#1486,#1487,#1488,#1489,#1490,#1491,#1492,#1493,#1494,
#1495,#1496,#1497,#1498,#1499,#1500,#1501,#1502,#1503,#1504,#1505,#1506,
#1507,#1508,#1509,#1510,#1511,#1512,#1513,#1514,#1515,#1516,#1517,#1518,
#1519,#1520));
#1522=DERIVED_UNIT_ELEMENT(#1524,1.);
#1523=DERIVED_UNIT_ELEMENT(#2466,3.);
#1524=(
MASS_UNIT()
NAMED_UNIT(*)
SI_UNIT(.KILO.,.GRAM.)
);
#1525=DERIVED_UNIT((#1522,#1523));
#1526=MEASURE_REPRESENTATION_ITEM('density measure',
POSITIVE_RATIO_MEASURE(7850.),#1525);
#1527=PROPERTY_DEFINITION_REPRESENTATION(#1532,#1529);
#1528=PROPERTY_DEFINITION_REPRESENTATION(#1533,#1530);
#1529=REPRESENTATION('material name',(#1531),#2463);
#1530=REPRESENTATION('density',(#1526),#2463);
#1531=DESCRIPTIVE_REPRESENTATION_ITEM('Steel','Steel');
#1532=PROPERTY_DEFINITION('material property','material name',#2473);
#1533=PROPERTY_DEFINITION('material property','density of part',#2473);
#1534=AXIS2_PLACEMENT_3D('placement',#2032,#1637,#1638);
#1535=AXIS2_PLACEMENT_3D('',#2033,#1639,#1640);
#1536=AXIS2_PLACEMENT_3D('',#2040,#1644,#1645);
#1537=AXIS2_PLACEMENT_3D('',#2047,#1649,#1650);
#1538=AXIS2_PLACEMENT_3D('',#2056,#1656,#1657);
#1539=AXIS2_PLACEMENT_3D('',#2062,#1661,#1662);
#1540=AXIS2_PLACEMENT_3D('',#2078,#1671,#1672);
#1541=AXIS2_PLACEMENT_3D('',#2101,#1684,#1685);
#1542=AXIS2_PLACEMENT_3D('',#2103,#1686,#1687);
#1543=AXIS2_PLACEMENT_3D('',#2104,#1688,#1689);
#1544=AXIS2_PLACEMENT_3D('',#2126,#1701,#1702);
#1545=AXIS2_PLACEMENT_3D('',#2129,#1704,#1705);
#1546=AXIS2_PLACEMENT_3D('',#2130,#1706,#1707);
#1547=AXIS2_PLACEMENT_3D('',#2132,#1708,#1709);
#1548=AXIS2_PLACEMENT_3D('',#2134,#1711,#1712);
#1549=AXIS2_PLACEMENT_3D('',#2137,#1714,#1715);
#1550=AXIS2_PLACEMENT_3D('',#2138,#1716,#1717);
#1551=AXIS2_PLACEMENT_3D('',#2140,#1718,#1719);
#1552=AXIS2_PLACEMENT_3D('',#2142,#1721,#1722);
#1553=AXIS2_PLACEMENT_3D('',#2144,#1723,#1724);
#1554=AXIS2_PLACEMENT_3D('',#2147,#1726,#1727);
#1555=AXIS2_PLACEMENT_3D('',#2148,#1728,#1729);
#1556=AXIS2_PLACEMENT_3D('',#2169,#1740,#1741);
#1557=AXIS2_PLACEMENT_3D('',#2170,#1742,#1743);
#1558=AXIS2_PLACEMENT_3D('',#2172,#1744,#1745);
#1559=AXIS2_PLACEMENT_3D('',#2174,#1747,#1748);
#1560=AXIS2_PLACEMENT_3D('',#2177,#1750,#1751);
#1561=AXIS2_PLACEMENT_3D('',#2178,#1752,#1753);
#1562=AXIS2_PLACEMENT_3D('',#2180,#1754,#1755);
#1563=AXIS2_PLACEMENT_3D('',#2182,#1757,#1758);
#1564=AXIS2_PLACEMENT_3D('',#2186,#1761,#1762);
#1565=AXIS2_PLACEMENT_3D('',#2190,#1765,#1766);
#1566=AXIS2_PLACEMENT_3D('',#2199,#1771,#1772);
#1567=AXIS2_PLACEMENT_3D('',#2205,#1776,#1777);
#1568=AXIS2_PLACEMENT_3D('',#2211,#1781,#1782);
#1569=AXIS2_PLACEMENT_3D('',#2213,#1784,#1785);
#1570=AXIS2_PLACEMENT_3D('',#2220,#1790,#1791);
#1571=AXIS2_PLACEMENT_3D('',#2226,#1795,#1796);
#1572=AXIS2_PLACEMENT_3D('',#2234,#1801,#1802);
#1573=AXIS2_PLACEMENT_3D('',#2240,#1806,#1807);
#1574=AXIS2_PLACEMENT_3D('',#2244,#1810,#1811);
#1575=AXIS2_PLACEMENT_3D('',#2246,#1813,#1814);
#1576=AXIS2_PLACEMENT_3D('',#2251,#1817,#1818);
#1577=AXIS2_PLACEMENT_3D('',#2253,#1819,#1820);
#1578=AXIS2_PLACEMENT_3D('',#2255,#1821,#1822);
#1579=AXIS2_PLACEMENT_3D('',#2257,#1823,#1824);
#1580=AXIS2_PLACEMENT_3D('',#2258,#1825,#1826);
#1581=AXIS2_PLACEMENT_3D('',#2268,#1832,#1833);
#1582=AXIS2_PLACEMENT_3D('',#2279,#1840,#1841);
#1583=AXIS2_PLACEMENT_3D('',#2285,#1845,#1846);
#1584=AXIS2_PLACEMENT_3D('',#2293,#1851,#1852);
#1585=AXIS2_PLACEMENT_3D('',#2302,#1857,#1858);
#1586=AXIS2_PLACEMENT_3D('',#2319,#1867,#1868);
#1587=AXIS2_PLACEMENT_3D('',#2325,#1872,#1873);
#1588=AXIS2_PLACEMENT_3D('',#2333,#1878,#1879);
#1589=AXIS2_PLACEMENT_3D('',#2339,#1883,#1884);
#1590=AXIS2_PLACEMENT_3D('',#2345,#1888,#1889);
#1591=AXIS2_PLACEMENT_3D('',#2351,#1893,#1894);
#1592=AXIS2_PLACEMENT_3D('',#2357,#1898,#1899);
#1593=AXIS2_PLACEMENT_3D('',#2363,#1903,#1904);
#1594=AXIS2_PLACEMENT_3D('',#2367,#1907,#1908);
#1595=AXIS2_PLACEMENT_3D('',#2373,#1912,#1913);
#1596=AXIS2_PLACEMENT_3D('',#2375,#1915,#1916);
#1597=AXIS2_PLACEMENT_3D('',#2378,#1919,#1920);
#1598=AXIS2_PLACEMENT_3D('',#2382,#1923,#1924);
#1599=AXIS2_PLACEMENT_3D('',#2390,#1931,#1932);
#1600=AXIS2_PLACEMENT_3D('',#2391,#1933,#1934);
#1601=AXIS2_PLACEMENT_3D('',#2393,#1936,#1937);
#1602=AXIS2_PLACEMENT_3D('',#2394,#1938,#1939);
#1603=AXIS2_PLACEMENT_3D('',#2396,#1941,#1942);
#1604=AXIS2_PLACEMENT_3D('',#2398,#1943,#1944);
#1605=AXIS2_PLACEMENT_3D('',#2399,#1945,#1946);
#1606=AXIS2_PLACEMENT_3D('',#2401,#1948,#1949);
#1607=AXIS2_PLACEMENT_3D('',#2403,#1950,#1951);
#1608=AXIS2_PLACEMENT_3D('',#2404,#1952,#1953);
#1609=AXIS2_PLACEMENT_3D('',#2406,#1955,#1956);
#1610=AXIS2_PLACEMENT_3D('',#2408,#1957,#1958);
#1611=AXIS2_PLACEMENT_3D('',#2409,#1959,#1960);
#1612=AXIS2_PLACEMENT_3D('',#2411,#1962,#1963);
#1613=AXIS2_PLACEMENT_3D('',#2413,#1964,#1965);
#1614=AXIS2_PLACEMENT_3D('',#2414,#1966,#1967);
#1615=AXIS2_PLACEMENT_3D('',#2416,#1969,#1970);
#1616=AXIS2_PLACEMENT_3D('',#2417,#1971,#1972);
#1617=AXIS2_PLACEMENT_3D('',#2418,#1973,#1974);
#1618=AXIS2_PLACEMENT_3D('',#2419,#1975,#1976);
#1619=AXIS2_PLACEMENT_3D('',#2420,#1977,#1978);
#1620=AXIS2_PLACEMENT_3D('',#2427,#1983,#1984);
#1621=AXIS2_PLACEMENT_3D('',#2429,#1986,#1987);
#1622=AXIS2_PLACEMENT_3D('',#2431,#1989,#1990);
#1623=AXIS2_PLACEMENT_3D('',#2432,#1991,#1992);
#1624=AXIS2_PLACEMENT_3D('',#2433,#1993,#1994);
#1625=AXIS2_PLACEMENT_3D('',#2434,#1995,#1996);
#1626=AXIS2_PLACEMENT_3D('',#2436,#1998,#1999);
#1627=AXIS2_PLACEMENT_3D('',#2443,#2004,#2005);
#1628=AXIS2_PLACEMENT_3D('',#2445,#2007,#2008);
#1629=AXIS2_PLACEMENT_3D('',#2447,#2010,#2011);
#1630=AXIS2_PLACEMENT_3D('',#2449,#2013,#2014);
#1631=AXIS2_PLACEMENT_3D('',#2451,#2016,#2017);
#1632=AXIS2_PLACEMENT_3D('',#2453,#2019,#2020);
#1633=AXIS2_PLACEMENT_3D('',#2455,#2022,#2023);
#1634=AXIS2_PLACEMENT_3D('',#2457,#2025,#2026);
#1635=AXIS2_PLACEMENT_3D('',#2459,#2028,#2029);
#1636=AXIS2_PLACEMENT_3D('',#2460,#2030,#2031);
#1637=DIRECTION('axis',(0.,0.,1.));
#1638=DIRECTION('refdir',(1.,0.,0.));
#1639=DIRECTION('center_axis',(1.,0.,0.));
#1640=DIRECTION('ref_axis',(0.,0.,-1.));
#1641=DIRECTION('',(0.,0.,-1.));
#1642=DIRECTION('',(0.,-0.696793471207346,0.71727181631709));
#1643=DIRECTION('',(0.,1.,-2.16628882853689E-16));
#1644=DIRECTION('center_axis',(-1.,0.,0.));
#1645=DIRECTION('ref_axis',(0.,0.,1.));
#1646=DIRECTION('',(0.,0.,1.));
#1647=DIRECTION('',(0.,-1.,2.16628882853689E-16));
#1648=DIRECTION('',(0.,0.696793471207346,-0.71727181631709));
#1649=DIRECTION('center_axis',(0.,0.71727181631709,0.696793471207346));
#1650=DIRECTION('ref_axis',(0.,0.696793471207346,-0.71727181631709));
#1651=DIRECTION('',(1.,0.,0.));
#1652=DIRECTION('',(0.,0.696793471207346,-0.71727181631709));
#1653=DIRECTION('',(-1.,0.,0.));
#1654=DIRECTION('',(1.,0.,0.));
#1655=DIRECTION('',(-1.,0.,0.));
#1656=DIRECTION('center_axis',(0.,-0.71699491881443,0.697078393291808));
#1657=DIRECTION('ref_axis',(0.,0.697078393291808,0.71699491881443));
#1658=DIRECTION('',(0.,0.697078393291808,0.71699491881443));
#1659=DIRECTION('',(-1.,0.,0.));
#1660=DIRECTION('',(0.,-0.697078393291808,-0.71699491881443));
#1661=DIRECTION('center_axis',(0.,-1.,0.));
#1662=DIRECTION('ref_axis',(1.,0.,0.));
#1663=DIRECTION('',(-1.,0.,0.));
#1664=DIRECTION('',(0.,0.,1.));
#1665=DIRECTION('',(-1.,0.,0.));
#1666=DIRECTION('',(0.,0.,-1.));
#1667=DIRECTION('',(-1.,0.,0.));
#1668=DIRECTION('',(0.,0.,1.));
#1669=DIRECTION('',(-1.,0.,0.));
#1670=DIRECTION('',(0.,0.,1.));
#1671=DIRECTION('center_axis',(0.,-2.16628882853689E-16,-1.));
#1672=DIRECTION('ref_axis',(0.,1.,-2.16628882853689E-16));
#1673=DIRECTION('',(-1.,0.,0.));
#1674=DIRECTION('',(0.,1.,-2.16628882853689E-16));
#1675=DIRECTION('',(1.,0.,0.));
#1676=DIRECTION('',(0.,-1.,2.16628882853689E-16));
#1677=DIRECTION('',(-1.,0.,0.));
#1678=DIRECTION('',(-1.,0.,0.));
#1679=DIRECTION('',(0.,1.,-2.16628882853689E-16));
#1680=DIRECTION('',(1.,0.,0.));
#1681=DIRECTION('',(0.,1.,-2.16628882853689E-16));
#1682=DIRECTION('',(-1.,0.,0.));
#1683=DIRECTION('',(0.,1.,-2.16628882853689E-16));
#1684=DIRECTION('center_axis',(0.,-2.16628882853689E-16,-1.));
#1685=DIRECTION('ref_axis',(1.,0.,0.));
#1686=DIRECTION('center_axis',(0.,-2.16628882853689E-16,-1.));
#1687=DIRECTION('ref_axis',(1.,0.,0.));
#1688=DIRECTION('center_axis',(0.,-1.,0.));
#1689=DIRECTION('ref_axis',(1.,0.,0.));
#1690=DIRECTION('',(0.,0.,1.));
#1691=DIRECTION('',(-1.,0.,0.));
#1692=DIRECTION('',(0.,0.,-1.));
#1693=DIRECTION('',(-1.,0.,0.));
#1694=DIRECTION('',(0.,0.,1.));
#1695=DIRECTION('',(-1.,0.,0.));
#1696=DIRECTION('',(0.,0.,-1.));
#1697=DIRECTION('',(-1.,0.,0.));
#1698=DIRECTION('',(0.,0.,1.));
#1699=DIRECTION('',(1.,0.,0.));
#1700=DIRECTION('',(0.,0.,-1.));
#1701=DIRECTION('center_axis',(0.,0.,-1.));
#1702=DIRECTION('ref_axis',(1.,0.,0.));
#1703=DIRECTION('',(0.707106781186286,-8.65956056235173E-17,0.707106781186809));
#1704=DIRECTION('center_axis',(0.,2.16628882853689E-16,1.));
#1705=DIRECTION('ref_axis',(1.,0.,0.));
#1706=DIRECTION('center_axis',(0.,2.58379176640036E-15,-1.));
#1707=DIRECTION('ref_axis',(1.,0.,0.));
#1708=DIRECTION('center_axis',(0.,-2.59224411961736E-15,1.));
#1709=DIRECTION('ref_axis',(1.,0.,0.));
#1710=DIRECTION('',(0.,2.58379176640036E-15,-1.));
#1711=DIRECTION('center_axis',(0.,0.,-1.));
#1712=DIRECTION('ref_axis',(1.,0.,0.));
#1713=DIRECTION('',(0.707106781186516,-8.65956056235455E-17,0.707106781186579));
#1714=DIRECTION('center_axis',(0.,2.16628882853689E-16,1.));
#1715=DIRECTION('ref_axis',(1.,0.,0.));
#1716=DIRECTION('center_axis',(0.,2.58379176640036E-15,-1.));
#1717=DIRECTION('ref_axis',(1.,0.,0.));
#1718=DIRECTION('center_axis',(0.,-2.59224411961736E-15,1.));
#1719=DIRECTION('ref_axis',(1.,0.,0.));
#1720=DIRECTION('',(0.,2.58379176640036E-15,-1.));
#1721=DIRECTION('center_axis',(0.,0.,-1.));
#1722=DIRECTION('ref_axis',(1.,0.,0.));
#1723=DIRECTION('center_axis',(0.,-2.16628882853689E-16,-1.));
#1724=DIRECTION('ref_axis',(1.,0.,0.));
#1725=DIRECTION('',(0.707106781186524,-8.65956056235464E-17,0.707106781186571));
#1726=DIRECTION('center_axis',(0.,2.16628882853689E-16,1.));
#1727=DIRECTION('ref_axis',(1.,0.,0.));
#1728=DIRECTION('center_axis',(0.,-2.16628882853689E-16,-1.));
#1729=DIRECTION('ref_axis',(0.,1.,-2.16628882853689E-16));
#1730=DIRECTION('',(1.8503717077086E-16,-1.,2.16628882853689E-16));
#1731=DIRECTION('',(-1.,0.,0.));
#1732=DIRECTION('',(-1.,0.,0.));
#1733=DIRECTION('',(0.,1.,-2.16628882853689E-16));
#1734=DIRECTION('',(1.,0.,0.));
#1735=DIRECTION('',(0.,-1.,2.16628882853689E-16));
#1736=DIRECTION('',(0.,-1.,2.16628882853689E-16));
#1737=DIRECTION('',(-1.,0.,0.));
#1738=DIRECTION('',(-7.27387498892344E-17,-1.,2.16628882853689E-16));
#1739=DIRECTION('',(1.,0.,0.));
#1740=DIRECTION('center_axis',(0.,-2.16628882853689E-16,-1.));
#1741=DIRECTION('ref_axis',(1.,0.,0.));
#1742=DIRECTION('center_axis',(0.,2.58379176640036E-15,-1.));
#1743=DIRECTION('ref_axis',(1.,0.,0.));
#1744=DIRECTION('center_axis',(0.,-2.59224411961736E-15,1.));
#1745=DIRECTION('ref_axis',(1.,0.,0.));
#1746=DIRECTION('',(0.,2.58379176640036E-15,-1.));
#1747=DIRECTION('center_axis',(0.,0.,-1.));
#1748=DIRECTION('ref_axis',(1.,0.,0.));
#1749=DIRECTION('',(0.707106781186294,-8.65956056235182E-17,0.707106781186801));
#1750=DIRECTION('center_axis',(0.,2.16628882853689E-16,1.));
#1751=DIRECTION('ref_axis',(1.,0.,0.));
#1752=DIRECTION('center_axis',(0.,2.58379176640036E-15,-1.));
#1753=DIRECTION('ref_axis',(1.,0.,0.));
#1754=DIRECTION('center_axis',(0.,-2.59224411961736E-15,1.));
#1755=DIRECTION('ref_axis',(1.,0.,0.));
#1756=DIRECTION('',(0.,2.58379176640036E-15,-1.));
#1757=DIRECTION('center_axis',(-1.,0.,0.));
#1758=DIRECTION('ref_axis',(0.,0.,-1.));
#1759=DIRECTION('',(0.,0.,-1.));
#1760=DIRECTION('',(0.,-1.,0.));
#1761=DIRECTION('center_axis',(0.,0.,1.));
#1762=DIRECTION('ref_axis',(-1.,0.,0.));
#1763=DIRECTION('',(-1.,0.,0.));
#1764=DIRECTION('',(0.,-1.,0.));
#1765=DIRECTION('center_axis',(1.,-1.47909596284669E-16,-1.24110887690046E-16));
#1766=DIRECTION('ref_axis',(-1.93082265152201E-16,-0.766044443118978,-0.642787609686539));
#1767=DIRECTION('',(-3.20474742746036E-31,-0.64278760968654,0.766044443118977));
#1768=DIRECTION('',(0.,-0.766044443118978,-0.642787609686539));
#1769=DIRECTION('',(0.,0.642787609686539,-0.766044443118978));
#1770=DIRECTION('',(0.,0.766044443118978,0.642787609686539));
#1771=DIRECTION('center_axis',(0.,0.766044443118978,0.642787609686539));
#1772=DIRECTION('ref_axis',(1.,0.,0.));
#1773=DIRECTION('',(-1.,0.,0.));
#1774=DIRECTION('',(0.,0.642787609686539,-0.766044443118978));
#1775=DIRECTION('',(1.,0.,0.));
#1776=DIRECTION('center_axis',(0.,-1.,-2.66453525910038E-15));
#1777=DIRECTION('ref_axis',(-1.,0.,0.));
#1778=DIRECTION('',(0.,2.66453525910038E-15,-1.));
#1779=DIRECTION('',(1.,0.,0.));
#1780=DIRECTION('',(0.,2.66453525910038E-15,-1.));
#1781=DIRECTION('center_axis',(-1.,0.,0.));
#1782=DIRECTION('ref_axis',(0.,1.,2.59224411961736E-15));
#1783=DIRECTION('',(0.,-1.,2.59224411961738E-15));
#1784=DIRECTION('center_axis',(0.,1.,0.));
#1785=DIRECTION('ref_axis',(-1.,0.,0.));
#1786=DIRECTION('',(0.,0.,1.));
#1787=DIRECTION('',(1.,0.,0.));
#1788=DIRECTION('',(0.,0.,1.));
#1789=DIRECTION('',(0.,0.,1.));
#1790=DIRECTION('center_axis',(-1.,0.,0.));
#1791=DIRECTION('ref_axis',(0.,-1.,0.));
#1792=DIRECTION('',(0.,0.64278760968654,-0.766044443118977));
#1793=DIRECTION('',(0.,-0.766044443118978,-0.642787609686539));
#1794=DIRECTION('',(0.,1.,2.59224411961736E-15));
#1795=DIRECTION('center_axis',(-1.,0.,0.));
#1796=DIRECTION('ref_axis',(0.,-1.,0.));
#1797=DIRECTION('',(0.,0.64278760968654,-0.766044443118977));
#1798=DIRECTION('',(0.,-0.766044443118978,-0.642787609686539));
#1799=DIRECTION('',(0.,1.,-2.59224411961738E-15));
#1800=DIRECTION('',(0.,2.66453525910038E-15,-1.));
#1801=DIRECTION('center_axis',(0.,1.,2.66453525910038E-15));
#1802=DIRECTION('ref_axis',(1.,0.,0.));
#1803=DIRECTION('',(0.,2.66453525910038E-15,-1.));
#1804=DIRECTION('',(-1.,0.,0.));
#1805=DIRECTION('',(0.,-2.66453525910038E-15,1.));
#1806=DIRECTION('center_axis',(-1.,0.,0.));
#1807=DIRECTION('ref_axis',(0.,1.,2.59224411961736E-15));
#1808=DIRECTION('',(0.,2.66453525910038E-15,-1.));
#1809=DIRECTION('',(0.,-1.,2.59224411961738E-15));
#1810=DIRECTION('center_axis',(0.,-1.,-2.66453525910038E-15));
#1811=DIRECTION('ref_axis',(-1.,0.,0.));
#1812=DIRECTION('',(1.,0.,0.));
#1813=DIRECTION('center_axis',(0.,2.59224411961736E-15,-1.));
#1814=DIRECTION('ref_axis',(0.,-1.,-2.59224411961736E-15));
#1815=DIRECTION('',(-1.,0.,0.));
#1816=DIRECTION('',(0.,-1.,-2.59224411961736E-15));
#1817=DIRECTION('center_axis',(0.,2.59224411961736E-15,-1.));
#1818=DIRECTION('ref_axis',(1.,0.,0.));
#1819=DIRECTION('center_axis',(0.,2.59224411961736E-15,-1.));
#1820=DIRECTION('ref_axis',(1.,0.,0.));
#1821=DIRECTION('center_axis',(0.,2.59224411961736E-15,-1.));
#1822=DIRECTION('ref_axis',(1.,0.,0.));
#1823=DIRECTION('center_axis',(0.,2.59224411961736E-15,-1.));
#1824=DIRECTION('ref_axis',(1.,0.,0.));
#1825=DIRECTION('center_axis',(0.,-2.59224411961738E-15,-1.));
#1826=DIRECTION('ref_axis',(0.,-1.,2.59224411961738E-15));
#1827=DIRECTION('',(0.,-1.,2.59224411961738E-15));
#1828=DIRECTION('',(-1.,-9.86864910777917E-17,2.55819476182078E-31));
#1829=DIRECTION('',(-7.27387498892344E-17,-1.,2.59224411961738E-15));
#1830=DIRECTION('',(1.,0.,0.));
#1831=DIRECTION('',(0.,1.,-2.59224411961738E-15));
#1832=DIRECTION('center_axis',(0.,-2.59224411961738E-15,-1.));
#1833=DIRECTION('ref_axis',(0.,-1.,2.59224411961738E-15));
#1834=DIRECTION('',(-2.16628882853691E-16,1.,-2.59224411961738E-15));
#1835=DIRECTION('',(0.,1.,-2.59224411961738E-15));
#1836=DIRECTION('',(-1.,0.,0.));
#1837=DIRECTION('',(0.,-1.,2.59224411961738E-15));
#1838=DIRECTION('',(4.33257765707382E-16,-1.,2.59224411961738E-15));
#1839=DIRECTION('',(-1.,-9.86864910777917E-17,2.55819476182078E-31));
#1840=DIRECTION('center_axis',(0.,-2.59224411961738E-15,-1.));
#1841=DIRECTION('ref_axis',(0.,-1.,2.59224411961738E-15));
#1842=DIRECTION('',(0.,1.,-2.59224411961738E-15));
#1843=DIRECTION('',(0.,1.,-2.59224411961738E-15));
#1844=DIRECTION('',(-1.,-9.86864910777917E-17,2.55819476182078E-31));
#1845=DIRECTION('center_axis',(0.,-2.59224411961738E-15,-1.));
#1846=DIRECTION('ref_axis',(0.,-1.,2.59224411961738E-15));
#1847=DIRECTION('',(1.,0.,0.));
#1848=DIRECTION('',(0.,1.,-2.59224411961738E-15));
#1849=DIRECTION('',(1.,0.,0.));
#1850=DIRECTION('',(0.,1.,-2.59224411961738E-15));
#1851=DIRECTION('center_axis',(0.,-2.59224411961738E-15,-1.));
#1852=DIRECTION('ref_axis',(0.,-1.,2.59224411961738E-15));
#1853=DIRECTION('',(0.,1.,-2.59224411961738E-15));
#1854=DIRECTION('',(1.,0.,0.));
#1855=DIRECTION('',(0.,-1.,2.59224411961738E-15));
#1856=DIRECTION('',(1.,0.,0.));
#1857=DIRECTION('center_axis',(0.,-2.59224411961738E-15,-1.));
#1858=DIRECTION('ref_axis',(0.,-1.,2.59224411961738E-15));
#1859=DIRECTION('',(1.,0.,0.));
#1860=DIRECTION('',(0.,-1.,2.59224411961738E-15));
#1861=DIRECTION('',(1.,0.,0.));
#1862=DIRECTION('',(-7.27387498892344E-17,-1.,2.59224411961738E-15));
#1863=DIRECTION('',(1.,0.,0.));
#1864=DIRECTION('',(-1.8503717077086E-16,1.,-2.59224411961738E-15));
#1865=DIRECTION('',(1.,0.,0.));
#1866=DIRECTION('',(-7.27387498892344E-17,-1.,2.59224411961738E-15));
#1867=DIRECTION('center_axis',(-9.86864910777917E-17,1.,0.));
#1868=DIRECTION('ref_axis',(1.,9.86864910777917E-17,-2.55819476182078E-31));
#1869=DIRECTION('',(0.,0.,1.));
#1870=DIRECTION('',(1.,9.86864910777917E-17,-2.55819476182078E-31));
#1871=DIRECTION('',(0.,0.,-1.));
#1872=DIRECTION('center_axis',(1.,0.,0.));
#1873=DIRECTION('ref_axis',(0.,-1.,2.59224411961738E-15));
#1874=DIRECTION('',(0.,0.766044443118978,0.642787609686539));
#1875=DIRECTION('',(0.,0.,-1.));
#1876=DIRECTION('',(0.,-1.,2.59224411961738E-15));
#1877=DIRECTION('',(0.,0.,-1.));
#1878=DIRECTION('center_axis',(-4.93432455388958E-17,-1.,0.));
#1879=DIRECTION('ref_axis',(-1.,4.93432455388958E-17,-1.27909738091039E-31));
#1880=DIRECTION('',(1.,-4.93432455388958E-17,-4.14038991327775E-17));
#1881=DIRECTION('',(0.,0.,-1.));
#1882=DIRECTION('',(-1.,4.93432455388958E-17,-1.27909738091039E-31));
#1883=DIRECTION('center_axis',(0.,-1.,0.));
#1884=DIRECTION('ref_axis',(-1.,0.,0.));
#1885=DIRECTION('',(0.,0.,-1.));
#1886=DIRECTION('',(-1.,0.,0.));
#1887=DIRECTION('',(0.,0.,-1.));
#1888=DIRECTION('center_axis',(1.,0.,0.));
#1889=DIRECTION('ref_axis',(0.,-1.,2.59224411961738E-15));
#1890=DIRECTION('',(0.,0.766044443118978,0.642787609686539));
#1891=DIRECTION('',(0.,0.,-1.));
#1892=DIRECTION('',(0.,-1.,2.59224411961738E-15));
#1893=DIRECTION('center_axis',(-4.93432455388958E-17,-1.,0.));
#1894=DIRECTION('ref_axis',(-1.,4.93432455388958E-17,-1.27909738091039E-31));
#1895=DIRECTION('',(1.,-4.93432455388958E-17,-4.14038991327775E-17));
#1896=DIRECTION('',(0.,0.,-1.));
#1897=DIRECTION('',(-1.,4.93432455388958E-17,-1.27909738091039E-31));
#1898=DIRECTION('center_axis',(0.,-1.,0.));
#1899=DIRECTION('ref_axis',(-1.,0.,0.));
#1900=DIRECTION('',(0.,0.,1.));
#1901=DIRECTION('',(-1.,0.,0.));
#1902=DIRECTION('',(0.,0.,-1.));
#1903=DIRECTION('center_axis',(-1.,0.,0.));
#1904=DIRECTION('ref_axis',(0.,1.,-2.59224411961738E-15));
#1905=DIRECTION('',(0.,1.,-2.59224411961738E-15));
#1906=DIRECTION('',(0.,0.,-1.));
#1907=DIRECTION('center_axis',(-9.86864910777917E-17,1.,0.));
#1908=DIRECTION('ref_axis',(1.,9.86864910777917E-17,-2.55819476182078E-31));
#1909=DIRECTION('',(0.,0.,-1.));
#1910=DIRECTION('',(1.,9.86864910777917E-17,-2.55819476182078E-31));
#1911=DIRECTION('',(0.,0.,-1.));
#1912=DIRECTION('center_axis',(-1.,-4.33257765707382E-16,0.));
#1913=DIRECTION('ref_axis',(-4.33257765707382E-16,1.,-2.59224411961738E-15));
#1914=DIRECTION('',(-4.33257765707382E-16,1.,-2.59224411961738E-15));
#1915=DIRECTION('center_axis',(-1.,0.,0.));
#1916=DIRECTION('ref_axis',(0.,1.,-2.59224411961738E-15));
#1917=DIRECTION('',(0.,-0.766044443118978,-0.642787609686539));
#1918=DIRECTION('',(0.,1.,-2.59224411961738E-15));
#1919=DIRECTION('center_axis',(0.,-1.,0.));
#1920=DIRECTION('ref_axis',(-1.,0.,0.));
#1921=DIRECTION('',(0.,0.,-1.));
#1922=DIRECTION('',(-1.,0.,0.));
#1923=DIRECTION('center_axis',(0.,0.,-1.));
#1924=DIRECTION('ref_axis',(-1.,0.,0.));
#1925=DIRECTION('',(2.16628882853691E-16,-1.,2.59224411961738E-15));
#1926=DIRECTION('',(0.,-1.,2.59224411961738E-15));
#1927=DIRECTION('',(0.,1.,0.));
#1928=DIRECTION('',(0.,1.,-2.59224411961738E-15));
#1929=DIRECTION('',(-7.27387498892344E-17,-1.,0.));
#1930=DIRECTION('',(1.,9.86864910777917E-17,-2.55819476182078E-31));
#1931=DIRECTION('center_axis',(1.,0.,0.));
#1932=DIRECTION('ref_axis',(0.,-1.,2.59224411961738E-15));
#1933=DIRECTION('center_axis',(-1.,0.,0.));
#1934=DIRECTION('ref_axis',(0.,1.,-2.59224411961738E-15));
#1935=DIRECTION('',(0.,-0.766044443118978,-0.642787609686539));
#1936=DIRECTION('center_axis',(1.,2.16628882853691E-16,0.));
#1937=DIRECTION('ref_axis',(2.16628882853691E-16,-1.,2.59224411961738E-15));
#1938=DIRECTION('center_axis',(-9.86864910777917E-17,1.,0.));
#1939=DIRECTION('ref_axis',(1.,9.86864910777917E-17,-2.55819476182078E-31));
#1940=DIRECTION('',(0.,0.,-1.));
#1941=DIRECTION('center_axis',(0.,-2.59224411961736E-15,1.));
#1942=DIRECTION('ref_axis',(1.,0.,0.));
#1943=DIRECTION('center_axis',(0.,2.59224411961736E-15,-1.));
#1944=DIRECTION('ref_axis',(1.,0.,0.));
#1945=DIRECTION('center_axis',(0.,4.44089209850062E-15,-1.));
#1946=DIRECTION('ref_axis',(1.,0.,0.));
#1947=DIRECTION('',(0.,4.44089209850062E-15,-1.));
#1948=DIRECTION('center_axis',(0.,-2.59224411961736E-15,1.));
#1949=DIRECTION('ref_axis',(1.,0.,0.));
#1950=DIRECTION('center_axis',(0.,2.59224411961736E-15,-1.));
#1951=DIRECTION('ref_axis',(1.,0.,0.));
#1952=DIRECTION('center_axis',(0.,2.22044604925031E-15,-1.));
#1953=DIRECTION('ref_axis',(1.,0.,0.));
#1954=DIRECTION('',(0.,2.22044604925031E-15,-1.));
#1955=DIRECTION('center_axis',(0.,-2.59224411961736E-15,1.));
#1956=DIRECTION('ref_axis',(1.,0.,0.));
#1957=DIRECTION('center_axis',(0.,2.59224411961736E-15,-1.));
#1958=DIRECTION('ref_axis',(1.,0.,0.));
#1959=DIRECTION('center_axis',(0.,2.22044604925031E-15,-1.));
#1960=DIRECTION('ref_axis',(1.,0.,0.));
#1961=DIRECTION('',(0.,2.22044604925031E-15,-1.));
#1962=DIRECTION('center_axis',(0.,-2.59224411961736E-15,1.));
#1963=DIRECTION('ref_axis',(1.,0.,0.));
#1964=DIRECTION('center_axis',(0.,2.59224411961736E-15,-1.));
#1965=DIRECTION('ref_axis',(1.,0.,0.));
#1966=DIRECTION('center_axis',(0.,4.44089209850062E-15,-1.));
#1967=DIRECTION('ref_axis',(1.,0.,0.));
#1968=DIRECTION('',(0.,4.44089209850062E-15,-1.));
#1969=DIRECTION('center_axis',(0.,-2.59224411961736E-15,1.));
#1970=DIRECTION('ref_axis',(1.,0.,0.));
#1971=DIRECTION('center_axis',(0.,-2.59224411961736E-15,1.));
#1972=DIRECTION('ref_axis',(1.,0.,0.));
#1973=DIRECTION('center_axis',(0.,-2.59224411961736E-15,1.));
#1974=DIRECTION('ref_axis',(1.,0.,0.));
#1975=DIRECTION('center_axis',(0.,-2.59224411961736E-15,1.));
#1976=DIRECTION('ref_axis',(1.,0.,0.));
#1977=DIRECTION('center_axis',(0.,-0.642787609686539,0.766044443118978));
#1978=DIRECTION('ref_axis',(1.,0.,0.));
#1979=DIRECTION('',(-1.,0.,0.));
#1980=DIRECTION('',(0.,-0.766044443118978,-0.642787609686539));
#1981=DIRECTION('',(-1.,0.,0.));
#1982=DIRECTION('',(0.,0.766044443118978,0.642787609686539));
#1983=DIRECTION('center_axis',(1.,0.,0.));
#1984=DIRECTION('ref_axis',(0.,1.,0.));
#1985=DIRECTION('',(0.,0.,1.));
#1986=DIRECTION('center_axis',(0.,-1.,0.));
#1987=DIRECTION('ref_axis',(1.,0.,0.));
#1988=DIRECTION('',(0.,0.,1.));
#1989=DIRECTION('center_axis',(-1.,0.,0.));
#1990=DIRECTION('ref_axis',(0.,-1.,0.));
#1991=DIRECTION('center_axis',(-1.,0.,0.));
#1992=DIRECTION('ref_axis',(0.,-1.,0.));
#1993=DIRECTION('center_axis',(1.,0.,0.));
#1994=DIRECTION('ref_axis',(0.,0.,1.));
#1995=DIRECTION('center_axis',(1.,0.,0.));
#1996=DIRECTION('ref_axis',(0.,1.,0.));
#1997=DIRECTION('',(0.,-0.64278760968654,0.766044443118977));
#1998=DIRECTION('center_axis',(0.,-0.642787609686539,0.766044443118978));
#1999=DIRECTION('ref_axis',(1.,0.,0.));
#2000=DIRECTION('',(1.,0.,0.));
#2001=DIRECTION('',(5.57211151520692E-17,0.766044443118978,0.642787609686539));
#2002=DIRECTION('',(1.,0.,0.));
#2003=DIRECTION('',(0.,0.766044443118978,0.642787609686539));
#2004=DIRECTION('center_axis',(-1.,0.,0.));
#2005=DIRECTION('ref_axis',(0.,0.766044443118978,0.642787609686539));
#2006=DIRECTION('',(0.,0.64278760968654,-0.766044443118977));
#2007=DIRECTION('center_axis',(1.,0.,0.));
#2008=DIRECTION('ref_axis',(0.,-1.,-2.59224411961736E-15));
#2009=DIRECTION('',(0.,2.66453525910038E-15,-1.));
#2010=DIRECTION('center_axis',(0.,-1.,-2.66453525910038E-15));
#2011=DIRECTION('ref_axis',(-1.,0.,0.));
#2012=DIRECTION('',(-1.93814963782749E-31,-2.66453525910038E-15,1.));
#2013=DIRECTION('center_axis',(1.,-7.27387498892344E-17,0.));
#2014=DIRECTION('ref_axis',(7.27387498892344E-17,1.,0.));
#2015=DIRECTION('',(0.,0.,1.));
#2016=DIRECTION('center_axis',(0.,1.,0.));
#2017=DIRECTION('ref_axis',(-1.,0.,0.));
#2018=DIRECTION('',(0.,2.66453525910038E-15,-1.));
#2019=DIRECTION('center_axis',(1.,1.8503717077086E-16,4.93038065763133E-31));
#2020=DIRECTION('ref_axis',(1.8503717077086E-16,-1.,-2.59224411961736E-15));
#2021=DIRECTION('',(0.,2.66453525910038E-15,-1.));
#2022=DIRECTION('center_axis',(0.,-1.,-2.66453525910038E-15));
#2023=DIRECTION('ref_axis',(-1.,0.,0.));
#2024=DIRECTION('',(-1.93814963782749E-31,-2.66453525910038E-15,1.));
#2025=DIRECTION('center_axis',(1.,-7.27387498892344E-17,0.));
#2026=DIRECTION('ref_axis',(7.27387498892344E-17,1.,0.));
#2027=DIRECTION('',(-4.67555671728881E-17,-0.64278760968654,0.766044443118977));
#2028=DIRECTION('center_axis',(0.,-0.766044443118977,-0.64278760968654));
#2029=DIRECTION('ref_axis',(0.,0.64278760968654,-0.766044443118977));
#2030=DIRECTION('center_axis',(0.,-0.766044443118977,-0.64278760968654));
#2031=DIRECTION('ref_axis',(0.,0.64278760968654,-0.766044443118977));
#2032=CARTESIAN_POINT('',(0.,0.,0.));
#2033=CARTESIAN_POINT('Origin',(76.5,146.498609410883,99.7999999999999));
#2034=CARTESIAN_POINT('',(76.5,148.,100.055915893397));
#2035=CARTESIAN_POINT('',(76.5,148.,97.9999999999999));
#2036=CARTESIAN_POINT('',(76.5,148.,49.9));
#2037=CARTESIAN_POINT('',(76.5,149.997218821766,97.9999999999999));
#2038=CARTESIAN_POINT('',(76.5,149.997218821766,97.9999999999999));
#2039=CARTESIAN_POINT('',(76.5,107.249304705442,98.));
#2040=CARTESIAN_POINT('Origin',(66.5,146.498609410883,99.7999999999999));
#2041=CARTESIAN_POINT('',(66.5,146.5,97.9999999999999));
#2042=CARTESIAN_POINT('',(66.5,146.5,101.6));
#2043=CARTESIAN_POINT('',(66.5,146.5,49.9));
#2044=CARTESIAN_POINT('',(66.5,149.997218821766,97.9999999999999));
#2045=CARTESIAN_POINT('',(66.5,107.249304705442,98.));
#2046=CARTESIAN_POINT('',(66.5,149.997218821766,97.9999999999999));
#2047=CARTESIAN_POINT('Origin',(75.5,146.5,101.6));
#2048=CARTESIAN_POINT('',(75.5,148.,100.055915893397));
#2049=CARTESIAN_POINT('',(75.5,148.,100.055915893397));
#2050=CARTESIAN_POINT('',(75.5,146.5,101.6));
#2051=CARTESIAN_POINT('',(75.5,171.039686191837,76.3391070467817));
#2052=CARTESIAN_POINT('',(67.5,146.5,101.6));
#2053=CARTESIAN_POINT('',(75.5,146.5,101.6));
#2054=CARTESIAN_POINT('',(38.75,146.5,101.6));
#2055=CARTESIAN_POINT('',(127.75,149.997218821766,97.9999999999999));
#2056=CARTESIAN_POINT('Origin',(75.5,143.,97.9999999999999));
#2057=CARTESIAN_POINT('',(75.5,143.,97.9999999999999));
#2058=CARTESIAN_POINT('',(75.5,118.509718365728,72.8099960333201));
#2059=CARTESIAN_POINT('',(67.5,143.,97.9999999999999));
#2060=CARTESIAN_POINT('',(123.75,143.,97.9999999999999));
#2061=CARTESIAN_POINT('',(67.5,119.360075366918,73.6846489488298));
#2062=CARTESIAN_POINT('Origin',(75.5,148.,0.));
#2063=CARTESIAN_POINT('',(168.000002682209,148.,97.9999999999999));
#2064=CARTESIAN_POINT('',(127.75,148.,97.9999999999999));
#2065=CARTESIAN_POINT('',(168.000002682209,148.,118.));
#2066=CARTESIAN_POINT('',(168.000002682209,148.,60.0000000000001));
#2067=CARTESIAN_POINT('',(124.,148.,118.));
#2068=CARTESIAN_POINT('',(127.75,148.,118.));
#2069=CARTESIAN_POINT('',(124.,148.,116.));
#2070=CARTESIAN_POINT('',(124.,148.,58.9999999999999));
#2071=CARTESIAN_POINT('',(119.,148.,116.));
#2072=CARTESIAN_POINT('',(82.75,148.,116.));
#2073=CARTESIAN_POINT('',(119.,148.,118.));
#2074=CARTESIAN_POINT('',(119.,148.,59.));
#2075=CARTESIAN_POINT('',(75.5,148.,118.));
#2076=CARTESIAN_POINT('',(127.75,148.,118.));
#2077=CARTESIAN_POINT('',(75.5,148.,0.));
#2078=CARTESIAN_POINT('Origin',(180.,68.,98.));
#2079=CARTESIAN_POINT('',(53.,146.5,97.9999999999999));
#2080=CARTESIAN_POINT('',(91.,146.5,97.9999999999999));
#2081=CARTESIAN_POINT('',(53.,150.,97.9999999999999));
#2082=CARTESIAN_POINT('',(53.,109.,97.9999999999999));
#2083=CARTESIAN_POINT('',(180.,150.,97.9999999999999));
#2084=CARTESIAN_POINT('',(180.,150.,97.9999999999999));
#2085=CARTESIAN_POINT('',(180.,68.,98.));
#2086=CARTESIAN_POINT('',(180.,34.,98.));
#2087=CARTESIAN_POINT('',(178.,68.0000010132787,97.9999987924214));
#2088=CARTESIAN_POINT('',(180.,68.,98.));
#2089=CARTESIAN_POINT('',(168.,68.0000010132787,97.9999987924214));
#2090=CARTESIAN_POINT('',(180.,68.0000010132787,97.9999987924214));
#2091=CARTESIAN_POINT('',(168.,79.9999999999997,98.));
#2092=CARTESIAN_POINT('',(168.,68.0000005066393,98.));
#2093=CARTESIAN_POINT('',(178.,79.9999999999997,98.));
#2094=CARTESIAN_POINT('',(174.,79.9999999999997,98.));
#2095=CARTESIAN_POINT('',(178.,138.,97.9999999999999));
#2096=CARTESIAN_POINT('',(178.,108.,97.9999999999999));
#2097=CARTESIAN_POINT('',(168.000002682209,138.,97.9999999999999));
#2098=CARTESIAN_POINT('',(180.,138.,98.));
#2099=CARTESIAN_POINT('',(168.000002682209,103.,98.));
#2100=CARTESIAN_POINT('',(171.55,144.,97.9999999999999));
#2101=CARTESIAN_POINT('Origin',(174.,144.,97.9999999999999));
#2102=CARTESIAN_POINT('',(171.55,73.9999999999997,98.));
#2103=CARTESIAN_POINT('Origin',(174.,73.9999999999997,98.));
#2104=CARTESIAN_POINT('Origin',(2.00000000000001,146.5,0.));
#2105=CARTESIAN_POINT('',(67.5,146.5,118.));
#2106=CARTESIAN_POINT('',(67.5,146.5,0.));
#2107=CARTESIAN_POINT('',(61.,146.5,118.));
#2108=CARTESIAN_POINT('',(91.,146.5,118.));
#2109=CARTESIAN_POINT('',(61.,146.5,116.));
#2110=CARTESIAN_POINT('',(61.,146.5,58.9999999999999));
#2111=CARTESIAN_POINT('',(56.,146.5,116.));
#2112=CARTESIAN_POINT('',(46.,146.5,116.));
#2113=CARTESIAN_POINT('',(56.,146.5,118.));
#2114=CARTESIAN_POINT('',(56.,146.5,59.));
#2115=CARTESIAN_POINT('',(12.,146.5,118.));
#2116=CARTESIAN_POINT('',(91.,146.5,118.));
#2117=CARTESIAN_POINT('',(12.,146.5,97.9999999999999));
#2118=CARTESIAN_POINT('',(12.,146.5,60.0000000000001));
#2119=CARTESIAN_POINT('',(25.5,146.5,97.9999999999999));
#2120=CARTESIAN_POINT('',(91.,146.5,97.9999999999999));
#2121=CARTESIAN_POINT('',(25.5,146.5,102.));
#2122=CARTESIAN_POINT('',(25.5,146.5,51.));
#2123=CARTESIAN_POINT('',(53.,146.5,102.));
#2124=CARTESIAN_POINT('',(27.5,146.5,102.));
#2125=CARTESIAN_POINT('',(53.,146.5,21.5));
#2126=CARTESIAN_POINT('Origin',(174.,144.,98.3000000000002));
#2127=CARTESIAN_POINT('',(172.15,144.,98.6000000000004));
#2128=CARTESIAN_POINT('',(171.85,144.,98.3000000000002));
#2129=CARTESIAN_POINT('Origin',(174.,144.,98.6000000000004));
#2130=CARTESIAN_POINT('Origin',(174.,144.,120.));
#2131=CARTESIAN_POINT('',(172.15,144.,115.8));
#2132=CARTESIAN_POINT('Origin',(174.,144.,115.8));
#2133=CARTESIAN_POINT('',(172.15,144.,120.));
#2134=CARTESIAN_POINT('Origin',(174.,73.9999999999997,98.3));
#2135=CARTESIAN_POINT('',(172.15,73.9999999999997,98.6));
#2136=CARTESIAN_POINT('',(171.85,73.9999999999997,98.3));
#2137=CARTESIAN_POINT('Origin',(174.,73.9999999999997,98.6));
#2138=CARTESIAN_POINT('Origin',(174.,73.9999999999997,120.));
#2139=CARTESIAN_POINT('',(172.15,73.9999999999997,115.8));
#2140=CARTESIAN_POINT('Origin',(174.,73.9999999999997,115.8));
#2141=CARTESIAN_POINT('',(172.15,73.9999999999997,120.));
#2142=CARTESIAN_POINT('Origin',(6.,73.9999999999997,98.3));
#2143=CARTESIAN_POINT('',(3.55,73.9999999999997,98.));
#2144=CARTESIAN_POINT('Origin',(6.,73.9999999999997,98.));
#2145=CARTESIAN_POINT('',(4.15,73.9999999999997,98.6));
#2146=CARTESIAN_POINT('',(3.85,73.9999999999997,98.3));
#2147=CARTESIAN_POINT('Origin',(6.,73.9999999999997,98.6));
#2148=CARTESIAN_POINT('Origin',(180.,68.,98.));
#2149=CARTESIAN_POINT('',(12.,79.9999999999997,98.));
#2150=CARTESIAN_POINT('',(12.,67.9999999999998,98.0000000000002));
#2151=CARTESIAN_POINT('',(12.,73.9999999999998,98.));
#2152=CARTESIAN_POINT('',(1.99999999999999,68.,98.));
#2153=CARTESIAN_POINT('',(96.,67.9999999999997,98.0000000000002));
#2154=CARTESIAN_POINT('',(0.,68.,98.));
#2155=CARTESIAN_POINT('',(180.,68.,98.));
#2156=CARTESIAN_POINT('',(0.,150.,97.9999999999999));
#2157=CARTESIAN_POINT('',(0.,109.,97.9999999999999));
#2158=CARTESIAN_POINT('',(25.5,150.,97.9999999999999));
#2159=CARTESIAN_POINT('',(180.,150.,97.9999999999999));
#2160=CARTESIAN_POINT('',(25.5,109.,97.9999999999999));
#2161=CARTESIAN_POINT('',(12.,138.,97.9999999999999));
#2162=CARTESIAN_POINT('',(12.,109.,97.9999999999999));
#2163=CARTESIAN_POINT('',(2.00000000000001,138.,97.9999999999999));
#2164=CARTESIAN_POINT('',(96.,138.,98.));
#2165=CARTESIAN_POINT('',(2.00000000000001,80.,98.));
#2166=CARTESIAN_POINT('',(2.00000000000001,74.,98.));
#2167=CARTESIAN_POINT('',(92.5,80.,98.));
#2168=CARTESIAN_POINT('',(3.55,144.,97.9999999999999));
#2169=CARTESIAN_POINT('Origin',(6.,144.,97.9999999999999));
#2170=CARTESIAN_POINT('Origin',(6.,73.9999999999997,120.));
#2171=CARTESIAN_POINT('',(4.15,73.9999999999997,115.8));
#2172=CARTESIAN_POINT('Origin',(6.,73.9999999999997,115.8));
#2173=CARTESIAN_POINT('',(4.15,73.9999999999997,120.));
#2174=CARTESIAN_POINT('Origin',(6.,144.,98.3000000000002));
#2175=CARTESIAN_POINT('',(4.15,144.,98.6000000000004));
#2176=CARTESIAN_POINT('',(3.85,144.,98.3000000000002));
#2177=CARTESIAN_POINT('Origin',(6.,144.,98.6000000000004));
#2178=CARTESIAN_POINT('Origin',(6.,144.,120.));
#2179=CARTESIAN_POINT('',(4.15,144.,115.8));
#2180=CARTESIAN_POINT('Origin',(6.,144.,115.8));
#2181=CARTESIAN_POINT('',(4.15,144.,120.));
#2182=CARTESIAN_POINT('Origin',(25.5,150.,102.));
#2183=CARTESIAN_POINT('',(25.5,150.,102.));
#2184=CARTESIAN_POINT('',(25.5,150.,51.));
#2185=CARTESIAN_POINT('',(25.5,150.,102.));
#2186=CARTESIAN_POINT('Origin',(53.,150.,102.));
#2187=CARTESIAN_POINT('',(53.,150.,102.));
#2188=CARTESIAN_POINT('',(116.5,150.,102.));
#2189=CARTESIAN_POINT('',(53.,150.,102.));
#2190=CARTESIAN_POINT('Origin',(12.,55.0717010602665,113.345699371383));
#2191=CARTESIAN_POINT('',(12.,56.5792680770943,111.610698299178));
#2192=CARTESIAN_POINT('',(12.,55.1020564475759,113.371170565679));
#2193=CARTESIAN_POINT('',(12.,55.1020564475759,113.371170565679));
#2194=CARTESIAN_POINT('',(12.,56.8187549389512,111.811651636634));
#2195=CARTESIAN_POINT('',(12.,41.6858058087946,99.1135996028952));
#2196=CARTESIAN_POINT('',(12.,55.3415433094328,113.572123903135));
#2197=CARTESIAN_POINT('',(12.,55.3415433094328,113.572123903135));
#2198=CARTESIAN_POINT('',(12.,40.9471999940354,101.493835736145));
#2199=CARTESIAN_POINT('Origin',(12.,55.3415433094328,113.572123903135));
#2200=CARTESIAN_POINT('',(168.,56.8187549389512,111.811651636634));
#2201=CARTESIAN_POINT('',(51.,56.8187549389512,111.811651636634));
#2202=CARTESIAN_POINT('',(168.,55.3415433094328,113.572123903135));
#2203=CARTESIAN_POINT('',(168.,55.3415433094328,113.572123903135));
#2204=CARTESIAN_POINT('',(51.,55.3415433094329,113.572123903135));
#2205=CARTESIAN_POINT('Origin',(180.,138.,120.));
#2206=CARTESIAN_POINT('',(178.,138.,118.));
#2207=CARTESIAN_POINT('',(178.,138.,60.0000000000001));
#2208=CARTESIAN_POINT('',(168.000002682209,138.,118.));
#2209=CARTESIAN_POINT('',(180.,138.,118.));
#2210=CARTESIAN_POINT('',(168.000002682209,138.,120.));
#2211=CARTESIAN_POINT('Origin',(168.000002682209,138.,120.));
#2212=CARTESIAN_POINT('',(168.000002682209,144.,118.));
#2213=CARTESIAN_POINT('Origin',(180.,150.,0.));
#2214=CARTESIAN_POINT('',(0.,150.,120.));
#2215=CARTESIAN_POINT('',(0.,150.,0.));
#2216=CARTESIAN_POINT('',(180.,150.,120.));
#2217=CARTESIAN_POINT('',(180.,150.,120.));
#2218=CARTESIAN_POINT('',(180.,150.,0.));
#2219=CARTESIAN_POINT('',(53.,150.,21.5));
#2220=CARTESIAN_POINT('Origin',(0.,150.,0.));
#2221=CARTESIAN_POINT('',(0.,55.1020564475759,113.371170565679));
#2222=CARTESIAN_POINT('',(0.,102.619030530415,56.7426459932493));
#2223=CARTESIAN_POINT('',(0.,63.0019877406226,120.));
#2224=CARTESIAN_POINT('',(0.,65.7216317319201,122.282052270031));
#2225=CARTESIAN_POINT('',(0.,150.,120.));
#2226=CARTESIAN_POINT('Origin',(178.,148.,0.));
#2227=CARTESIAN_POINT('',(178.,56.5792680770943,111.610698299178));
#2228=CARTESIAN_POINT('',(178.,102.205854619248,57.2350498697554));
#2229=CARTESIAN_POINT('',(178.,64.193741333217,118.));
#2230=CARTESIAN_POINT('',(178.,73.908141026125,126.151349199428));
#2231=CARTESIAN_POINT('',(178.,68.0000010132786,118.));
#2232=CARTESIAN_POINT('',(178.,149.,118.));
#2233=CARTESIAN_POINT('',(178.,68.0000010132788,59.9999999999999));
#2234=CARTESIAN_POINT('Origin',(168.,79.9999999999997,120.));
#2235=CARTESIAN_POINT('',(168.,79.9999999999997,118.));
#2236=CARTESIAN_POINT('',(168.,79.9999999999997,120.));
#2237=CARTESIAN_POINT('',(178.,79.9999999999997,118.));
#2238=CARTESIAN_POINT('',(174.,79.9999999999997,118.));
#2239=CARTESIAN_POINT('',(178.,79.9999999999998,59.9999999999999));
#2240=CARTESIAN_POINT('Origin',(168.,68.0000010132786,120.));
#2241=CARTESIAN_POINT('',(168.,68.0000010132787,118.));
#2242=CARTESIAN_POINT('',(168.,68.0000010132786,120.));
#2243=CARTESIAN_POINT('',(168.,109.000000506639,118.));
#2244=CARTESIAN_POINT('Origin',(180.,68.0000010132786,120.));
#2245=CARTESIAN_POINT('',(180.,68.0000010132786,118.));
#2246=CARTESIAN_POINT('Origin',(180.,150.,120.));
#2247=CARTESIAN_POINT('',(180.,63.0019877406226,120.));
#2248=CARTESIAN_POINT('',(135.,63.0019877406227,120.));
#2249=CARTESIAN_POINT('',(180.,74.9999999999998,120.));
#2250=CARTESIAN_POINT('',(3.,144.,120.));
#2251=CARTESIAN_POINT('Origin',(6.,144.,120.));
#2252=CARTESIAN_POINT('',(171.,73.9999999999997,120.));
#2253=CARTESIAN_POINT('Origin',(174.,73.9999999999997,120.));
#2254=CARTESIAN_POINT('',(3.,73.9999999999997,120.));
#2255=CARTESIAN_POINT('Origin',(6.,73.9999999999997,120.));
#2256=CARTESIAN_POINT('',(171.,144.,120.));
#2257=CARTESIAN_POINT('Origin',(174.,144.,120.));
#2258=CARTESIAN_POINT('Origin',(180.,150.,118.));
#2259=CARTESIAN_POINT('',(56.,109.,118.));
#2260=CARTESIAN_POINT('',(56.,129.5,118.));
#2261=CARTESIAN_POINT('',(2.,109.,118.));
#2262=CARTESIAN_POINT('',(90.,109.,118.));
#2263=CARTESIAN_POINT('',(2.00000000000001,138.,118.));
#2264=CARTESIAN_POINT('',(2.00000000000001,115.,118.));
#2265=CARTESIAN_POINT('',(12.,138.,118.));
#2266=CARTESIAN_POINT('',(96.,138.,118.));
#2267=CARTESIAN_POINT('',(12.,150.,118.));
#2268=CARTESIAN_POINT('Origin',(180.,150.,118.));
#2269=CARTESIAN_POINT('',(61.,109.,118.));
#2270=CARTESIAN_POINT('',(61.,150.,118.));
#2271=CARTESIAN_POINT('',(67.5,143.,118.));
#2272=CARTESIAN_POINT('',(67.5,148.25,118.));
#2273=CARTESIAN_POINT('',(75.5,143.,118.));
#2274=CARTESIAN_POINT('',(123.75,143.,118.));
#2275=CARTESIAN_POINT('',(75.5,146.5,118.));
#2276=CARTESIAN_POINT('',(119.,109.,118.));
#2277=CARTESIAN_POINT('',(119.,129.5,118.));
#2278=CARTESIAN_POINT('',(120.5,109.,118.));
#2279=CARTESIAN_POINT('Origin',(180.,150.,118.));
#2280=CARTESIAN_POINT('',(124.,109.,118.));
#2281=CARTESIAN_POINT('',(124.,150.,118.));
#2282=CARTESIAN_POINT('',(178.,109.,118.));
#2283=CARTESIAN_POINT('',(178.,149.,118.));
#2284=CARTESIAN_POINT('',(152.,109.,118.));
#2285=CARTESIAN_POINT('Origin',(180.,150.,118.));
#2286=CARTESIAN_POINT('',(124.,104.,118.));
#2287=CARTESIAN_POINT('',(178.,104.,118.));
#2288=CARTESIAN_POINT('',(180.,104.,118.));
#2289=CARTESIAN_POINT('',(178.,149.,118.));
#2290=CARTESIAN_POINT('',(124.,64.193741333217,118.));
#2291=CARTESIAN_POINT('',(135.,64.193741333217,118.));
#2292=CARTESIAN_POINT('',(124.,127.,118.));
#2293=CARTESIAN_POINT('Origin',(180.,150.,118.));
#2294=CARTESIAN_POINT('',(61.,64.193741333217,118.));
#2295=CARTESIAN_POINT('',(61.,104.,118.));
#2296=CARTESIAN_POINT('',(61.,127.,118.));
#2297=CARTESIAN_POINT('',(119.,104.,118.));
#2298=CARTESIAN_POINT('',(149.5,104.,118.));
#2299=CARTESIAN_POINT('',(119.,64.193741333217,118.));
#2300=CARTESIAN_POINT('',(119.,106.500993870311,118.));
#2301=CARTESIAN_POINT('',(135.,64.193741333217,118.));
#2302=CARTESIAN_POINT('Origin',(180.,150.,118.));
#2303=CARTESIAN_POINT('',(2.,104.,118.));
#2304=CARTESIAN_POINT('',(56.,104.,118.));
#2305=CARTESIAN_POINT('',(118.,104.,118.));
#2306=CARTESIAN_POINT('',(56.,64.193741333217,118.));
#2307=CARTESIAN_POINT('',(56.,106.500993870311,118.));
#2308=CARTESIAN_POINT('',(2.,64.193741333217,118.));
#2309=CARTESIAN_POINT('',(135.,64.193741333217,118.));
#2310=CARTESIAN_POINT('',(1.99999999999999,67.9999999999997,118.));
#2311=CARTESIAN_POINT('',(1.99999999999999,76.5000000000002,118.));
#2312=CARTESIAN_POINT('',(12.,67.9999999999997,118.));
#2313=CARTESIAN_POINT('',(96.,67.9999999999997,118.));
#2314=CARTESIAN_POINT('',(12.,79.9999999999997,118.));
#2315=CARTESIAN_POINT('',(12.,115.,118.));
#2316=CARTESIAN_POINT('',(2.00000000000001,80.,118.));
#2317=CARTESIAN_POINT('',(92.5,80.,118.));
#2318=CARTESIAN_POINT('',(2.00000000000001,115.,118.));
#2319=CARTESIAN_POINT('Origin',(124.,109.,118.));
#2320=CARTESIAN_POINT('',(178.,109.,116.));
#2321=CARTESIAN_POINT('',(178.,109.,59.));
#2322=CARTESIAN_POINT('',(124.,109.,116.));
#2323=CARTESIAN_POINT('',(107.,109.,116.));
#2324=CARTESIAN_POINT('',(124.,109.,118.));
#2325=CARTESIAN_POINT('Origin',(124.,104.,118.));
#2326=CARTESIAN_POINT('',(124.,63.0019877406226,117.));
#2327=CARTESIAN_POINT('',(124.,81.2765064026106,132.334141869216));
#2328=CARTESIAN_POINT('',(124.,63.0019877406226,116.));
#2329=CARTESIAN_POINT('',(124.,63.0019877406226,118.));
#2330=CARTESIAN_POINT('',(124.,104.,116.));
#2331=CARTESIAN_POINT('',(124.,105.250496935156,116.));
#2332=CARTESIAN_POINT('',(124.,104.,118.));
#2333=CARTESIAN_POINT('Origin',(124.,63.0019877406226,118.));
#2334=CARTESIAN_POINT('',(119.,63.0019877406226,117.));
#2335=CARTESIAN_POINT('',(107.,63.0019877406226,117.));
#2336=CARTESIAN_POINT('',(119.,63.0019877406226,116.));
#2337=CARTESIAN_POINT('',(119.,63.0019877406226,118.));
#2338=CARTESIAN_POINT('',(107.,63.0019877406226,116.));
#2339=CARTESIAN_POINT('Origin',(119.,104.,118.));
#2340=CARTESIAN_POINT('',(61.,104.,116.));
#2341=CARTESIAN_POINT('',(61.,104.,118.));
#2342=CARTESIAN_POINT('',(119.,104.,116.));
#2343=CARTESIAN_POINT('',(104.5,104.,116.));
#2344=CARTESIAN_POINT('',(119.,104.,118.));
#2345=CARTESIAN_POINT('Origin',(61.,104.,118.));
#2346=CARTESIAN_POINT('',(61.,63.0019877406226,117.));
#2347=CARTESIAN_POINT('',(61.,81.2765064026106,132.334141869216));
#2348=CARTESIAN_POINT('',(61.,63.0019877406226,116.));
#2349=CARTESIAN_POINT('',(61.,63.0019877406226,118.));
#2350=CARTESIAN_POINT('',(61.,105.250496935156,116.));
#2351=CARTESIAN_POINT('Origin',(61.,63.0019877406226,118.));
#2352=CARTESIAN_POINT('',(56.,63.0019877406226,117.));
#2353=CARTESIAN_POINT('',(75.5,63.0019877406226,117.));
#2354=CARTESIAN_POINT('',(56.,63.0019877406226,116.));
#2355=CARTESIAN_POINT('',(56.,63.0019877406226,118.));
#2356=CARTESIAN_POINT('',(75.5,63.0019877406226,116.));
#2357=CARTESIAN_POINT('Origin',(56.,104.,118.));
#2358=CARTESIAN_POINT('',(2.,104.,116.));
#2359=CARTESIAN_POINT('',(2.00000000000001,104.,59.));
#2360=CARTESIAN_POINT('',(56.,104.,116.));
#2361=CARTESIAN_POINT('',(73.,104.,116.));
#2362=CARTESIAN_POINT('',(56.,104.,118.));
#2363=CARTESIAN_POINT('Origin',(56.,109.,118.));
#2364=CARTESIAN_POINT('',(56.,109.,116.));
#2365=CARTESIAN_POINT('',(56.,107.750496935156,116.));
#2366=CARTESIAN_POINT('',(56.,109.,118.));
#2367=CARTESIAN_POINT('Origin',(61.,109.,118.));
#2368=CARTESIAN_POINT('',(119.,109.,116.));
#2369=CARTESIAN_POINT('',(119.,109.,118.));
#2370=CARTESIAN_POINT('',(61.,109.,116.));
#2371=CARTESIAN_POINT('',(75.5,109.,116.));
#2372=CARTESIAN_POINT('',(61.,109.,118.));
#2373=CARTESIAN_POINT('Origin',(119.,109.,118.));
#2374=CARTESIAN_POINT('',(119.,107.750496935156,116.));
#2375=CARTESIAN_POINT('Origin',(119.,63.0019877406226,118.));
#2376=CARTESIAN_POINT('',(119.,69.2471958085644,122.240351786435));
#2377=CARTESIAN_POINT('',(119.,84.7514908054669,116.));
#2378=CARTESIAN_POINT('Origin',(180.,104.,118.));
#2379=CARTESIAN_POINT('',(178.,104.,116.));
#2380=CARTESIAN_POINT('',(178.,104.,59.));
#2381=CARTESIAN_POINT('',(135.,104.,116.));
#2382=CARTESIAN_POINT('Origin',(90.,106.500993870311,116.));
#2383=CARTESIAN_POINT('',(61.,128.250496935155,116.));
#2384=CARTESIAN_POINT('',(124.,128.250496935155,116.));
#2385=CARTESIAN_POINT('',(178.,127.250496935156,116.));
#2386=CARTESIAN_POINT('',(56.,84.7514908054669,116.));
#2387=CARTESIAN_POINT('',(2.,109.,116.));
#2388=CARTESIAN_POINT('',(2.,93.2504969351556,116.));
#2389=CARTESIAN_POINT('',(45.,109.,116.));
#2390=CARTESIAN_POINT('Origin',(124.,150.,118.));
#2391=CARTESIAN_POINT('Origin',(56.,63.0019877406226,118.));
#2392=CARTESIAN_POINT('',(56.,69.2471958085644,122.240351786435));
#2393=CARTESIAN_POINT('Origin',(61.,150.,118.));
#2394=CARTESIAN_POINT('Origin',(0.,109.,118.));
#2395=CARTESIAN_POINT('',(2.00000000000001,109.,59.));
#2396=CARTESIAN_POINT('Origin',(174.,144.,116.));
#2397=CARTESIAN_POINT('',(171.,144.,116.));
#2398=CARTESIAN_POINT('Origin',(174.,144.,116.));
#2399=CARTESIAN_POINT('Origin',(174.,144.,120.));
#2400=CARTESIAN_POINT('',(171.,144.,120.));
#2401=CARTESIAN_POINT('Origin',(6.,73.9999999999997,116.));
#2402=CARTESIAN_POINT('',(3.,73.9999999999997,116.));
#2403=CARTESIAN_POINT('Origin',(6.,73.9999999999997,116.));
#2404=CARTESIAN_POINT('Origin',(6.,73.9999999999997,120.));
#2405=CARTESIAN_POINT('',(3.,73.9999999999997,120.));
#2406=CARTESIAN_POINT('Origin',(174.,73.9999999999997,116.));
#2407=CARTESIAN_POINT('',(171.,73.9999999999997,116.));
#2408=CARTESIAN_POINT('Origin',(174.,73.9999999999997,116.));
#2409=CARTESIAN_POINT('Origin',(174.,73.9999999999997,120.));
#2410=CARTESIAN_POINT('',(171.,73.9999999999997,120.));
#2411=CARTESIAN_POINT('Origin',(6.,144.,116.));
#2412=CARTESIAN_POINT('',(3.,144.,116.));
#2413=CARTESIAN_POINT('Origin',(6.,144.,116.));
#2414=CARTESIAN_POINT('Origin',(6.,144.,120.));
#2415=CARTESIAN_POINT('',(3.,144.,120.));
#2416=CARTESIAN_POINT('Origin',(90.,109.,115.8));
#2417=CARTESIAN_POINT('Origin',(90.,109.,115.8));
#2418=CARTESIAN_POINT('Origin',(90.,109.,115.8));
#2419=CARTESIAN_POINT('Origin',(90.,109.,115.8));
#2420=CARTESIAN_POINT('Origin',(90.,75.,130.067527661704));
#2421=CARTESIAN_POINT('',(135.,55.1020564475759,113.371170565679));
#2422=CARTESIAN_POINT('',(168.,55.1020564475759,113.371170565679));
#2423=CARTESIAN_POINT('',(168.,65.1707716547164,121.819825782419));
#2424=CARTESIAN_POINT('',(180.,55.1020564475759,113.371170565679));
#2425=CARTESIAN_POINT('',(135.,55.1020564475759,113.371170565679));
#2426=CARTESIAN_POINT('',(180.,21.7098250694102,85.3517615320734));
#2427=CARTESIAN_POINT('Origin',(75.5,143.,0.));
#2428=CARTESIAN_POINT('',(75.5,143.,0.));
#2429=CARTESIAN_POINT('Origin',(67.5,143.,0.));
#2430=CARTESIAN_POINT('',(67.5,143.,0.));
#2431=CARTESIAN_POINT('Origin',(67.5,146.5,0.));
#2432=CARTESIAN_POINT('Origin',(178.,148.,0.));
#2433=CARTESIAN_POINT('Origin',(53.,150.,43.));
#2434=CARTESIAN_POINT('Origin',(180.,0.,0.));
#2435=CARTESIAN_POINT('',(180.,71.6308371929248,93.6729367312071));
#2436=CARTESIAN_POINT('Origin',(90.,75.,127.067527661704));
#2437=CARTESIAN_POINT('',(2.,56.5792680770942,111.610698299178));
#2438=CARTESIAN_POINT('',(135.,56.5792680770943,111.610698299178));
#2439=CARTESIAN_POINT('',(2.,31.3633945856988,90.4520681527353));
#2440=CARTESIAN_POINT('',(168.,56.5792680770943,111.610698299178));
#2441=CARTESIAN_POINT('',(135.,56.5792680770943,111.610698299178));
#2442=CARTESIAN_POINT('',(168.,65.9093774694756,119.439589649169));
#2443=CARTESIAN_POINT('Origin',(168.,46.2621899643982,105.953641859988));
#2444=CARTESIAN_POINT('',(168.,55.1020564475759,113.371170565679));
#2445=CARTESIAN_POINT('Origin',(12.,150.,120.));
#2446=CARTESIAN_POINT('',(12.,138.,120.));
#2447=CARTESIAN_POINT('Origin',(12.,138.,120.));
#2448=CARTESIAN_POINT('',(2.00000000000001,138.,60.0000000000001));
#2449=CARTESIAN_POINT('Origin',(2.00000000000001,80.,0.));
#2450=CARTESIAN_POINT('',(2.00000000000001,80.,0.));
#2451=CARTESIAN_POINT('Origin',(5.,80.,0.));
#2452=CARTESIAN_POINT('',(12.,79.9999999999997,120.));
#2453=CARTESIAN_POINT('Origin',(12.,79.9999999999997,120.));
#2454=CARTESIAN_POINT('',(12.,67.9999999999997,120.));
#2455=CARTESIAN_POINT('Origin',(12.,67.9999999999997,120.));
#2456=CARTESIAN_POINT('',(2.,67.9999999999999,60.0000000000001));
#2457=CARTESIAN_POINT('Origin',(2.,2.99999999999999,0.));
#2458=CARTESIAN_POINT('',(1.99999999999999,72.2506010596746,92.934330916448));
#2459=CARTESIAN_POINT('Origin',(180.,55.1020564475759,113.371170565679));
#2460=CARTESIAN_POINT('Origin',(180.,55.1020564475759,113.371170565679));
#2461=UNCERTAINTY_MEASURE_WITH_UNIT(LENGTH_MEASURE(0.01),#2465,
'DISTANCE_ACCURACY_VALUE',
'Maximum model space distance between geometric entities at asserted c
onnectivities');
#2462=UNCERTAINTY_MEASURE_WITH_UNIT(LENGTH_MEASURE(0.01),#2465,
'DISTANCE_ACCURACY_VALUE',
'Maximum model space distance between geometric entities at asserted c
onnectivities');
#2463=(
GEOMETRIC_REPRESENTATION_CONTEXT(3)
GLOBAL_UNCERTAINTY_ASSIGNED_CONTEXT((#2461))
GLOBAL_UNIT_ASSIGNED_CONTEXT((#2465,#2467,#2468))
REPRESENTATION_CONTEXT('','3D')
);
#2464=(
GEOMETRIC_REPRESENTATION_CONTEXT(3)
GLOBAL_UNCERTAINTY_ASSIGNED_CONTEXT((#2462))
GLOBAL_UNIT_ASSIGNED_CONTEXT((#2465,#2467,#2468))
REPRESENTATION_CONTEXT('','3D')
);
#2465=(
LENGTH_UNIT()
NAMED_UNIT(*)
SI_UNIT(.MILLI.,.METRE.)
);
#2466=(
LENGTH_UNIT()
NAMED_UNIT(*)
SI_UNIT($,.METRE.)
);
#2467=(
NAMED_UNIT(*)
PLANE_ANGLE_UNIT()
SI_UNIT($,.RADIAN.)
);
#2468=(
NAMED_UNIT(*)
SI_UNIT($,.STERADIAN.)
SOLID_ANGLE_UNIT()
);
#2469=SHAPE_DEFINITION_REPRESENTATION(#2470,#2471);
#2470=PRODUCT_DEFINITION_SHAPE('',$,#2473);
#2471=SHAPE_REPRESENTATION('',(#1534),#2463);
#2472=PRODUCT_DEFINITION_CONTEXT('part definition',#2477,'design');
#2473=PRODUCT_DEFINITION('DP_control_box_V1','DP_control_box_V1 v74',#2474,
#2472);
#2474=PRODUCT_DEFINITION_FORMATION('',$,#2479);
#2475=PRODUCT_RELATED_PRODUCT_CATEGORY('DP_control_box_V1 v74',
'DP_control_box_V1 v74',(#2479));
#2476=APPLICATION_PROTOCOL_DEFINITION('international standard',
'automotive_design',2009,#2477);
#2477=APPLICATION_CONTEXT(
'Core Data for Automotive Mechanical Design Process');
#2478=PRODUCT_CONTEXT('part definition',#2477,'mechanical');
#2479=PRODUCT('DP_control_box_V1','DP_control_box_V1 v74',$,(#2478));
#2480=PRESENTATION_STYLE_ASSIGNMENT((#2481));
#2481=SURFACE_STYLE_USAGE(.BOTH.,#2482);
#2482=SURFACE_SIDE_STYLE('',(#2483));
#2483=SURFACE_STYLE_FILL_AREA(#2484);
#2484=FILL_AREA_STYLE('Steel - Satin',(#2485));
#2485=FILL_AREA_STYLE_COLOUR('Steel - Satin',#2486);
#2486=COLOUR_RGB('Steel - Satin',0.627450980392157,0.627450980392157,0.627450980392157);
ENDSEC;
END-ISO-10303-21;
